player_name,dg_id,skill_pred,custom_pred,p_make_cut,p_make_cut_model,p_make_cut_anchored,make_cut_fair_odds_dec_model,make_cut_fair_odds_dec_anchored,make_cut_strategy_prob,make_cut_strategy_fair_odds_dec,make_cut_strategy_name,make_cut_strategy_tier,p_miss_cut_model,p_miss_cut_anchored,miss_cut_fair_odds_dec_model,miss_cut_fair_odds_dec_anchored,p_miss_cut_dg,miss_cut_strategy_prob,miss_cut_strategy_fair_odds_dec,miss_cut_arg_overlay_prob,miss_cut_arg_overlay_fair_odds_dec,miss_cut_strategy_name,miss_cut_strategy_tier,win_prob_model,win_fair_odds_dec,win_prob_anchored,win_fair_odds_dec_anchored,top5_prob_model,top5_fair_odds_dec,top5_prob_anchored,top5_fair_odds_dec_anchored,top10_prob_model,top10_fair_odds_dec,top10_prob_anchored,top10_fair_odds_dec_anchored,top10_strategy_prob,top10_strategy_fair_odds_dec,top10_strategy_name,top10_strategy_tier,top20_prob_model,top20_fair_odds_dec,top20_prob_anchored,top20_fair_odds_dec_anchored,top20_prob_dh,top20_fair_odds_dec_dh,top20_prob_anchored_dh,top20_fair_odds_dec_anchored_dh,top20_strategy_prob,top20_strategy_fair_odds_dec,top20_strategy_name,top20_strategy_tier,sg_app,sg_ott,sg_arg,sg_putt,sg_total,driving_acc,driving_dist,total_fit_adjustment,total_course_history_adjustment,timing_adjustment,std_deviation,market_odds_best_dec,market_book_best,market_prob_best,p_model,strategy_name,strategy_tier,strategy_min_ev,strategy_odds_cap,edge_prob,ev_per_unit,value_flag,strategy_qualified,bet_flag
"McNealy, Maverick",18634,0.23015,0.1934021952068066,0.7042253521126761,0.56085,0.632537676056338,1.7830079343853082,1.5809334966964612,0.7479062677486734,1.3370659441191368,Make Cut: DG anchor + putting overlay,Tier 2 - candidate,0.43915,0.3674623239436619,2.2771262666514858,2.721367429639716,0.2957746478873239,0.2957746478873239,3.380952380952382,0.2654086493368151,3.767774722107706,Miss Cut: DataGolf core; ARG weakness tag,Tier 1 - core,0.0113439062821101,88.1530554935068,0.018596953141055,53.77224927197214,0.0570991528031399,17.513394698651446,0.0830355853000789,12.043029460033791,0.1057461795263497,9.456606418114813,0.1484734135366238,6.735212562169121,0.2664724259418806,3.752733501282068,Top 10: DG anchor + putting overlay,Tier 2 - current-price / early value,0.2035867486335322,4.911911048788626,0.2648774249767541,3.775331174741528,0.2038912397878076,4.904575601387844,0.2652735845176575,3.769693095595188,0.3471580358463589,2.8805324859095816,Top 20: DG anchor + OTT overlay,Tier 3 - experimental,0.192,0.177,0.275,0.528,1.171,-0.018,5.328,-0.1253328051602402,-0.0336559032047318,-0.112658645584664,2.66328415331665,6.5,skybet,0.15384615384615385,0.2664724259418806,Top 10: DG anchor + putting overlay,Tier 2 - current-price / early value,0.2,10.0,0.11262627209572673,0.7320707686222238,True,True,True
"Cole, Eric",21756,0.0741,0.0657318297230416,0.6134969325153374,0.50135,0.5574234662576687,1.9946145407400024,1.7939682495134688,0.6591173282404907,1.5171805643002791,Make Cut: DG anchor + putting overlay,Tier 2 - candidate,0.49865,0.4425765337423313,2.005414619472576,2.259496208586155,0.3865030674846625,0.3865030674846625,2.5873015873015874,0.3488365859406381,2.866671789323643,Miss Cut: DataGolf core; ARG weakness tag,Tier 1 - core,0.0069094278816288,144.72978329491735,0.009246380607481,108.1504258207714,0.0341922196411088,29.246419521642096,0.045358101463171,22.04677814418576,0.0732146480330884,13.658468993090878,0.0917749526841727,10.896219183477257,0.1542551706167548,6.482764862932786,Top 10: DG anchor + putting overlay,Tier 2 - current-price / early value,0.1531881404101639,6.527920486027719,0.1831967999290614,5.4586106328670905,0.1524447929133598,6.559751769077071,0.1823078350112475,5.485227773882043,0.2047502028659588,4.884000044945777,Top 20: DG anchor + OTT overlay,Tier 3 - experimental,0.127,-0.291,0.294,0.476,0.607,-0.042,-1.711,-0.1090600774872995,0.0472733918873803,0.0008708393870128,2.67786316302376,9.0,skybet,0.1111111111111111,0.1542551706167548,Top 10: DG anchor + putting overlay,Tier 2 - current-price / early value,0.2,10.0,0.043144059505643706,0.38829653555079324,True,True,True
"Gerard, Ryan",29767,0.38,0.3878483837942856,0.7407407407407407,0.6381,0.6894203703703703,1.567152483936687,1.4504938394303322,0.7699361618964737,1.2988089785740715,Make Cut: DG anchor + putting overlay,Tier 2 - candidate,0.3619,0.3105796296296297,2.7631942525559547,3.219786182347223,0.2592592592592593,0.2592592592592593,3.857142857142856,0.25321600286671,3.949197478353644,Miss Cut: DataGolf core; ARG weakness tag,Tier 1 - core,0.0211989100513663,47.17223657145267,0.0267911216923498,37.32579813130962,0.094336567264592,10.600343313269324,0.1141078281849655,8.763640636285082,0.1690290939915458,5.916141277134313,0.1986062295955804,5.03508878868648,0.2863967620885149,3.491659586887844,Top 10: DG anchor + putting overlay,Tier 2 - current-price / early value,0.2899744810422974,3.448579324654896,0.3327172951424532,3.005554609272263,0.2908234842244311,3.438511861127043,0.3336914430788906,2.9967804711239845,0.411637106119564,2.429324240049293,Top 20: DG anchor + OTT overlay,Tier 3 - experimental,0.443,0.359,0.08,0.386,1.268,0.037,1.844,0.0701920541031974,-0.0319193464773783,0.0121257285391736,2.62613368426489,4.2,unibet,0.23809523809523808,0.2863967620885149,Top 10: DG anchor + putting overlay,Tier 2 - current-price / early value,0.2,10.0,0.04830152399327681,0.20286640077176255,True,True,True
"Dumont De Chassart, Adrien",22002,-0.12265,-0.1588482208367134,0.4694835680751174,0.4049,0.4371917840375586,2.469745616201531,2.2873256920905245,0.495258212562849,2.019148748337209,Make Cut: DG anchor + putting overlay,Tier 2 - candidate,0.5951,0.5628082159624413,1.6803898504453034,1.7768041965946253,0.5305164319248826,0.5305164319248826,1.8849557522123892,0.5035829971566466,1.9857699835900853,Miss Cut: DataGolf core; ARG weakness tag,Tier 1 - core,0.0021108580783599,473.74099199363474,0.0023804290391799,420.0923377848286,0.0139678954544844,71.59274661373176,0.0165234456829901,60.52006459097306,0.03685270931325,27.13504701920135,0.0404230528889482,24.73835914242394,0.0531405508703611,18.818020958035355,Top 10: DG anchor + putting overlay,Tier 2 - current-price / early value,0.0894935148310448,11.173994025018509,0.0944947249572399,10.582601308723978,0.0897444594471606,11.1427491586684,0.09475969323482,10.553010102322114,0.0899313957591949,11.119587231556514,Top 20: DG anchor + OTT overlay,Tier 3 - experimental,-0.088,-0.483,0.205,0.26,-0.105,-0.085,5.089,-0.2792969033522146,-0.024433390889717,-0.0352343047850303,2.66555275301176,29.0,skybet,0.034482758620689655,0.0531405508703611,Top 10: DG anchor + putting overlay,Tier 2 - current-price / early value,0.2,10.0,0.018657792249671443,0.5410759752404719,True,False,False
"Hughes, Mackenzie",15556,-0.1098,-0.1170650444462196,0.5524861878453039,0.4206,0.4865430939226519,2.377555872563005,2.05531639949446,0.5906545616854894,1.693036954030126,Make Cut: DG anchor + putting overlay,Tier 2 - candidate,0.5794,0.5134569060773481,1.7259233690024165,1.947583113916396,0.4475138121546961,0.4475138121546961,2.234567901234568,0.4009557944912333,2.494040524514391,Miss Cut: DataGolf core; ARG weakness tag,Tier 1 - core,0.0024929047671812,401.1384683301379,0.0040547857169239,246.62215707877743,0.0172980589801757,57.8099543507187,0.0253894527705111,39.38643376991014,0.040187720434638,24.88322276518312,0.0564069538366626,17.72831064226045,0.0959121753884293,10.4262049729365,Top 10: DG anchor + putting overlay,Tier 2 - current-price / early value,0.095871051522498,10.430677291208497,0.1244824741831975,8.033259352865423,0.0955110871905896,10.469988662201365,0.1240150833499684,8.063535281252987,0.148550020454506,6.731739227907096,Top 20: DG anchor + OTT overlay,Tier 3 - experimental,-0.225,-0.233,0.341,0.381,0.264,-0.051,1.759,-0.1791864914740913,0.067532154801116,0.0363849848056687,2.62876098438975,15.0,bet365,0.06666666666666667,0.0959121753884293,Top 10: DG anchor + putting overlay,Tier 2 - current-price / early value,0.2,10.0,0.02924550872176264,0.43868263082643955,True,False,False
"Van Rooyen, Erik",17550,-0.2288,-0.2277958673683728,0.4405286343612334,0.386,0.4132643171806167,2.5906735751295336,2.4197588768907696,0.4623188106564839,2.16300954438782,Make Cut: DG anchor + putting overlay,Tier 2 - candidate,0.614,0.5867356828193833,1.6286644951140066,1.7043449534120685,0.5594713656387665,0.5594713656387665,1.7874015748031495,0.5588649813061349,1.7893409561337683,Miss Cut: DataGolf core; ARG weakness tag,Tier 1 - core,0.0020162806886268,495.9626929130844,0.00194980701098,512.8712710379261,0.0127395668098138,78.49560467233897,0.0131221742779227,76.2068830073714,0.0301853868905286,33.12861298172639,0.0312071382828341,32.04395068002955,0.0379068771656426,26.38043739742199,Top 10: DG anchor + putting overlay,Tier 2 - current-price / early value,0.0739616018216483,13.520529239096378,0.0767712576762809,13.025708191686403,0.0750020606085456,13.332967012989796,0.0778512414470902,12.845010322406052,0.0763417282587902,13.098996090448816,Top 20: DG anchor + OTT overlay,Tier 3 - experimental,-0.345,-0.259,0.032,0.225,-0.348,-0.034,1.071,-0.1158578660881412,-0.020355601018289,0.0680384964567787,2.6669785703218,36.0,skybet,0.027777777777777776,0.0379068771656426,Top 10: DG anchor + putting overlay,Tier 2 - current-price / early value,0.2,10.0,0.010129099387864826,0.36464757796313374,True,False,False
"Jaeger, Stephan",16394,0.023,0.0148647776606368,0.5494505494505494,0.47585,0.5126502747252747,2.1015025743406537,1.9506475453190624,0.5692071155938397,1.7568297595098137,Make Cut: DG anchor + putting overlay,Tier 2 - candidate,0.52415,0.4873497252747253,1.9078508060669652,2.051914565943968,0.4505494505494506,0.4505494505494506,2.219512195121951,0.4180673548598763,2.391959066823503,Miss Cut: DataGolf core; ARG weakness tag,Tier 1 - core,0.0057056779423134,175.26401071185012,0.0060195056378234,166.12659912078615,0.0302588288621363,33.04820568423674,0.0330839514681052,30.226135501500064,0.0648064129721466,15.430571669346884,0.0709222081094499,14.099955805898771,0.0885674019541727,11.29083588245513,Top 10: DG anchor + putting overlay,Tier 2 - current-price / early value,0.1375980771206605,7.26754342012421,0.1477259210065877,6.769292708998616,0.138185593980097,7.236644364998213,0.1483566817772564,6.74051204179267,0.1497825298751557,6.676346038710279,Top 20: DG anchor + OTT overlay,Tier 3 - experimental,0.106,-0.322,0.245,0.207,0.235,-0.082,5.887,-0.2695889531675848,0.0517985824256399,0.0811687192805665,2.69051312745526,15.0,skybet,0.06666666666666667,0.0885674019541727,Top 10: DG anchor + putting overlay,Tier 2 - current-price / early value,0.2,10.0,0.021900735287506037,0.3285110293125906,True,False,False
"Greyserman, Max",23465,0.0041999999999999,-0.0131953586794378,0.5780346820809249,0.47075,0.5243923410404625,2.1242697822623477,1.90696911784766,0.6064307874961792,1.6489927962410722,Make Cut: DG anchor + putting overlay,Tier 2 - candidate,0.52925,0.4756076589595375,1.889466225791214,2.1025733735820165,0.4219653179190751,0.4219653179190751,2.3698630136986303,0.4114437408906002,2.430465943741,Miss Cut: DataGolf core; ARG weakness tag,Tier 1 - core,0.0057575691226564,173.68441067688153,0.0069454512279948,143.97912636249183,0.0284358565420905,35.16686752585793,0.0364842973186643,27.40905193447232,0.0610137976748329,16.389735405906098,0.075384247414765,13.26537087381118,0.1100837470444557,9.08399311295394,Top 10: DG anchor + putting overlay,Tier 2 - current-price / early value,0.13043538313438,7.666631369263952,0.1556448922368905,6.4248815725864405,0.1305233048615218,7.661467054185808,0.1557498067732489,6.42055371186346,0.1892792628559297,5.283198935327384,Top 20: DG anchor + OTT overlay,Tier 3 - experimental,-0.095,0.069,0.099,0.293,0.366,-0.067,8.856,-0.2694961654056337,0.0297889956039318,0.0403240404046446,2.69135669065996,12.0,skybet,0.08333333333333333,0.1100837470444557,Top 10: DG anchor + putting overlay,Tier 2 - current-price / early value,0.2,10.0,0.02675041371112237,0.3210049645334684,True,False,False
"Hojgaard, Rasmus",23838,0.0136499999999999,-0.0121347479630474,0.5747126436781609,0.4719,0.5233063218390804,2.1190930281839373,1.910926656658097,0.6067178489983119,1.6482125944555528,Make Cut: DG anchor + putting overlay,Tier 2 - candidate,0.5281,0.4766936781609195,1.893580761219466,2.0977832218333416,0.4252873563218391,0.4252873563218391,2.3513513513513518,0.4396394309727847,2.2745912435272526,Miss Cut: DataGolf core; ARG weakness tag,Tier 1 - core,0.005861478826787,170.60541026438406,0.0072224060800601,138.45801370277846,0.0300500674170456,33.27779555771512,0.037514593893708,26.6562928238901,0.0632462397193466,15.8112166737101,0.0766558884105668,13.045312248473683,0.1133970410209542,8.818572257235651,Top 10: DG anchor + putting overlay,Tier 2 - current-price / early value,0.1317136133157193,7.5922296475383,0.1544977805913336,6.472584888744308,0.1313050612064828,7.615852662582879,0.1540185560636331,6.492724159722986,0.190738955280053,5.242767522406459,Top 20: DG anchor + OTT overlay,Tier 3 - experimental,-0.105,0.182,-0.068,0.327,0.335,-0.075,15.887,-0.3569856495349282,-0.0052043131961744,0.0508701632512704,2.7176330052905,11.0,skybet,0.09090909090909091,0.1133970410209542,Top 10: DG anchor + putting overlay,Tier 2 - current-price / early value,0.2,10.0,0.02248795011186329,0.2473674512304962,True,False,False
"McCarthy, Denny",19870,0.00215,0.0191540049273964,0.5714285714285714,0.4755,0.5234642857142857,2.1030494216614093,1.9103500034113392,0.6242573399103734,1.601903471641316,Make Cut: DG anchor + putting overlay,Tier 2 - candidate,0.5245,0.4765357142857143,1.9065776930409917,2.098478603012816,0.4285714285714286,0.4285714285714286,2.333333333333333,0.417263175160182,2.3965690229340577,Miss Cut: DataGolf core; ARG weakness tag,Tier 1 - core,0.0029291504299496,341.3959180024784,0.0038062418816414,262.72634033671744,0.0222032997361525,45.03835069035927,0.026745505688182,37.38945943511794,0.0544478481966666,18.36619872263789,0.0621902490465332,16.079691194864964,0.1037523594593193,9.638335024005825,Top 10: DG anchor + putting overlay,Tier 2 - current-price / early value,0.1269604522485474,7.876468477304446,0.1402231429181282,7.131490417269195,0.1261365562722019,7.927915820390766,0.1393131801604768,7.178071729093299,0.143252793711671,6.980666652915185,Top 20: DG anchor + OTT overlay,Tier 3 - experimental,0.064,-0.385,0.104,0.528,0.31,-0.011,-7.333,0.0269650110250113,0.208227364719003,0.0194806779447257,2.53361956267079,12.0,skybet,0.08333333333333333,0.1037523594593193,Top 10: DG anchor + putting overlay,Tier 2 - current-price / early value,0.2,10.0,0.020419026125985965,0.2450283135118314,True,False,False
"Potgieter, Aldrich",27900,0.0226999999999999,-0.0279414052076112,0.5154639175257733,0.4664,0.4909319587628866,2.1440823327615783,2.036942150842916,0.5137296215145053,1.9465492315820545,Make Cut: DG anchor + putting overlay,Tier 2 - candidate,0.5336000000000001,0.5090680412371134,1.874062968515742,1.9643739519963712,0.4845360824742267,0.4845360824742267,2.063829787234043,0.5289789025059597,1.8904345622531395,Miss Cut: DataGolf core; ARG weakness tag,Tier 1 - core,0.0054985451407518,181.86628906410417,0.0055826059037092,179.1278154410963,0.0311472483697651,32.105564771837386,0.0314398047404381,31.80681331375423,0.0661081856874043,15.126719779129129,0.0660992524526117,15.12876413718787,0.0647470993302255,15.44470733584161,Top 10: DG anchor + putting overlay,Tier 2 - current-price / early value,0.132071582673156,7.571651522301726,0.134883486525376,7.413805987376128,0.1330098459563519,7.518240419045045,0.1358417261432762,7.361508340561506,0.158144379932313,6.323335678624857,Top 20: DG anchor + OTT overlay,Tier 3 - experimental,-0.107,0.429,-0.264,0.007,0.064,-0.081,22.631,-0.4198393583417956,-0.0442669139068917,-0.0322206183904354,2.78360012816965,19.0,skybet,0.05263157894736842,0.0647470993302255,Top 10: DG anchor + putting overlay,Tier 2 - current-price / early value,0.2,10.0,0.012115520382857084,0.2301948872742845,True,False,False
"Hall, Harry",27194,-0.03675,-0.0617986226777752,0.5586592178770949,0.4476,0.5031296089385475,2.234137622877569,1.987559432468504,0.5983613393115701,1.6712309674794923,Make Cut: DG anchor + putting overlay,Tier 2 - candidate,0.5524,0.4968703910614525,1.8102824040550325,2.0125972849050706,0.441340782122905,0.441340782122905,2.2658227848101262,0.3929289449619026,2.5449894003022795,Miss Cut: DataGolf core; ARG weakness tag,Tier 1 - core,0.0024929047671812,401.1384683301379,0.0038464523835906,259.9798204356049,0.0188053441214135,53.17637335130194,0.0251680589654686,39.73290118924265,0.0461888703218753,21.65023723315429,0.0579355174120199,17.260569071788932,0.0932922987822953,10.71899838521051,Top 10: DG anchor + putting overlay,Tier 2 - current-price / early value,0.1093745398629617,9.142895606719138,0.1304370959639723,7.666530695195845,0.109876653616125,9.101114450515484,0.1310359031442197,7.631496223591392,0.1386295741473357,7.213468021889749,Top 20: DG anchor + OTT overlay,Tier 3 - experimental,0.006,-0.461,0.355,0.397,0.297,-0.045,-1.427,-0.1233329041983536,-0.0174490431140385,-0.0592144005111896,2.57898865886069,13.0,skybet,0.07692307692307693,0.0932922987822953,Top 10: DG anchor + putting overlay,Tier 2 - current-price / early value,0.2,10.0,0.016369221859218366,0.21279988416983886,True,False,False
"Griffin, Ben",24968,0.3213,0.3196129103189641,0.7352941176470588,0.61595,0.6756220588235293,1.6235084016559789,1.480117451673077,0.7688790881724012,1.3005946128369352,Make Cut: DG anchor + putting overlay,Tier 2 - candidate,0.38405,0.3243779411764707,2.6038276266111184,3.0828236851530297,0.2647058823529412,0.2647058823529412,3.777777777777777,0.2302447261174789,4.343204801528287,Miss Cut: DataGolf core; ARG weakness tag,Tier 1 - core,0.0127874497975354,78.20167553601902,0.0201187248987677,49.70493930563413,0.0682273989104035,14.656868295876324,0.0937591260425032,10.665628426897625,0.1372879747913108,7.283959148789859,0.1747764002836934,5.72159627030206,0.2766560980798447,3.6145959078458247,Top 10: DG anchor + putting overlay,Tier 2 - current-price / early value,0.2563882568630048,3.9003346418253737,0.3083299888095504,3.2432784234221246,0.2573135849132611,3.8863086079854434,0.3094427791957853,3.2316152362608443,0.3757193027477685,2.661561417490785,Top 20: DG anchor + OTT overlay,Tier 3 - experimental,0.408,0.08,0.332,0.437,1.257,-0.002,1.316,-0.0328886021109572,0.115196474910294,-0.0207902660772743,2.5654821899315,4.33,bet365,0.23094688221709006,0.2766560980798447,Top 10: DG anchor + putting overlay,Tier 2 - current-price / early value,0.2,10.0,0.04570921586275464,0.19792090468572754,True,False,False
"Sargent, Gordon",30814,-0.46135,-0.4551002269232431,0.3731343283582089,0.3077,0.3404171641791044,3.2499187520312,2.9375722061824936,0.3743636532768195,2.6711994907811203,Make Cut: DG anchor + putting overlay,Tier 2 - candidate,0.6923,0.6595828358208955,1.4444604940054888,1.5161097980292837,0.6268656716417911,0.6268656716417911,1.5952380952380951,0.6214281378522793,1.6091965250497098,Miss Cut: DataGolf core; ARG weakness tag,Tier 1 - core,0.0007877281074399,1269.4735538254597,0.0011271973870532,887.1560664403278,0.0080167623982725,124.73863516467506,0.0095188805377606,105.0543702101401,0.0185230262204013,53.98685874010128,0.0222372031377657,44.9696840832329,0.0260207980538435,38.43079670080638,Top 10: DG anchor + putting overlay,Tier 2 - current-price / early value,0.0439496962720354,22.75328579770608,0.0529024148054593,18.90272880127209,0.0445596018070622,22.44185224836344,0.0536365603933246,18.6439994038927,0.0658019910175755,15.19710854543752,Top 20: DG anchor + OTT overlay,Tier 3 - experimental,-0.909,0.114,0.066,0.035,-0.695,-0.07,16.6,-0.3787531698759425,-0.0224578870219448,0.226239922077242,2.83100101864983,46.0,skybet,0.021739130434782608,0.0260207980538435,Top 10: DG anchor + putting overlay,Tier 2 - current-price / early value,0.2,10.0,0.004281667619060892,0.19695671047680097,True,False,False
"Meissner, Mac",28159,0.2312999999999999,0.2406307032171836,0.6944444444444444,0.58175,0.6380972222222222,1.7189514396218306,1.567159306096685,0.723633761770793,1.3819145164715856,Make Cut: DG anchor + putting overlay,Tier 2 - candidate,0.41825,0.3619027777777778,2.390914524805738,2.7631730437118622,0.3055555555555556,0.3055555555555556,3.2727272727272725,0.282660330844275,3.5378151472939665,Miss Cut: DataGolf core; ARG weakness tag,Tier 1 - core,0.011399132184493,87.72597631250903,0.0147328994255798,67.8753021461449,0.0564974914862124,17.699900892839445,0.070626599579085,14.158971350167254,0.111104132548013,9.000565299115726,0.1350943803488205,7.402232405359494,0.1991928068591737,5.020261603658132,Top 10: DG anchor + putting overlay,Tier 2 - current-price / early value,0.2195036790280383,4.555732297645294,0.2552650806825726,3.917496264377502,0.2185359729898063,4.575905679595575,0.2541397165838017,3.93484345320836,0.3036597767560369,3.293159241183956,Top 20: DG anchor + OTT overlay,Tier 3 - experimental,0.287,0.071,0.209,0.348,0.916,0.003,0.827,-0.010962417149534,0.0753739913478043,0.0332912268237342,2.55714308015845,6.0,betway,0.16666666666666666,0.1991928068591737,Top 10: DG anchor + putting overlay,Tier 2 - current-price / early value,0.2,10.0,0.03252614019250705,0.19515684115504228,True,False,False
"Pendrith, Taylor",17780,-0.00165,-0.027203307021598,0.5025125628140703,0.46565,0.4840812814070351,2.1475357027810587,2.065768783898007,0.4884746871461027,2.0471889870946374,Make Cut: DG anchor + putting overlay,Tier 2 - candidate,0.53435,0.5159187185929648,1.8714325816412465,1.93828981961973,0.4974874371859297,0.4974874371859297,2.01010101010101,0.4980912196975798,2.007664380446534,Miss Cut: DataGolf core; ARG weakness tag,Tier 1 - core,0.0044232522103414,226.0779970136072,0.003919959438504,255.1046804661921,0.0251765647281004,39.71947764914344,0.0240040462529391,41.65964310610993,0.0552211224558784,18.10901255763134,0.0532425851299631,18.781958042777944,0.0457216735611078,21.871465371088863,Top 10: DG anchor + putting overlay,Tier 2 - current-price / early value,0.1220083743770444,8.196158707185818,0.1182346067226917,8.457760614414754,0.1226221902451294,8.155130796480943,0.118829437021298,8.415423190305678,0.1210591924575415,8.26042186222847,Top 20: DG anchor + OTT overlay,Tier 3 - experimental,-0.034,0.101,0.024,-0.106,-0.016,-0.042,8.751,-0.1864597392819501,-0.0242384167660863,-0.0284770612754937,2.66359041827152,26.0,skybet,0.038461538461538464,0.0457216735611078,Top 10: DG anchor + putting overlay,Tier 2 - current-price / early value,0.2,10.0,0.00726013509956934,0.18876351258880286,True,False,False
"Roy, Kevin",18424,0.0292999999999999,0.0404598725452968,0.5617977528089888,0.4893,0.5255488764044944,2.0437359493153484,1.90277259622631,0.5642686359806559,1.7722055351562755,Make Cut: DG anchor + putting overlay,Tier 2 - candidate,0.5106999999999999,0.4744511235955055,1.9580967299784613,2.107698665400469,0.4382022471910112,0.4382022471910112,2.2820512820512824,0.4280228027322945,2.336324124828104,Miss Cut: DataGolf core; ARG weakness tag,Tier 1 - core,0.0063834965067823,156.65395899214744,0.0063417482533911,157.68522496383568,0.0328771578524927,30.41625448545821,0.0343604641475065,29.10321571056446,0.0698653208980506,14.313252800473458,0.0738257833446482,13.54540317346314,0.0786427141861449,12.715736102813416,Top 10: DG anchor + putting overlay,Tier 2 - current-price / early value,0.1467205753156608,6.815676655087792,0.1538789272936574,6.498615616754549,0.1466459436753363,6.8191453165177816,0.1538006544493027,6.501922918212481,0.1718203489124405,5.82003241367877,Top 20: DG anchor + OTT overlay,Tier 3 - experimental,-0.038,0.144,0.096,0.046,0.248,0.009,1.803,-0.0019044728593869,-0.0262115855637965,0.063304495547127,2.64689438738265,15.0,skybet,0.06666666666666667,0.0786427141861449,Top 10: DG anchor + putting overlay,Tier 2 - current-price / early value,0.2,10.0,0.011976047519478228,0.17964071279217342,True,False,False
"Kim, Michael",17543,0.1441,0.1528845398703575,0.6172839506172839,0.53705,0.5771669753086419,1.8620240201098592,1.7326008638405668,0.649635181395978,1.5393254993535532,Make Cut: DG anchor + putting overlay,Tier 2 - candidate,0.46295,0.4228330246913581,2.1600604816934874,2.364999755470704,0.3827160493827161,0.3827160493827161,2.6129032258064515,0.3695558745330908,2.7059507612033853,Miss Cut: DataGolf core; ARG weakness tag,Tier 1 - core,0.0089396779486044,111.86085290198972,0.0095531723076355,104.67727031372924,0.042853537395535,23.335296472029203,0.0483297746501484,20.691178621022768,0.0916767611819822,10.907889710620973,0.1004146056390911,9.95871062417142,0.1383091702779475,7.230178577388538,Top 10: DG anchor + putting overlay,Tier 2 - current-price / early value,0.1860012379920686,5.376308302005182,0.1988718071597223,5.028364825974845,0.184602554710639,5.41704312579791,0.197376340383131,5.066463376810416,0.2102645546176912,4.755913338880284,Top 20: DG anchor + OTT overlay,Tier 3 - experimental,0.246,-0.15,0.12,0.343,0.559,-0.022,-2.378,-0.0354943221420337,0.0418110557946331,0.0512170964741462,2.63161408650988,8.5,unibet,0.11764705882352941,0.1383091702779475,Top 10: DG anchor + putting overlay,Tier 2 - current-price / early value,0.2,10.0,0.020662111454418097,0.17562794736255394,True,False,False
"Dunlap, Nick",28270,-0.2459499999999999,-0.2604263884222783,0.3610108303249097,0.36145,0.3612304151624549,2.766634389265459,2.76831617168857,0.3726497121234809,2.683485234167149,Make Cut: DG anchor + putting overlay,Tier 2 - candidate,0.63855,0.6387695848375451,1.5660480776759849,1.5655097295440652,0.6389891696750902,0.6389891696750902,1.5649717514124295,0.6250962679961227,1.5997535918838708,Miss Cut: DataGolf core; ARG weakness tag,Tier 1 - core,0.0018751727835739,533.2841905342125,0.0015625863917869,639.964615880477,0.0111801371209807,89.44434126155642,0.0099948007033474,100.05202001327318,0.0278978446918474,35.84506298051861,0.0243616865955629,41.04806110518352,0.0227975768308507,43.864310993208406,Top 10: DG anchor + putting overlay,Tier 2 - current-price / early value,0.0696911153450555,14.349031365745647,0.0605709985973436,16.509551157438814,0.0695098429520645,14.386451724392783,0.0604134483872884,16.552605863339686,0.0418363812147493,23.90264097812195,Top 20: DG anchor + OTT overlay,Tier 3 - experimental,-0.117,-0.832,0.126,0.138,-0.684,-0.086,-4.066,-0.1791679920199597,-0.020936543219652,0.0224361897035014,2.71123354637856,51.0,skybet,0.0196078431372549,0.0227975768308507,Top 10: DG anchor + putting overlay,Tier 2 - current-price / early value,0.2,10.0,0.003189733693595799,0.16267641837338565,True,False,False
"Yu, Kevin",17881,0.15605,0.1570237645599104,0.5952380952380952,0.5475,0.5713690476190476,1.8264840182648403,1.7501823106573602,0.5909347034362713,1.6922343436339475,Make Cut: DG anchor + putting overlay,Tier 2 - candidate,0.4525,0.4286309523809524,2.209944751381216,2.333009304263297,0.4047619047619047,0.4047619047619047,2.4705882352941178,0.4066666090813946,2.459016741647085,Miss Cut: DataGolf core; ARG weakness tag,Tier 1 - core,0.0094814486742978,105.46911493712769,0.0093240576704822,107.24944389455712,0.0490452714271964,20.38932543139079,0.0488529300257675,20.46960130073159,0.0973121381132895,10.276210341158183,0.0977768867343374,10.227365928688522,0.0944108001732046,10.59200852196374,Top 10: DG anchor + putting overlay,Tier 2 - current-price / early value,0.1913237018201672,5.2267439448769375,0.1914226527471356,5.2240421164833295,0.1916079590879564,5.218989883092258,0.1917070570302704,5.21629206295781,0.2107162160762344,4.745719236141811,Top 20: DG anchor + OTT overlay,Tier 3 - experimental,0.157,0.28,0.015,-0.018,0.434,-0.007,7.218,-0.08191571931099,-0.0581841688007399,0.0603727246552322,2.62646804014638,12.0,skybet,0.08333333333333333,0.0944108001732046,Top 10: DG anchor + putting overlay,Tier 2 - current-price / early value,0.2,10.0,0.011077466839871278,0.13292960207845528,True,False,False
"Hossler, Beau",15470,-0.03855,-0.0260977567597045,0.5617977528089888,0.46475,0.5132738764044944,2.1516944593867677,1.948277607668333,0.5838613172077914,1.71273549133605,Make Cut: DG anchor + putting overlay,Tier 2 - candidate,0.53525,0.4867261235955056,1.8682858477347035,2.05454351332712,0.4382022471910112,0.4382022471910112,2.2820512820512824,0.4115490053667309,2.4298442881884768,Miss Cut: DataGolf core; ARG weakness tag,Tier 1 - core,0.0037690269989411,265.3204660727926,0.0052428468328038,190.73606990444952,0.0222543244238094,44.93508681531219,0.0305756647972823,32.70574839925912,0.0522345986832783,19.144399023020064,0.066310828173918,15.080493300087127,0.0940566402198454,10.63189156727932,Top 10: DG anchor + putting overlay,Tier 2 - current-price / early value,0.1199679708040666,8.335558176883842,0.1423433153313633,7.025268434081949,0.1203574079634384,8.308587040224186,0.1428053867993282,7.002536965956412,0.1700536067852057,5.880498619844607,Top 20: DG anchor + OTT overlay,Tier 3 - experimental,-0.155,0.012,0.207,0.23,0.294,-0.005,-0.604,-0.0295520688614345,0.0707615136044003,0.0593468722310943,2.65081984771276,12.0,skybet,0.08333333333333333,0.0940566402198454,Top 10: DG anchor + putting overlay,Tier 2 - current-price / early value,0.2,10.0,0.010723306886512074,0.12867968263814478,True,False,False
"Thomas, Justin",14139,0.3371,0.303548955216214,0.7142857142857143,0.5995,0.6568928571428572,1.6680567139282734,1.52231827325613,0.737589642907085,1.3557674102617128,Make Cut: DG anchor + putting overlay,Tier 2 - candidate,0.4004999999999999,0.3431071428571428,2.496878901373284,2.914541480170709,0.2857142857142857,0.2857142857142857,3.5,0.2378801078310763,4.203798329829752,Miss Cut: DataGolf core; ARG weakness tag,Tier 1 - core,0.014697585094562,68.03838818187808,0.0230654592139476,43.35487061949756,0.0756860268407463,13.2124784685043,0.0994710530427877,10.053175968387986,0.1454464878176301,6.875380870343614,0.1774505298404761,5.6353734243508695,0.249006224023381,4.015963873682543,Top 10: DG anchor + putting overlay,Tier 2 - current-price / early value,0.2593606332341777,3.855635250154159,0.3022294645293618,3.308744240265327,0.258481594656797,3.8687474105371615,0.3012051326744093,3.3199965456131846,0.3687580240524678,2.7118053975083605,Top 20: DG anchor + OTT overlay,Tier 3 - experimental,0.388,0.204,0.435,0.292,1.318,0.005,2.931,-0.0352519074933097,0.0175830886358613,-0.15452504233124,2.68337500647719,4.5,skybet,0.2222222222222222,0.249006224023381,Top 10: DG anchor + putting overlay,Tier 2 - current-price / early value,0.2,10.0,0.02678400180115878,0.12052800810521447,True,False,False
"Castillo, Ricky",27819,0.07345,0.0784897978162986,0.6024096385542169,0.51225,0.5573298192771085,1.9521717911176184,1.7942696863000482,0.6205213169788152,1.6115481815657595,Make Cut: DG anchor + putting overlay,Tier 2 - candidate,0.48775,0.4426701807228915,2.050230650948232,2.259018211633264,0.3975903614457831,0.3975903614457831,2.515151515151516,0.3856799241531399,2.592823575652165,Miss Cut: DataGolf core; ARG weakness tag,Tier 1 - core,0.0065408768245662,152.88470136667314,0.0079204384122831,126.25563737092988,0.0370984166420196,26.95532830011256,0.0424594034268299,23.55190886568377,0.0749975381691195,13.333771006522896,0.0867103629767786,11.53264691404652,0.1119582553253728,8.931900529298195,Top 10: DG anchor + putting overlay,Tier 2 - current-price / early value,0.1582754021919132,6.318101146174771,0.1779811967669521,5.6185710522522,0.158657865422211,6.302870628814135,0.178411277894563,5.605026833510925,0.2137145869072489,4.679137790599174,Top 20: DG anchor + OTT overlay,Tier 3 - experimental,-0.017,0.208,0.11,0.198,0.499,0.002,2.768,-0.0361778131477438,0.0071478176792128,0.041500941235562,2.59978597799104,10.0,bet365,0.1,0.1119582553253728,Top 10: DG anchor + putting overlay,Tier 2 - current-price / early value,0.2,10.0,0.011958255325372799,0.11958255325372802,True,False,False
"Smalley, Alex",18474,0.2523,0.2231286639508037,0.6060606060606061,0.5676,0.586830303030303,1.7618040873854828,1.7040701457238168,0.6305246853526247,1.585980728796913,Make Cut: DG anchor + putting overlay,Tier 2 - candidate,0.4324,0.4131696969696969,2.3126734505087883,2.4203130271515114,0.3939393939393939,0.3939393939393939,2.5384615384615388,0.4024035183245834,2.485067735400336,Miss Cut: DataGolf core; ARG weakness tag,Tier 1 - core,0.0135710405185429,73.68631746649322,0.0123855202592714,80.73944243492119,0.0596751308381938,16.757399371464295,0.0568928233556049,17.576909371320262,0.1147559583185517,8.714144473649847,0.1110620013176728,9.003979652227587,0.1279492740439821,7.815597294098391,Top 10: DG anchor + putting overlay,Tier 2 - current-price / early value,0.2168052162879846,4.612435148569902,0.2129658075371918,4.695589454308822,0.2185868898210932,4.574839784849265,0.2147159293711706,4.657316310572099,0.2239524138897824,4.465234299694342,Top 20: DG anchor + OTT overlay,Tier 3 - experimental,0.339,0.171,-0.03,0.261,0.741,0.026,1.735,0.0466779535132945,0.0593617278969139,-0.184036088976857,2.6513382444831,8.5,skybet,0.11764705882352941,0.1279492740439821,Top 10: DG anchor + putting overlay,Tier 2 - current-price / early value,0.2,10.0,0.010302215220452687,0.0875688293738478,True,False,False
"Highsmith, Joe",28469,-0.1538,-0.1338593494521891,0.4032258064516129,0.41895,0.4110879032258064,2.386919680152763,2.432569754918597,0.3916547098332018,2.553269435789195,Make Cut: DG anchor + putting overlay,Tier 2 - candidate,0.5810500000000001,0.5889120967741935,1.7210222872386196,1.6980462881940592,0.596774193548387,0.596774193548387,1.675675675675676,0.6113425862343572,1.6357440533623344,Miss Cut: DataGolf core; ARG weakness tag,Tier 1 - core,0.0036194479248048,276.2852293430716,0.0027180572957357,367.9098308813714,0.0186541998765921,53.607230897897246,0.014617142927714,68.41282218729647,0.0420135312695074,23.801855492346583,0.0339671762889143,29.440186357980057,0.02341175658788,42.71358265008139,Top 10: DG anchor + putting overlay,Tier 2 - current-price / early value,0.0954657520043239,10.47496069537803,0.080096736634313,12.484903156111914,0.0951833086736324,10.50604369542176,0.0798597638079586,12.521950382983002,0.062539693351874,15.989844951326974,Top 20: DG anchor + OTT overlay,Tier 3 - experimental,-0.146,-0.23,-0.072,-0.088,-0.537,-0.025,0.153,-0.0580830580940962,-0.0277689115630898,0.135687009676875,2.72421472104265,46.0,skybet,0.021739130434782608,0.02341175658788,Top 10: DG anchor + putting overlay,Tier 2 - current-price / early value,0.2,10.0,0.0016726261530973924,0.07694080304248008,True,False,False
"Ewart, A.J.",21883,-0.12825,-0.1427007421375457,0.4444444444444444,0.41135,0.4278972222222222,2.4310198128114746,2.3370097959660616,0.4691945667817404,2.131311977585579,Make Cut: DG anchor + putting overlay,Tier 2 - candidate,0.58865,0.5721027777777778,1.698802344347235,1.7479376763110743,0.5555555555555556,0.5555555555555556,1.7999999999999998,0.5493725672676147,1.8202583448490104,Miss Cut: DataGolf core; ARG weakness tag,Tier 1 - core,0.0019221050157696,520.2629366219029,0.0019110525078848,523.271859812379,0.0151050930516792,66.20283612809853,0.014583197980866,68.57206501016123,0.0360467321389853,27.741765776279014,0.0351524717092233,28.447501736773177,0.0411968430647582,24.27370462411593,Top 10: DG anchor + putting overlay,Tier 2 - current-price / early value,0.0891395866735554,11.218360296667882,0.086555159637144,11.55332627416082,0.0886722043902144,11.27749114704942,0.0861013281840736,11.614222696566632,0.0764435220941737,13.081553185998692,Top 20: DG anchor + OTT overlay,Tier 3 - experimental,-0.087,-0.45,0.069,0.252,-0.215,-0.036,-2.991,-0.0720345268540414,-0.0442669139068917,-0.0251697187839851,2.63540260282658,26.0,skybet,0.038461538461538464,0.0411968430647582,Top 10: DG anchor + putting overlay,Tier 2 - current-price / early value,0.2,10.0,0.002735304603219739,0.07111791968371328,True,False,False
"Schmid, Matti",20722,-0.03665,-0.0549909687527757,0.5128205128205129,0.45125,0.4820352564102564,2.21606648199446,2.0745370524286044,0.5269587891930225,1.8976816033970825,Make Cut: DG anchor + putting overlay,Tier 2 - candidate,0.5487500000000001,0.5179647435897435,1.8223234624145783,1.930633334364655,0.4871794871794871,0.4871794871794871,2.0526315789473686,0.4992066361311161,2.0031784988878854,Miss Cut: DataGolf core; ARG weakness tag,Tier 1 - core,0.0035200384697783,284.0878043196399,0.0040100192348891,249.37536241709213,0.0232254213519863,43.05626945771114,0.0245527470516545,40.72864017603327,0.0529546195860536,18.884093735674075,0.0549418290931711,18.20106859391568,0.0628489141357953,15.911173864346106,Top 10: DG anchor + putting overlay,Tier 2 - current-price / early value,0.1145658314472944,8.728605967129441,0.1193703625476567,8.377288789759401,0.1150410390796611,8.692550136891075,0.1198654988954178,8.342684168632179,0.1283708849606714,7.789928380616577,Top 20: DG anchor + OTT overlay,Tier 3 - experimental,-0.092,0.015,-0.051,0.153,0.025,-0.049,6.757,-0.1935900669257604,0.060083157285274,-0.0099305996223168,2.70795448306333,17.0,skybet,0.058823529411764705,0.0628489141357953,Top 10: DG anchor + putting overlay,Tier 2 - current-price / early value,0.2,10.0,0.004025384724030592,0.06843154030852006,True,False,False
"Taylor, Nick",13126,0.0512,0.076873337828545,0.5952380952380952,0.50975,0.5524940476190476,1.9617459538989697,1.8099742509615488,0.6339076553039862,1.57751683803291,Make Cut: DG anchor + putting overlay,Tier 2 - candidate,0.4902499999999999,0.4475059523809523,2.039775624681285,2.2346071480826275,0.4047619047619047,0.4047619047619047,2.4705882352941178,0.3843795256721632,2.601595384799185,Miss Cut: DataGolf core; ARG weakness tag,Tier 1 - core,0.0059655562693606,167.6289611307577,0.0063411114680136,157.70105998676846,0.0326671051241774,30.611834020758867,0.0370959503494865,26.95712040206142,0.0702312188441547,14.238682119685716,0.0797013543715723,12.546838229849175,0.1186095781100368,8.431022316530601,Top 10: DG anchor + putting overlay,Tier 2 - current-price / early value,0.1504153328192095,6.648258400637533,0.1683487376089662,5.9400504821293065,0.1500464626078261,6.664602301313049,0.1679358885113108,5.954653343395673,0.1824839517276077,5.47993393683567,Top 20: DG anchor + OTT overlay,Tier 3 - experimental,0.082,-0.202,0.168,0.398,0.447,0.032,-7.047,0.1301178828650673,0.119780610075531,0.0333625951913087,2.55653678167192,9.0,skybet,0.1111111111111111,0.1186095781100368,Top 10: DG anchor + putting overlay,Tier 2 - current-price / early value,0.2,10.0,0.007498466998925701,0.06748620299033126,True,False,False
"Wallace, Matt",20706,0.24025,0.254525458060528,0.641025641025641,0.5835,0.6122628205128204,1.713796058269066,1.6332855213426447,0.6474203066665799,1.544591650436133,Make Cut: DG anchor + putting overlay,Tier 2 - candidate,0.4165,0.3877371794871795,2.4009603841536618,2.57906657628912,0.358974358974359,0.358974358974359,2.785714285714285,0.3321065037646181,3.0110822542299687,Miss Cut: DataGolf core; ARG weakness tag,Tier 1 - core,0.0125643549155373,79.59023815567132,0.012065510791102,82.88086740077928,0.0636923986912794,15.700460660102548,0.0624055313562217,16.024220582176035,0.1227805454985474,8.14461277997686,0.1213025724171982,8.243848255424306,0.1248881098693967,8.007167384034894,Top 10: DG anchor + putting overlay,Tier 2 - current-price / early value,0.2312946830651093,4.323488922218331,0.2322668108248366,4.3053934242639045,0.230985709724524,4.32927214931439,0.2319565388743679,4.311152446284857,0.2369552470812146,4.220206187952687,Top 20: DG anchor + OTT overlay,Tier 3 - experimental,0.405,-0.054,0.223,0.087,0.661,-0.006,-0.638,-0.0029592709193967,0.069099492534242,0.0555820526287781,2.60118751861734,8.5,skybet,0.11764705882352941,0.1248881098693967,Top 10: DG anchor + putting overlay,Tier 2 - current-price / early value,0.2,10.0,0.007241051045867294,0.061548933889871926,True,False,False
"Suber, Jackson",29279,0.20195,0.2086921179846263,0.591715976331361,0.55975,0.5757329881656805,1.786511835640911,1.7369162798644897,0.5887726827161041,1.698448364463578,Make Cut: DG anchor + putting overlay,Tier 2 - candidate,0.44025,0.4242670118343195,2.271436683702442,2.3570062533886325,0.408284023668639,0.408284023668639,2.449275362318841,0.4071013627673495,2.456390696416019,Miss Cut: DataGolf core; ARG weakness tag,Tier 1 - core,0.0139643993002384,71.61067071341392,0.0120155329834525,83.22560483810177,0.0618189323327952,16.17627419730598,0.0558770455314769,17.8964365507957,0.1170148020826308,8.545927371597339,0.1081917688263082,9.242847314987582,0.096479589095231,10.364886598065224,Top 10: DG anchor + putting overlay,Tier 2 - current-price / early value,0.2114630824216384,4.7289578329615445,0.2029327903898807,4.927739859481403,0.212461459115485,4.7067360083244205,0.2038908931755884,4.904583939111061,0.2047856450892132,4.883154771733916,Top 20: DG anchor + OTT overlay,Tier 3 - experimental,0.317,0.098,0.036,-0.005,0.447,-0.011,2.734,-0.0416371372236359,-0.0428996373947325,0.065254067883633,2.70086732495734,11.0,skybet,0.09090909090909091,0.096479589095231,Top 10: DG anchor + putting overlay,Tier 2 - current-price / early value,0.2,10.0,0.005570498186140083,0.06127548004754102,True,False,False
"McCarty, Matt",28635,0.1108,0.1250068689404126,0.5747126436781609,0.52595,0.5503313218390804,1.901321418385778,1.8170871987773305,0.5981642175963617,1.6717817124172998,Make Cut: DG anchor + putting overlay,Tier 2 - candidate,0.4740499999999999,0.4496686781609196,2.109482122139015,2.223859584994571,0.4252873563218391,0.4252873563218391,2.3513513513513518,0.431549286564177,2.317232425435344,Miss Cut: DataGolf core; ARG weakness tag,Tier 1 - core,0.006856665894573,145.84347777415977,0.0065033329472865,153.7673079489565,0.0415693720581284,24.05617286211716,0.0400587637106419,24.96332655753784,0.0831023554850912,12.033353256507905,0.0820249794038472,12.19140812064741,0.0958274475652338,10.43542351808189,Top 10: DG anchor + putting overlay,Tier 2 - current-price / early value,0.1706791964913526,5.858944854188274,0.1699326858293888,5.884683073884871,0.1706215222916854,5.860925319201251,0.1698752638831061,5.886672239038382,0.1694863733243531,5.900179350031041,Top 20: DG anchor + OTT overlay,Tier 3 - experimental,0.209,-0.109,-0.014,0.245,0.33,0.018,-4.719,0.0922769793436978,0.0170366446763946,0.0206366938611158,2.63392581686298,11.0,skybet,0.09090909090909091,0.0958274475652338,Top 10: DG anchor + putting overlay,Tier 2 - current-price / early value,0.2,10.0,0.004918356656142889,0.05410192321757179,True,False,False
"Bradley, Keegan",13872,0.3587,0.3583861594055914,0.6944444444444444,0.6251,0.6597722222222222,1.5997440409534476,1.515674601503886,0.6954655315731785,1.437885782402399,Make Cut: DG anchor + putting overlay,Tier 2 - candidate,0.3749,0.3402277777777778,2.6673779674579885,2.939207393739488,0.3055555555555556,0.3055555555555556,3.2727272727272725,0.2827839103428451,3.5362690854214707,Miss Cut: DataGolf core; ARG weakness tag,Tier 1 - core,0.0204403996096232,48.92272260319231,0.0211618664714782,47.254810975571935,0.0877096832904497,11.401249696553,0.0921797198919781,10.848373168977531,0.1619498967546013,6.174749228246038,0.1684968914111186,5.9348275901427865,0.175110644691,5.71067510924078,Top 10: DG anchor + putting overlay,Tier 2 - current-price / early value,0.2820764992895656,3.5451375868552955,0.2946326055897638,3.394057483890175,0.2823072595255611,3.542239762734321,0.2948736376848483,3.3912831538666355,0.3314181325137645,3.0173364155278004,Top 20: DG anchor + OTT overlay,Tier 3 - experimental,0.5,0.238,0.208,0.034,0.979,-0.009,6.785,-0.0787120558196765,0.0114308527098593,0.03492911176033,2.64436181882687,6.0,bet365,0.16666666666666666,0.175110644691,Top 10: DG anchor + putting overlay,Tier 2 - current-price / early value,0.2,10.0,0.008443978024333332,0.05066386814599999,True,False,False
"Dou, Zecheng",16757,0.03995,0.0282514538941005,0.5405405405405405,0.4869,0.5137202702702702,2.0538098172109263,1.946584664595571,0.5446545256147153,1.8360262385984336,Make Cut: DG anchor + putting overlay,Tier 2 - candidate,0.5131,0.4862797297297297,1.9489378288832584,2.056429538109252,0.4594594594594595,0.4594594594594595,2.176470588235294,0.4556726284991261,2.194557973108358,Miss Cut: DataGolf core; ARG weakness tag,Tier 1 - core,0.0057575691226564,173.68441067688153,0.0054704512279948,182.8002770379392,0.0335079106340328,29.843699027427128,0.0318584493646354,31.388847227136303,0.0693950400880474,14.410251780692308,0.0686042750945287,14.57635108923045,0.0694128415977784,14.406556149863844,Top 10: DG anchor + putting overlay,Tier 2 - current-price / early value,0.1427722359966989,7.004162910379304,0.144391184910604,6.92563054052866,0.1425572538405445,7.01472547386846,0.1441737649896713,6.936074673999394,0.1516637742545434,6.593532337667266,Top 20: DG anchor + OTT overlay,Tier 3 - experimental,0.036,0.035,0.053,0.061,0.184,-0.041,6.251,-0.1647845012163117,0.0162049008594572,0.0198482948637944,2.65990195941552,15.0,betway,0.06666666666666667,0.0694128415977784,Top 10: DG anchor + putting overlay,Tier 2 - current-price / early value,0.2,10.0,0.0027461749311117334,0.041192623966676,True,False,False
"Day, Jason",9771,-0.04245,-0.0923029873438137,0.5376344086021505,0.4328,0.4852172043010753,2.310536044362292,2.060932693927118,0.5542660418759647,1.804187744598979,Make Cut: DG anchor + putting overlay,Tier 2 - candidate,0.5671999999999999,0.5147827956989247,1.763046544428773,1.9425668618981176,0.4623655913978495,0.4623655913978495,2.1627906976744184,0.407897163547289,2.4515983178296024,Miss Cut: DataGolf core; ARG weakness tag,Tier 1 - core,0.0032726419496227,305.5635218864329,0.004602987641478,217.250203104804,0.0195624038142105,51.11846220419899,0.0266787815728099,37.48297114959571,0.0452194360420981,22.11438459933526,0.0581228105535166,17.204949149512473,0.0798012964414822,12.531124738472055,Top 10: DG anchor + putting overlay,Tier 2 - current-price / early value,0.0977462079430375,10.230575907177476,0.1225316229178503,8.161158533503116,0.0987161285853779,10.13005690488679,0.1237474854347547,8.080972283895377,0.1509315217428268,6.625521219509774,Top 20: DG anchor + OTT overlay,Tier 3 - experimental,-0.172,-0.019,0.392,0.177,0.377,0.01,-0.919,-0.0012183837573661,-0.0256304120575817,-0.24224814182599,2.65429873746897,13.0,skybet,0.07692307692307693,0.0798012964414822,Top 10: DG anchor + putting overlay,Tier 2 - current-price / early value,0.2,10.0,0.0028782195184052783,0.03741685373926873,True,False,False
"Phillips, Chandler",27164,-0.16375,-0.1438172517136681,0.4878048780487805,0.4106,0.4492024390243903,2.435460301997077,2.226167787895077,0.5112175544165569,1.9561143614117116,Make Cut: DG anchor + putting overlay,Tier 2 - candidate,0.5893999999999999,0.5507975609756097,1.6966406515100103,1.815549070748848,0.5121951219512195,0.5121951219512195,1.9523809523809523,0.4814260207235267,2.077162340533895,Miss Cut: DataGolf core; ARG weakness tag,Tier 1 - core,0.0029291504299496,341.3959180024784,0.0029395752149748,340.185205980032,0.0141158486427442,70.84235778583621,0.0168529309351287,59.33685979306847,0.03504069582081,28.538246075756263,0.040446297978855,24.72414163894037,0.0543688217831843,18.39289444210998,Top 10: DG anchor + putting overlay,Tier 2 - current-price / early value,0.088229673990453,11.334055253431014,0.0975268659153805,10.253584903134824,0.0879239337970066,11.373467460051756,0.0971889083836048,10.28923996196148,0.1027128534685872,9.735879845902938,Top 20: DG anchor + OTT overlay,Tier 3 - experimental,-0.266,-0.257,0.23,0.238,-0.055,0.005,-4.808,0.0334330794346984,0.0314432175027047,0.0750863973386341,2.6101647107256,19.0,skybet,0.05263157894736842,0.0543688217831843,Top 10: DG anchor + putting overlay,Tier 2 - current-price / early value,0.2,10.0,0.0017372428358158817,0.03300761388050166,True,False,False
"Ventura, Kristoffer",15651,0.06315,0.0716250565919296,0.5555555555555556,0.4999,0.5277277777777778,2.000400080016003,1.8949163604973105,0.5641477351677765,1.7725853312210884,Make Cut: DG anchor + putting overlay,Tier 2 - candidate,0.5001,0.4722722222222222,1.9996000799840032,2.117422861108824,0.4444444444444444,0.4444444444444444,2.25,0.4681703838279208,2.135974496771152,Miss Cut: DataGolf core; ARG weakness tag,Tier 1 - core,0.0065408768245662,152.88470136667314,0.0068454384122831,146.08268160088187,0.037204423325504,26.878524396170118,0.037882830650246,26.39718265069789,0.0763625484924324,13.095424651772849,0.0788230458311128,12.68664499647237,0.0859932977829358,11.62881324221567,Top 10: DG anchor + putting overlay,Tier 2 - current-price / early value,0.1565277169145836,6.3886448976042685,0.1609072614547573,6.214759924188831,0.1557953121791765,6.418678367227914,0.1601543645073422,6.243975948305521,0.1865109651170553,5.361615063073607,Top 20: DG anchor + OTT overlay,Tier 3 - experimental,-0.05,0.373,-0.129,0.103,0.297,0.0,6.796,-0.0687595711132778,0.0168650211085629,0.0725388132391467,2.67245644467292,12.0,skybet,0.08333333333333333,0.0859932977829358,Top 10: DG anchor + putting overlay,Tier 2 - current-price / early value,0.2,10.0,0.002659964449602467,0.03191957339522955,True,False,False
"Coody, Pierceson",28309,0.0421,0.015788117125317,0.5555555555555556,0.48035,0.5179527777777778,2.0818153429790778,1.9306779361052864,0.5728018783833199,1.7458043308489266,Make Cut: DG anchor + putting overlay,Tier 2 - candidate,0.51965,0.4820472222222222,1.9243721735783703,2.074485556394314,0.4444444444444444,0.4444444444444444,2.25,0.4661983823034181,2.145009588105274,Miss Cut: DataGolf core; ARG weakness tag,Tier 1 - core,0.0053436583481902,187.13771256328076,0.0057051625074284,175.27984499967317,0.0280203705575845,35.688321749525144,0.0323132441412261,30.94706293275493,0.0637660580705738,15.682324268707951,0.0695751117673696,14.372955710708531,0.08511856202904,11.748318770456068,Top 10: DG anchor + putting overlay,Tier 2 - current-price / early value,0.1388270748133206,7.203205868485597,0.1469205051842533,6.806401861645506,0.1396474052491106,7.160892092596675,0.1477886597730204,6.766419030633602,0.1684499923236338,5.936479938086043,Top 20: DG anchor + OTT overlay,Tier 3 - experimental,-0.034,0.216,-0.116,0.184,0.249,-0.035,11.699,-0.2073564974682083,-0.0329002893914601,-0.0196560932914458,2.68531629081,12.0,skybet,0.08333333333333333,0.08511856202904,Top 10: DG anchor + putting overlay,Tier 2 - current-price / early value,0.2,10.0,0.0017852286957066726,0.021422744348480016,True,False,False
"Young, Cameron",26651,0.6698000000000002,0.6659994724160064,0.8264462809917356,0.73415,0.7802981404958678,1.3621194578764555,1.281561429025725,0.8364575028792497,1.195517998891522,Make Cut: DG anchor + putting overlay,Tier 2 - candidate,0.26585,0.2197018595041322,3.761519653940192,4.551622832219095,0.1735537190082644,0.1735537190082644,5.761904761904763,0.1579702914177374,6.330304204830483,Miss Cut: DataGolf core; ARG weakness tag,Tier 1 - core,0.0669481829933494,14.936925175390323,0.0828740914966747,12.066497284499636,0.2089922702880688,4.784865959978469,0.2427973057789549,4.118661847551183,0.3142747561389761,3.1819291256017648,0.3590239233760335,2.785329708941492,0.4352941385584866,2.297297186935677,Top 10: DG anchor + putting overlay,Tier 2 - current-price / early value,0.4526839260541976,2.2090468480214493,0.5058835968793578,1.976739325348156,0.4521933874911467,2.211443218018261,0.5053354099471483,1.9788836885675345,0.6296436159738065,1.5882000144691384,Top 20: DG anchor + OTT overlay,Tier 3 - experimental,0.796,0.768,0.213,0.187,1.965,0.007,12.373,-0.0930617609042355,0.0846643841737003,0.0063621464887238,2.7192012051812,2.3,skybet,0.4347826086956522,0.4352941385584866,Top 10: DG anchor + putting overlay,Tier 2 - current-price / early value,0.2,10.0,0.0005115298628343701,0.0011765186845190678,True,False,False
"English, Harris",14577,0.14875,0.1647647564005908,0.6802721088435374,0.5457,0.6129860544217687,1.8325087044163464,1.6313584832583223,0.7074639142807029,1.4134996567517175,Make Cut: DG anchor + putting overlay,Tier 2 - candidate,0.4543,0.3870139455782313,2.201188641866608,2.583886217603648,0.3197278911564626,0.3197278911564626,3.127659574468085,0.2990262945820708,3.3441875116622555,Miss Cut: DataGolf core; ARG weakness tag,Tier 1 - core,0.0078118124953024,128.0112650682977,0.0115059062476512,86.91188494640629,0.0459147512518602,21.77949292406292,0.0613909641901436,16.28904209588143,0.0921544919694441,10.851342985337835,0.1196042325860836,8.360908124888164,0.1807936783890804,5.53116684670761,Top 10: DG anchor + putting overlay,Tier 2 - current-price / early value,0.1873960230905555,5.336292539766276,0.2307465108237772,4.333760005427372,0.1876851363585112,5.328072427055844,0.231102504919668,4.32708421030574,0.2998061010523837,3.3354891594593483,Top 20: DG anchor + OTT overlay,Tier 3 - experimental,0.047,0.29,0.187,0.317,0.84,0.03,1.607,0.0374948008501111,0.237018995467596,0.0020716327109995,2.56446427292674,5.5,skybet,0.18181818181818182,0.1807936783890804,Top 10: DG anchor + putting overlay,Tier 2 - current-price / early value,0.2,10.0,-0.001024503429101431,-0.0056347688600577595,False,False,False
"Fisk, Steven",26657,-0.04955,-0.0686353507922934,0.5208333333333334,0.44835,0.4845916666666667,2.230400356864057,2.0635930594486767,0.5217092411228401,1.916776474665786,Make Cut: DG anchor + putting overlay,Tier 2 - candidate,0.55165,0.5154083333333332,1.81274358741956,1.9402092192274736,0.4791666666666666,0.4791666666666666,2.0869565217391304,0.4765762246437297,2.098300226259844,Miss Cut: DataGolf core; ARG weakness tag,Tier 1 - core,0.0031741506154192,315.0449115874431,0.0039287419743762,254.53440478456304,0.0209813526143317,47.66136952090167,0.0238177199579595,41.98554696944515,0.0498215316810969,20.071643047847424,0.0541697483164059,18.46048820753222,0.0584623312379005,17.10503120258247,Top 10: DG anchor + putting overlay,Tier 2 - current-price / early value,0.1131400751684582,8.838601163301906,0.1215457686124601,8.227353460476502,0.1131451672207503,8.838203385646722,0.1215512389765971,8.2269831917759,0.140761901173952,7.104195038998592,Top 20: DG anchor + OTT overlay,Tier 3 - experimental,-0.193,0.196,0.045,0.031,0.079,-0.004,6.565,-0.0873835551636691,-0.0158126046472747,-0.0477818252178139,2.65444839895141,17.0,skybet,0.058823529411764705,0.0584623312379005,Top 10: DG anchor + putting overlay,Tier 2 - current-price / early value,0.2,10.0,-0.00036119817386420783,-0.006140368955691589,False,False,False
"Keefer, Johnny",32457,0.21255,0.2024295142704299,0.5747126436781609,0.5629,0.5688063218390804,1.7765144785930007,1.758067661355753,0.5637190375848724,1.7739333485778224,Make Cut: DG anchor + putting overlay,Tier 2 - candidate,0.4371,0.4311936781609196,2.287805994051704,2.3191434630143264,0.4252873563218391,0.4252873563218391,2.3513513513513518,0.4566680131890592,2.189774565152219,Miss Cut: DataGolf core; ARG weakness tag,Tier 1 - core,0.0135710405185429,73.68631746649322,0.0112021869259381,89.26828364955661,0.0612137041590717,16.33621120854523,0.0528787237726575,18.91119771156576,0.115132258870936,8.685662991473189,0.1027754837848223,9.72994690147766,0.0826823666155416,12.094477225716371,Top 10: DG anchor + putting overlay,Tier 2 - current-price / early value,0.2106854272349581,4.746412759173856,0.1952593963907245,5.121392457851023,0.2109956079360264,4.739435146456692,0.1955468661851831,5.113863594484807,0.2053777849698149,4.869075787076842,Top 20: DG anchor + OTT overlay,Tier 3 - experimental,0.238,0.431,-0.181,-0.08,0.407,-0.012,10.792,-0.1174273890814504,-0.0442669139068917,0.0191779943695977,2.69477899687527,12.0,skybet,0.08333333333333333,0.0826823666155416,Top 10: DG anchor + putting overlay,Tier 2 - current-price / early value,0.2,10.0,-0.0006509667177917317,-0.007811600613500835,False,False,False
"Spieth, Jordan",14636,0.2022,0.2098264717721805,0.6289308176100629,0.56295,0.5959404088050314,1.7763566924238388,1.6780201262156085,0.6328922160420274,1.58004787332318,Make Cut: DG anchor + putting overlay,Tier 2 - candidate,0.43705,0.4040595911949686,2.288067726804713,2.474882472267502,0.3710691823899371,0.3710691823899371,2.694915254237288,0.3663830558199948,2.7293838623675413,Miss Cut: DataGolf core; ARG weakness tag,Tier 1 - core,0.0125643549155373,79.59023815567132,0.0123738441244353,80.81562931807444,0.0572633239987655,17.463184638418074,0.0593717723288681,16.843020862858314,0.1097096278876625,9.114970301639818,0.1154794202171878,8.659551616376763,0.1239806231971435,8.065776523883768,Top 10: DG anchor + putting overlay,Tier 2 - current-price / early value,0.209752351381364,4.767527007036201,0.220880477999212,4.527335367336391,0.2100202969430107,4.761444558243583,0.2211626390493482,4.5215593569439605,0.2517637222252097,3.971978135537224,Top 20: DG anchor + OTT overlay,Tier 3 - experimental,0.238,0.236,0.061,0.062,0.598,-0.012,7.055,-0.0937099403592021,0.0416112179380251,0.0745845245559974,2.64722426550757,8.0,bet365,0.125,0.1239806231971435,Top 10: DG anchor + putting overlay,Tier 2 - current-price / early value,0.2,10.0,-0.001019376802856506,-0.008155014422852047,False,False,False
"Springer, Hayden",21995,-0.2902,-0.3131082953332451,0.3802281368821293,0.3501,0.3651640684410646,2.8563267637817766,2.7384950668041816,0.3912761782622081,2.5557395403966154,Make Cut: DG anchor + putting overlay,Tier 2 - candidate,0.6498999999999999,0.6348359315589354,1.538698261270965,1.5752101453116385,0.6197718631178707,0.6197718631178707,1.6134969325153374,0.6372650483885411,1.5692057842003269,Miss Cut: DataGolf core; ARG weakness tag,Tier 1 - core,0.0008311598787772,1203.1379588138811,0.0009989132727219,1001.0879095390696,0.0091102109475619,109.76694236346016,0.0092620333838338,107.96765230250809,0.0230607124351998,43.363794714061015,0.0226108486418423,44.22655760692936,0.0240917276698253,41.50802357161336,Top 10: DG anchor + putting overlay,Tier 2 - current-price / early value,0.0604234792019112,16.549857989117076,0.0581236380959791,17.204704191928037,0.0603386390633653,16.573128189879096,0.0580420271464941,17.22889514999309,0.0538942873792273,18.55484224076471,Top 20: DG anchor + OTT overlay,Tier 3 - experimental,-0.429,-0.231,-0.095,0.13,-0.625,-0.056,5.011,-0.2043419256668433,-0.0207018386407544,-0.0071950541726153,2.73748210421366,41.0,skybet,0.024390243902439025,0.0240917276698253,Top 10: DG anchor + putting overlay,Tier 2 - current-price / early value,0.2,10.0,-0.00029851623261372556,-0.012239165537162755,False,False,False
"Penge, Marco",22465,0.19975,0.1828764272518562,0.6097560975609756,0.5482,0.5789780487804879,1.824151769427216,1.7271811981582348,0.5984085072906369,1.6710992370874114,Make Cut: DG anchor + putting overlay,Tier 2 - candidate,0.4518,0.4210219512195121,2.213368747233289,2.3751730690132606,0.3902439024390244,0.3902439024390244,2.5625,0.4136719358901161,2.417374526140517,Miss Cut: DataGolf core; ARG weakness tag,Tier 1 - core,0.0123972694250596,80.6629238837561,0.0124569680458631,80.27635587715028,0.0583038812206027,17.151516829837263,0.0603167331788438,16.579147233238256,0.1083161258532447,9.232235663181669,0.1140824138534733,8.765592927270918,0.1093641502868957,9.143764180279309,Top 10: DG anchor + putting overlay,Tier 2 - current-price / early value,0.2060212618791428,4.85386794973921,0.2134723168925074,4.6844481502655135,0.2056817576016852,4.861879885023924,0.2131205339549468,4.692180436313086,0.2635547299184271,3.794278328108588,Top 20: DG anchor + OTT overlay,Tier 3 - experimental,0.106,0.653,-0.132,-0.086,0.54,-0.052,19.239,-0.3072224069224806,-0.0442669139068917,0.080310068197244,2.7438895039448,9.0,skybet,0.1111111111111111,0.1093641502868957,Top 10: DG anchor + putting overlay,Tier 2 - current-price / early value,0.2,10.0,-0.00174696082421541,-0.015722647417938718,False,False,False
"Davis, Cam",17786,-0.33915,-0.3399145508307243,0.3367003367003366,0.3457,0.3412001683501683,2.8926815157651142,2.930830910299305,0.3301238362968107,3.0291663007966227,Make Cut: DG anchor + putting overlay,Tier 2 - candidate,0.6543,0.6587998316498317,1.528350909368791,1.5179117418650534,0.6632996632996633,0.6632996632996633,1.5076142131979695,0.6744959925009859,1.4825884973638863,Miss Cut: DataGolf core; ARG weakness tag,Tier 1 - core,0.0013210167459549,756.9926748181643,0.0010855083729774,921.227348304172,0.0109378722745275,91.42545962333358,0.0091235789944066,109.60610968711588,0.024880816361138,40.19160728029501,0.0210330458669567,47.54423141210454,0.0160916266652183,62.144121337432985,Top 10: DG anchor + putting overlay,Tier 2 - current-price / early value,0.0583250194977319,17.1453007407719,0.0511406066057128,19.55393309488612,0.0584007533801655,17.123066777758854,0.051207011670325,19.52857562628497,0.0405663605479361,24.650966625865507,Top 20: DG anchor + OTT overlay,Tier 3 - experimental,-0.423,-0.386,-0.055,-0.045,-0.909,-0.058,2.419,-0.174542810219111,0.137660641354371,0.0490334906173411,2.83016306675822,61.0,skybet,0.01639344262295082,0.0160916266652183,Top 10: DG anchor + putting overlay,Tier 2 - current-price / early value,0.2,10.0,-0.0003018159577325222,-0.018410773421683735,False,False,False
"Silverman, Ben",17381,-0.2437,-0.2217587535278517,0.3875968992248061,0.3799,0.383748449612403,2.632271650434325,2.605873720167544,0.3978862506479091,2.5132811158254955,Make Cut: DG anchor + putting overlay,Tier 2 - candidate,0.6201,0.6162515503875969,1.6126431220770845,1.62271397024647,0.6124031007751938,0.6124031007751938,1.6329113924050631,0.6256188266695135,1.5984173707231726,Miss Cut: DataGolf core; ARG weakness tag,Tier 1 - core,0.0011405574912671,876.7642207049354,0.0011202787456335,892.6349838356153,0.0105028007489637,95.2126983936797,0.0095698229935294,104.49514068088176,0.0280467180502789,35.65479562376302,0.025077560564341,39.876286907345694,0.0238717937283047,41.89044239328791,Top 10: DG anchor + putting overlay,Tier 2 - current-price / early value,0.0718003135485143,13.927515780614463,0.064818135647236,15.42778097541042,0.0723883993088865,13.814368179809128,0.0653490333648659,15.30244517033113,0.0552005419233926,18.11576417832638,Top 20: DG anchor + OTT overlay,Tier 3 - experimental,-0.33,-0.272,-0.064,0.122,-0.543,0.027,-9.573,0.1482563353072558,-0.0080308384047249,0.0375857743082949,2.62088786655033,41.0,skybet,0.024390243902439025,0.0238717937283047,Top 10: DG anchor + putting overlay,Tier 2 - current-price / early value,0.2,10.0,-0.0005184501741343252,-0.0212564571395073,False,False,False
"Im, Sungjae",17488,0.0508,0.0851674693655315,0.6493506493506493,0.50855,0.5789503246753247,1.9663749877101568,1.7272639074186544,0.6731539680731515,1.485544240142294,Make Cut: DG anchor + putting overlay,Tier 2 - candidate,0.49145,0.4210496753246753,2.0347949944043133,2.375016675238832,0.3506493506493506,0.3506493506493506,2.851851851851852,0.304654354664297,3.2824083578319905,Miss Cut: DataGolf core; ARG weakness tag,Tier 1 - core,0.0071737831084076,139.39646416519085,0.0108285582208704,92.34839759855052,0.036939448695628,27.071329846846197,0.0540316919404066,18.50765660092476,0.0788335610529996,12.684952787147363,0.1073739539086733,9.31324556466038,0.1616404644385548,6.186569702539643,Top 10: DG anchor + putting overlay,Tier 2 - current-price / early value,0.156681901671146,6.382358072847903,0.20477778797991,4.8833421332693865,0.1571193024181112,6.364590375655394,0.2053494555207616,4.869747511450772,0.2738128347177345,3.652129751444524,Top 20: DG anchor + OTT overlay,Tier 3 - experimental,-0.13,0.234,0.371,0.267,0.742,0.029,-1.219,0.05128257322668,0.191007432278591,0.09844420214467,2.65135926414749,6.0,skybet,0.16666666666666666,0.1616404644385548,Top 10: DG anchor + putting overlay,Tier 2 - current-price / early value,0.2,10.0,-0.00502620222811187,-0.030157213368671387,False,False,False
"Kanaya, Takumi",19729,-0.29345,-0.272990420221926,0.4545454545454545,0.3549,0.4047227272727273,2.817695125387433,2.470827390244724,0.4840485279928024,2.065908565297547,Make Cut: DG anchor + putting overlay,Tier 2 - candidate,0.6451,0.5952772727272727,1.550147263990079,1.679889432731882,0.5454545454545454,0.5454545454545454,1.8333333333333333,0.5137304229882158,1.946546194759695,Miss Cut: DataGolf core; ARG weakness tag,Tier 1 - core,0.0010958307612785,912.5496703827134,0.0011979153806392,834.7835048802314,0.0081114277068408,123.28285921313714,0.0098024168957484,102.01565701961955,0.0197858869465756,50.54107519668564,0.0247718661247104,40.36837576005138,0.0371363146193741,26.92782012026303,Top 10: DG anchor + putting overlay,Tier 2 - current-price / early value,0.0547328142885106,18.270575211585943,0.0653872798132529,15.293494435859916,0.0550705923246394,18.158511789832065,0.0657908108074148,15.199691077333492,0.0720651144061198,13.87633958873003,Top 20: DG anchor + OTT overlay,Tier 3 - experimental,-0.493,-0.302,0.237,0.295,-0.263,0.049,-10.636,0.185531779590422,-0.0313206886117182,0.0173621812480883,2.56169504906239,26.0,skybet,0.038461538461538464,0.0371363146193741,Top 10: DG anchor + putting overlay,Tier 2 - current-price / early value,0.2,10.0,-0.0013252238421643664,-0.034455819896273554,False,False,False
"Bauchou, Zach",19846,0.09065,0.087194436060697,0.5319148936170213,0.50415,0.5180324468085107,1.983536645839532,1.9303810140866475,0.5369062763559324,1.862522462555584,Make Cut: DG anchor + putting overlay,Tier 2 - candidate,0.49585,0.4819675531914893,2.0167389331451044,2.0748284679709394,0.4680851063829787,0.4680851063829787,2.136363636363636,0.4714189218781382,2.121255540647348,Miss Cut: DataGolf core; ARG weakness tag,Tier 1 - core,0.0059655562693606,167.6289611307577,0.0051244448013469,195.1430913524817,0.032509631174151,30.760115199188014,0.0301128777563876,33.20838373834516,0.0730574512584859,13.68785774447401,0.0673545644663318,14.84680374557042,0.0635319055079242,15.74012288794442,Top 10: DG anchor + putting overlay,Tier 2 - current-price / early value,0.1554485477064079,6.43299673592755,0.1472780751213804,6.789876899028194,0.1561113644399069,6.405683555375862,0.14790605379412,6.761048478732075,0.1430764504448762,6.989270399780254,Top 20: DG anchor + OTT overlay,Tier 3 - experimental,0.153,-0.004,0.006,0.069,0.224,0.002,-2.665,0.0360266832747704,-0.0442669139068917,-0.0242244328571773,2.60662999475162,15.0,skybet,0.06666666666666667,0.0635319055079242,Top 10: DG anchor + putting overlay,Tier 2 - current-price / early value,0.2,10.0,-0.0031347611587424634,-0.047021417381136965,False,False,False
"Thompson, Davis",27364,0.3214499999999999,0.345081650136787,0.6711409395973155,0.61985,0.6454954697986577,1.6132935387593772,1.5491975494606012,0.672011171899853,1.4880704991449545,Make Cut: DG anchor + putting overlay,Tier 2 - candidate,0.38015,0.3545045302013423,2.630540576088386,2.8208384232270483,0.3288590604026845,0.3288590604026845,3.0408163265306127,0.3303352995469126,3.027227188167896,Miss Cut: DataGolf core; ARG weakness tag,Tier 1 - core,0.0189889639043935,52.662167616666224,0.0173278152855301,57.71067982442456,0.0809512458117232,12.353114395864948,0.078843024300763,12.683430257384511,0.1529753118798834,6.537002524859714,0.1494259370338477,6.692278595338383,0.1457565660356437,6.86075438793925,Top 10: DG anchor + putting overlay,Tier 2 - current-price / early value,0.2720433502360521,3.675884740914636,0.2693292301440185,3.71292785215058,0.272038940985445,3.675944320241649,0.2693248648835905,3.7129880318782567,0.2956492269377188,3.3823866558279856,Top 20: DG anchor + OTT overlay,Tier 3 - experimental,0.416,0.351,0.017,0.032,0.817,0.017,3.762,0.0180581409948011,0.0822136846962904,0.0885757590124623,2.61453437890933,6.5,unibet,0.15384615384615385,0.1457565660356437,Top 10: DG anchor + putting overlay,Tier 2 - current-price / early value,0.2,10.0,-0.008089587810510168,-0.05258232076831604,False,False,False
"Kim, Tom",24766,0.43745,0.4482383289138519,0.684931506849315,0.66975,0.6773407534246575,1.4930944382232176,1.476361779420427,0.6888711959472161,1.4516501863965636,Make Cut: DG anchor + putting overlay,Tier 2 - candidate,0.33025,0.3226592465753425,3.028009084027252,3.0992448244203508,0.3150684931506849,0.3150684931506849,3.1739130434782603,0.2940317205508812,3.4009936007123875,Miss Cut: DataGolf core; ARG weakness tag,Tier 1 - core,0.0299936559741143,33.34038374191658,0.0249051613203905,40.15231971941791,0.1204205058127292,8.304233512813338,0.1058264869732237,9.449430181434831,0.2018345274631952,4.954553676066902,0.1849100430818771,5.408035081995009,0.1718646142605921,5.8185334095809615,Top 10: DG anchor + putting overlay,Tier 2 - current-price / early value,0.3306058992431396,3.024749413998096,0.3128853835533788,3.196058533138216,0.3313075482894522,3.0183435456361347,0.3135494241269982,3.189289863262405,0.3085795068066885,3.240655902099345,Top 20: DG anchor + OTT overlay,Tier 3 - experimental,0.712,0.081,0.191,0.065,1.049,0.033,-2.146,0.1182106856104195,0.0168400761123056,-0.0093737172640263,2.61766360529466,5.5,skybet,0.18181818181818182,0.1718646142605921,Top 10: DG anchor + putting overlay,Tier 2 - current-price / early value,0.2,10.0,-0.009953567557589721,-0.05474462156674342,False,False,False
"Rodgers, Patrick",16283,-0.20635,-0.2199149055172216,0.4219409282700421,0.3849,0.4034204641350211,2.5980774227071963,2.478803355065571,0.4291872245304724,2.3299854768370434,Make Cut: DG anchor + putting overlay,Tier 2 - candidate,0.6151,0.5965795358649789,1.6257519102584943,1.6762224311802834,0.5780590717299579,0.5780590717299579,1.7299270072992698,0.5750780893166595,1.738894279885114,Miss Cut: DataGolf core; ARG weakness tag,Tier 1 - core,0.0016421560118909,608.9555393999866,0.0016794113392787,595.4467357767415,0.0117631485940515,85.01125289751778,0.0119300895086659,83.82166783188022,0.0288414598895986,34.67230867743413,0.0289169342497536,34.58181255879572,0.0304775773824485,32.81100684124191,Top 10: DG anchor + putting overlay,Tier 2 - current-price / early value,0.0749171792070121,13.348073306881815,0.0733703280502445,13.629487922081976,0.0750878189900226,13.317739327771337,0.0735374445512984,13.598514418085577,0.0695976048083626,14.36831055829443,Top 20: DG anchor + OTT overlay,Tier 3 - experimental,-0.3,-0.221,0.048,0.091,-0.383,-0.054,4.355,-0.1911974087003686,0.170877496879931,-0.0149451974559064,2.69357795004856,31.0,skybet,0.03225806451612903,0.0304775773824485,Top 10: DG anchor + putting overlay,Tier 2 - current-price / early value,0.2,10.0,-0.0017804871336805327,-0.05519510114409654,False,False,False
"Echavarria, Nico",22833,0.074,0.0854574014732113,0.5405405405405405,0.51,0.5252702702702703,1.96078431372549,1.9037818368922048,0.5500499604045961,1.818016674820661,Make Cut: DG anchor + putting overlay,Tier 2 - candidate,0.49,0.4747297297297297,2.0408163265306123,2.1064617136350696,0.4594594594594595,0.4594594594594595,2.176470588235294,0.4699131307970765,2.128052898423543,Miss Cut: DataGolf core; ARG weakness tag,Tier 1 - core,0.0060697990520077,164.75009986849818,0.0057182328593371,174.87920212397754,0.0390099174532536,25.63450694809392,0.0354429854221535,28.214327548574783,0.0823636330197538,12.14128084612492,0.0752141999366353,13.295361791290148,0.0725442068689706,13.784698229676708,Top 10: DG anchor + putting overlay,Tier 2 - current-price / early value,0.1666617201074215,6.000178081418166,0.1551950698369832,6.4435036567231085,0.1668760035029232,5.992473327553547,0.1553946101183889,6.435229634014589,0.1481249371608229,6.751057716326826,Top 20: DG anchor + OTT overlay,Tier 3 - experimental,0.12,0.004,-0.041,0.111,0.193,0.021,-4.225,0.0972822461435179,0.0639313474151324,-0.0073369525594852,2.67886603110883,13.0,skybet,0.07692307692307693,0.0725442068689706,Top 10: DG anchor + putting overlay,Tier 2 - current-price / early value,0.2,10.0,-0.004378870054106324,-0.05692531070338225,False,False,False
"Mitchell, Keith",17365,0.3368,0.3107940487303043,0.6369426751592356,0.602,0.6194713375796178,1.6611295681063123,1.6142796919501938,0.6250843913644498,1.5997839872743822,Make Cut: DG anchor + putting overlay,Tier 2 - candidate,0.398,0.3805286624203822,2.5125628140703515,2.627922936578344,0.3630573248407643,0.3630573248407643,2.7543859649122804,0.3726879963030283,2.6832095745496227,Miss Cut: DataGolf core; ARG weakness tag,Tier 1 - core,0.0166877921737923,59.92404445031787,0.0155772294202295,64.19626834932146,0.0789316872443255,12.669183124194408,0.0729148284105225,13.71463146521904,0.1421254818125654,7.036035953910055,0.1351296252025422,7.40030173621163,0.1162957790191206,8.598764361306579,Top 10: DG anchor + putting overlay,Tier 2 - current-price / early value,0.2565446728059494,3.897956597821856,0.2474536928379342,4.041160140030457,0.2555798752800958,3.912671132279398,0.2465230841139169,4.056415258612883,0.2760724795036907,3.622237181329157,Top 20: DG anchor + OTT overlay,Tier 3 - experimental,0.394,0.534,-0.04,-0.094,0.794,-0.015,10.293,-0.1213606440327903,0.0769572819516203,-0.0885887548199887,2.66766196410169,8.0,bet365,0.125,0.1162957790191206,Top 10: DG anchor + putting overlay,Tier 2 - current-price / early value,0.2,10.0,-0.008704220980879404,-0.06963376784703523,False,False,False
"Neergaard-Petersen, Rasmus",23841,0.2146,0.2224796712624728,0.6172839506172839,0.57165,0.594466975308642,1.7493221376716523,1.6821792320436453,0.6063257503234556,1.649278460409329,Make Cut: DG anchor + putting overlay,Tier 2 - candidate,0.42835,0.405533024691358,2.3345395120812418,2.465890418569677,0.3827160493827161,0.3827160493827161,2.6129032258064515,0.3950198592660877,2.53151829342938,Miss Cut: DataGolf core; ARG weakness tag,Tier 1 - core,0.0128991304591261,77.5246054893954,0.0119662318962297,83.56849580318392,0.0591812092150302,16.897255281935504,0.057807731531517,17.298724124035132,0.116799566977548,8.56167557703554,0.1146202680736335,8.724460488589916,0.1027754561880276,9.729949514118433,Top 10: DG anchor + putting overlay,Tier 2 - current-price / early value,0.2144707970410923,4.662639453931817,0.2152416234414586,4.645941542398651,0.2153680179342919,4.643214947100905,0.2161420690233384,4.626586598891226,0.2556758833002983,3.911201897855469,Top 20: DG anchor + OTT overlay,Tier 3 - experimental,0.137,0.613,-0.057,-0.083,0.609,0.047,4.521,0.0781996746123093,-0.0442669139068917,0.0113652474829325,2.65831011155113,9.0,unibet,0.1111111111111111,0.1027754561880276,Top 10: DG anchor + putting overlay,Tier 2 - current-price / early value,0.2,10.0,-0.00833565492308351,-0.0750208943077516,False,False,False
"Stevens, Sam",25569,0.1926,0.1895978519991105,0.5813953488372093,0.5576,0.5694976744186047,1.793400286944046,1.755933421538361,0.5630662847033486,1.775989838437671,Make Cut: DG anchor + putting overlay,Tier 2 - candidate,0.4424,0.4305023255813953,2.260397830018083,2.322867823418829,0.4186046511627906,0.4186046511627906,2.3888888888888893,0.4168205338092987,2.399114052422173,Miss Cut: DataGolf core; ARG weakness tag,Tier 1 - core,0.0095901466819013,104.27369185991805,0.0080367400076173,124.42856171186143,0.0522450292913715,19.1405768847976,0.0456251568414529,21.917732874321747,0.1021648836135049,9.788099047643929,0.0922305681942538,10.842392273826434,0.0711296002764019,14.058844645746758,Top 10: DG anchor + putting overlay,Tier 2 - current-price / early value,0.2024474799073425,4.939552719834728,0.1868305463090807,5.352443804053662,0.2021128880443234,4.947730002159484,0.1865217650854911,5.361304615263832,0.1855046175894052,5.390701390589608,Top 20: DG anchor + OTT overlay,Tier 3 - experimental,0.275,0.209,0.04,-0.149,0.376,-0.009,5.593,-0.0619335517591461,-0.0593361946875876,0.0307900845470227,2.6326524304341,13.0,bet365,0.07692307692307693,0.0711296002764019,Top 10: DG anchor + putting overlay,Tier 2 - current-price / early value,0.2,10.0,-0.005793476646675025,-0.07531519640677531,False,False,False
"Pavon, Matthieu",19960,-0.09705,-0.0920861237221175,0.4464285714285714,0.43365,0.4400392857142857,2.306007148622161,2.272524368765776,0.4287505313935001,2.3323586253056248,Make Cut: DG anchor + putting overlay,Tier 2 - candidate,0.56635,0.5599607142857144,1.7656925929195726,1.7858395678268244,0.5535714285714286,0.5535714285714286,1.8064516129032255,0.5754348900113632,1.7378160715632882,Miss Cut: DataGolf core; ARG weakness tag,Tier 1 - core,0.0027830304060913,359.3205441849478,0.0024831818697123,402.70912581842,0.0207274326106633,48.24524188709916,0.0182565999032152,54.7747119015236,0.0457295195432997,21.86771280317373,0.041265679985695,24.23321269264565,0.0317930463513932,31.453418742811884,Top 10: DG anchor + putting overlay,Tier 2 - current-price / early value,0.1022609776860482,9.778901225354051,0.0948848331561184,10.539092147157533,0.1028981656927477,9.718346223838273,0.0954760604167298,10.473829728994293,0.0969440923683842,10.315223708527116,Top 20: DG anchor + OTT overlay,Tier 3 - experimental,-0.251,0.268,-0.118,-0.142,-0.244,0.023,1.135,0.0469851583314713,-0.0262263214582663,0.0078833825882432,2.67285611491387,29.0,skybet,0.034482758620689655,0.0317930463513932,Top 10: DG anchor + putting overlay,Tier 2 - current-price / early value,0.2,10.0,-0.002689712269296457,-0.07800165580959717,False,False,False
"Vilips, Karl",24304,-0.0802,-0.0891746936172102,0.4504504504504504,0.4417,0.4460752252252252,2.2639800769753227,2.2417743543033484,0.4576904983196158,2.184882586969671,Make Cut: DG anchor + putting overlay,Tier 2 - candidate,0.5583,0.5539247747747749,1.7911517105498835,1.8052992852803864,0.5495495495495496,0.5495495495495496,1.8196721311475408,0.5587280667456942,1.7897794285232342,Miss Cut: DataGolf core; ARG weakness tag,Tier 1 - core,0.0033714035252452,296.6123730108066,0.0028773684292892,347.539783164647,0.0212863571590031,46.9784469240218,0.0187174417468897,53.42610456721045,0.0486430564482852,20.557918704453684,0.0433855788494432,23.04913352591657,0.040025470047445,24.98409135019846,Top 10: DG anchor + putting overlay,Tier 2 - current-price / early value,0.1092219617776279,9.15566781373113,0.0996662410221991,10.03348766587139,0.1100719389256087,9.084967610826247,0.1004418545152664,9.95600892502445,0.0859597441685531,11.63335244506035,Top 20: DG anchor + OTT overlay,Tier 3 - experimental,-0.028,-0.282,-0.033,0.09,-0.253,-0.059,2.188,-0.1650620015945874,0.0238481439668789,0.0316954967195226,2.67816915293938,23.0,skybet,0.043478260869565216,0.040025470047445,Top 10: DG anchor + putting overlay,Tier 2 - current-price / early value,0.2,10.0,-0.0034527908221202164,-0.07941418890876506,False,False,False
"Theegala, Sahith",23014,0.2084,0.1717455983181718,0.5813953488372093,0.5442,0.5627976744186047,1.8375597206909224,1.7768374772213564,0.5864807730109721,1.705085735148715,Make Cut: DG anchor + putting overlay,Tier 2 - candidate,0.4558,0.4372023255813952,2.1939447125932428,2.287270541551196,0.4186046511627906,0.4186046511627906,2.3888888888888893,0.4006223350841752,2.4961164479007114,Miss Cut: DataGolf core; ARG weakness tag,Tier 1 - core,0.0093186141908386,107.31209378569676,0.0085926404287526,116.37866244860068,0.0535508431711135,18.673842292354813,0.0484985405730507,20.619177158408576,0.1028592141317653,9.722026445963063,0.0959866715291971,10.41811309912774,0.0918741714616733,10.884451898618371,Top 10: DG anchor + putting overlay,Tier 2 - current-price / early value,0.1975300669455493,5.062520432778761,0.1875235429956591,5.332663749975907,0.1961617437153319,5.097833966296662,0.1862245366010308,5.369861664053481,0.1829640731576793,5.465553880286625,Top 20: DG anchor + OTT overlay,Tier 3 - experimental,0.336,0.006,0.15,0.071,0.563,-0.026,4.596,-0.1089192968722613,-0.0545784398779402,-0.115167750003525,2.67306035351958,10.0,skybet,0.1,0.0918741714616733,Top 10: DG anchor + putting overlay,Tier 2 - current-price / early value,0.2,10.0,-0.008125828538326704,-0.08125828538326696,False,False,False
"Matsuyama, Hideki",13562,0.38905,0.4149611729723513,0.7407407407407407,0.6508,0.6957703703703704,1.5365703749231714,1.4372557995933095,0.7540640403243556,1.3261473117984206,Make Cut: DG anchor + putting overlay,Tier 2 - candidate,0.3491999999999999,0.3042296296296296,2.8636884306987405,3.286990820773782,0.2592592592592593,0.2592592592592593,3.857142857142856,0.216791687654783,4.612722982222409,Miss Cut: DataGolf core; ARG weakness tag,Tier 1 - core,0.0245530062169291,40.72821027147805,0.0277765031084646,36.00165204723918,0.1033403751029647,9.676759920830898,0.1178755461974658,8.483523786390723,0.179596550084352,5.568035686266384,0.2042090634667145,4.896942295428514,0.2527614951661265,3.956298799952714,Top 10: DG anchor + putting overlay,Tier 2 - current-price / early value,0.3078331515045626,3.248513017887803,0.3424257666770973,2.920340982817996,0.3068739846627563,3.258666586217678,0.3413588138827946,2.929468815014542,0.3957017226627685,2.527156043877617,Top 20: DG anchor + OTT overlay,Tier 3 - experimental,0.545,0.118,0.413,0.185,1.261,0.02,-1.254,0.059326296883394,0.0642857593704634,0.0838212765774435,2.60858075195411,3.6,unibet,0.2777777777777778,0.2527614951661265,Top 10: DG anchor + putting overlay,Tier 2 - current-price / early value,0.2,10.0,-0.025016282611651286,-0.09005861740194454,False,False,False
"Bezuidenhout, Christiaan",18103,0.14645,0.1755151124278977,0.6097560975609756,0.5574,0.5835780487804878,1.794043774668102,1.713566852094104,0.638865435654755,1.5652748516205586,Make Cut: DG anchor + putting overlay,Tier 2 - candidate,0.4426,0.4164219512195122,2.259376412110257,2.401410389321338,0.3902439024390244,0.3902439024390244,2.5625,0.3677260363780466,2.719415817954033,Miss Cut: DataGolf core; ARG weakness tag,Tier 1 - core,0.0066986021746165,149.2848767447871,0.0067909677539749,147.254417371467,0.0392759611993557,25.46086637890873,0.040609706790154,24.62465452329867,0.0898732772489329,11.12677795458798,0.0905337598365876,11.045603339626986,0.1131105619816256,8.840907360732995,Top 10: DG anchor + putting overlay,Tier 2 - current-price / early value,0.1902381852688623,5.256568225704564,0.1910676038685672,5.233749624493571,0.1889990510235169,5.291031857485736,0.1898230671274548,5.26806365070774,0.1840840137941722,5.432302237380149,Top 20: DG anchor + OTT overlay,Tier 3 - experimental,0.308,-0.289,0.185,0.308,0.512,0.031,-10.149,0.1715165306314906,0.0447185371103299,0.0483876625461607,2.52097712471971,8.0,bet365,0.125,0.1131105619816256,Top 10: DG anchor + putting overlay,Tier 2 - current-price / early value,0.2,10.0,-0.011889438018374401,-0.09511550414699521,False,False,False
"Whaley, Vince",25908,-0.35625,-0.3871634069862198,0.4081632653061224,0.31735,0.3627566326530612,3.151095005514416,2.7566690998490864,0.4503982086816682,2.220257498197064,Make Cut: DG anchor + putting overlay,Tier 2 - candidate,0.68265,0.6372433673469388,1.4648795136600017,1.5692591735608652,0.5918367346938775,0.5918367346938775,1.6896551724137931,0.5664384193982115,1.7654169734150584,Miss Cut: DataGolf core; ARG weakness tag,Tier 1 - core,0.0006162761031742,1622.6493204089486,0.0008914713849204,1121.7409968680631,0.0056795196630664,176.0712277312718,0.0077053120802104,129.7805967610708,0.0152439428461994,65.59982611384012,0.0201071548045331,49.73354060886586,0.0346361878468899,28.8715376074446,Top 10: DG anchor + putting overlay,Tier 2 - current-price / early value,0.0427615071112783,23.38551813428132,0.0531460216440322,18.81608385850437,0.0426382082953418,23.453143084092694,0.052992780049357,18.870495170636595,0.0552597119870024,18.09636648550049,Top 20: DG anchor + OTT overlay,Tier 3 - experimental,-0.486,-0.603,0.199,0.419,-0.471,-0.085,0.743,-0.2562342221508385,0.0045907041500349,-0.0275975998931888,2.62391037599988,26.0,skybet,0.038461538461538464,0.0346361878468899,Top 10: DG anchor + putting overlay,Tier 2 - current-price / early value,0.2,10.0,-0.0038253506146485663,-0.09945911598086266,False,False,False
"Smith, Jordan",18586,0.3597499999999999,0.3820682028748342,0.6711409395973155,0.6336,0.6523704697986578,1.578282828282828,1.532871345799315,0.6642856882194559,1.5053764031562822,Make Cut: DG anchor + putting overlay,Tier 2 - candidate,0.3663999999999999,0.3476295302013422,2.729257641921398,2.876625583047601,0.3288590604026845,0.3288590604026845,3.0408163265306127,0.3553145727960585,2.81440750411882,Miss Cut: DataGolf core; ARG weakness tag,Tier 1 - core,0.0222532274735705,44.93730184476252,0.0196682804034519,50.84328571116434,0.0987169038472904,10.129977349643632,0.0883070332728515,11.324126323100389,0.1739230378004045,5.749669581712388,0.1603403165839997,6.236734598662936,0.1381390024131232,7.239085142727218,Top 10: DG anchor + putting overlay,Tier 2 - current-price / early value,0.2942660889386925,3.398284877495144,0.2808940107736027,3.560061666127827,0.2937957484964588,3.4037252244719025,0.2804450436033639,3.5657610031229843,0.3116651216793419,3.2085720551972914,Top 20: DG anchor + OTT overlay,Tier 3 - experimental,0.426,0.587,-0.165,-0.048,0.8,0.058,4.153,0.1255566617356118,-0.0442669139068917,0.0598794119830882,2.64431758808647,6.5,bet365,0.15384615384615385,0.1381390024131232,Top 10: DG anchor + putting overlay,Tier 2 - current-price / early value,0.2,10.0,-0.01570715143303064,-0.10209648431469909,False,False,False
"Fitzpatrick, Alex",25362,0.47625,0.4449626725649415,0.684931506849315,0.6645,0.6747157534246575,1.5048908954100828,1.4821056051000676,0.6724964512297601,1.4869966944380908,Make Cut: DG anchor + putting overlay,Tier 2 - candidate,0.3355,0.3252842465753425,2.980625931445604,3.0742343366707723,0.3150684931506849,0.3150684931506849,3.1739130434782603,0.3064494541764935,3.2631808814515613,Miss Cut: DataGolf core; ARG weakness tag,Tier 1 - core,0.0266337910464377,37.54628840695026,0.0229418955232188,43.58837738529181,0.110850140204899,9.02118840942887,0.1005787804199098,9.94245501710267,0.1983398796047188,5.041850393339699,0.1818147209240154,5.500104694041377,0.1490164299893687,6.710669421293631,Top 10: DG anchor + putting overlay,Tier 2 - current-price / early value,0.329135275216059,3.03826443198334,0.3118184033700455,3.2069948059264037,0.3286964740197161,3.04232043553962,0.3114026889245164,3.2112760601190526,0.3307489889887997,3.0234408366819334,Top 20: DG anchor + OTT overlay,Tier 3 - experimental,0.673,0.43,0.094,-0.108,1.09,0.045,0.708,0.1251534843135521,-0.0442669139068917,-0.207946650855346,2.62674221568238,6.0,skybet,0.16666666666666666,0.1490164299893687,Top 10: DG anchor + putting overlay,Tier 2 - current-price / early value,0.2,10.0,-0.017650236677297954,-0.10590142006378778,False,False,False
"Moore, Taylor",21944,-0.0349,-0.0718428872279871,0.5076142131979695,0.4462,0.4769071065989847,2.2411474675033616,2.096844408822925,0.5125184776094015,1.9511491657128428,Make Cut: DG anchor + putting overlay,Tier 2 - candidate,0.5538000000000001,0.5230928934010153,1.8057060310581436,1.911706338616565,0.4923857868020305,0.4923857868020305,2.0309278350515463,0.481571179747631,2.076536225701989,Miss Cut: DataGolf core; ARG weakness tag,Tier 1 - core,0.004677317573879,213.79775570181715,0.0046136587869395,216.7477150306028,0.0243022457005293,41.14846061235484,0.0253767776121694,39.40610645224125,0.0517720241090309,19.31545109949763,0.054611233615362,18.311250887376072,0.0591642178543953,16.902108001512413,Top 10: DG anchor + putting overlay,Tier 2 - current-price / early value,0.1141584194902463,8.759756875273135,0.1187764719505101,8.419175814690503,0.1138540721910373,8.783172887501868,0.1184598128848965,8.441681407783975,0.1317562492835912,7.589772822445838,Top 20: DG anchor + OTT overlay,Tier 3 - experimental,-0.157,0.139,0.099,0.068,0.149,-0.039,6.804,-0.1793262508334167,0.0778732783642299,-0.114519630314285,2.68806401012132,15.0,skybet,0.06666666666666667,0.0591642178543953,Top 10: DG anchor + putting overlay,Tier 2 - current-price / early value,0.2,10.0,-0.007502448812271363,-0.11253673218407045,False,False,False
"Griffin, Lanto",15330,-0.1575,-0.1627652520664217,0.3690036900369003,0.4066,0.3878018450184501,2.459419576979833,2.578636519773194,0.3462028785016482,2.888479738608641,Make Cut: DG anchor + putting overlay,Tier 2 - candidate,0.5933999999999999,0.6121981549815498,1.6852039096730709,1.6334580427315035,0.6309963099630996,0.6309963099630996,1.5847953216374269,0.6447845493371868,1.5509056490698494,Miss Cut: DataGolf core; ARG weakness tag,Tier 1 - core,0.0019691416659569,507.8354784159286,0.0013762374996451,726.6187705667438,0.0140172003468239,71.34092224247787,0.010521623261435,95.04236895321156,0.0354429167636093,28.214382204196585,0.0266168640178353,37.57016601692537,0.0145235960641762,68.85347097104871,Top 10: DG anchor + putting overlay,Tier 2 - current-price / early value,0.0839870715501409,11.906594450111202,0.0666512770615617,15.003463460667986,0.0841080128329926,11.889473622276986,0.0667472548210282,14.9818895575756,0.0471078934145457,21.227864960975428,Top 20: DG anchor + OTT overlay,Tier 3 - experimental,-0.115,-0.267,-0.07,-0.205,-0.657,-0.004,-4.842,0.0486224162766024,0.0412833294359879,-0.0609583008294071,2.65357683518508,61.0,skybet,0.01639344262295082,0.0145235960641762,Top 10: DG anchor + putting overlay,Tier 2 - current-price / early value,0.2,10.0,-0.00186984655877462,-0.11406064008525174,False,False,False
"Ghim, Doug",24550,0.3248,0.3550229150437848,0.6802721088435374,0.6212,0.6507360544217686,1.6097875080489377,1.5367213683719745,0.6681287762735125,1.496717452550837,Make Cut: DG anchor + putting overlay,Tier 2 - candidate,0.3788,0.3492639455782313,2.6399155227032733,2.8631641274750783,0.3197278911564626,0.3197278911564626,3.127659574468085,0.3072648737861609,3.2545210510979,Miss Cut: DataGolf core; ARG weakness tag,Tier 1 - core,0.0165163158242903,60.54619024233676,0.0176498245788118,56.6577869108385,0.0794362219327026,12.588715521329638,0.0833640510216663,11.99557828277922,0.1496447036598933,6.682495107028721,0.1562441721161421,6.400238719026668,0.1472082264785427,6.793098619021547,Top 10: DG anchor + putting overlay,Tier 2 - current-price / early value,0.2734013837283307,3.657625965030464,0.2831307208513818,3.531937463348988,0.2722578181595212,3.672989105547302,0.2819464600425208,3.546772673965079,0.3376271887038536,2.961846774956089,Top 20: DG anchor + OTT overlay,Tier 3 - experimental,0.333,0.559,0.123,-0.104,0.912,0.048,2.089,0.1084837464097815,0.0663453346638515,0.0802863683480707,2.60167887041304,6.0,skybet,0.16666666666666666,0.1472082264785427,Top 10: DG anchor + putting overlay,Tier 2 - current-price / early value,0.2,10.0,-0.019458440188123954,-0.11675064112874378,False,False,False
"Cauley, Bud",14502,0.3092,0.2914773192765786,0.6369426751592356,0.59365,0.6152963375796179,1.68449423060726,1.625233142023379,0.6370493115103119,1.5697371960566244,Make Cut: DG anchor + putting overlay,Tier 2 - candidate,0.40635,0.3847036624203821,2.460932693490833,2.5994033789760422,0.3630573248407643,0.3630573248407643,2.7543859649122804,0.3367242527538278,2.9697890538674074,Miss Cut: DataGolf core; ARG weakness tag,Tier 1 - core,0.0137394976730494,72.78286468664247,0.0138197488365247,72.36021521296115,0.0730634455282238,13.686734765522484,0.0691086705154346,14.469964369762558,0.1333273078555396,7.500338948443341,0.1300673806639963,7.688322736223193,0.125953925451892,7.939411149055049,Top 10: DG anchor + putting overlay,Tier 2 - current-price / early value,0.2445609633410037,4.088960013645553,0.2410157561992138,4.149106331344747,0.2437061931169891,4.103301550157809,0.2401733769040759,4.163658823847887,0.2539119348983328,3.9383733592530943,Top 20: DG anchor + OTT overlay,Tier 3 - experimental,0.44,0.172,0.218,0.024,0.853,0.012,1.091,0.0224525716588493,0.169010460781593,-0.14209230464193,2.6351808669176,7.0,bet365,0.14285714285714285,0.125953925451892,Top 10: DG anchor + putting overlay,Tier 2 - current-price / early value,0.2,10.0,-0.01690321740525086,-0.11832252183675607,False,False,False
"Hisatsune, Ryo",22760,0.34505,0.3604382167469789,0.6493506493506493,0.6288,0.6390753246753247,1.5903307888040712,1.564760774495619,0.6364586451324381,1.5711939929607115,Make Cut: DG anchor + putting overlay,Tier 2 - candidate,0.3712,0.3609246753246753,2.6939655172413794,2.770661216500187,0.3506493506493506,0.3506493506493506,2.851851851851852,0.3576131742482278,2.796317563250274,Miss Cut: DataGolf core; ARG weakness tag,Tier 1 - core,0.0219012726071989,45.65944718989977,0.0186256363035994,53.68944092432137,0.0886137978138882,11.284924297006846,0.080862748774669,12.366633773316142,0.1624432349043818,6.155996589138507,0.1508382560450794,6.629617884876238,0.1253581851014415,7.977141653660563,Top 10: DG anchor + putting overlay,Tier 2 - current-price / early value,0.2809263331190308,3.559652058592498,0.2688033098557614,3.7201922868308257,0.2815150107763328,3.552208449710387,0.2693665838677204,3.712412971354593,0.2909543257597655,3.436965569728899,Top 20: DG anchor + OTT overlay,Tier 3 - experimental,0.447,0.448,-0.022,-0.106,0.767,0.035,2.787,0.0816718244450994,0.0004276587645532,0.0359982568212065,2.65017483082517,7.0,skybet,0.14285714285714285,0.1253581851014415,Top 10: DG anchor + putting overlay,Tier 2 - current-price / early value,0.2,10.0,-0.017498957755701344,-0.12249270428990944,False,False,False
"Poston, J.T.",21554,0.1498,0.1393338000966119,0.5813953488372093,0.5332,0.5572976744186047,1.8754688672168045,1.7943731795458149,0.6058764859482263,1.6505014193362384,Make Cut: DG anchor + putting overlay,Tier 2 - candidate,0.4668,0.4427023255813953,2.1422450728363325,2.258854183082758,0.4186046511627906,0.4186046511627906,2.3888888888888893,0.4242454055476222,2.357126292762524,Miss Cut: DataGolf core; ARG weakness tag,Tier 1 - core,0.0064359178530818,155.37799313599734,0.0067179589265409,148.85473563246344,0.0404481300952554,24.723021747729664,0.0409436291409418,24.423824193934088,0.0878070971489317,11.38860106380554,0.0870774134133307,11.48403427250757,0.1029856166840919,9.710093818901884,Top 10: DG anchor + putting overlay,Tier 2 - current-price / early value,0.1754728619526936,5.698886932553671,0.1756952873398908,5.691672298901523,0.1755453682219779,5.696533096421522,0.1757678855164639,5.689321442660988,0.1893803588720436,5.280378630371367,Top 20: DG anchor + OTT overlay,Tier 3 - experimental,0.144,0.184,-0.01,0.256,0.574,0.048,-5.208,0.1603636123458162,0.171497243258814,-0.175387116504552,2.5999303071017,8.5,unibet,0.11764705882352941,0.1029856166840919,Top 10: DG anchor + putting overlay,Tier 2 - current-price / early value,0.2,10.0,-0.014661442139437514,-0.12462225818521888,False,False,False
"Fishburn, Patrick",25094,-0.0579,-0.0507211615543129,0.4761904761904761,0.4526,0.4643952380952381,2.209456473707468,2.1533381868892465,0.473047306839553,2.113953478947038,Make Cut: DG anchor + putting overlay,Tier 2 - candidate,0.5474,0.5356047619047619,1.8268176835951773,1.8670483743343085,0.5238095238095238,0.5238095238095238,1.909090909090909,0.5374629998321169,1.8605931949033927,Miss Cut: DataGolf core; ARG weakness tag,Tier 1 - core,0.0043725955924476,228.69711567363152,0.0039362977962238,254.0458196428451,0.0258982885111346,38.61259015513948,0.0235864623772604,42.397201581365344,0.0532633701369414,18.774628744463143,0.0500769601406207,19.969263253837838,0.0454319145185172,22.01095882922605,Top 10: DG anchor + putting overlay,Tier 2 - current-price / early value,0.1167054333570304,8.568581352513005,0.1115293356151342,8.966250847676555,0.1168124695590434,8.56072989274955,0.1116316245673611,8.958035000167685,0.1130611390558737,8.844772026450306,Top 20: DG anchor + OTT overlay,Tier 3 - experimental,-0.147,0.119,-0.062,-0.006,-0.096,-0.015,3.669,-0.0757661407734076,0.031507062276801,0.0659004970459389,2.67829016980934,19.0,skybet,0.05263157894736842,0.0454319145185172,Top 10: DG anchor + putting overlay,Tier 2 - current-price / early value,0.2,10.0,-0.00719966442885122,-0.1367936241481732,False,False,False
"Saddier, Adrien",14792,-0.11175,-0.1070509830715785,0.4385964912280702,0.4264,0.4324982456140351,2.345215759849906,2.3121481072836723,0.435816408590687,2.294544171096565,Make Cut: DG anchor + putting overlay,Tier 2 - candidate,0.5736,0.5675017543859648,1.7433751743375174,1.7621090900097691,0.5614035087719298,0.5614035087719298,1.78125,0.566642731675159,1.7647804235372653,Miss Cut: DataGolf core; ARG weakness tag,Tier 1 - core,0.002831661383761,353.1495699785208,0.0023991640252138,416.8118517494334,0.0197140792790208,50.72516884235981,0.0169942916236374,58.84328821385505,0.0431315325847516,23.184893744154408,0.038634817518927,25.883388720811308,0.0331492831387434,30.16656486399979,Top 10: DG anchor + putting overlay,Tier 2 - current-price / early value,0.1031747919198457,9.692289961455684,0.0931715783631677,10.732886761906745,0.1027572502940496,9.73167340638646,0.092794519087507,10.776498545749034,0.0818236971197697,12.2213983870253,Top 20: DG anchor + OTT overlay,Tier 3 - experimental,-0.125,-0.168,-0.007,-0.003,-0.302,-0.003,-2.08,0.0118760215764115,-0.0442669139068917,0.0286238023306243,2.67528312428925,26.0,skybet,0.038461538461538464,0.0331492831387434,Top 10: DG anchor + putting overlay,Tier 2 - current-price / early value,0.2,10.0,-0.005312255322795063,-0.13811863839267158,False,False,False
"Noren, Alex",10419,0.1175,0.1041905976379299,0.591715976331361,0.51815,0.5549329881656805,1.929943066679533,1.802019381304902,0.6282780930072625,1.5916518674294136,Make Cut: DG anchor + putting overlay,Tier 2 - candidate,0.48185,0.4450670118343195,2.0753346477119434,2.246852661307236,0.408284023668639,0.408284023668639,2.449275362318841,0.3950982270394896,2.5310161665191453,Miss Cut: DataGolf core; ARG weakness tag,Tier 1 - core,0.0065408768245662,152.88470136667314,0.0071037717456164,140.77028877188786,0.0347193034790474,28.80242112585824,0.0387056074273544,25.836049773327403,0.0748925952770474,13.352454889575355,0.0812790472500233,12.303293823362496,0.1147134064396148,8.717376905082146,Top 10: DG anchor + putting overlay,Tier 2 - current-price / early value,0.1567332975722851,6.380265173319676,0.1692479116205305,5.908492402801946,0.1570376516176109,6.367899606872722,0.1695765672882318,5.897041177277075,0.1877413852416345,5.326476092167634,Top 20: DG anchor + OTT overlay,Tier 3 - experimental,0.117,0.015,0.118,0.376,0.625,0.051,-8.558,0.1924070924846836,0.0589663785798345,-0.177492152697651,2.57860862189408,7.5,bet365,0.13333333333333333,0.1147134064396148,Top 10: DG anchor + putting overlay,Tier 2 - current-price / early value,0.2,10.0,-0.018619926893718525,-0.1396494517028889,False,False,False
"Brennan, Michael",29197,0.2789,0.2661888774967137,0.6329113924050632,0.5942,0.6135556962025316,1.682935038707506,1.6298438857128712,0.6271306261019612,1.5945641280759526,Make Cut: DG anchor + putting overlay,Tier 2 - candidate,0.4058,0.3864443037974684,2.464268112370626,2.5876950188508663,0.3670886075949368,0.3670886075949368,2.724137931034482,0.4028462822725437,2.4823364246004256,Miss Cut: DataGolf core; ARG weakness tag,Tier 1 - core,0.0174326921293024,57.36348652191882,0.0158080127313178,63.259058364677394,0.0760772064114587,13.14454154101773,0.0716959847593609,13.94778247842444,0.1363650428576985,7.333257695988357,0.1328241070191848,7.528753796594788,0.1228692738883837,8.138731257648795,Top 10: DG anchor + putting overlay,Tier 2 - current-price / early value,0.2465918022643093,4.055284850581328,0.2429474195211731,4.116116985193369,0.2454648868700866,4.073902433667648,0.241837158820975,4.135013845164592,0.2790483241406132,3.583608692436,Top 20: DG anchor + OTT overlay,Tier 3 - experimental,0.296,0.566,-0.22,-0.034,0.608,-0.028,16.827,-0.2144427608004529,-0.0442669139068917,0.0547324963605182,2.72031565688588,7.0,skybet,0.14285714285714285,0.1228692738883837,Top 10: DG anchor + putting overlay,Tier 2 - current-price / early value,0.2,10.0,-0.019987868968759148,-0.13991508278131415,False,False,False
"Nyholm, Pontus",25475,-0.2259,-0.2639706260100123,0.3875968992248061,0.36955,0.3785734496124031,2.705993776214315,2.6414953320784527,0.376600505033016,2.655333666937944,Make Cut: DG anchor + putting overlay,Tier 2 - candidate,0.63045,0.6214265503875969,1.5861686097232135,1.6092006358213675,0.6124031007751938,0.6124031007751938,1.6329113924050631,0.633010875200349,1.5797516901798856,Miss Cut: DataGolf core; ARG weakness tag,Tier 1 - core,0.0015497628403747,645.2600191124546,0.0014082147535206,710.1189626794439,0.0116658283083099,85.7204455244442,0.0111969419319327,89.31009967534813,0.0297370271599495,33.62810931372524,0.0280146002248114,35.69567268407205,0.0238288777704256,41.96588734200117,Top 10: DG anchor + putting overlay,Tier 2 - current-price / early value,0.0693899517439715,14.411308480076546,0.0659245815556539,15.168848651026977,0.0699216449865147,14.301723024291862,0.0664297217618319,15.053502761689463,0.0651015212197387,15.36062416459788,Top 20: DG anchor + OTT overlay,Tier 3 - experimental,-0.393,0.041,-0.116,-0.084,-0.551,-0.08,11.254,-0.312879522071024,-0.0442669139068917,-0.0228466405378267,2.74960098218113,36.0,skybet,0.027777777777777776,0.0238288777704256,Top 10: DG anchor + putting overlay,Tier 2 - current-price / early value,0.2,10.0,-0.003948900007352176,-0.14216040026467835,False,False,False
"Olesen, Thorbjorn",13412,0.06655,0.0615887272062839,0.53475935828877,0.50345,0.519104679144385,1.9862945674843584,1.926393731700225,0.5255443202530212,1.9027890921141608,Make Cut: DG anchor + putting overlay,Tier 2 - candidate,0.49655,0.480895320855615,2.013895881582922,2.0794546268838454,0.46524064171123,0.46524064171123,2.1494252873563213,0.4681168301006833,2.1362188575551078,Miss Cut: DataGolf core; ARG weakness tag,Tier 1 - core,0.0050351159713433,198.6051573968409,0.0048425579856716,206.5024317641277,0.03104262989704,32.21376549978936,0.0296430080702131,33.73476799761265,0.0686638509958168,14.563703979564483,0.0652110103944933,15.33483370293622,0.0571734790414607,17.490627066350573,Top 10: DG anchor + putting overlay,Tier 2 - current-price / early value,0.1507233495387918,6.634672086706968,0.1434157851864844,6.972733152767623,0.1513515691603462,6.607133348849335,0.1440135466519141,6.943791214426764,0.1416264155373768,7.060829692015246,Top 20: DG anchor + OTT overlay,Tier 3 - experimental,0.112,0.041,0.009,-0.062,0.101,-0.002,0.666,-0.0026476844635819,-0.0250904479023904,-0.0172099097611917,2.6290589001192,15.0,skybet,0.06666666666666667,0.0571734790414607,Top 10: DG anchor + putting overlay,Tier 2 - current-price / early value,0.2,10.0,-0.009493187625205964,-0.1423978143780894,False,False,False
"Crowe, Trace",27780,-0.14285,-0.1757474242101143,0.3861003861003861,0.4053,0.395700193050193,2.467308166790032,2.527165812813121,0.3724697727311317,2.684781620445353,Make Cut: DG anchor + putting overlay,Tier 2 - candidate,0.5947,0.6042998069498069,1.6815200941651252,1.6548077436057496,0.6138996138996139,0.6138996138996139,1.628930817610063,0.6406710679549004,1.5608633665823572,Miss Cut: DataGolf core; ARG weakness tag,Tier 1 - core,0.0023011599318691,434.56345043682205,0.0018922466326012,528.4723369412669,0.0158999756012105,62.893178271535504,0.0132541809222983,75.4478911871223,0.0349401812894746,28.6203437731229,0.0307854120131836,32.48291754457457,0.0236087166809777,42.357236672916216,Top 10: DG anchor + putting overlay,Tier 2 - current-price / early value,0.0849461726671345,11.7721607531224,0.0745497035126844,13.41386957803061,0.0855755701315634,11.685578003892989,0.0751020697099077,13.315212268618431,0.0647506869211072,15.443851602970769,Top 20: DG anchor + OTT overlay,Tier 3 - experimental,-0.177,-0.074,-0.16,-0.11,-0.52,-0.045,5.055,-0.155181491967886,0.022402576399862,-0.092497019166594,2.72056294688198,36.0,skybet,0.027777777777777776,0.0236087166809777,Top 10: DG anchor + putting overlay,Tier 2 - current-price / early value,0.2,10.0,-0.004169061096800077,-0.15008619948480273,False,False,False
"Campos, Rafael",12909,-0.3392,-0.3427000895070876,0.2538071065989847,0.34315,0.2984785532994923,2.9141774734081305,3.350324467019925,0.2216483076051896,4.511651863280846,Make Cut: DG anchor + putting overlay,Tier 2 - candidate,0.6568499999999999,0.7015214467005076,1.5224175991474462,1.4254731693568854,0.7461928934010152,0.7461928934010152,1.3401360544217686,0.7818432954286367,1.2790286824059307,Miss Cut: DataGolf core; ARG weakness tag,Tier 1 - core,0.0010958307612785,912.5496703827134,0.0006812487139725,1467.8926792663858,0.0086335297978401,115.82748000130483,0.0054514011423062,183.43907811871983,0.0231098004408368,43.271684779801085,0.0149947751602933,66.68989626787031,0.0047957450320025,208.5181746166425,Top 10: DG anchor + putting overlay,Tier 2 - current-price / early value,0.0563285280563803,17.752993634044177,0.0382794256952268,26.12369391228072,0.0563545182889596,17.744806101836726,0.0382970879919554,26.11164588310359,0.0190847177518781,52.39794546616167,Top 20: DG anchor + OTT overlay,Tier 3 - experimental,-0.355,-0.303,-0.297,-0.385,-1.341,-0.048,0.974,-0.1079782984025268,0.0012682730590243,0.0361716334010695,2.77448613658681,176.0,skybet,0.005681818181818182,0.0047957450320025,Top 10: DG anchor + putting overlay,Tier 2 - current-price / early value,0.2,10.0,-0.0008860731498156818,-0.1559488743675599,False,False,False
"Malnati, Peter",14926,-0.5355,-0.5378844766930493,0.2958579881656805,0.26875,0.2823039940828402,3.72093023255814,3.5422807362284665,0.3217900338536045,3.107616441766313,Make Cut: DG anchor + putting overlay,Tier 2 - candidate,0.73125,0.7176960059171598,1.3675213675213675,1.3933475897250922,0.7041420118343196,0.7041420118343196,1.4201680672268906,0.683165160744261,1.4637748782601403,Miss Cut: DataGolf core; ARG weakness tag,Tier 1 - core,0.0003674881563011,2721.1761327635327,0.0005004107448172,1998.358369313666,0.0036803832236735,271.71083531944004,0.0040222484901436,248.6171608866188,0.0097468756857954,102.59697899475016,0.010274510173345,97.3282407753389,0.0136304092120359,73.36536889273837,Top 10: DG anchor + putting overlay,Tier 2 - current-price / early value,0.0302511664779652,33.0565765365905,0.0305569541134784,32.725774836272244,0.0303880243615512,32.90770035268437,0.0306951953965658,32.57838847678029,0.0242607302649442,41.21887466202772,Top 20: DG anchor + OTT overlay,Tier 3 - experimental,-0.639,-0.933,0.19,0.302,-1.08,-0.083,-6.821,-0.172092306235107,0.249994796293048,0.0116250705790452,2.73462855585048,61.0,skybet,0.01639344262295082,0.0136304092120359,Top 10: DG anchor + putting overlay,Tier 2 - current-price / early value,0.2,10.0,-0.00276303341091492,-0.16854503806581,False,False,False
"Svensson, Jesper",26850,-0.02435,-0.0431689129852794,0.4926108374384237,0.4581,0.4753554187192118,2.1829294913774286,2.103689072682457,0.472066294026793,2.118346538724163,Make Cut: DG anchor + putting overlay,Tier 2 - candidate,0.5419,0.5246445812807882,1.8453589223103888,1.9060522793521488,0.5073891625615763,0.5073891625615763,1.9708737864077672,0.5226035686289159,1.9134963096856847,Miss Cut: DataGolf core; ARG weakness tag,Tier 1 - core,0.0051377775951287,194.6366851200655,0.0048772221308976,205.034745837165,0.0278127981562833,35.95467073758219,0.0273535320146496,36.55835010500415,0.0597697805583145,16.73086283166705,0.0586640324795494,17.046219936357165,0.0488828789940373,20.45706023415639,Top 10: DG anchor + putting overlay,Tier 2 - current-price / early value,0.1272158684488008,7.860654588090627,0.1243493290564204,8.04186084145476,0.127705508364591,7.830515792201105,0.1248279359766903,8.01102727667254,0.1394585010993005,7.170591911696772,Top 20: DG anchor + OTT overlay,Tier 3 - experimental,-0.191,0.418,-0.072,-0.166,-0.012,-0.033,13.325,-0.2125000975832648,-0.0445686294742062,0.0232976412337867,2.78793126804449,17.0,skybet,0.058823529411764705,0.0488828789940373,Top 10: DG anchor + putting overlay,Tier 2 - current-price / early value,0.2,10.0,-0.009940650417727404,-0.16899105710136586,False,False,False
"Finau, Tony",11676,0.04105,0.0338873390773376,0.5555555555555556,0.4896,0.5225777777777778,2.0424836601307192,1.9135907467256332,0.5426222342575271,1.8429027357647911,Make Cut: DG anchor + putting overlay,Tier 2 - candidate,0.5104,0.4774222222222222,1.9592476489028212,2.094582014522436,0.4444444444444444,0.4444444444444444,2.25,0.4190283986432325,2.3864730964247034,Miss Cut: DataGolf core; ARG weakness tag,Tier 1 - core,0.0062787713971935,159.2668273361535,0.0060643856985967,164.8971634886927,0.0356695446937127,28.03512095785913,0.0359035064137154,27.852432809125062,0.0698653208980506,14.313252800473458,0.0728290019084917,13.730793692003097,0.0682727462572571,14.647133077552205,Top 10: DG anchor + putting overlay,Tier 2 - current-price / early value,0.1472335755829955,6.791929055857917,0.1526460777839127,6.551101833193576,0.146991510375003,6.803113985622786,0.1523951139366945,6.561890169362012,0.1656229858367947,6.037809274766983,Top 20: DG anchor + OTT overlay,Tier 3 - experimental,0.024,0.071,0.198,-0.097,0.197,-0.053,9.469,-0.226792760158487,-0.0106487577705941,0.0802452649085801,2.71009241217329,12.0,skybet,0.08333333333333333,0.0682727462572571,Top 10: DG anchor + putting overlay,Tier 2 - current-price / early value,0.2,10.0,-0.015060587076076229,-0.1807270449129148,False,False,False
"Lebioda, Hank",21943,-0.051,-0.0420817282983105,0.4219409282700421,0.4548,0.438370464135021,2.198768689533861,2.281175585068599,0.3951179306693316,2.5308899505167872,Make Cut: DG anchor + putting overlay,Tier 2 - candidate,0.5452,0.561629535864979,1.834189288334556,1.780533138200925,0.5780590717299579,0.5780590717299579,1.7299270072992698,0.5844315540080735,1.7110643549991926,Miss Cut: DataGolf core; ARG weakness tag,Tier 1 - core,0.004170507229881,239.778987274057,0.0028019202816071,356.89809112856364,0.0218973345795813,45.66765860774999,0.0165825627924361,60.30430956402776,0.0504370176779609,19.82670756595827,0.0394028588870805,25.378869154285685,0.0226762019637113,44.09909567749902,Top 10: DG anchor + putting overlay,Tier 2 - current-price / early value,0.1126310029533914,8.878550077493466,0.0922867593623286,10.835790604304169,0.1132768373369493,8.827930082700272,0.0928159383697107,10.774011635983603,0.0692300948137694,14.44458515751022,Top 20: DG anchor + OTT overlay,Tier 3 - experimental,0.064,-0.246,-0.015,-0.232,-0.429,-0.021,-3.652,0.0023229993295403,0.0225673987965268,0.0377880091445453,2.63361103890841,36.0,skybet,0.027777777777777776,0.0226762019637113,Top 10: DG anchor + putting overlay,Tier 2 - current-price / early value,0.2,10.0,-0.0051015758140664745,-0.1836567293063931,False,False,False
"VanDerLaan, John",25319,-0.2404,-0.2544539752644412,0.3802281368821293,0.36955,0.3748890684410646,2.705993776214315,2.6674557467316697,0.360533298497623,2.773668907052681,Make Cut: DG anchor + putting overlay,Tier 2 - candidate,0.63045,0.6251109315589354,1.5861686097232135,1.5997160656047815,0.6197718631178707,0.6197718631178707,1.6134969325153374,0.6301926748069102,1.5868162864736537,Miss Cut: DataGolf core; ARG weakness tag,Tier 1 - core,0.0015958986345199,626.6062131827201,0.0014729493172599,678.9099857558175,0.0127395668098138,78.49560467233897,0.0113605572144307,88.02385139434458,0.0301853868905286,33.12861298172639,0.0268706148063106,37.215374758196695,0.0198170511783156,50.461594462360125,Top 10: DG anchor + putting overlay,Tier 2 - current-price / early value,0.0719007970125286,13.908051670494704,0.0653332422828581,15.306143780076502,0.0723438139670827,13.8228819461331,0.0657357932312468,15.21241245971092,0.0606749642465438,16.481262286973028,Top 20: DG anchor + OTT overlay,Tier 3 - experimental,-0.401,0.007,-0.045,-0.171,-0.609,-0.013,2.978,-0.0675367235429606,-0.0442669139068917,-0.0254347860740028,2.73561185635148,41.0,skybet,0.024390243902439025,0.0198170511783156,Top 10: DG anchor + putting overlay,Tier 2 - current-price / early value,0.2,10.0,-0.004573192724123425,-0.18750090168906042,False,False,False
"Novak, Andrew",23475,0.24345,0.2425189994914179,0.5747126436781609,0.57295,0.5738313218390805,1.7453529976437736,1.7426723881071622,0.5350460394860865,1.8689980416647944,Make Cut: DG anchor + putting overlay,Tier 2 - candidate,0.42705,0.4261686781609195,2.341646177262616,2.346488729099899,0.4252873563218391,0.4252873563218391,2.3513513513513518,0.4086908953063769,2.446836989726296,Miss Cut: DataGolf core; ARG weakness tag,Tier 1 - core,0.0157182535052318,63.62029977867132,0.0118007934192825,84.7400648812303,0.0683382943570983,14.633083974477772,0.0564144811732581,17.725945168738424,0.1264527849602018,7.9080899666601026,0.1087345311007395,9.196710464254704,0.0671838144539011,14.8845374161683,Top 10: DG anchor + putting overlay,Tier 2 - current-price / early value,0.2263579385697809,4.417781882616513,0.2037641148800359,4.907635481295318,0.2270268620090422,4.404765106431198,0.2043662700038403,4.893175375668443,0.1976173420784621,5.0602846363704215,Top 20: DG anchor + OTT overlay,Tier 3 - experimental,0.371,0.24,0.14,-0.346,0.404,-0.003,1.491,0.0021983005647945,0.012106352185649,-0.0087807408717201,2.69708886315658,12.0,skybet,0.08333333333333333,0.0671838144539011,Top 10: DG anchor + putting overlay,Tier 2 - current-price / early value,0.2,10.0,-0.016149518879432223,-0.1937942265531868,False,False,False
"Mazzoli, Stefano",20844,-0.36965,-0.3787966522329167,0.3311258278145695,0.3243,0.3277129139072847,3.0835646006783843,3.0514513086381334,0.3311315022677409,3.019948247604168,Make Cut: DG anchor + putting overlay,Tier 2 - candidate,0.6757,0.6722870860927153,1.4799467219180111,1.4874597782502843,0.6688741721854304,0.6688741721854304,1.495049504950495,0.6877474251784352,1.454022164809343,Miss Cut: DataGolf core; ARG weakness tag,Tier 1 - core,0.0009626661758283,1038.7816930822207,0.0007146664212474,1399.254211852347,0.0070279400938799,142.28920375556703,0.006066837110432,164.8305339005205,0.0188625613745683,53.01506938226655,0.0160554117645402,62.28429483251156,0.0131491611909579,76.05047846608295,Top 10: DG anchor + putting overlay,Tier 2 - current-price / early value,0.0488109459563323,20.48720794910692,0.0435475347263308,22.963412424707325,0.0488852377466488,20.456073164307185,0.0436138154397098,22.92851450665588,0.0374051680133935,26.73427371431489,Top 20: DG anchor + OTT overlay,Tier 3 - experimental,-0.571,-0.186,-0.114,0.023,-0.849,-0.035,1.993,-0.1223764453826406,-0.0442669139068917,0.0265216900034592,2.74629088156046,61.0,skybet,0.01639344262295082,0.0131491611909579,Top 10: DG anchor + putting overlay,Tier 2 - current-price / early value,0.2,10.0,-0.0032442814319929205,-0.19790116735156815,False,False,False
"Eckroat, Austin",26653,0.02515,0.0359712890453779,0.5050505050505051,0.4931,0.4990752525252525,2.027986209693774,2.0037058438384525,0.5193115871979752,1.9256262033274711,Make Cut: DG anchor + putting overlay,Tier 2 - candidate,0.5069,0.5009247474747475,1.9727756954034328,1.9963078387346231,0.4949494949494949,0.4949494949494949,2.0204081632653064,0.5253916329022937,1.9033420735612827,Miss Cut: DataGolf core; ARG weakness tag,Tier 1 - core,0.0048814806917322,204.85587532768488,0.0041990736791994,238.1477621966035,0.0317231133795302,31.52275717821765,0.0261671453141037,38.21586145512831,0.0669420841821092,14.938286015708734,0.0575702622690248,17.370078936361576,0.0533097822743047,18.75828332696079,Top 10: DG anchor + putting overlay,Tier 2 - current-price / early value,0.1420034462575308,7.042082613871545,0.1275144785677709,7.842246709800283,0.1421855276511863,7.033064591870621,0.1276779817402697,7.832204005497675,0.1114166170186257,8.97532187530723,Top 20: DG anchor + OTT overlay,Tier 3 - experimental,0.124,-0.165,-0.172,0.154,-0.059,-0.01,-0.745,-0.0079869454124358,0.0396578537426855,0.048185454497436,2.62608608351773,15.0,skybet,0.06666666666666667,0.0533097822743047,Top 10: DG anchor + putting overlay,Tier 2 - current-price / early value,0.2,10.0,-0.013356884392361969,-0.20035326588542957,False,False,False
"Harman, Brian",8825,0.20195,0.2126909558516017,0.6024096385542169,0.5636,0.5830048192771085,1.7743080198722498,1.7152516873530153,0.6182624073947156,1.617436201909609,Make Cut: DG anchor + putting overlay,Tier 2 - candidate,0.4364,0.4169951807228915,2.2914757103574703,2.3981092497674124,0.3975903614457831,0.3975903614457831,2.515151515151516,0.3784863070396348,2.6421035091641523,Miss Cut: DataGolf core; ARG weakness tag,Tier 1 - core,0.010408886227483,96.0717581252505,0.0090461097804081,110.5447561741706,0.0530608833879688,18.846274998631905,0.0494056301860479,20.24060812976733,0.1071913447269968,9.329111436626498,0.1008749337271348,9.913265496708878,0.1058043739012509,9.4514051085763,Top 10: DG anchor + putting overlay,Tier 2 - current-price / early value,0.21224082091332,4.711628967965611,0.2029580379449125,4.927126858959008,0.2105684223690594,4.749050160271982,0.2013587851445113,4.966259601150846,0.1950162625768489,5.127777482690376,Top 20: DG anchor + OTT overlay,Tier 3 - experimental,0.347,-0.09,0.16,0.176,0.594,0.041,-7.736,0.1773302382408735,0.128235753378856,-0.0670192782071419,2.59303285875811,7.5,skybet,0.13333333333333333,0.1058043739012509,Top 10: DG anchor + putting overlay,Tier 2 - current-price / early value,0.2,10.0,-0.02752895943208243,-0.20646719574061834,False,False,False
"Hodges, Lee",25157,0.0915,0.1225882725762873,0.5405405405405405,0.53335,0.5369452702702702,1.8749414080809972,1.8623872028831767,0.5450865634810621,1.834570996602346,Make Cut: DG anchor + putting overlay,Tier 2 - candidate,0.46665,0.4630547297297298,2.1429336762027216,2.1595719378218377,0.4594594594594595,0.4594594594594595,2.176470588235294,0.4820723356109778,2.0743774867989497,Miss Cut: DataGolf core; ARG weakness tag,Tier 1 - core,0.0071737831084076,139.39646416519085,0.0059368915542038,168.43831336146167,0.0404481300952554,24.723021747729664,0.0348300051029427,28.71087721762952,0.0831023554850912,12.033353256507905,0.0735574225162903,13.594821104267696,0.065744132609444,15.21048282651388,Top 10: DG anchor + putting overlay,Tier 2 - current-price / early value,0.1712459868532555,5.839552905008641,0.1556560064783907,6.424422819422819,0.1716676792533723,5.825208358086167,0.1560393086285353,6.408641571083759,0.1512242200902138,6.612697353660963,Top 20: DG anchor + OTT overlay,Tier 3 - experimental,0.092,0.186,-0.121,0.065,0.223,0.062,-4.61,0.2026604571471221,0.0020744504226937,0.053592521702202,2.59550609676046,12.0,bet365,0.08333333333333333,0.065744132609444,Top 10: DG anchor + putting overlay,Tier 2 - current-price / early value,0.2,10.0,-0.017589200723889323,-0.21107040868667193,False,False,False
"Mouw, William",29770,0.2088499999999999,0.209870134031065,0.5434782608695652,0.56685,0.5551641304347825,1.764135132751169,1.801269111563169,0.5203906363692903,1.9216333463970316,Make Cut: DG anchor + putting overlay,Tier 2 - candidate,0.43315,0.4448358695652175,2.308669052291354,2.2480201539893803,0.4565217391304348,0.4565217391304348,2.1904761904761902,0.4785098847737095,2.0898209876540097,Miss Cut: DataGolf core; ARG weakness tag,Tier 1 - core,0.0149804767446721,66.75354977308386,0.0101735717056693,98.29389608004956,0.0611037101520974,16.365618348064803,0.0470384961895648,21.259183031064737,0.113466316410282,8.813188192204173,0.0922439889253467,10.8408147961739,0.0592657694725571,16.87314631868648,Top 10: DG anchor + putting overlay,Tier 2 - current-price / early value,0.2152488549582274,4.645785456996118,0.1833805416658527,5.453141270692462,0.2148242058409088,4.6549689132358045,0.1830187632714127,5.463920650130403,0.1616601880873028,6.18581489871805,Top 20: DG anchor + OTT overlay,Tier 3 - experimental,0.371,0.142,-0.117,-0.19,0.206,0.001,4.272,-0.0106976159209924,-0.0078522659080369,0.0124125445928308,2.66526450020776,13.0,betway,0.07692307692307693,0.0592657694725571,Top 10: DG anchor + putting overlay,Tier 2 - current-price / early value,0.2,10.0,-0.017657307450519827,-0.22954499685675767,False,False,False
"Wu, Dylan",25002,-0.1699999999999999,-0.161751002057838,0.390625,0.4096,0.4001125,2.44140625,2.499297072698304,0.3809302920901162,2.625152214892459,Make Cut: DG anchor + putting overlay,Tier 2 - candidate,0.5904,0.5998875,1.6937669376693767,1.666979225271405,0.609375,0.609375,1.641025641025641,0.6186128721679853,1.6165198704892911,Miss Cut: DataGolf core; ARG weakness tag,Tier 1 - core,0.0016421560118909,608.9555393999866,0.0013627446726121,733.8131787249469,0.0128865197133459,77.60047105382154,0.0103517916027046,96.60163557955762,0.0314327950504394,31.81390641192821,0.0258542155867877,38.67841190707129,0.0185714239833491,53.84616714887255,Top 10: DG anchor + putting overlay,Tier 2 - current-price / early value,0.0813133807311184,12.298098923063248,0.0680864280026498,14.687214902228108,0.0826853206635492,12.094045133706992,0.0692351994421536,14.443520175535928,0.0505834090389321,19.76932790809605,Top 20: DG anchor + OTT overlay,Tier 3 - experimental,-0.111,-0.393,-0.036,-0.071,-0.611,-0.002,-6.385,0.0630902062521799,-0.0571519229203605,0.0239878673148097,2.59780783242142,41.0,skybet,0.024390243902439025,0.0185714239833491,Top 10: DG anchor + putting overlay,Tier 2 - current-price / early value,0.2,10.0,-0.005818819919089925,-0.2385716166826869,False,False,False
"Shipley, Neal",32055,0.0256999999999999,0.032456151154121,0.4629629629629629,0.49185,0.4774064814814814,2.033140185015757,2.094651075739092,0.4211005530896318,2.374729723489935,Make Cut: DG anchor + putting overlay,Tier 2 - candidate,0.50815,0.5225935185185185,1.967922857423989,1.913533108552253,0.5370370370370371,0.5370370370370371,1.862068965517241,0.5822035145963774,1.7176124412324565,Miss Cut: DataGolf core; ARG weakness tag,Tier 1 - core,0.0071208401014961,140.4328682777038,0.0054687533840813,182.8570297045817,0.0351413981744755,28.456465933285944,0.0280820482935869,35.60993804815754,0.0710156486918435,14.081403443053455,0.0584694832888307,17.10293889652053,0.0328862223068019,30.40787083024637,Top 10: DG anchor + putting overlay,Tier 2 - current-price / early value,0.1456434449942753,6.866083125397824,0.1231829949284101,8.118003630137151,0.1458903736802402,6.854461845383857,0.1233918434287466,8.104263395476831,0.1200196512638103,8.331968885678066,Top 20: DG anchor + OTT overlay,Tier 3 - experimental,-0.086,0.548,-0.273,-0.367,-0.177,0.041,5.491,0.0670202729296962,-0.0442669139068917,0.01133734778248,2.71650154747262,23.0,skybet,0.043478260869565216,0.0328862223068019,Top 10: DG anchor + putting overlay,Tier 2 - current-price / early value,0.2,10.0,-0.010592038562763313,-0.2436168869435562,False,False,False
"Parry, John",13764,0.15545,0.1743264923976846,0.5405405405405405,0.55345,0.5469952702702703,1.8068479537446924,1.8281693724808628,0.520371985423282,1.9217022207422985,Make Cut: DG anchor + putting overlay,Tier 2 - candidate,0.44655,0.4530047297297297,2.239390885679095,2.207482470650178,0.4594594594594595,0.4594594594594595,2.176470588235294,0.4443611553008922,2.250421730321737,Miss Cut: DataGolf core; ARG weakness tag,Tier 1 - core,0.0085621966945094,116.7924582532956,0.0061310983472547,163.10291294670924,0.0470464447929446,21.255591243952303,0.0359370725046974,27.82641796627389,0.0958217064984962,10.436048746592649,0.0771172206781155,12.96727230580525,0.0497383543162155,20.105208822198254,Top 10: DG anchor + putting overlay,Tier 2 - current-price / early value,0.1888944624175337,5.293961438581468,0.1621942196716929,6.165447831767127,0.1885980489133791,5.302281787969546,0.1619397042328006,6.175137868366264,0.1371516472424468,7.291199341064217,Top 20: DG anchor + OTT overlay,Tier 3 - experimental,0.319,-0.066,0.128,-0.163,0.218,0.035,-7.292,0.1749053468077011,-0.0442669139068917,0.0179965170612954,2.55511849468681,15.0,bet365,0.06666666666666667,0.0497383543162155,Top 10: DG anchor + putting overlay,Tier 2 - current-price / early value,0.2,10.0,-0.01692831235045117,-0.2539246852567675,False,False,False
"Putnam, Andrew",14704,-0.04495,-0.0043390959690264,0.5154639175257733,0.471,0.4932319587628866,2.123142250530785,2.0274436443822044,0.5458344080934919,1.832057461333067,Make Cut: DG anchor + putting overlay,Tier 2 - candidate,0.529,0.5067680412371134,1.8903591682419656,1.9732893920437784,0.4845360824742267,0.4845360824742267,2.063829787234043,0.4445346548525813,2.249543402485965,Miss Cut: DataGolf core; ARG weakness tag,Tier 1 - core,0.0034704288462742,288.14882664244,0.0031935477564704,313.13137496500804,0.0206259289341343,48.48266486291804,0.0198075321678848,50.4858450575362,0.0495139496755847,20.196328641766566,0.0476827149772825,20.971960184658748,0.0573525069675467,17.43602944097728,Top 10: DG anchor + putting overlay,Tier 2 - current-price / early value,0.1190501178394739,8.39982368894746,0.1149575461200364,8.698863482661844,0.1181708438699299,8.462324269264721,0.1141084988470022,8.763589128806341,0.0959035270072486,10.427145186479084,Top 20: DG anchor + OTT overlay,Tier 3 - experimental,0.106,-0.651,0.292,0.303,0.051,0.076,-22.02,0.3905167032885837,0.0394805669537546,-0.0020739732278626,2.51432632341039,13.0,unibet,0.07692307692307693,0.0573525069675467,Top 10: DG anchor + putting overlay,Tier 2 - current-price / early value,0.2,10.0,-0.019570569955530227,-0.25441740942189295,False,False,False
"Kuchar, Matt",6169,-0.2068,-0.1734638524376172,0.4310344827586207,0.4005,0.4157672413793103,2.4968789013732837,2.4051918969914365,0.4590011904483256,2.178643587009564,Make Cut: DG anchor + putting overlay,Tier 2 - candidate,0.5994999999999999,0.5842327586206897,1.6680567139282738,1.7116465744935148,0.5689655172413792,0.5689655172413792,1.7575757575757578,0.537036413474321,1.8620711275992765,Miss Cut: DataGolf core; ARG weakness tag,Tier 1 - core,0.0012756784236019,783.8966164971691,0.0012961725451342,771.5022230288113,0.0104545407848932,95.6522166372904,0.0102700316358328,97.37068350509529,0.0287917518320245,34.73216933218065,0.0274598880612744,36.41675442261759,0.0323095684021784,30.95058366463896,Top 10: DG anchor + putting overlay,Tier 2 - current-price / early value,0.0732577219409874,13.65043811771198,0.0718084259309961,13.925942353352006,0.0736857588622395,13.571143399222729,0.0722279947729023,13.845047244412331,0.0605129492648307,16.52538856804961,Top 20: DG anchor + OTT overlay,Tier 3 - experimental,-0.177,-0.647,0.24,0.283,-0.301,0.049,-18.244,0.2778360105864055,0.0877262607897511,0.0058311673212736,2.49640927573577,23.0,skybet,0.043478260869565216,0.0323095684021784,Top 10: DG anchor + putting overlay,Tier 2 - current-price / early value,0.2,10.0,-0.011168692467386818,-0.2568799267498969,False,False,False
"Schenk, Adam",19477,-0.26975,-0.2618168449837474,0.33003300330033,0.37515,0.352591501650165,2.665600426496068,2.836143228977147,0.3078130679591596,3.2487249700934697,Make Cut: DG anchor + putting overlay,Tier 2 - candidate,0.62485,0.6474084983498349,1.6003840921821235,1.5446198227994807,0.66996699669967,0.66996699669967,1.4926108374384237,0.6905025223513294,1.4482206329887923,Miss Cut: DataGolf core; ARG weakness tag,Tier 1 - core,0.0019221050157696,520.2629366219029,0.0012027191745514,831.4492868818953,0.012984557412348,77.01456185553292,0.0095250201082904,104.9866550023988,0.0310333140468521,32.223435708163926,0.0229833128444568,43.509828490246605,0.0121114079496155,82.56678366050261,Top 10: DG anchor + putting overlay,Tier 2 - current-price / early value,0.0718505547688948,13.917777019488156,0.0557983136999837,17.921688554546616,0.0724783925487523,13.79721548497855,0.0562858852922403,17.76644348415111,0.0369834757421533,27.03910273258092,Top 20: DG anchor + OTT overlay,Tier 3 - experimental,-0.267,-0.356,-0.127,-0.212,-0.962,-0.037,-1.526,-0.0673654543126581,-0.0383420162708395,0.082934006305302,2.76078273279258,61.0,skybet,0.01639344262295082,0.0121114079496155,Top 10: DG anchor + putting overlay,Tier 2 - current-price / early value,0.2,10.0,-0.00428203467333532,-0.2612041150734544,False,False,False
"Lipsky, David",15980,-0.11435,-0.0871375774734159,0.4587155963302752,0.43455,0.4466327981651375,2.3012311586698884,2.238975740492441,0.4590464080148009,2.178428983519586,Make Cut: DG anchor + putting overlay,Tier 2 - candidate,0.56545,0.5533672018348624,1.7685029622424615,1.807118305320927,0.5412844036697249,0.5412844036697249,1.847457627118644,0.5241388071815499,1.9078915476175045,Miss Cut: DataGolf core; ARG weakness tag,Tier 1 - core,0.0021582927487591,463.32917560646274,0.0021208130410462,471.51728164905967,0.0167977452370585,59.53179941042544,0.0158863762260328,62.947017354486896,0.0424706944276343,23.545647498274285,0.0389096939550389,25.700536250825408,0.0351727860226022,28.43107166311457,Top 10: DG anchor + putting overlay,Tier 2 - current-price / early value,0.0993688109899925,10.06351983119442,0.0933971043239451,10.706970063349388,0.0995045250051496,10.049794217381036,0.0935246624169279,10.692366849099692,0.0836800140972768,11.950284793660687,Top 20: DG anchor + OTT overlay,Tier 3 - experimental,-0.116,-0.269,0.141,0.026,-0.217,0.028,-8.953,0.1503075489381788,0.0468686403127762,0.0491911780856367,2.60954753874342,21.0,skybet,0.047619047619047616,0.0351727860226022,Top 10: DG anchor + putting overlay,Tier 2 - current-price / early value,0.2,10.0,-0.012446261596445414,-0.2613714935253537,False,False,False
"Power, Seamus",10104,-0.12705,-0.1129836894930898,0.4716981132075471,0.4308,0.4512490566037735,2.321262766945218,2.21607111497646,0.4937784912463224,2.025199594004081,Make Cut: DG anchor + putting overlay,Tier 2 - candidate,0.5691999999999999,0.5487509433962264,1.7568517217146875,1.822320329530529,0.5283018867924529,0.5283018867924529,1.8928571428571423,0.5150676555917822,1.9414925187858267,Miss Cut: DataGolf core; ARG weakness tag,Tier 1 - core,0.0019691416659569,507.8354784159286,0.0022095708329784,452.57657508630575,0.0152539024815483,65.55699442877895,0.0160551952883932,62.28513462697839,0.0405930579305621,24.63475409294329,0.0408359203840474,24.488244432728624,0.0482742624723328,20.714972094563294,Top 10: DG anchor + putting overlay,Tier 2 - current-price / early value,0.0953137775935739,10.491662645709894,0.0966097223752455,10.350925097536884,0.0962155952733201,10.393325501539486,0.0975238017231954,10.253907070176863,0.0941856213155355,10.61733188179387,Top 20: DG anchor + OTT overlay,Tier 3 - experimental,-0.178,-0.253,0.115,0.226,-0.09,0.012,-4.46,0.0547818217053589,0.0959763395172828,0.0189465568025506,2.61817305873316,15.0,skybet,0.06666666666666667,0.0482742624723328,Top 10: DG anchor + putting overlay,Tier 2 - current-price / early value,0.2,10.0,-0.018392404194333863,-0.27588606291500795,False,False,False
"Li, Haotong",15310,0.03105,0.0047975702962884,0.4464285714285714,0.4773,0.4618642857142857,2.0951183741881416,2.165138182211843,0.4351626261349072,2.29799146328799,Make Cut: DG anchor + putting overlay,Tier 2 - candidate,0.5226999999999999,0.5381357142857143,1.913143294432753,1.858267298477548,0.5535714285714286,0.5535714285714286,1.8064516129032255,0.6170697055196132,1.620562460051307,Miss Cut: DataGolf core; ARG weakness tag,Tier 1 - core,0.0050351159713433,198.6051573968409,0.0039675579856716,252.0442054309898,0.0311995673742318,32.051726487268986,0.0247353756183328,40.427928624574434,0.0637140654079869,15.695121533943794,0.0526008137608995,19.01111272813317,0.0377147887425577,26.51479786420201,Top 10: DG anchor + putting overlay,Tier 2 - current-price / early value,0.1356016388133851,7.374542142342388,0.1148876581697813,8.70415513668315,0.1351102297287912,7.401364071449771,0.1144713148318512,8.73581299794552,0.1041785732163477,9.598902817792474,Top 20: DG anchor + OTT overlay,Tier 3 - experimental,0.024,0.265,-0.402,-0.082,-0.195,-0.021,6.665,-0.0969902565836797,-0.0397024222514495,-0.0728414146638554,2.71695074650577,19.0,skybet,0.05263157894736842,0.0377147887425577,Top 10: DG anchor + putting overlay,Tier 2 - current-price / early value,0.2,10.0,-0.014916790204810716,-0.28341901389140367,False,False,False
"Grillo, Emiliano",12808,0.16585,0.2176597411428804,0.5780346820809249,0.5657,0.5718673410404624,1.7677214071062402,1.7486572990522378,0.579527491561211,1.7255436792240213,Make Cut: DG anchor + putting overlay,Tier 2 - candidate,0.4343,0.4281326589595375,2.3025558369790464,2.33572463831709,0.4219653179190751,0.4219653179190751,2.3698630136986303,0.4337442126650575,2.305506265676015,Miss Cut: DataGolf core; ARG weakness tag,Tier 1 - core,0.0101899626937003,98.13578617105436,0.0085116480135168,117.48606126709664,0.0522993903755258,19.12068176741046,0.0458009980978158,21.83358532633567,0.1057996843259578,9.45182404249056,0.0946941308603926,10.560316578376945,0.0838949131173648,11.919673825766402,Top 10: DG anchor + putting overlay,Tier 2 - current-price / early value,0.2107372683165647,4.745245148085638,0.1933059417812148,5.173146726818194,0.2093261698554346,4.777233542708121,0.192011563624215,5.2080196688419,0.1873625280309568,5.337246516201871,Top 20: DG anchor + OTT overlay,Tier 3 - experimental,0.24,0.141,-0.051,0.037,0.367,0.071,-5.771,0.2443174504669987,-0.0151894047913621,0.140687331678743,2.58723542773732,8.5,unibet,0.11764705882352941,0.0838949131173648,Top 10: DG anchor + putting overlay,Tier 2 - current-price / early value,0.2,10.0,-0.03375214570616461,-0.28689323850239923,False,False,False
"Hoey, Rico",23504,0.13355,0.1397307741317023,0.5464480874316939,0.5326,0.539524043715847,1.877581674802854,1.853485514960059,0.5159862745095148,1.9380360474715688,Make Cut: DG anchor + putting overlay,Tier 2 - candidate,0.4674,0.460475956284153,2.1394950791613176,2.171666047603394,0.453551912568306,0.453551912568306,2.2048192771084336,0.4627742955000092,2.16088060578114,Miss Cut: DataGolf core; ARG weakness tag,Tier 1 - core,0.0098078780252943,101.95885362980788,0.0075372723459804,132.6739905495499,0.0485585050928274,20.593714697113047,0.0404622981813343,24.714364851903262,0.0932166170452067,10.727701044064226,0.0808604546866245,12.366984626484102,0.0540329851377321,18.507213648310604,Top 10: DG anchor + putting overlay,Tier 2 - current-price / early value,0.1830060656377171,5.464299757034404,0.16529835683512,6.049666912281945,0.1831545275717298,5.459870488914692,0.1654324535584136,6.044763155537094,0.1644722787862902,6.080051953918427,Top 20: DG anchor + OTT overlay,Tier 3 - experimental,0.153,0.314,-0.033,-0.258,0.175,0.012,5.669,-0.0086306528218974,0.0092502636076301,0.0329066311675528,2.66508020356865,13.0,bet365,0.07692307692307693,0.0540329851377321,Top 10: DG anchor + putting overlay,Tier 2 - current-price / early value,0.2,10.0,-0.022890091785344825,-0.29757119320948267,False,False,False
"Koepka, Brooks",16243,0.2587,0.2460355780109766,0.5988023952095809,0.5776,0.5882011976047905,1.7313019390581716,1.7000985446342036,0.5883015838621987,1.6998084442251575,Make Cut: DG anchor + putting overlay,Tier 2 - candidate,0.4224,0.4117988023952095,2.3674242424242427,2.4283703453811527,0.4011976047904191,0.4011976047904191,2.492537313432836,0.4045640218710204,2.471796664901684,Miss Cut: DataGolf core; ARG weakness tag,Tier 1 - core,0.0152638549034956,65.51424959962019,0.0133819274517478,74.72765067706217,0.0726734382834808,13.760185614161417,0.064518756780028,15.499368709310788,0.1316473820448124,7.596049267881395,0.1204496819758972,8.302222003376535,0.100302523702963,9.969838874258148,Top 10: DG anchor + putting overlay,Tier 2 - current-price / early value,0.2337902099200661,4.277339073958248,0.2200738718528625,4.543928779826176,0.2340690278589201,4.272244000614758,0.2203363317025141,4.538516150618975,0.2282439005023643,4.381278088040918,Top 20: DG anchor + OTT overlay,Tier 3 - experimental,0.343,0.309,0.005,-0.077,0.579,-0.029,7.266,-0.1275550988931817,0.0136079069161569,-0.0029465372275655,2.71284118391344,7.0,bet365,0.14285714285714285,0.100302523702963,Top 10: DG anchor + putting overlay,Tier 2 - current-price / early value,0.2,10.0,-0.04255461915417985,-0.297882334079259,False,False,False
"Kang, Jeffrey",21889,-0.2242,-0.2473208682658113,0.326797385620915,0.37485,0.3508236928104575,2.667733760170735,2.850434621416172,0.2951855776772127,3.3876993851424078,Make Cut: DG anchor + putting overlay,Tier 2 - candidate,0.62515,0.6491763071895424,1.599616092137887,1.5404135809103492,0.673202614379085,0.673202614379085,1.4854368932038833,0.6776064435401339,1.475782896596335,Miss Cut: DataGolf core; ARG weakness tag,Tier 1 - core,0.00182834710313,546.9420977493983,0.0012225068848983,817.9913032417467,0.0126416678311749,79.10348645089007,0.0089686646034181,111.4993194883084,0.0292392983244105,34.20054711658882,0.0215941135404196,46.30891646134065,0.0103415272668835,96.69751615917323,Top 10: DG anchor + putting overlay,Tier 2 - current-price / early value,0.0710970442840314,14.06528232038758,0.0554126104284569,18.046433695649416,0.0706744847717721,14.14937800012666,0.055083270075824,18.154332497389223,0.0374269609923078,26.71870687565373,Top 20: DG anchor + OTT overlay,Tier 3 - experimental,-0.207,-0.313,-0.005,-0.316,-0.84,-0.053,-2.724,-0.0911408199797843,-0.0442669139068917,-0.0589672028624417,2.71899603307989,67.0,skybet,0.014925373134328358,0.0103415272668835,Top 10: DG anchor + putting overlay,Tier 2 - current-price / early value,0.2,10.0,-0.004583845867444859,-0.30711767311880556,False,False,False
"Hoge, Tom",15575,0.0854,0.1085642509574404,0.4608294930875576,0.5228,0.4918147465437788,1.912777352716144,2.0332859212284418,0.4347787048334726,2.3000206516163586,Make Cut: DG anchor + putting overlay,Tier 2 - candidate,0.4771999999999999,0.5081852534562212,2.095557418273261,1.9677863401169065,0.5391705069124424,0.5391705069124424,1.8547008547008548,0.5569739769151613,1.795416018426155,Miss Cut: DataGolf core; ARG weakness tag,Tier 1 - core,0.0077584564696756,128.8916170256995,0.0048625615681711,205.65292304897417,0.0427999729546214,23.36450074536842,0.0293136571122313,34.113791949307554,0.0828384831888334,12.071684095427749,0.0599678503930255,16.675601900786216,0.0300332343038633,33.29644719188188,Top 10: DG anchor + putting overlay,Tier 2 - current-price / early value,0.1692367051398317,5.908883650114499,0.1292827439424322,7.734984341338593,0.1686891834107392,5.928062367609619,0.1288644829543877,7.760090112292271,0.0856533700249303,11.674963865507438,Top 20: DG anchor + OTT overlay,Tier 3 - experimental,0.331,-0.263,-0.09,-0.219,-0.241,0.002,-6.538,0.0999183931434751,0.0662961702313276,0.0492880156576326,2.66421747729741,23.0,skybet,0.043478260869565216,0.0300332343038633,Top 10: DG anchor + putting overlay,Tier 2 - current-price / early value,0.2,10.0,-0.013445026565701915,-0.30923561101114405,False,False,False
"Ramey, Chad",19840,-0.26825,-0.2793857735779095,0.4065040650406504,0.35775,0.3821270325203252,2.795248078266946,2.616930797605402,0.4160009732724581,2.4038405298274483,Make Cut: DG anchor + putting overlay,Tier 2 - candidate,0.64225,0.6178729674796748,1.5570260801868432,1.6184556577689984,0.5934959349593496,0.5934959349593496,1.6849315068493151,0.5921666521410649,1.6887138044406151,Miss Cut: DataGolf core; ARG weakness tag,Tier 1 - core,0.0010958307612785,912.5496703827134,0.0011145820473059,897.1972968855064,0.0092057724765073,108.62749460210344,0.0093421917938092,107.04126205829616,0.0220802093767523,45.28942560901951,0.0232380024156489,43.0329587764644,0.0261359648890997,38.261453297906016,Top 10: DG anchor + putting overlay,Tier 2 - current-price / early value,0.0608234288875174,16.441032975127563,0.0618312623842441,16.173048413367347,0.0601121707803915,16.635566259174215,0.0611082188556402,16.364410855475302,0.0610674383400778,16.37533892335732,Top 20: DG anchor + OTT overlay,Tier 3 - experimental,-0.42,-0.209,0.037,0.113,-0.479,-0.006,-3.08,-0.0037793380443906,-0.0142342239959648,-0.0502306428683607,2.65317712437353,26.0,skybet,0.038461538461538464,0.0261359648890997,Top 10: DG anchor + putting overlay,Tier 2 - current-price / early value,0.2,10.0,-0.012325573572438762,-0.3204649128834077,False,False,False
"Riley, Davis",19872,-0.32145,-0.3188406054780365,0.3921568627450981,0.3496,0.370878431372549,2.860411899313501,2.696301309027851,0.4258374762265915,2.3483137483838834,Make Cut: DG anchor + putting overlay,Tier 2 - candidate,0.6504,0.6291215686274509,1.5375153751537516,1.5895179085684366,0.6078431372549019,0.6078431372549019,1.6451612903225807,0.6140661154534623,1.628489139579932,Miss Cut: DataGolf core; ARG weakness tag,Tier 1 - core,0.0015958986345199,626.6062131827201,0.0017812826505932,561.3932183457512,0.0111801371209807,89.44434126155642,0.0115578896283114,86.5209854185202,0.0257196491108651,38.88077927072318,0.0264559184152764,37.79872557448508,0.035355913306345,28.28381185730925,Top 10: DG anchor + putting overlay,Tier 2 - current-price / early value,0.063725326448879,15.69234801491692,0.0643903679271442,15.530273116803276,0.0634487630377942,15.760748549255936,0.0641109182830655,15.597967191559356,0.0573061783495058,17.450125428031146,Top 20: DG anchor + OTT overlay,Tier 3 - experimental,-0.39,-0.559,-0.015,0.343,-0.621,-0.083,1.514,-0.2418249102088084,0.0429360403493983,0.123225417626872,2.81774083904448,19.0,skybet,0.05263157894736842,0.035355913306345,Top 10: DG anchor + putting overlay,Tier 2 - current-price / early value,0.2,10.0,-0.017275665641023417,-0.3282376471794449,False,False,False
"Blanchet, Chandler",24956,0.0189,0.0448297882962696,0.4484304932735426,0.4941,0.4712652466367713,2.0238818053025702,2.1219472624739337,0.4271075586476811,2.3413306080703085,Make Cut: DG anchor + putting overlay,Tier 2 - candidate,0.5059,0.5287347533632287,1.97667523225934,1.891307491401124,0.5515695067264574,0.5515695067264574,1.8130081300813008,0.6013610158997582,1.6628946232967845,Miss Cut: DataGolf core; ARG weakness tag,Tier 1 - core,0.0056538296299906,176.8712652209254,0.0039435814816619,253.57660407172924,0.0347720446272547,28.7587345156053,0.0250496842304142,39.920662903440565,0.0700221210548769,14.281201210918637,0.0532698853600133,18.772332495962964,0.0306541528407694,32.622007373500786,Top 10: DG anchor + putting overlay,Tier 2 - current-price / early value,0.1470796700280489,6.79903619452841,0.1182871745263639,8.454001915288957,0.1467964582904488,6.812153451423315,0.1180594046637648,8.470312067454657,0.0980354120763475,10.20039574293037,Top 20: DG anchor + OTT overlay,Tier 3 - experimental,0.019,0.227,-0.307,-0.176,-0.237,0.073,-6.118,0.2625084244708742,-0.0442669139068917,0.0094614577226342,2.67021352917652,21.0,skybet,0.047619047619047616,0.0306541528407694,Top 10: DG anchor + putting overlay,Tier 2 - current-price / early value,0.2,10.0,-0.016964894778278217,-0.35626279034384256,False,False,False
"Kohles, Ben",16395,0.29685,0.3449030296706636,0.6134969325153374,0.6268,0.6201484662576687,1.595405232929164,1.612517089713328,0.5991574700033233,1.6690103187638692,Make Cut: DG anchor + putting overlay,Tier 2 - candidate,0.3732,0.3798515337423312,2.679528403001072,2.6326075089072583,0.3865030674846625,0.3865030674846625,2.5873015873015874,0.393747173841479,2.539700768500235,Miss Cut: DataGolf core; ARG weakness tag,Tier 1 - core,0.0170885248753932,58.51880178610145,0.0121359291043632,82.39995400438418,0.0801654131897118,12.474207519313786,0.0621205968064961,16.097720424595586,0.1486081532065853,6.729105896429957,0.1217729657696818,8.212003326677396,0.0844627432133007,11.83953968289448,Top 10: DG anchor + putting overlay,Tier 2 - current-price / early value,0.2688579713362651,3.7194359350025863,0.2322948118789585,4.3048744477387135,0.2684909096447014,3.7245208834940335,0.2319776684959077,4.31075976616103,0.2104318574417365,4.752132173128186,Top 20: DG anchor + OTT overlay,Tier 3 - experimental,0.481,0.184,-0.022,-0.115,0.528,0.109,-10.445,0.3976004905356383,0.0117365917015557,0.0385307551601102,2.53458592195515,7.5,skybet,0.13333333333333333,0.0844627432133007,Top 10: DG anchor + putting overlay,Tier 2 - current-price / early value,0.2,10.0,-0.04887059012003263,-0.36652942590024473,False,False,False
"Rai, Aaron",18554,0.3988500000000001,0.4114511822567342,0.6578947368421053,0.6487,0.6532973684210527,1.5415446277169722,1.5306965071922594,0.6479321309261,1.5433715234505867,Make Cut: DG anchor + putting overlay,Tier 2 - candidate,0.3512999999999999,0.3467026315789473,2.8465698832906354,2.8843161514114177,0.3421052631578947,0.3421052631578947,2.923076923076924,0.3234316991957541,3.091842891363468,Miss Cut: DataGolf core; ARG weakness tag,Tier 1 - core,0.0204403996096232,48.92272260319231,0.0170368664714782,58.69623980877688,0.0939958654293237,10.638765816267822,0.0812052574501116,12.314473611691325,0.1693587733361075,5.9046247224252815,0.1517074683780102,6.591633297236858,0.1232382044789426,8.114366841257146,Top 10: DG anchor + putting overlay,Tier 2 - current-price / early value,0.3021736812534628,3.309355056508715,0.2775340540750479,3.603161433045583,0.3013374111699418,3.318539162188665,0.2767659745202088,3.613160908719227,0.2793735526335644,3.5794368886149828,Top 20: DG anchor + OTT overlay,Tier 3 - experimental,0.561,0.326,0.166,-0.078,0.975,0.117,-10.213,0.4016557406726972,0.0654230638078529,-0.154177725004641,2.54452831248046,5.0,bet365,0.2,0.1232382044789426,Top 10: DG anchor + putting overlay,Tier 2 - current-price / early value,0.2,10.0,-0.07676179552105741,-0.383808977605287,False,False,False
"Blair, Zac",17639,0.10075,0.1434797137837708,0.5405405405405405,0.5312,0.5358702702702702,1.882530120481928,1.866123305358296,0.550373325246822,1.816948522262661,Make Cut: DG anchor + putting overlay,Tier 2 - candidate,0.4688,0.4641297297297297,2.1331058020477816,2.154570017702413,0.4594594594594595,0.4594594594594595,2.176470588235294,0.4490302574990616,2.227021416261887,Miss Cut: DataGolf core; ARG weakness tag,Tier 1 - core,0.0053436583481902,187.13771256328076,0.0044551625074284,224.45870343284375,0.0345611156690476,28.934251127071803,0.0296552376685786,33.72085603143065,0.0775712108332883,12.891380568354707,0.0675199897360284,14.810428791673862,0.0614528550342194,16.27263695792748,Top 10: DG anchor + putting overlay,Tier 2 - current-price / early value,0.1675885821613075,5.9669936167696624,0.1502215809551312,6.656833150349307,0.1677831519229806,5.960073991571223,0.1503959876887383,6.649113552614276,0.1245866171632554,8.026544285166862,Top 20: DG anchor + OTT overlay,Tier 3 - experimental,0.308,-0.359,0.097,0.114,0.161,0.068,-18.114,0.3565342640578965,-0.0082252349945944,0.0374377456385545,2.50368264779547,10.0,bet365,0.1,0.0614528550342194,Top 10: DG anchor + putting overlay,Tier 2 - current-price / early value,0.2,10.0,-0.03854714496578061,-0.385471449657806,False,False,False
"Villegas, Camilo",9171,-0.38645,-0.3880810975612003,0.2732240437158469,0.3204,0.2968120218579235,3.121098626716604,3.369135770648384,0.2713305255007191,3.685541824513032,Make Cut: DG anchor + putting overlay,Tier 2 - candidate,0.6796,0.7031879781420765,1.4714537963507943,1.422094846732368,0.726775956284153,0.726775956284153,1.37593984962406,0.7220267487954785,1.3849902398605738,Miss Cut: DataGolf core; ARG weakness tag,Tier 1 - core,0.0007015249192879,1425.466113185263,0.0004924291263106,2030.7490897059536,0.005449273458106,183.5107024244591,0.0041564985015397,240.5871190930423,0.0163971077635842,60.986365060115496,0.0122209715104597,81.8265552083252,0.0078342948458126,127.64390665415004,Top 10: DG anchor + putting overlay,Tier 2 - current-price / early value,0.0444945973699964,22.47463870016541,0.0344495313250433,29.027971108362863,0.0449149944975136,22.264279695177457,0.0347750199207246,28.75627396561282,0.0195171908718204,51.23688170943876,Top 20: DG anchor + OTT overlay,Tier 3 - experimental,-0.32,-0.869,0.067,0.001,-1.121,-0.056,-11.773,-0.0297179463135817,0.254796779909936,-0.0569957096266949,2.69196533039589,76.0,skybet,0.013157894736842105,0.0078342948458126,Top 10: DG anchor + putting overlay,Tier 2 - current-price / early value,0.2,10.0,-0.005323599891029504,-0.4045935917182424,False,False,False
"Straka, Sepp",17511,0.1415,0.1231587844305692,0.5154639175257733,0.52485,0.5201569587628867,1.9053062779841856,1.922496629437288,0.5120974166446622,1.95275345568456,Make Cut: DG anchor + putting overlay,Tier 2 - candidate,0.4751499999999999,0.4798430412371133,2.104598547827002,2.084014800802024,0.4845360824742267,0.4845360824742267,2.063829787234043,0.5034167537517323,1.986425744768052,Miss Cut: DataGolf core; ARG weakness tag,Tier 1 - core,0.0089937237884559,111.18864927601751,0.0070051952275612,142.75119643569644,0.0439795283521263,22.737851847646105,0.0364290697316187,27.450604897880417,0.0859551714625095,11.63397132464756,0.0749435758753699,13.343371841009905,0.0618684101816544,16.163337591249842,Top 10: DG anchor + putting overlay,Tier 2 - current-price / early value,0.1751634769523863,5.7089526732323534,0.1549597583035881,6.453288330773322,0.1750494567421897,5.712671256516868,0.1548588894208667,6.4574917445149485,0.1409839604885335,7.093005449235705,Top 20: DG anchor + OTT overlay,Tier 3 - experimental,0.248,0.062,-0.096,-0.008,0.205,0.026,-1.641,0.0942687868758749,-0.0046596223492328,-0.137675565697783,2.68169474902283,9.5,betway,0.10526315789473684,0.0618684101816544,Top 10: DG anchor + putting overlay,Tier 2 - current-price / early value,0.2,10.0,-0.04339474771308244,-0.41225010327428313,False,False,False
"McGreevy, Max",23505,0.1248,0.1464706639898509,0.5263157894736842,0.545,0.5356578947368421,1.8348623853211008,1.8668631785802012,0.508379495663111,1.9670344861089208,Make Cut: DG anchor + putting overlay,Tier 2 - candidate,0.4549999999999999,0.4643421052631579,2.197802197802198,2.1535845848682347,0.4736842105263158,0.4736842105263158,2.111111111111111,0.4657856823194921,2.1469101304708613,Miss Cut: DataGolf core; ARG weakness tag,Tier 1 - core,0.0076518446189767,130.68744202149392,0.0057259223094883,174.64435351190704,0.0422646025091046,23.660461488655447,0.0335687761222771,29.789587691770887,0.0899793082490431,11.113666235710742,0.0732394063861488,13.653851790217702,0.0489394780786351,20.433401402303797,Top 10: DG anchor + putting overlay,Tier 2 - current-price / early value,0.1822316834861349,5.487519957395798,0.155777576699968,6.419409142087427,0.1828708640408435,5.468339668240721,0.1563239690505266,6.396971661311791,0.1322672279332526,7.560451788591505,Top 20: DG anchor + OTT overlay,Tier 3 - experimental,0.25,-0.026,0.08,-0.142,0.163,0.052,-6.697,0.2074456107375751,0.0966930616418026,-0.0195427508299838,2.59296835637081,12.0,unibet,0.08333333333333333,0.0489394780786351,Top 10: DG anchor + putting overlay,Tier 2 - current-price / early value,0.2,10.0,-0.03439385525469823,-0.41272626305637883,False,False,False
"Hirata, Kensei",20954,-0.3580000000000001,-0.3426458661365342,0.3134796238244514,0.33635,0.3249148119122257,2.9730935037906945,3.0777298028202718,0.2948682281531906,3.39134536895741,Make Cut: DG anchor + putting overlay,Tier 2 - candidate,0.6636500000000001,0.6750851880877743,1.50681835304754,1.4812945353349694,0.6865203761755485,0.6865203761755485,1.4566210045662102,0.6932946773173313,1.4423881110258188,Miss Cut: DataGolf core; ARG weakness tag,Tier 1 - core,0.0010512694153209,951.2309455846776,0.0008256347076604,1211.189392502172,0.0073094695201946,136.808833696782,0.0059008590987216,169.46684936378946,0.020175393240193,49.56532881886118,0.0163033976782976,61.336907786476814,0.0103684219194458,96.44669244453796,Top 10: DG anchor + putting overlay,Tier 2 - current-price / early value,0.0507495381176975,19.704612831762443,0.0429945203839126,23.258777887755503,0.0515524920652639,19.397704357997448,0.04367477524231,22.89651164664146,0.0344158941323651,29.05634228632716,Top 20: DG anchor + OTT overlay,Tier 3 - experimental,-0.529,-0.187,-0.024,-0.179,-0.918,0.055,-9.649,0.2195539857272439,-0.0442669139068917,-0.0219395950695698,2.72009095501148,56.0,skybet,0.017857142857142856,0.0103684219194458,Top 10: DG anchor + putting overlay,Tier 2 - current-price / early value,0.2,10.0,-0.007488720937697056,-0.4193683725110352,False,False,False
"Clanton, Luke",32330,-0.0015499999999999,0.0192827597002353,0.4504504504504504,0.4923,0.4713752252252252,2.031281738777168,2.121452181798896,0.4365906030029368,2.290475317429756,Make Cut: DG anchor + putting overlay,Tier 2 - candidate,0.5077,0.5286247747747748,1.9696671262556624,1.891700971499224,0.5495495495495496,0.5495495495495496,1.8196721311475408,0.5733964735469858,1.7439939834545517,Miss Cut: DataGolf core; ARG weakness tag,Tier 1 - core,0.0049326442960582,202.73101808681253,0.0036413221480291,274.62552318839766,0.0283319426211969,35.29585010707444,0.0222666525275296,44.910208158304776,0.0652228206331457,15.332056944066098,0.0514546240935366,19.43459927298569,0.033563307223492,29.794441690182065,Top 10: DG anchor + putting overlay,Tier 2 - current-price / early value,0.1431310458487408,6.9866044370051466,0.1161088421514396,8.612608492777056,0.1426109479500802,7.012084376229247,0.1156869353284943,8.64401842058041,0.0870701429262903,11.484993206529538,Top 20: DG anchor + OTT overlay,Tier 3 - experimental,0.128,-0.193,-0.131,-0.106,-0.301,-0.014,0.985,-0.0254915695923055,0.0232364278510108,0.111100476334577,2.67143373271617,17.0,skybet,0.058823529411764705,0.033563307223492,Top 10: DG anchor + putting overlay,Tier 2 - current-price / early value,0.2,10.0,-0.025260222188272702,-0.42942377720063596,False,False,False
"Smotherman, Austin",22985,0.14975,0.1580622784117657,0.4524886877828054,0.5428,0.4976443438914026,1.842299189388357,2.009467227498968,0.4025465574373701,2.4841847024255928,Make Cut: DG anchor + putting overlay,Tier 2 - candidate,0.4572,0.5023556561085973,2.187226596675415,1.990621560323039,0.5475113122171946,0.5475113122171946,1.8264462809917357,0.5978641571757953,1.6726207584074335,Miss Cut: DataGolf core; ARG weakness tag,Tier 1 - core,0.0101899626937003,98.13578617105436,0.0062533146801834,159.91518916662906,0.0500740616624092,19.970419151173108,0.0331784759370247,30.140022160694684,0.099603527305334,10.03980508576273,0.0691235848407382,14.46684228406288,0.0258258660278782,38.72086995729521,Top 10: DG anchor + putting overlay,Tier 2 - current-price / early value,0.1925128067263529,5.194459615465733,0.1411732937549198,7.083492730119507,0.1916130399804704,5.218851494146336,0.1405134777287167,7.116755034208578,0.095780937492411,10.44049083440254,Top 20: DG anchor + OTT overlay,Tier 3 - experimental,0.352,0.127,-0.31,-0.446,-0.278,0.049,-3.352,0.2010635303235584,0.0125303081035889,-0.0621029501288477,2.70287520494907,21.0,skybet,0.047619047619047616,0.0258258660278782,Top 10: DG anchor + putting overlay,Tier 2 - current-price / early value,0.2,10.0,-0.021793181591169417,-0.4576568134145579,False,False,False
"Stanger, Jimmy",23048,-0.3185,-0.3282013908184743,0.3546099290780142,0.35135,0.3529799645390071,2.8461647929415115,2.833021985556611,0.3426489169273158,2.918439109533576,Make Cut: DG anchor + putting overlay,Tier 2 - candidate,0.64865,0.647020035460993,1.5416634548678023,1.5455471935849925,0.6453900709219857,0.6453900709219857,1.5494505494505495,0.6642521240931061,1.505452468616921,Miss Cut: DataGolf core; ARG weakness tag,Tier 1 - core,0.0009186370696738,1088.5691782012298,0.0010176518681702,982.65431556477,0.0084909000557114,117.77314459464662,0.0084559824352631,118.2594698671322,0.0214930816523588,46.52659940415066,0.0211091625794261,47.37279350790732,0.018550879191658,53.905800887845785,Top 10: DG anchor + putting overlay,Tier 2 - current-price / early value,0.0586246666659337,17.057666284030066,0.0559060209185294,17.887161052962007,0.0585916119702122,17.067289435702765,0.0558744990930666,17.897252167475592,0.0566993183555067,17.636896333214537,Top 20: DG anchor + OTT overlay,Tier 3 - experimental,-0.596,0.12,-0.109,-0.098,-0.683,-0.031,7.246,-0.1624582953808058,-0.0442669139068917,0.0437889220747545,2.73533480381085,29.0,unibet,0.034482758620689655,0.018550879191658,Top 10: DG anchor + putting overlay,Tier 2 - current-price / early value,0.2,10.0,-0.015931879429031653,-0.4620245034419179,False,False,False
"Kirk, Chris",12423,0.24545,0.2690322073542938,0.5681818181818182,0.58565,0.5769159090909091,1.7075044821992658,1.7333548689544325,0.5331787132682074,1.8755437438046505,Make Cut: DG anchor + putting overlay,Tier 2 - candidate,0.41435,0.4230840909090909,2.4134186074574635,2.363596319235913,0.4318181818181817,0.4318181818181817,2.3157894736842106,0.4225676433027078,2.366485025176541,Miss Cut: DataGolf core; ARG weakness tag,Tier 1 - core,0.0125086371712622,79.94476027312018,0.0094793185856311,105.49281480166871,0.0615987983460605,16.234082918014472,0.0494597566165127,20.218457760589505,0.1197071201879328,8.353721971007749,0.0989637691210504,10.10470810561813,0.0596437665912974,16.76621141069767,Top 10: DG anchor + putting overlay,Tier 2 - current-price / early value,0.2311907197380847,4.325433136472333,0.1974725584806158,5.06399475296291,0.2289994475385848,4.366822762013462,0.1956008738037702,5.112451598775654,0.1710492824430974,5.846268313535122,Top 20: DG anchor + OTT overlay,Tier 3 - experimental,0.458,0.059,0.09,-0.302,0.305,0.011,-0.714,0.0632181442585162,0.162865581765011,0.0455855692009581,2.61195182839793,9.0,skybet,0.1111111111111111,0.0596437665912974,Top 10: DG anchor + putting overlay,Tier 2 - current-price / early value,0.2,10.0,-0.051467344519813704,-0.46320610067832335,False,False,False
"Snedeker, Brandt",8820,-0.19755,-0.1504198154984066,0.423728813559322,0.41575,0.419739406779661,2.4052916416115453,2.382430583947869,0.4377244047850059,2.284542486250368,Make Cut: DG anchor + putting overlay,Tier 2 - candidate,0.5842499999999999,0.580260593220339,1.7115960633290546,1.7233636260739076,0.576271186440678,0.576271186440678,1.7352941176470589,0.5447522309685472,1.8356969336721043,Miss Cut: DataGolf core; ARG weakness tag,Tier 1 - core,0.0015958986345199,626.6062131827201,0.0014396159839266,694.6296867810961,0.0124949247178978,80.03249499915678,0.0112161627557742,89.15705145997303,0.0317325947124189,31.513338542361232,0.028556487929525,35.018311862015906,0.0281491446906264,35.52505807869172,Top 10: DG anchor + putting overlay,Tier 2 - current-price / early value,0.0805067279413679,12.42132211270948,0.0734496314763265,13.614772190141068,0.0809093978255175,12.35950367788568,0.0738170039351717,13.5470141930744,0.0570149643930502,17.53925501217877,Top 20: DG anchor + OTT overlay,Tier 3 - experimental,-0.135,-0.65,0.238,0.154,-0.393,0.07,-20.598,0.3607545249073521,0.174669079038854,0.0116063902945775,2.54646177837309,19.0,skybet,0.05263157894736842,0.0281491446906264,Top 10: DG anchor + putting overlay,Tier 2 - current-price / early value,0.2,10.0,-0.024482434256742017,-0.4651662508780985,False,False,False
"Walker, Danny",25003,-0.37315,-0.4145256186220503,0.2840909090909091,0.32035,0.3022204545454545,3.1215857655689088,3.3088428826037584,0.2601257748040711,3.844294171745219,Make Cut: DG anchor + putting overlay,Tier 2 - candidate,0.67965,0.6977795454545455,1.471345545501361,1.4331173885995512,0.7159090909090908,0.7159090909090908,1.396825396825397,0.7373227236042108,1.3562582136513568,Miss Cut: DataGolf core; ARG weakness tag,Tier 1 - core,0.0015497628403747,645.2600191124546,0.000991548086854,1008.5239568892496,0.0083959118814874,119.10558544628664,0.0064953831894209,153.95550513920364,0.0212487113917227,47.0616773678586,0.0161999220739278,61.72869199225365,0.0087082491301087,114.83364624267642,Top 10: DG anchor + putting overlay,Tier 2 - current-price / early value,0.0521924597107951,19.15985576347853,0.0409715691919869,24.40716867138143,0.0515810633574305,19.386959766038736,0.0404916173342968,24.69646968517081,0.0276012912799866,36.230189010218126,Top 20: DG anchor + OTT overlay,Tier 3 - experimental,-0.44,-0.363,-0.149,-0.255,-1.206,-0.076,4.206,-0.2249143265422938,-0.0327535880615583,-0.086232532823715,2.86624624629945,61.0,skybet,0.01639344262295082,0.0087082491301087,Top 10: DG anchor + putting overlay,Tier 2 - current-price / early value,0.2,10.0,-0.007685193492842121,-0.46879680306336935,False,False,False
"Svensson, Adam",13997,-0.16675,-0.1483520902100525,0.3773584905660377,0.4207,0.3990292452830188,2.376990729736154,2.506081977251396,0.3497611766680351,2.8590937665706644,Make Cut: DG anchor + putting overlay,Tier 2 - candidate,0.5792999999999999,0.6009707547169811,1.7262213015708616,1.6639744815385171,0.6226415094339622,0.6226415094339622,1.6060606060606062,0.6201990466600031,1.612385580702458,Miss Cut: DataGolf core; ARG weakness tag,Tier 1 - core,0.0021582927487591,463.32917560646274,0.0014208130410462,703.8223686795773,0.0155518432944776,64.30105943487068,0.0110698006154927,90.33586373727891,0.0376596855467326,26.55359399533704,0.0279636538003023,35.76070591995341,0.0143367922502169,69.75060965850768,Top 10: DG anchor + putting overlay,Tier 2 - current-price / early value,0.0924276169682468,10.819277103547371,0.0715232096616496,13.981475450146004,0.092133935538995,10.853764078890965,0.071295950330217,14.026042087500928,0.0465336196622257,21.489839115433416,Top 20: DG anchor + OTT overlay,Tier 3 - experimental,-0.083,-0.402,0.045,-0.251,-0.69,0.013,-8.432,0.125525667651609,0.100889828021144,0.0040042581186468,2.65536608630022,36.0,skybet,0.027777777777777776,0.0143367922502169,Top 10: DG anchor + putting overlay,Tier 2 - current-price / early value,0.2,10.0,-0.013440985527560876,-0.48387547899219163,False,False,False
"Skinns, David",10873,-0.1568,-0.1875345888377465,0.3496503496503497,0.4016,0.3756251748251749,2.49003984063745,2.6622283782374927,0.3246494132310411,3.080245825943744,Make Cut: DG anchor + putting overlay,Tier 2 - candidate,0.5984,0.6243748251748251,1.6711229946524062,1.6016020500506245,0.6503496503496503,0.6503496503496503,1.5376344086021507,0.6587496521311634,1.5180273670958848,Miss Cut: DataGolf core; ARG weakness tag,Tier 1 - core,0.0022058223894532,453.34565683136367,0.0014612445280599,684.3481572024742,0.014263916792475,70.10697093574963,0.010555681941211,94.73570779883428,0.0354429167636093,28.214382204196585,0.0264545244592457,37.80071728526208,0.0139070285706176,71.90608654624984,Top 10: DG anchor + putting overlay,Tier 2 - current-price / early value,0.0851481290083447,11.744239264517454,0.0656964828034656,15.2215150237426,0.0847414849180763,11.800595670075266,0.0653827344358317,15.294557632511149,0.0446348121607101,22.404037377808237,Top 20: DG anchor + OTT overlay,Tier 3 - experimental,-0.132,-0.23,-0.033,-0.234,-0.629,-0.032,-0.376,-0.0680826717811168,0.0105705346474878,-0.122274241960046,2.70091710130021,36.0,skybet,0.027777777777777776,0.0139070285706176,Top 10: DG anchor + putting overlay,Tier 2 - current-price / early value,0.2,10.0,-0.013870749207160176,-0.49934697145776635,False,False,False
"Streelman, Kevin",8480,-0.1835999999999999,-0.145579428466205,0.3484320557491289,0.41115,0.3797910278745644,2.4322023592362885,2.6330269190305238,0.3225224933930026,3.100558939253493,Make Cut: DG anchor + putting overlay,Tier 2 - candidate,0.58885,0.6202089721254356,1.6982253545045427,1.6123597770168223,0.6515679442508711,0.6515679442508711,1.5347593582887702,0.6749658940157983,1.4815563406476266,Miss Cut: DataGolf core; ARG weakness tag,Tier 1 - core,0.0031250084130487,319.9991385061284,0.0019125042065243,522.8746669359327,0.0158999756012105,62.893178271535504,0.0107853747053671,92.71815095143292,0.0380130469224275,26.30675730994884,0.0267091982170135,37.44028524836092,0.0121560512493607,82.26355577865695,Top 10: DG anchor + putting overlay,Tier 2 - current-price / early value,0.0880275081852516,11.36008528033675,0.0653088902874495,15.311851045066232,0.0887229798457098,11.27103712858845,0.0658248708406569,15.191826238758791,0.0410283626333908,24.37338308953502,Top 20: DG anchor + OTT overlay,Tier 3 - experimental,-0.156,-0.236,-0.144,-0.244,-0.779,0.019,-8.421,0.1442241412633474,0.147808910773004,0.0810385593440501,2.65058030911744,41.0,skybet,0.024390243902439025,0.0121560512493607,Top 10: DG anchor + putting overlay,Tier 2 - current-price / early value,0.2,10.0,-0.012234192653078325,-0.5016018987762113,False,False,False
"Horschel, Billy",11276,0.08635,0.109755751420657,0.4926108374384237,0.52145,0.5070304187192118,1.9177294083804777,1.9722682566581664,0.4866311404787573,2.0549445294770496,Make Cut: DG anchor + putting overlay,Tier 2 - candidate,0.47855,0.4929695812807881,2.0896458050360462,2.028522728323099,0.5073891625615763,0.5073891625615763,1.9708737864077672,0.5306549787956604,1.8844636156425671,Miss Cut: DataGolf core; ARG weakness tag,Tier 1 - core,0.0068039407913992,146.9736481634405,0.0048936370623662,204.34698921387823,0.0384250951680178,26.024659031484333,0.029010894746106,34.46980897182509,0.0809400151741692,12.354828422606154,0.0639383255885276,15.64007175344968,0.0445038902582919,22.46994575521811,Top 10: DG anchor + putting overlay,Tier 2 - current-price / early value,0.1639849646319019,6.098120045607269,0.1365930581405894,7.321016262559569,0.1633282827963571,6.122638301700825,0.1360460678702083,7.3504513261936175,0.1091933510552876,9.158066771791551,Top 20: DG anchor + OTT overlay,Tier 3 - experimental,0.236,-0.111,-0.125,-0.032,-0.033,-0.003,-2.973,0.0412523924023225,0.304111013385383,0.0203748075557779,2.63788703449926,11.0,skybet,0.09090909090909091,0.0445038902582919,Top 10: DG anchor + putting overlay,Tier 2 - current-price / early value,0.2,10.0,-0.04640520065079901,-0.5104572071587891,False,False,False
"List, Luke",7960,-0.2693,-0.2880751535165822,0.334448160535117,0.36545,0.3499490802675585,2.736352442194555,2.857558588910809,0.3089921687313355,3.2363279759024777,Make Cut: DG anchor + putting overlay,Tier 2 - candidate,0.63455,0.6500509197324414,1.5759199432668822,1.5383410278253222,0.6655518394648829,0.6655518394648829,1.5025125628140703,0.6944401773370756,1.4400088483282096,Miss Cut: DataGolf core; ARG weakness tag,Tier 1 - core,0.0015497628403747,645.2600191124546,0.001191548086854,839.2443502974612,0.0117631485940515,85.01125289751778,0.0088851754875019,112.54701737817324,0.026362158786468,37.93316048582909,0.0207104300425846,48.28484961170804,0.0118714390915566,84.23578576174778,Top 10: DG anchor + putting overlay,Tier 2 - current-price / early value,0.0656787801484701,15.22561773741002,0.0533729831131406,18.736070979585108,0.0657972355767073,15.198206903908384,0.0534692443341418,18.70234024163059,0.0431452486627705,23.177523157095333,Top 20: DG anchor + OTT overlay,Tier 3 - experimental,-0.441,0.067,-0.19,-0.245,-0.81,-0.031,5.334,-0.1288553868984794,-0.0125545727406748,-0.0263094309485024,2.78171683180382,41.0,unibet,0.024390243902439025,0.0118714390915566,Top 10: DG anchor + putting overlay,Tier 2 - current-price / early value,0.2,10.0,-0.012518804810882425,-0.5132709972461793,False,False,False
"Hubbard, Mark",16333,0.0405,0.0731785713610456,0.4504504504504504,0.5081,0.4792752252252252,1.96811651249754,2.08648381424279,0.4101219045103521,2.4382994153748214,Make Cut: DG anchor + putting overlay,Tier 2 - candidate,0.4919,0.5207247747747747,2.0329335230737957,1.9204002737002916,0.5495495495495496,0.5495495495495496,1.8196721311475408,0.5509013085862551,1.8152071603646032,Miss Cut: DataGolf core; ARG weakness tag,Tier 1 - core,0.0069094278816288,144.72978329491735,0.0044297139408144,225.74821159132185,0.0358809660878568,27.869929632090592,0.0253154135994839,39.50162599833579,0.0730050565858685,13.69768132189309,0.0542190176831736,18.443712976200597,0.0255554875472646,39.13053891656383,Top 10: DG anchor + putting overlay,Tier 2 - current-price / early value,0.1553971641270432,6.4351238686856655,0.1209685439534835,8.266611858902209,0.1548779813790106,6.4566957232793705,0.1205643874077184,8.294323236746946,0.0874399838777763,11.436415649364717,Top 20: DG anchor + OTT overlay,Tier 3 - experimental,0.167,-0.071,0.019,-0.355,-0.239,0.011,-4.892,0.1013385720883145,0.182061139443838,0.0672082859001115,2.63100132674578,19.0,unibet,0.05263157894736842,0.0255554875472646,Top 10: DG anchor + putting overlay,Tier 2 - current-price / early value,0.2,10.0,-0.027076091400103818,-0.5144457366019726,False,False,False
"Simpson, Webb",11049,-0.26165,-0.2672356178524179,0.3787878787878788,0.3595,0.3691439393939394,2.781641168289291,2.70897038602828,0.3784864927262696,2.642102212940063,Make Cut: DG anchor + putting overlay,Tier 2 - candidate,0.6405000000000001,0.6308560606060606,1.5612802498048397,1.585147646896353,0.6212121212121212,0.6212121212121212,1.6097560975609757,0.6099592646873758,1.6394537437062011,Miss Cut: DataGolf core; ARG weakness tag,Tier 1 - core,0.0011854442775552,843.5655888122187,0.0010677221387776,936.5732559828972,0.0097806637943521,102.2425492815168,0.0090996473733665,109.89436831660832,0.0223251083585556,44.7926157373731,0.0215779660359396,46.3435709526295,0.0206221572036289,48.49153219644871,Top 10: DG anchor + putting overlay,Tier 2 - current-price / early value,0.0600735864499253,16.64625102470877,0.0573976419133113,17.4223185250418,0.0603521374412277,16.5694214388649,0.0576637850054455,17.341907054931674,0.0495187927457272,20.19435338690251,Top 20: DG anchor + OTT overlay,Tier 3 - experimental,-0.29,-0.459,0.106,0.02,-0.624,-0.025,-2.927,-0.0446155725191451,0.359085563373096,-0.0953916938457912,2.64019437971125,23.0,unibet,0.043478260869565216,0.0206221572036289,Top 10: DG anchor + putting overlay,Tier 2 - current-price / early value,0.2,10.0,-0.022856103665936316,-0.5256903843165353,False,False,False
"Tosti, Alejandro",17032,-0.39035,-0.4346070024931746,0.2793296089385474,0.31415,0.2967398044692737,3.183192742320548,3.3699557152048545,0.2343643472257727,4.266860603318044,Make Cut: DG anchor + putting overlay,Tier 2 - candidate,0.6858500000000001,0.7032601955307263,1.4580447619741923,1.4219488126230924,0.7206703910614525,0.7206703910614525,1.3875968992248062,0.7339585621432866,1.3624747384645617,Miss Cut: DataGolf core; ARG weakness tag,Tier 1 - core,0.0015958986345199,626.6062131827201,0.0011396159839266,877.4885699254983,0.0082061749250555,121.85945451232702,0.0066081701344854,151.32782292958817,0.0201266814991038,49.68528965117895,0.0160567480367092,62.27911141868712,0.0074535389885174,134.16445550771934,Top 10: DG anchor + putting overlay,Tier 2 - current-price / early value,0.0504511506403656,19.8211534783095,0.0410031514940089,24.388369273179197,0.0504530251514308,19.820417051278437,0.0410046749649349,24.38746315768011,0.0326198891192585,30.656143445000428,Top 20: DG anchor + OTT overlay,Tier 3 - experimental,-0.605,0.01,-0.082,-0.519,-1.196,-0.063,8.976,-0.2401540751176137,-0.0395107255846149,-0.0913302935109128,2.89791968456325,61.0,skybet,0.01639344262295082,0.0074535389885174,Top 10: DG anchor + putting overlay,Tier 2 - current-price / early value,0.2,10.0,-0.008939903634433422,-0.5453341217004386,False,False,False
"Lower, Justin",17723,-0.24345,-0.2027736585825844,0.3571428571428571,0.39315,0.3751464285714285,2.543558438255119,2.665625803257776,0.3412151292598819,2.930702405163176,Make Cut: DG anchor + putting overlay,Tier 2 - candidate,0.60685,0.6248535714285715,1.6478536705940512,1.6003749449871112,0.6428571428571428,0.6428571428571428,1.5555555555555558,0.6591869114646828,1.517020411977001,Miss Cut: DataGolf core; ARG weakness tag,Tier 1 - core,0.0022058223894532,453.34565683136367,0.0015612445280599,640.514654832869,0.0137708051601257,72.61739516114605,0.0101274230827083,98.7418015257412,0.0323827091765005,30.88067754150972,0.024479683412204,40.85020149817223,0.0143308262157275,69.77964738017234,Top 10: DG anchor + putting overlay,Tier 2 - current-price / early value,0.0783903898920811,12.756665726202977,0.0618598955348036,16.165562378574965,0.0791859122380613,12.628508932165117,0.0624876629089126,16.003158918868266,0.0436490584546062,22.910001622142005,Top 20: DG anchor + OTT overlay,Tier 3 - experimental,-0.293,-0.238,-0.09,-0.138,-0.758,0.038,-10.535,0.2003640292054677,0.0583774060891469,0.0886053409620571,2.66455517268746,31.0,skybet,0.03225806451612903,0.0143308262157275,Top 10: DG anchor + putting overlay,Tier 2 - current-price / early value,0.2,10.0,-0.01792723830040153,-0.5557443873124476,False,False,False
"Campbell, Brian",18628,-0.2551,-0.2106766858891972,0.3355704697986577,0.3878,0.3616852348993288,2.57864878803507,2.764835009862482,0.3270849368940153,3.057309851978992,Make Cut: DG anchor + putting overlay,Tier 2 - candidate,0.6122000000000001,0.6383147651006711,1.6334531198954587,1.566625205422416,0.6644295302013423,0.6644295302013423,1.505050505050505,0.6769407958289467,1.4772340597015603,Miss Cut: DataGolf core; ARG weakness tag,Tier 1 - core,0.0018751727835739,533.2841905342125,0.0011792530584536,847.9944086906446,0.0122506369415322,81.62840877357036,0.0082399745554221,121.3595980514241,0.0311331571578283,32.12009610623609,0.0219906935380291,45.47378181914412,0.0118223313389046,84.58568545691381,Top 10: DG anchor + putting overlay,Tier 2 - current-price / early value,0.076477039674689,13.075819935678831,0.0571528029058555,17.49695464012923,0.0765147036638973,13.069383427173085,0.0571809499492168,17.488341849656443,0.0333153209690694,30.01621989259594,Top 20: DG anchor + OTT overlay,Tier 3 - experimental,-0.192,-0.546,-0.065,-0.065,-0.867,0.066,-19.669,0.3619341839220376,-0.0139832009725583,0.044645278836135,2.64284074174325,36.0,skybet,0.027777777777777776,0.0118223313389046,Top 10: DG anchor + putting overlay,Tier 2 - current-price / early value,0.2,10.0,-0.015955446438873176,-0.5743960717994343,False,False,False
"Garnett, Brice",11451,-0.21915,-0.1837755993006566,0.3597122302158274,0.40145,0.3805811151079137,2.490970232905717,2.6275607493463,0.3464874131273192,2.8861077260331616,Make Cut: DG anchor + putting overlay,Tier 2 - candidate,0.59855,0.6194188848920863,1.6707042018210676,1.6144163899268549,0.6402877697841727,0.6402877697841727,1.5617977528089888,0.6591410384274198,1.5171259892811444,Miss Cut: DataGolf core; ARG weakness tag,Tier 1 - core,0.0015037515836014,665.0034559597958,0.0010685424584673,935.8542490059774,0.0134264009553052,74.4801234023081,0.0097605748162769,102.4529824137388,0.0323326739433834,30.928465791324964,0.0243768967360014,41.02244887156332,0.0145414427745303,68.76896711731511,Top 10: DG anchor + putting overlay,Tier 2 - current-price / early value,0.0763763753421054,13.093053912558627,0.0611226751974152,16.360540450334994,0.0759247727146119,13.170931755816076,0.0607612655259698,16.45785339300731,0.044486577700803,22.478690240583457,Top 20: DG anchor + OTT overlay,Tier 3 - experimental,-0.262,-0.213,-0.108,-0.11,-0.693,0.065,-11.877,0.278455185774027,0.204160107094436,-0.0133956161639054,2.63282938460723,29.0,unibet,0.034482758620689655,0.0145414427745303,Top 10: DG anchor + putting overlay,Tier 2 - current-price / early value,0.2,10.0,-0.019941315846159356,-0.5782981595386214,False,False,False
"Dahmen, Joel",14509,0.1489,0.1924954398101737,0.4545454545454545,0.56065,0.5075977272727272,1.7836439846606618,1.970063982305244,0.3995182069589043,2.5030148378265604,Make Cut: DG anchor + putting overlay,Tier 2 - candidate,0.43935,0.4924022727272727,2.27608967793331,2.030859838362019,0.5454545454545454,0.5454545454545454,1.8333333333333333,0.5747190406658389,1.739980632695679,Miss Cut: DataGolf core; ARG weakness tag,Tier 1 - core,0.0112335278677777,89.01922991337388,0.0065834306005555,151.89648994182727,0.0538231867993223,18.579353239124647,0.0345080153573331,28.978774630906017,0.1038210326628227,9.631959674757594,0.0704698576382527,14.19046431359862,0.0238029113243497,42.01166766424175,Top 10: DG anchor + putting overlay,Tier 2 - current-price / early value,0.2026546058175979,4.934504182451516,0.1458739281354241,6.855234604168852,0.2021967444913179,4.945678044994136,0.1455443524520278,6.870757835345109,0.0954589294849352,10.475709348467124,Top 20: DG anchor + OTT overlay,Tier 3 - experimental,0.325,0.145,-0.167,-0.494,-0.191,0.086,-8.488,0.3359350374131575,0.082233877520853,0.0294512109640766,2.61895993845982,17.0,bet365,0.058823529411764705,0.0238029113243497,Top 10: DG anchor + putting overlay,Tier 2 - current-price / early value,0.2,10.0,-0.03502061808741501,-0.595350507486055,False,False,False
"Chatfield, Davis",30620,-0.1135,-0.0610091952823931,0.4166666666666667,0.44925,0.4329583333333333,2.2259321090706736,2.309691078818208,0.4224004143440973,2.367421920153176,Make Cut: DG anchor + putting overlay,Tier 2 - candidate,0.5507500000000001,0.5670416666666667,1.8157058556513843,1.7635388345947536,0.5833333333333333,0.5833333333333333,1.7142857142857144,0.5918925864695719,1.689495734293013,Miss Cut: DataGolf core; ARG weakness tag,Tier 1 - core,0.0025892891987336,386.206376826923,0.0017529779327001,570.4578371158955,0.0161988252740122,61.7328715560811,0.0122606130338314,81.56199019091758,0.0415566495210942,24.063537641368278,0.032173659657132,31.081325862733408,0.0236836308991458,42.22325555816965,Top 10: DG anchor + putting overlay,Tier 2 - current-price / early value,0.1054603548712112,9.482236250970375,0.0845019458408115,11.834047015720133,0.1060615673086197,9.42848597635921,0.0849836777758762,11.766965447615211,0.0587415803186144,17.0237163279571,Top 20: DG anchor + OTT overlay,Tier 3 - experimental,-0.039,-0.387,-0.03,0.077,-0.379,0.09,-20.313,0.4239733217506358,-0.0442669139068917,0.0615340911894393,2.54706747612863,17.0,bet365,0.058823529411764705,0.0236836308991458,Top 10: DG anchor + putting overlay,Tier 2 - current-price / early value,0.2,10.0,-0.03513989851261891,-0.5973782747145213,False,False,False
"Kizzire, Patton",13470,-0.5408000000000002,-0.5751672171061083,0.2123142250530785,0.25555,0.2339321125265392,3.913128546272745,4.274744451284136,0.193928385959705,5.156542684822751,Make Cut: DG anchor + putting overlay,Tier 2 - candidate,0.7444500000000001,0.7660678874734608,1.3432735576600174,1.3053673393073058,0.7876857749469215,0.7876857749469215,1.269541778975741,0.7712414461336575,1.29661081495703,Miss Cut: DataGolf core; ARG weakness tag,Tier 1 - core,0.000490434523744,2039.008168441925,0.0003285505952053,3043.671247574792,0.0036357425353652,275.0469787871133,0.002490602749164,401.5092331908973,0.0089540103975865,111.6818001763255,0.0066184875821506,151.0919205615642,0.0033894042095913,295.0371033263595,Top 10: DG anchor + putting overlay,Tier 2 - current-price / early value,0.0270717597985187,36.93886202605556,0.0201092972458017,49.728242005511845,0.0271384587310484,36.84807637420928,0.0201588421837813,49.60602354457345,0.0100300171103079,99.70072722730347,Top 20: DG anchor + OTT overlay,Tier 3 - experimental,-0.51,-1.02,0.185,-0.238,-1.583,-0.059,-7.924,-0.0762471282741863,0.183424912369754,-0.179568749485886,2.75793147805887,111.0,skybet,0.009009009009009009,0.0033894042095913,Top 10: DG anchor + putting overlay,Tier 2 - current-price / early value,0.2,10.0,-0.005619604799417709,-0.6237761327353657,False,False,False
"Lamprecht, Christo",24343,-0.7394000000000001,-0.8240309017611589,0.2105263157894736,0.19455,0.2025381578947368,5.140066820868671,4.937341241741322,0.196623507316576,5.085861877084403,Make Cut: DG anchor + putting overlay,Tier 2 - candidate,0.80545,0.7974618421052632,1.2415419951579862,1.2539784942688232,0.7894736842105263,0.7894736842105263,1.2666666666666666,0.8002979419524245,1.249534639012538,Miss Cut: DataGolf core; ARG weakness tag,Tier 1 - core,0.0002095123954083,4772.9872881783285,0.0001630895310374,6131.601419407598,0.0018892627924911,529.3069889347701,0.001702448856563,587.3891577682011,0.0050569585740658,197.74731893759505,0.0049383999219535,202.49473833711392,0.0040325076418046,247.9846509484776,Top 10: DG anchor + putting overlay,Tier 2 - current-price / early value,0.0149582738506173,66.85263353155752,0.014771502337674,67.69792111460079,0.015352711412771,65.13507439266745,0.0151610148863549,65.95864508384646,0.0140476201353265,71.18643516599856,Top 20: DG anchor + OTT overlay,Tier 3 - experimental,-1.193,-0.231,-0.081,-0.174,-1.679,-0.116,14.937,-0.467776372098793,-0.0442669139068917,-0.178199594279675,2.91375139887645,91.0,bet365,0.01098901098901099,0.0040325076418046,Top 10: DG anchor + putting overlay,Tier 2 - current-price / early value,0.2,10.0,-0.00695650334720639,-0.6330418045957813,False,False,False
"Glover, Lucas",7399,0.09175,0.1421656702839811,0.4424778761061947,0.54035,0.4914139380530973,1.8506523549551217,2.0349443159097977,0.3844656864932164,2.601012353329077,Make Cut: DG anchor + putting overlay,Tier 2 - candidate,0.45965,0.5085860619469027,2.1755683672359405,1.966235559370091,0.5575221238938053,0.5575221238938053,1.7936507936507935,0.5760684171554548,1.7359049206999753,Miss Cut: DataGolf core; ARG weakness tag,Tier 1 - core,0.0079720787427196,125.43779762752992,0.0048943727046931,204.31627510531,0.0429606811517901,23.27709834177827,0.0279808101526146,35.738779347193216,0.0858494148661227,11.648303038051486,0.0587758143354182,17.013800851711903,0.0197256301936068,50.695465249272615,Top 10: DG anchor + putting overlay,Tier 2 - current-price / early value,0.1760916795938081,5.678860025111388,0.1278580926135318,7.82117095257031,0.1763560503710589,5.670346993459919,0.1280500491182344,7.809446438217718,0.0819868774651269,12.197073860086324,Top 20: DG anchor + OTT overlay,Tier 3 - experimental,0.281,-0.002,-0.096,-0.527,-0.344,0.081,-10.905,0.3489262660184682,0.183395490103506,0.031766345884795,2.60318119545804,15.0,unibet,0.06666666666666667,0.0197256301936068,Top 10: DG anchor + putting overlay,Tier 2 - current-price / early value,0.2,10.0,-0.04694103647305986,-0.704115547095898,False,False,False
"Rozo, Marcelo",16591,-0.35675,-0.340345809219472,0.2427184466019417,0.34615,0.2944342233009709,2.8889209880109776,3.3963443134726874,0.2034025975748567,4.9163580599405945,Make Cut: DG anchor + putting overlay,Tier 2 - candidate,0.65385,0.7055657766990291,1.5294027682190103,1.4173023026690348,0.7572815533980582,0.7572815533980582,1.3205128205128205,0.7993405965213343,1.251031167880024,Miss Cut: DataGolf core; ARG weakness tag,Tier 1 - core,0.0012304861422921,812.6869256220854,0.0007069097378127,1414.6077589681038,0.008919311143184,112.116281621612,0.0052574763387877,190.2053258180856,0.0208580503278857,47.94311952843781,0.0131392665660592,76.10774885891657,0.0034210580005905,292.30723355973026,Top 10: DG anchor + putting overlay,Tier 2 - current-price / early value,0.0584248969165216,17.115990832278495,0.0380387875358499,26.28895568917762,0.0582703283968455,17.16139289948013,0.0379381523719044,26.35869006474236,0.0176877663138447,56.53625122903575,Top 20: DG anchor + OTT overlay,Tier 3 - experimental,-0.446,-0.097,-0.373,-0.499,-1.416,0.052,-9.431,0.2442125260613871,-0.0442669139068917,-0.0290185806513308,2.73941737526472,56.0,skybet,0.017857142857142856,0.0034210580005905,Top 10: DG anchor + putting overlay,Tier 2 - current-price / early value,0.2,10.0,-0.014436084856552355,-0.8084207519669321,False,False,False
