player_name,dg_id,skill_pred,custom_pred,p_make_cut,p_make_cut_model,p_make_cut_anchored,make_cut_fair_odds_dec_model,make_cut_fair_odds_dec_anchored,make_cut_strategy_prob,make_cut_strategy_fair_odds_dec,make_cut_strategy_name,make_cut_strategy_tier,p_miss_cut_model,p_miss_cut_anchored,miss_cut_fair_odds_dec_model,miss_cut_fair_odds_dec_anchored,p_miss_cut_dg,miss_cut_strategy_prob,miss_cut_strategy_fair_odds_dec,miss_cut_arg_overlay_prob,miss_cut_arg_overlay_fair_odds_dec,miss_cut_strategy_name,miss_cut_strategy_tier,win_prob_model,win_fair_odds_dec,win_prob_anchored,win_fair_odds_dec_anchored,win_strategy_prob,win_strategy_fair_odds_dec,win_strategy_name,win_strategy_tier,top5_prob_model,top5_fair_odds_dec,top5_prob_anchored,top5_fair_odds_dec_anchored,top5_strategy_prob,top5_strategy_fair_odds_dec,top5_strategy_name,top5_strategy_tier,top10_prob_model,top10_fair_odds_dec,top10_prob_anchored,top10_fair_odds_dec_anchored,top10_strategy_prob,top10_strategy_fair_odds_dec,top10_strategy_name,top10_strategy_tier,top20_prob_model,top20_fair_odds_dec,top20_prob_anchored,top20_fair_odds_dec_anchored,top20_prob_dh,top20_fair_odds_dec_dh,top20_prob_anchored_dh,top20_fair_odds_dec_anchored_dh,top20_strategy_prob,top20_strategy_fair_odds_dec,top20_strategy_name,top20_strategy_tier,sg_app,sg_ott,sg_arg,sg_putt,sg_total,driving_acc,driving_dist,total_fit_adjustment,total_course_history_adjustment,timing_adjustment,std_deviation,market_odds_best_dec,market_book_best,market_prob_best,p_model,strategy_name,strategy_tier,strategy_min_ev,strategy_odds_cap,edge_prob,ev_per_unit,value_flag,strategy_qualified,bet_flag
"Pavon, Matthieu",19960,-0.09035,-0.0762445255747349,0.6024096385542169,0.56555,0.5839798192771084,1.7681902572716826,1.7123879404563516,0.5997679577825001,1.6673114777542684,Make Cut: DG anchor + putting overlay,Tier 2 - candidate,0.43445,0.4160201807228916,2.301760847047992,2.403729545673395,0.3975903614457831,0.3975903614457831,2.515151515151516,0.4227017621875392,2.365734164023504,Miss Cut: DataGolf core; ARG weakness tag,Tier 1 - core,0.006344559315751,157.61535990646172,0.0064556129912088,154.90395743390843,0.005713849685565,175.01335439857772,Winner: DG anchor + total SG overlay,Tier 4 - speculative,0.0349101017627687,28.64500386723277,0.0359405336856171,27.82373819897349,0.0306933888301547,32.5803059914176,Top 5: DG anchor + total SG overlay,Tier 3 - semi-core,0.0744071832176705,13.43956264376522,0.0770539532379469,12.9779194704254,0.0753560180911433,13.270340250602109,Top 10: DG anchor + putting overlay,Tier 2 - current-price / early value,0.1599904771685696,6.250372007743792,0.1645067865386453,6.078776572327512,0.1589841918218346,6.289933537044037,0.1634720951516205,6.117251993818879,0.1918056174017703,5.21361164258983,Top 20: DG anchor + OTT overlay,Tier 3 - experimental,-0.301,0.382,-0.158,-0.045,-0.122,0.03,1.644,0,-0.04,0.0805273721263255,2.76039054222466,6.0,skybet,0.16666666666666666,0.1918056174017703,Top 20: DG anchor + OTT overlay,Tier 3 - experimental,0.25,10.0,0.025138950735103638,0.15083370441062172,True,False,False
"Penge, Marco",22465,0.17325,0.1901318483974714,0.7246376811594204,0.6636,0.6941188405797102,1.5069318866787222,1.4406754888900952,0.7297945284819845,1.3702486946292387,Make Cut: DG anchor + putting overlay,Tier 2 - candidate,0.3364,0.3058811594202898,2.9726516052318663,3.26924352547641,0.2753623188405796,0.2753623188405796,3.631578947368423,0.2822554465438015,3.54289000352316,Miss Cut: DataGolf core; ARG weakness tag,Tier 1 - core,0.0202578329831606,49.36362151031903,0.0226872498249136,44.07762103019927,0.0271165330914893,36.877870656476176,Winner: DG anchor + total SG overlay,Tier 4 - speculative,0.0834213349602211,11.987341133738058,0.095139378098196,10.510894857520208,0.1239484927210069,8.067867370125096,Top 5: DG anchor + total SG overlay,Tier 3 - semi-core,0.1502506416422566,6.655545620769975,0.1697210428999753,5.89202130103188,0.1903656705274569,5.253047974612458,Top 10: DG anchor + putting overlay,Tier 2 - current-price / early value,0.269953749535836,3.704338249494294,0.297675337662594,3.359364628095156,0.2706014638860693,3.695471508687136,0.298389565889637,3.35132361957275,0.370731802070585,2.697367731645548,Top 20: DG anchor + OTT overlay,Tier 3 - experimental,0.081,0.522,-0.06,0.042,0.586,-0.056,18.081,0,-0.04,0.0944092419873571,2.84553278700956,3.1,skybet,0.3225806451612903,0.370731802070585,Top 20: DG anchor + OTT overlay,Tier 3 - experimental,0.25,10.0,0.04815115690929467,0.14926858641881346,True,False,False
"Novak, Andrew",23475,0.23665,0.2340438059676105,0.6993006993006994,0.68525,0.6922753496503498,1.459321415541773,1.44451192795623,0.6770410626826157,1.4770152877252904,Make Cut: DG anchor + putting overlay,Tier 2 - candidate,0.31475,0.3077246503496502,3.1771247021445594,3.249658416586894,0.3006993006993006,0.3006993006993006,3.3255813953488382,0.2693878649958061,3.712119697802899,Miss Cut: DataGolf core; ARG weakness tag,Tier 1 - core,0.0221758407280099,45.09411896780605,0.0196795870306716,50.81407442348508,0.0181020448780236,55.242377683751286,Winner: DG anchor + total SG overlay,Tier 4 - speculative,0.0964513029312148,10.367926296580563,0.0882723884785944,11.32857077094379,0.0903083781513283,11.073169737632936,Top 5: DG anchor + total SG overlay,Tier 3 - semi-core,0.166943309823611,5.990057349746929,0.1593589028721785,6.275143603379964,0.1224822616254763,8.164447543088146,Top 10: DG anchor + putting overlay,Tier 2 - current-price / early value,0.2985505424889972,3.3495166066792663,0.2886400591995991,3.464522571028453,0.2995350839987351,3.338507084546473,0.2895919185306391,3.453135035928839,0.3004898141039621,3.3278998257625614,Top 20: DG anchor + OTT overlay,Tier 3 - experimental,0.344,0.213,0.205,-0.263,0.499,-0.006,1.715,0,-0.04,-0.0030309701619476,2.78544571972372,3.75,skybet,0.26666666666666666,0.3004898141039621,Top 20: DG anchor + OTT overlay,Tier 3 - experimental,0.25,10.0,0.03382314743729542,0.12683680288985777,True,False,False
"Ford, David",31343,-0.0135,-0.0318885406676564,0.5813953488372093,0.5876,0.5844976744186047,1.7018379850238257,1.710870793446171,0.5690364369122916,1.757356708871237,Make Cut: DG anchor + putting overlay,Tier 2 - candidate,0.4124,0.4155023255813953,2.4248302618816684,2.406725398229098,0.4186046511627906,0.4186046511627906,2.3888888888888893,0.4461680587977972,2.2413079114056407,Miss Cut: DataGolf core; ARG weakness tag,Tier 1 - core,0.0074464804179153,134.2916309286357,0.0073649068756243,135.77904200115637,0.006449053401524,155.06151643335502,Winner: DG anchor + total SG overlay,Tier 4 - speculative,0.0424013677283597,23.58414488906118,0.040128323053694,24.92005456250789,0.0323696328516132,30.89315237476228,Top 5: DG anchor + total SG overlay,Tier 3 - semi-core,0.0857583325785425,11.66067447829796,0.0820534159285209,12.18718305245364,0.0688416141663502,14.52609750816679,Top 10: DG anchor + putting overlay,Tier 2 - current-price / early value,0.1765088642453958,5.665437847980965,0.1688452827453869,5.922581808269802,0.1773264351309475,5.639317111752376,0.1696273567104851,5.895275499144693,0.1832980364631389,5.455595811584698,Top 20: DG anchor + OTT overlay,Tier 3 - experimental,-0.144,0.386,-0.17,-0.138,-0.066,0.051,1.714,0,-0.04,-0.0819427033382823,2.77420373706278,6.0,skybet,0.16666666666666666,0.1832980364631389,Top 20: DG anchor + OTT overlay,Tier 3 - experimental,0.25,10.0,0.016631369796472256,0.09978821877883348,True,False,False
"Ventura, Kristoffer",15651,0.1079,0.1052296882982481,0.6802721088435374,0.6361,0.6581860544217687,1.5720798616569722,1.519327237764894,0.6840636240565263,1.461852326059903,Make Cut: DG anchor + putting overlay,Tier 2 - candidate,0.3639,0.3418139455782313,2.748007694421545,2.925568172206505,0.3197278911564626,0.3197278911564626,3.127659574468085,0.3360376248528833,2.9758572434792034,Miss Cut: DataGolf core; ARG weakness tag,Tier 1 - core,0.0126539838958497,79.02649538916975,0.0141436586145915,70.70306398433102,0.0158816934188882,62.96557763863478,Winner: DG anchor + total SG overlay,Tier 4 - speculative,0.0616475782737107,16.221237362481173,0.0661972457265619,15.106368686858293,0.0755186400704749,13.241763875339752,Top 5: DG anchor + total SG overlay,Tier 3 - semi-core,0.1220600657539129,8.1926877052165,0.1289527992309729,7.75477543693221,0.1350858754871871,7.402698441961458,Top 10: DG anchor + putting overlay,Tier 2 - current-price / early value,0.230772498738046,4.333271969010129,0.2421123536813775,4.130313818335808,0.2301643663582144,4.344721191305773,0.2414743384818367,4.141226791579835,0.2899897295625521,3.44839798812356,Top 20: DG anchor + OTT overlay,Tier 3 - experimental,-0.004,0.478,-0.116,0.022,0.38,0.007,7.541,0,-0.04,-0.0033515585087592,2.77337397661471,3.75,bet365,0.26666666666666666,0.2899897295625521,Top 20: DG anchor + OTT overlay,Tier 3 - experimental,0.25,10.0,0.023323062895885427,0.08746148585957036,True,False,False
"Mouw, William",29770,0.1551,0.1380720651384873,0.6289308176100629,0.64365,0.6362904088050314,1.5536394002951914,1.571609419475651,0.6117088997031975,1.6347645105134192,Make Cut: DG anchor + putting overlay,Tier 2 - candidate,0.3563499999999999,0.3637095911949686,2.806229830223096,2.7494463280841672,0.3710691823899371,0.3710691823899371,2.694915254237288,0.3869860888003437,2.5840722158773164,Miss Cut: DataGolf core; ARG weakness tag,Tier 1 - core,0.0151143822439581,66.16214833389837,0.0119655244553123,83.57343664581504,0.008161801154258,122.52197537038636,Winner: DG anchor + total SG overlay,Tier 4 - speculative,0.070099706375132,14.265394988227104,0.0577807667878546,17.30679697747102,0.0418627754237699,23.88757051765356,Top 5: DG anchor + total SG overlay,Tier 3 - semi-core,0.1333394018518687,7.499658661368032,0.1131540398508982,8.83751036478846,0.078490006893781,12.740475374824213,Top 10: DG anchor + putting overlay,Tier 2 - current-price / early value,0.2479278981405116,4.033430717156551,0.2179184267337958,4.588873070479613,0.2470410390086472,4.047910436310126,0.2171389140278845,4.605346786765185,0.1975383275557953,5.06230872951755,Top 20: DG anchor + OTT overlay,Tier 3 - experimental,0.303,0.073,-0.107,-0.191,0.077,-0.006,3.986,0,-0.04,-0.0751396743075635,2.77535607800914,5.5,skybet,0.18181818181818182,0.1975383275557953,Top 20: DG anchor + OTT overlay,Tier 3 - experimental,0.25,10.0,0.01572014573761349,0.0864608015568743,True,False,False
"Fishburn, Patrick",25094,-0.01085,-0.0105024221942759,0.6172839506172839,0.58945,0.6033669753086419,1.6964967342437864,1.65736614850103,0.6188009129696759,1.6160286435275584,Make Cut: DG anchor + putting overlay,Tier 2 - candidate,0.4105499999999999,0.3966330246913581,2.4357569114602367,2.5212222325111604,0.3827160493827161,0.3827160493827161,2.6129032258064515,0.3908470673904402,2.5585454860303227,Miss Cut: DataGolf core; ARG weakness tag,Tier 1 - core,0.008029806513535,124.5360019963626,0.0078565699234341,127.28200852858885,0.0069858944733056,143.1455919955823,Winner: DG anchor + total SG overlay,Tier 4 - speculative,0.0414459273118006,24.1278230422239,0.0423322331364198,23.622661171155343,0.0386223905151642,25.891716868415283,Top 5: DG anchor + total SG overlay,Tier 3 - semi-core,0.087387173941564,11.443326919677045,0.08835218996501,11.318338576508726,0.087193726624112,11.468714994955452,Top 10: DG anchor + putting overlay,Tier 2 - current-price / early value,0.1816481830700852,5.505147274796415,0.1826088789004551,5.4761849808252,0.1823520948263906,5.483896420011276,0.1833165134855705,5.455045925683685,0.1974474253029229,5.064639351289614,Top 20: DG anchor + OTT overlay,Tier 3 - experimental,-0.084,0.167,-0.06,-0.004,0.019,-0.008,3.305,0,-0.04,0.0117378890286205,2.76994850341963,5.5,skybet,0.18181818181818182,0.1974474253029229,Top 20: DG anchor + OTT overlay,Tier 3 - experimental,0.25,10.0,0.015629243484741068,0.08596083916607589,True,False,False
"Castillo, Ricky",27819,0.06115,0.0618245369390427,0.6896551724137931,0.623,0.6563275862068966,1.6051364365971108,1.5236293902855491,0.7043083469002454,1.4198326690307348,Make Cut: DG anchor + putting overlay,Tier 2 - candidate,0.377,0.3436724137931034,2.6525198938992043,2.9097476546430543,0.3103448275862068,0.3103448275862068,3.2222222222222228,0.2929067151650084,3.41405624461922,Miss Cut: DataGolf core; ARG weakness tag,Tier 1 - core,0.0093696396332344,106.72769062034808,0.0110264864832838,90.69072015968068,0.0128526770281526,77.80480267337204,Winner: DG anchor + total SG overlay,Tier 4 - speculative,0.053010555241314,18.864167625632508,0.0592657174354718,16.873161133817277,0.0697258675690276,14.34187963326542,Top 5: DG anchor + total SG overlay,Tier 3 - semi-core,0.106794192803959,9.363805032317524,0.1191286665679245,8.394285177613586,0.1429318067626101,6.996343379754943,Top 10: DG anchor + putting overlay,Tier 2 - current-price / early value,0.2117430940472417,4.722704201993436,0.2334421143400764,4.283717198273868,0.2120331417074605,4.716243847292927,0.2337618855201733,4.277857349476681,0.2689893609645695,3.7176191519772304,Top 20: DG anchor + OTT overlay,Tier 3 - experimental,0.02,0.101,0.105,0.144,0.37,-0.008,2.975,0,-0.04,0.0133726846952135,2.70097968763264,4.0,skybet,0.25,0.2689893609645695,Top 20: DG anchor + OTT overlay,Tier 3 - experimental,0.25,10.0,0.01898936096456949,0.07595744385827796,True,False,False
"Finau, Tony",11676,0.053,0.056587718328896,0.6369426751592356,0.61695,0.6269463375796178,1.6208768943998704,1.5950328442153263,0.6207696671752363,1.6109034524035648,Make Cut: DG anchor + putting overlay,Tier 2 - candidate,0.38305,0.3730536624203822,2.610625244746117,2.680579500310956,0.3630573248407643,0.3630573248407643,2.7543859649122804,0.3226926471713385,3.0989240342654445,Miss Cut: DataGolf core; ARG weakness tag,Tier 1 - core,0.0123216502330765,81.15796026376226,0.0112774917832049,88.67219938827695,0.009668365893057,103.43009470898434,Winner: DG anchor + total SG overlay,Tier 4 - speculative,0.0588667811096214,16.9875094433617,0.0562385856606308,17.781386004876698,0.05100452650739,19.60610299666461,Top 5: DG anchor + total SG overlay,Tier 3 - semi-core,0.1131853606858197,8.83506483471659,0.1099273075675368,9.09692070267092,0.0908555508281776,11.00648216740395,Top 10: DG anchor + putting overlay,Tier 2 - current-price / early value,0.2185116610492996,4.576414801836981,0.2134436854162178,4.685076525220167,0.2179527951925567,4.5881494619810725,0.2128977814239837,4.697089811417575,0.2149617972026073,4.65198939073566,Top 20: DG anchor + OTT overlay,Tier 3 - experimental,0.087,-0.003,0.241,-0.182,0.143,-0.058,9.25,0,-0.04,0.0279385916444804,2.81125332754056,5.0,skybet,0.2,0.2149617972026073,Top 20: DG anchor + OTT overlay,Tier 3 - experimental,0.25,10.0,0.014961797202607291,0.07480898601303654,True,False,False
"Parry, John",13764,0.14795,0.1591951187321245,0.6756756756756757,0.66935,0.6725128378378378,1.4939867035183387,1.4869604619222585,0.658779400241532,1.51795881843507,Make Cut: DG anchor + putting overlay,Tier 2 - candidate,0.33065,0.3274871621621622,3.024345985180705,3.0535548123404874,0.3243243243243243,0.3243243243243243,3.083333333333333,0.3049436594106504,3.279294286468033,Miss Cut: DataGolf core; ARG weakness tag,Tier 1 - core,0.0133210208214346,75.0693218939284,0.0114438437440506,87.38322738108653,0.0093074271532396,107.44107727471452,Winner: DG anchor + total SG overlay,Tier 4 - speculative,0.0663577071131694,15.069839563542413,0.0602508181429243,16.59728499665921,0.0540545255321266,18.499838638037115,Top 5: DG anchor + total SG overlay,Tier 3 - semi-core,0.1322627741770515,7.560706375789196,0.1219479468250852,8.200220061386842,0.093984278330028,10.640077444532544,Top 10: DG anchor + putting overlay,Tier 2 - current-price / early value,0.2564927717437233,3.8987453455380696,0.2417240187482446,4.136949257994503,0.255955135598938,3.9069346964263416,0.2412173394813853,4.145638958418118,0.2376420536992783,4.208009417665779,Top 20: DG anchor + OTT overlay,Tier 3 - experimental,0.255,0.064,0.115,-0.198,0.237,0.045,-6.722,0,-0.04,0.0662255936606228,2.63968250992942,4.5,skybet,0.2222222222222222,0.2376420536992783,Top 20: DG anchor + OTT overlay,Tier 3 - experimental,0.25,10.0,0.015419831477056084,0.06938924164675231,True,False,False
"Ghim, Doug",24550,0.352,0.3540836664521582,0.7751937984496123,0.73425,0.7547218992248061,1.3619339462036093,1.3249913657297148,0.7703458436863859,1.2981182519459509,Make Cut: DG anchor + putting overlay,Tier 2 - candidate,0.26575,0.2452781007751938,3.762935089369708,4.07700482366559,0.2248062015503876,0.2248062015503876,4.448275862068964,0.2069544090883358,4.831982098884218,Miss Cut: DataGolf core; ARG weakness tag,Tier 1 - core,0.027481236353236,36.388464738132015,0.029565618176618,33.82307090710016,0.0379095171387426,26.378600295544867,Winner: DG anchor + total SG overlay,Tier 4 - speculative,0.1216296554299286,8.221679132981714,0.1255295042421408,7.966254674845563,0.1731105584869034,5.776655154605457,Top 5: DG anchor + total SG overlay,Tier 3 - semi-core,0.2129152735336421,4.696703920782803,0.2197981461185805,4.549628910247962,0.2095198593664138,4.772817254765209,Top 10: DG anchor + putting overlay,Tier 2 - current-price / early value,0.3611697176752617,2.768781409573017,0.3717253678193898,2.690158075210702,0.3607388398318072,2.7720885293811035,0.3712818970160393,2.693371284829436,0.4267247965145874,2.343430726706821,Top 20: DG anchor + OTT overlay,Tier 3 - experimental,0.419,0.465,0.137,-0.084,0.937,0.041,2.204,0,-0.04,0.0204183322607913,2.69855693436446,2.5,skybet,0.4,0.4267247965145874,Top 20: DG anchor + OTT overlay,Tier 3 - experimental,0.25,10.0,0.026724796514587368,0.06681199128646853,True,False,False
"Conners, Corey",17576,0.3547,0.3687765378169165,0.7692307692307692,0.72945,0.7493403846153845,1.3708958804578792,1.3345070151440883,0.7690120107973669,1.300369806920347,Make Cut: DG anchor + putting overlay,Tier 2 - candidate,0.2705499999999999,0.2506596153846154,3.696174459434486,3.9894739264862698,0.2307692307692308,0.2307692307692308,4.333333333333332,0.2296768035921418,4.3539442571475,Miss Cut: DataGolf core; ARG weakness tag,Tier 1 - core,0.0316140094124278,31.631546222254464,0.0302070047062139,33.10490430036872,0.0332488880584206,30.07619377354601,Winner: DG anchor + total SG overlay,Tier 4 - speculative,0.1281327537055826,7.804405751692126,0.1259758678941573,7.9380282645893905,0.157411946733256,6.352757975190789,Top 5: DG anchor + total SG overlay,Tier 3 - semi-core,0.220331238021062,4.538621073351421,0.2196154116715735,4.553414500324148,0.210804028084931,4.7437423709812085,Top 10: DG anchor + putting overlay,Tier 2 - current-price / early value,0.3666786204312127,2.727183817873001,0.3679450851582564,2.717796867893727,0.3648776713208329,2.740644546376506,0.3661379157819641,2.731211264652257,0.4040848960686511,2.4747274885278245,Top 20: DG anchor + OTT overlay,Tier 3 - experimental,0.494,0.342,-0.003,-0.022,0.811,0.052,0.591,0,-0.04,0.0803826890845828,2.71343010349473,2.63,bet365,0.3802281368821293,0.4040848960686511,Top 20: DG anchor + OTT overlay,Tier 3 - experimental,0.25,10.0,0.023856759186521803,0.06274327666055246,True,False,False
"Hirata, Kensei",20954,-0.47025,-0.4689476350037017,0.3952569169960475,0.4098,0.4025284584980237,2.440214738897023,2.4842963991449305,0.3813235364719868,2.622444995795488,Make Cut: DG anchor + putting overlay,Tier 2 - candidate,0.5902000000000001,0.5974715415019762,1.694340901389359,1.6737198854461126,0.6047430830039525,0.6047430830039525,1.6535947712418302,0.6154297878743513,1.6248807251496966,Miss Cut: DataGolf core; ARG weakness tag,Tier 1 - core,0.0010891465605988,918.1500783973436,0.0009695732802994,1031.3815575561202,0.0005276670532863,1895.134429507916,Winner: DG anchor + total SG overlay,Tier 4 - speculative,0.0088473151520071,113.02864008106812,0.0079156516236226,126.33198725114497,0.0032241312661361,310.1610689686357,Top 5: DG anchor + total SG overlay,Tier 3 - semi-core,0.0238710202783619,41.89179969431199,0.0211732689775648,47.22936269593506,0.0158854217364906,62.950799581410166,Top 10: DG anchor + putting overlay,Tier 2 - current-price / early value,0.0645646193384979,15.488358953333591,0.0563715194178337,17.739454432438794,0.06594605535548,15.163909268106078,0.0575776544195368,17.367848865699663,0.0461306012174417,21.6775843715192,Top 20: DG anchor + OTT overlay,Tier 3 - experimental,-0.686,-0.279,-0.075,-0.157,-1.197,0.051,-10.172,0,-0.04,0.0165118249814915,2.81882033292483,23.0,skybet,0.043478260869565216,0.0461306012174417,Top 20: DG anchor + OTT overlay,Tier 3 - experimental,0.25,10.0,0.0026523403478764807,0.061003828001159,True,False,False
"Bauchou, Zach",19846,0.08665,0.077452454690961,0.6711409395973155,0.6279,0.6495204697986577,1.5926102882624622,1.53959735912555,0.6899229063588076,1.4494373078257108,Make Cut: DG anchor + putting overlay,Tier 2 - candidate,0.3721,0.3504795302013422,2.6874496103198067,2.853233680795918,0.3288590604026845,0.3288590604026845,3.0408163265306127,0.3234495975087084,3.0916718020435208,Miss Cut: DataGolf core; ARG weakness tag,Tier 1 - core,0.0095316499986221,104.9136298693882,0.0100824916659777,99.18183253990588,0.0105577563161567,94.71709424375292,Winner: DG anchor + total SG overlay,Tier 4 - speculative,0.0535508660124541,18.673834327299836,0.0548310844612535,18.23783005252525,0.0579082142561966,17.268707261042724,Top 5: DG anchor + total SG overlay,Tier 3 - semi-core,0.1074855469802982,9.303576416495297,0.1112822654333911,8.986157822232311,0.129179159305461,7.741186777933497,Top 10: DG anchor + putting overlay,Tier 2 - current-price / early value,0.2143257837576241,4.665794205753964,0.2216633276120601,4.511346151719472,0.2139682397900287,4.673590814138208,0.2212935429588312,4.5188846752118605,0.2340095857552347,4.273329217573004,Top 20: DG anchor + OTT overlay,Tier 3 - experimental,0.139,-0.042,0.023,0.184,0.303,-0.002,-2.634,0,-0.04,-0.0359877265451947,2.69606995741234,4.5,skybet,0.2222222222222222,0.2340095857552347,Top 20: DG anchor + OTT overlay,Tier 3 - experimental,0.25,10.0,0.01178736353301249,0.05304313589855614,True,False,False
"Hisatsune, Ryo",22760,0.29695,0.3049922716188657,0.7407407407407407,0.70965,0.7251953703703704,1.4091453533431972,1.3789387534138309,0.736395627013449,1.3579656957709456,Make Cut: DG anchor + putting overlay,Tier 2 - candidate,0.29035,0.2748046296296296,3.4441191665231616,3.638948882876388,0.2592592592592593,0.2592592592592593,3.857142857142856,0.2598474469571398,3.848411872851472,Miss Cut: DataGolf core; ARG weakness tag,Tier 1 - core,0.0270649782389475,36.94811764381775,0.0249658224528071,40.054758936554165,0.0252211101100243,39.64932533253331,Winner: DG anchor + total SG overlay,Tier 4 - speculative,0.1087016783822329,9.199489970004432,0.1046112327096349,9.559202908693926,0.1207640240341496,8.280611779856061,Top 5: DG anchor + total SG overlay,Tier 3 - semi-core,0.1887793588573415,5.297189301059598,0.1875696403473817,5.331353187797263,0.1733215024655715,5.769624574992589,Top 10: DG anchor + putting overlay,Tier 2 - current-price / early value,0.3277505059993247,3.051101315468481,0.3282737818815918,3.046237790505912,0.327508495965008,3.0533559047177907,0.3280313854618634,3.0484887858886265,0.361831470403034,2.763717591745482,Top 20: DG anchor + OTT overlay,Tier 3 - experimental,0.4,0.343,-0.016,-0.072,0.654,0.028,2.415,0,-0.04,0.0502113580943283,2.75129609056476,2.88,skybet,0.3472222222222222,0.361831470403034,Top 20: DG anchor + OTT overlay,Tier 3 - experimental,0.25,10.0,0.014609248180811774,0.042074634760737806,True,False,False
"Roy, Kevin",18424,0.09715,0.0974641082895805,0.6896551724137931,0.6384,0.6640275862068965,1.5664160401002507,1.5059615304723528,0.6960023350338912,1.4367767889044596,Make Cut: DG anchor + putting overlay,Tier 2 - candidate,0.3616,0.3359724137931035,2.765486725663717,2.9764348468675585,0.3103448275862068,0.3103448275862068,3.2222222222222228,0.2960025045960543,3.3783497925622954,Miss Cut: DataGolf core; ARG weakness tag,Tier 1 - core,0.0122663398421458,81.52391119672932,0.0130248365877395,76.77639510205537,0.0141206448000404,70.81829577620549,Winner: DG anchor + total SG overlay,Tier 4 - speculative,0.0589212145858983,16.97181578872833,0.0632881109004527,15.800756030985363,0.0732472489058824,13.652389884088752,Top 5: DG anchor + total SG overlay,Tier 3 - semi-core,0.118045719949038,8.47129400737031,0.1257936313790405,7.949528040786156,0.1356569616235504,7.371534700703464,Top 10: DG anchor + putting overlay,Tier 2 - current-price / early value,0.2271491328378977,4.402394090201692,0.2406493842434173,4.155423057257848,0.2271205654214098,4.402947827047518,0.2406191189674668,4.1559457298786215,0.2749093276227415,3.6375630054004624,Top 20: DG anchor + OTT overlay,Tier 3 - experimental,0.053,0.218,0.084,0.051,0.406,0.019,1.761,0,-0.04,0.0115705414479027,2.742307503228,3.75,skybet,0.26666666666666666,0.2749093276227415,Top 20: DG anchor + OTT overlay,Tier 3 - experimental,0.25,10.0,0.008242660956074843,0.03090997858528055,True,False,False
"Suber, Jackson",29279,0.2149,0.2133878595554489,0.6993006993006994,0.67505,0.6871753496503497,1.4813717502407229,1.4552326425981703,0.6992205668193726,1.4301638816901774,Make Cut: DG anchor + putting overlay,Tier 2 - candidate,0.3249499999999999,0.3128246503496503,3.07739652254193,3.196679030512078,0.3006993006993006,0.3006993006993006,3.3255813953488382,0.2885073562427376,3.466116126199026,Miss Cut: DataGolf core; ARG weakness tag,Tier 1 - core,0.0209534597049562,47.72481557131419,0.0196267298524781,50.95092292584531,0.0193442747107281,51.694882075129314,Winner: DG anchor + total SG overlay,Tier 4 - speculative,0.0878985140769341,11.376756598237138,0.0859844656724257,11.630007724996416,0.0951715081769088,10.50734635980716,Top 5: DG anchor + total SG overlay,Tier 3 - semi-core,0.1636731494232282,6.109737629684064,0.1608749592437486,6.216007790776541,0.1524261151031347,6.5605555801470015,Top 10: DG anchor + putting overlay,Tier 2 - current-price / early value,0.288279433000871,3.4688565520974173,0.28669245280531,3.4880583364330486,0.2881354211956329,3.4705903073299638,0.2865492337860173,3.489801688832144,0.3027871897699732,3.3026496291329166,Top 20: DG anchor + OTT overlay,Tier 3 - experimental,0.316,0.144,0.071,-0.02,0.511,-0.009,3.02,0,-0.04,0.0024392977772445,2.80344867095632,3.4,skybet,0.29411764705882354,0.3027871897699732,Top 20: DG anchor + OTT overlay,Tier 3 - experimental,0.25,10.0,0.00866954271114967,0.02947644521790893,True,False,False
"Blanchet, Chandler",24956,-0.0385,-0.057914502263802,0.53475935828877,0.5706,0.552679679144385,1.752541184717841,1.8093663250802363,0.5115316480604989,1.9549132566705432,Make Cut: DG anchor + putting overlay,Tier 2 - candidate,0.4294,0.447320320855615,2.328830926874709,2.2355344780385638,0.46524064171123,0.46524064171123,2.1494252873563213,0.5200456423160537,1.9229081423438945,Miss Cut: DataGolf core; ARG weakness tag,Tier 1 - core,0.0079234517320223,126.20762185734544,0.0055783925326778,179.26311103818443,0.0025869524263134,386.5552338065377,Winner: DG anchor + total SG overlay,Tier 4 - speculative,0.0395399657032363,25.290866651362567,0.0308301283542636,32.43580398074159,0.0159081201046337,62.86097875944002,Top 5: DG anchor + total SG overlay,Tier 3 - semi-core,0.0821391713083247,12.174459323996752,0.0665515228835996,15.025952174663637,0.041173782824057,24.287299621537795,Top 10: DG anchor + putting overlay,Tier 2 - current-price / early value,0.1714765565363895,5.831700963669555,0.1436586129237927,6.960947065042834,0.1696495772191341,5.8945033426656455,0.1421280170227626,7.03591044853489,0.1280107653258504,7.811842991911715,Top 20: DG anchor + OTT overlay,Tier 3 - experimental,-0.082,0.25,-0.321,-0.238,-0.39,0.075,-6.079,0,-0.04,-0.0870725113190103,2.78236787313797,8.0,skybet,0.125,0.1280107653258504,Top 20: DG anchor + OTT overlay,Tier 3 - experimental,0.25,10.0,0.003010765325850401,0.024086122606803206,True,False,False
"Kim, Michael",17543,0.1343,0.1382191753824344,0.7042253521126761,0.6506,0.677412676056338,1.537042729787888,1.476205030324578,0.7331166786580672,1.3640393529587258,Make Cut: DG anchor + putting overlay,Tier 2 - candidate,0.3494,0.3225873239436619,2.8620492272467084,3.0999358182302426,0.2957746478873239,0.2957746478873239,3.380952380952382,0.2809695641514476,3.559104357157284,Miss Cut: DataGolf core; ARG weakness tag,Tier 1 - core,0.0116594401355237,85.76741150316663,0.0144297200677618,69.30141370061284,0.0179143490676969,55.82117420069664,Winner: DG anchor + total SG overlay,Tier 4 - speculative,0.0664675472893483,15.044936074544353,0.0722076231516486,13.848953287104113,0.0863955234519833,11.57467377989529,Top 5: DG anchor + total SG overlay,Tier 3 - semi-core,0.1278538239980408,7.821432075549995,0.1381203087642923,7.240064903898662,0.1816515680373226,5.505044689702525,Top 10: DG anchor + putting overlay,Tier 2 - current-price / early value,0.2454379029062157,4.074350327146129,0.2614020573749639,3.825524596256587,0.2443977602501767,4.091690525217392,0.2602942601397669,3.8418058064862537,0.2729321037110758,3.6639148945944218,Top 20: DG anchor + OTT overlay,Tier 3 - experimental,0.267,-0.213,0.09,0.317,0.462,-0.024,-1.99,0,-0.04,0.0295958769121721,2.74290797958838,3.75,skybet,0.26666666666666666,0.2729321037110758,Top 20: DG anchor + OTT overlay,Tier 3 - experimental,0.25,10.0,0.006265437044409128,0.023495388916534243,True,False,False
"Smotherman, Austin",22985,0.1461,0.1304440180660636,0.5555555555555556,0.6405,0.5980277777777778,1.56128024980484,1.6721631288030097,0.507508811806824,1.9704091372124508,Make Cut: DG anchor + putting overlay,Tier 2 - candidate,0.3595,0.4019722222222222,2.7816411682892905,2.4877340888673904,0.4444444444444444,0.4444444444444444,2.25,0.4942964885508114,2.0230772889603577,Miss Cut: DataGolf core; ARG weakness tag,Tier 1 - core,0.0142151290717415,70.34758495354887,0.0094242312025374,106.10945110628823,0.0038468866107376,259.95047454966056,Winner: DG anchor + total SG overlay,Tier 4 - speculative,0.0694382542765037,14.401283707651846,0.0490349538578285,20.393615601217636,0.0219477370913071,45.56278380043436,Top 5: DG anchor + total SG overlay,Tier 3 - semi-core,0.1322089557794074,7.563784118138826,0.0971799700133208,10.290186340486898,0.0415836833033365,24.0478938026099,Top 10: DG anchor + putting overlay,Tier 2 - current-price / early value,0.244815518754115,4.084708375878607,0.190110882237993,5.26008815606955,0.2446766626194356,4.087026483418145,0.1900030538519397,5.263073301859938,0.1460428263837914,6.84730653850852,Top 20: DG anchor + OTT overlay,Tier 3 - experimental,0.331,0.163,-0.294,-0.473,-0.272,0.051,-3.112,0,-0.04,-0.0682799096696818,2.80470743111011,7.0,skybet,0.14285714285714285,0.1460428263837914,Top 20: DG anchor + OTT overlay,Tier 3 - experimental,0.25,10.0,0.003185683526648553,0.022299784686539814,True,False,False
"Svensson, Jesper",26850,-0.0949,-0.0879829481982684,0.5714285714285714,0.55395,0.5626892857142858,1.805217077353552,1.7771797426897613,0.5506974439790189,1.8158791382334785,Make Cut: DG anchor + putting overlay,Tier 2 - candidate,0.4460499999999999,0.4373107142857142,2.241901132160072,2.2867036350421004,0.4285714285714286,0.4285714285714286,2.333333333333333,0.437336193381907,2.286570412265748,Miss Cut: DataGolf core; ARG weakness tag,Tier 1 - core,0.0070248208315059,142.35238506227222,0.0069707437490862,143.45671509314673,0.0057339496180353,174.39985814570792,Winner: DG anchor + total SG overlay,Tier 4 - speculative,0.0409688159195968,24.408808933178477,0.0388360812402217,25.74925090444812,0.0280682816301032,35.62740367146308,Top 5: DG anchor + total SG overlay,Tier 3 - semi-core,0.0816677632596932,12.244733540945958,0.0783284635525535,12.766751122713677,0.0618608644421293,16.165309182439515,Top 10: DG anchor + putting overlay,Tier 2 - current-price / early value,0.1635773755888868,6.113314854208593,0.1594667286771719,6.270900571519359,0.1635579508379695,6.114040894231187,0.1594477920640064,6.271645327008192,0.1699929465170354,5.8825970164579005,Top 20: DG anchor + OTT overlay,Tier 3 - experimental,-0.225,0.227,-0.062,-0.217,-0.277,-0.042,12.597,0,-0.04,0.0445852590086578,2.91308554282686,6.0,skybet,0.16666666666666666,0.1699929465170354,Top 20: DG anchor + OTT overlay,Tier 3 - experimental,0.25,10.0,0.003326279850368735,0.019957679102212245,True,False,False
"Moore, Taylor",21944,-0.04605,-0.0676350920253949,0.6211180124223602,0.57355,0.59733400621118,1.743527155435446,1.6741052570284478,0.6295012577437601,1.5885591771240786,Make Cut: DG anchor + putting overlay,Tier 2 - candidate,0.42645,0.4026659937888199,2.3449407902450465,2.4834478585853828,0.3788819875776398,0.3788819875776398,2.6393442622950816,0.3607455143924152,2.7720372398371955,Miss Cut: DataGolf core; ARG weakness tag,Tier 1 - core,0.0076051709291964,131.4894838406551,0.0082692521312648,120.92992015797164,0.0083811853217494,119.3148655721721,Winner: DG anchor + total SG overlay,Tier 4 - speculative,0.0380095276786801,26.309193012174905,0.0420360408956171,23.78910998024709,0.0433717007693332,23.05650878941481,Top 5: DG anchor + total SG overlay,Tier 3 - semi-core,0.0795744903564193,12.566841402576816,0.0874504238745133,11.435050348468817,0.0981074385132932,10.192907032880113,Top 10: DG anchor + putting overlay,Tier 2 - current-price / early value,0.1693724717579663,5.904147171147166,0.1802428127858726,5.548071429555384,0.1692482921098465,5.90847911984231,0.1801106632763593,5.552142120900492,0.203585671681124,4.91193703241699,Top 20: DG anchor + OTT overlay,Tier 3 - experimental,-0.172,0.129,0.098,0.065,0.12,-0.04,6.714,0,-0.04,-0.0979254601269749,2.78800505743493,5.0,skybet,0.2,0.203585671681124,Top 20: DG anchor + OTT overlay,Tier 3 - experimental,0.25,10.0,0.0035856716811239753,0.017928358405619904,True,False,False
"Taylor, Nick",13126,0.0218,0.0267855910283982,0.6993006993006994,0.6145,0.6569003496503497,1.6273393002441008,1.522300909920771,0.7296640914803677,1.3704936445086198,Make Cut: DG anchor + putting overlay,Tier 2 - candidate,0.3854999999999999,0.3430996503496503,2.594033722438392,2.914605127055383,0.3006993006993006,0.3006993006993006,3.3255813953488382,0.2712073223571494,3.687216079966724,Miss Cut: DataGolf core; ARG weakness tag,Tier 1 - core,0.0063966609093926,156.33156332104932,0.0089399971213629,111.85685928359014,0.0117555268134626,85.06637055642487,Winner: DG anchor + total SG overlay,Tier 4 - speculative,0.0417642280387629,23.943935922193067,0.0531979671939846,18.797710753749893,0.0699166350881965,14.30274781872079,Top 5: DG anchor + total SG overlay,Tier 3 - semi-core,0.0905446327105378,11.044276950097084,0.1100271669444944,9.088664443250378,0.1610849956608401,6.207902827309079,Top 10: DG anchor + putting overlay,Tier 2 - current-price / early value,0.192248418312335,5.201603262999839,0.2228242566930535,4.487841740576419,0.1920397247439274,5.207255953597284,0.2225823717939981,4.492718771662243,0.2542735803123638,3.9327719331734903,Top 20: DG anchor + OTT overlay,Tier 3 - experimental,0.0,-0.122,0.192,0.331,0.402,0.035,-7.426,0,-0.04,0.034927955141991,2.63785695765521,4.0,skybet,0.25,0.2542735803123638,Top 20: DG anchor + OTT overlay,Tier 3 - experimental,0.25,10.0,0.0042735803123638005,0.017094321249455202,True,False,False
"Meissner, Mac",28159,0.2007999999999999,0.1893876654480306,0.7633587786259541,0.6791,0.7212293893129771,1.4725371815638344,1.3865214241374328,0.7857862915723401,1.2726106458271538,Make Cut: DG anchor + putting overlay,Tier 2 - candidate,0.3208999999999999,0.2787706106870229,3.1162355874104084,3.587178711326585,0.2366412213740458,0.2366412213740458,4.225806451612902,0.206138601289643,4.851105002866063,Miss Cut: DataGolf core; ARG weakness tag,Tier 1 - core,0.0149453923380795,66.91025416924592,0.0198810295023731,50.29920607887208,0.0289029497573725,34.59854472967488,Winner: DG anchor + total SG overlay,Tier 4 - speculative,0.0714239948448955,14.000897067877556,0.0907232771843527,11.02252950990699,0.1427539731394655,7.005058969693511,Top 5: DG anchor + total SG overlay,Tier 3 - semi-core,0.1393235381787387,7.177538074844868,0.1710452709578713,5.846405424715314,0.2387981567349257,4.187637013924001,Top 10: DG anchor + putting overlay,Tier 2 - current-price / early value,0.2623632396389233,3.811509574955117,0.3082021629106296,3.244623563170688,0.2621217425584248,3.815021181530213,0.3079184725481815,3.2476128883223305,0.3696821288860145,2.705026621149798,Top 20: DG anchor + OTT overlay,Tier 3 - experimental,0.234,0.08,0.238,0.283,0.835,0.007,0.467,0,-0.04,-0.0470616727598469,2.64999641627121,2.75,bet365,0.36363636363636365,0.3696821288860145,Top 20: DG anchor + OTT overlay,Tier 3 - experimental,0.25,10.0,0.006045765249650836,0.016625854436539855,True,False,False
"Hoey, Rico",23504,0.1335,0.1280309066327791,0.6622516556291391,0.64535,0.6538008278145695,1.54954675757341,1.5295177941922389,0.6477462608368969,1.5438143922405456,Make Cut: DG anchor + putting overlay,Tier 2 - candidate,0.35465,0.3461991721854305,2.819681376004511,2.8885106619041307,0.3377483443708609,0.3377483443708609,2.960784313725491,0.3403423725774652,2.938217749458717,Miss Cut: DataGolf core; ARG weakness tag,Tier 1 - core,0.0149453923380795,66.91025416924592,0.0127643628357064,78.34311926660759,0.0103849057281963,96.29360402231369,Winner: DG anchor + total SG overlay,Tier 4 - speculative,0.0678416780329702,14.740201436556632,0.0624870397139358,16.003318521376215,0.0578118577727168,17.29748945158324,Top 5: DG anchor + total SG overlay,Tier 3 - semi-core,0.1319936945937205,7.5761194735704755,0.1236753398459777,8.085686291587114,0.0992731504850119,10.073217129852027,Top 10: DG anchor + putting overlay,Tier 2 - current-price / early value,0.2487580588030761,4.019970266738687,0.23833112635551,4.195843049507245,0.249706058507708,4.004708600088418,0.2392393897439475,4.17991368842011,0.2537774861438405,3.940459869766392,Top 20: DG anchor + OTT overlay,Tier 3 - experimental,0.126,0.336,-0.028,-0.17,0.265,0.005,5.869,0,-0.04,-0.0173454668361043,2.76889644718286,4.0,skybet,0.25,0.2537774861438405,Top 20: DG anchor + OTT overlay,Tier 3 - experimental,0.25,10.0,0.0037774861438404916,0.015109944575361967,True,False,False
"Grillo, Emiliano",12808,0.1376499999999999,0.1451272733442317,0.6756756756756757,0.66215,0.6689128378378378,1.5102318205844596,1.4949630855229996,0.6807917724571461,1.468877916063457,Make Cut: DG anchor + putting overlay,Tier 2 - candidate,0.33785,0.3310871621621621,2.9598934438360223,3.02035268739962,0.3243243243243243,0.3243243243243243,3.083333333333333,0.33377258140357,2.9960519698617283,Miss Cut: DataGolf core; ARG weakness tag,Tier 1 - core,0.0133210208214346,75.0693218939284,0.0122521770773839,81.61814783479404,0.011158050801525,89.62138798143191,Winner: DG anchor + total SG overlay,Tier 4 - speculative,0.0668520936788794,14.958394643606058,0.0630865395643074,15.851241911606955,0.0616567697502525,16.218819183207426,Top 5: DG anchor + total SG overlay,Tier 3 - semi-core,0.1322627741770515,7.560706375789196,0.1262108993586632,7.923245972269184,0.1208068203116658,8.277678341505306,Top 10: DG anchor + putting overlay,Tier 2 - current-price / early value,0.2511452193538139,3.981760045335356,0.2436591465908944,4.104093829397702,0.2510845015124781,3.9827229238611657,0.2436002386115158,4.105086290965261,0.2537276845472147,3.941233302091305,Top 20: DG anchor + OTT overlay,Tier 3 - experimental,0.175,0.18,-0.072,0.036,0.319,0.074,-5.782,0,-0.04,0.047386366721159,2.68599264172058,4.0,skybet,0.25,0.2537276845472147,Top 20: DG anchor + OTT overlay,Tier 3 - experimental,0.25,10.0,0.003727684547214727,0.014910738188858907,True,False,False
"Nakajima, Keita",21074,0.1109,0.1356137007079894,0.7299270072992701,0.6518,0.6908635036496351,1.5342129487572873,1.4474639269801992,0.7514971724132202,1.330676996147282,Make Cut: DG anchor + putting overlay,Tier 2 - candidate,0.3481999999999999,0.3091364963503649,2.871912693854107,3.2348170203321245,0.2700729927007299,0.2700729927007299,3.702702702702703,0.2737695660045428,3.6527069629916658,Miss Cut: DataGolf core; ARG weakness tag,Tier 1 - core,0.0148891008530856,67.16322294188507,0.0186278837598761,53.68296328721821,0.0240778755004218,41.53190342654943,Winner: DG anchor + total SG overlay,Tier 4 - speculative,0.0669070422774619,14.946109795931838,0.082404292242627,12.135290198909178,0.1134464404848536,8.814732271247518,Top 5: DG anchor + total SG overlay,Tier 3 - semi-core,0.1297346572933102,7.708040556496426,0.1535867224704241,6.510979490382498,0.2051720847670425,4.873957395985057,Top 10: DG anchor + putting overlay,Tier 2 - current-price / early value,0.2445562056183009,4.089039562385027,0.2811140676463284,3.5572748399703245,0.2438999186782242,4.100042367456852,0.2803596746396097,3.5668467702620106,0.3522267170971641,2.839080488389367,Top 20: DG anchor + OTT overlay,Tier 3 - experimental,-0.006,0.374,-0.038,0.245,0.574,0.024,4.234,0,-0.04,0.133568503539947,2.75112651175683,2.88,skybet,0.3472222222222222,0.3522267170971641,Top 20: DG anchor + OTT overlay,Tier 3 - experimental,0.25,10.0,0.005004494874941867,0.014412945239832498,True,False,False
"Koivun, Jackson",32319,0.37665,0.3956333505109298,0.819672131147541,0.74685,0.7832610655737705,1.338956952533976,1.2767135300762835,0.834751216337387,1.1979617165311482,Make Cut: DG anchor + putting overlay,Tier 2 - candidate,0.25315,0.2167389344262295,3.950227138060439,4.613845697116158,0.180327868852459,0.180327868852459,5.545454545454546,0.174356327117139,5.73538119627952,Miss Cut: DataGolf core; ARG weakness tag,Tier 1 - core,0.0345794395658227,28.91891865674911,0.0459397197829113,21.76765563058526,0.0728565655751606,13.725598950562324,Winner: DG anchor + total SG overlay,Tier 4 - speculative,0.1361077848192673,7.34711832484721,0.1671183536890951,5.983783216656066,0.2750629476095719,3.635531461763485,Top 5: DG anchor + total SG overlay,Tier 3 - semi-core,0.233871007527431,4.275861341567567,0.275084130091092,3.6352515125785616,0.3508366093788109,2.850329678452296,Top 10: DG anchor + putting overlay,Tier 2 - current-price / early value,0.3827993142288784,2.6123348784321303,0.4318147398788972,2.315807932541744,0.382242520942975,2.6161401341039854,0.4311866521603937,2.319181252456808,0.5305433789926596,1.8848600125755892,Top 20: DG anchor + OTT overlay,Tier 3 - experimental,0.408,0.499,0.046,0.229,1.182,0.055,1.786,0,-0.04,0.104916752554649,2.73194062863966,1.91,skybet,0.5235602094240838,0.5305433789926596,Top 20: DG anchor + OTT overlay,Tier 3 - experimental,0.25,10.0,0.006983169568575809,0.013337853875979744,True,False,False
"Springer, Hayden",21995,-0.1654999999999999,-0.1418990734989283,0.5988023952095809,0.5346,0.5667011976047904,1.8705574261129816,1.7645983531119802,0.628556044273434,1.5909480293931924,Make Cut: DG anchor + putting overlay,Tier 2 - candidate,0.4654,0.4332988023952095,2.1486892995272884,2.3078762149171723,0.4011976047904191,0.4011976047904191,2.492537313432836,0.4026155703224374,2.483758884931209,Miss Cut: DataGolf core; ARG weakness tag,Tier 1 - core,0.0053110638217127,188.28619530267983,0.005947198577523,168.1463948050136,0.0056766931229518,176.1588971503179,Winner: DG anchor + total SG overlay,Tier 4 - speculative,0.0282578725419086,35.38836826859205,0.0326092371968802,30.66615738241405,0.0302174789665094,33.09342917416499,Top 5: DG anchor + total SG overlay,Tier 3 - semi-core,0.0626375404345203,15.964866964171025,0.0708332552461202,14.11766262224372,0.0958560360988285,10.432311210626212,Top 10: DG anchor + putting overlay,Tier 2 - current-price / early value,0.1396424529825593,7.161146045786627,0.1532352409721691,6.525913971588439,0.1387761317969974,7.205850077034904,0.1522845921344159,6.566652515425441,0.1677147002347155,5.962506557865869,Top 20: DG anchor + OTT overlay,Tier 3 - experimental,-0.297,-0.111,-0.02,0.276,-0.151,-0.052,5.852,0,-0.04,0.128004632505358,2.78725252042261,6.0,skybet,0.16666666666666666,0.1677147002347155,Top 20: DG anchor + OTT overlay,Tier 3 - experimental,0.25,10.0,0.001048033568048834,0.006288201408292893,True,False,False
"Dahmen, Joel",14509,0.09245,0.0937700832911247,0.5747126436781609,0.6352,0.6049563218390804,1.5743073047858942,1.653011901685692,0.539679392624079,1.8529519816158024,Make Cut: DG anchor + putting overlay,Tier 2 - candidate,0.3648,0.3950436781609195,2.7412280701754383,2.531365657223993,0.4252873563218391,0.4252873563218391,2.3513513513513518,0.4499606299953629,2.2224166590092684,Miss Cut: DataGolf core; ARG weakness tag,Tier 1 - core,0.0105088605914914,95.15779482407932,0.007412763629079,134.9024533950018,0.0036530638878317,273.742817181759,Winner: DG anchor + total SG overlay,Tier 4 - speculative,0.0558787646261045,17.895885971910616,0.041470447127867,24.113557225864238,0.021432552686671,46.657997981822376,Top 5: DG anchor + total SG overlay,Tier 3 - semi-core,0.1129719857153164,8.85175199557834,0.0872559053525707,11.460542366265624,0.0453838298601089,22.034279678079145,Top 10: DG anchor + putting overlay,Tier 2 - current-price / early value,0.2212001252534116,4.520793100159318,0.1788398687118242,5.591594353110166,0.2220650819786395,4.503184341679571,0.1795391845327532,5.569814759950468,0.1435025769879924,6.968515973644675,Top 20: DG anchor + OTT overlay,Tier 3 - experimental,0.231,0.064,-0.153,-0.353,-0.211,0.084,-9.24,0,-0.04,0.0166004164556239,2.70658215553257,7.0,skybet,0.14285714285714285,0.1435025769879924,Top 20: DG anchor + OTT overlay,Tier 3 - experimental,0.25,10.0,0.0006454341308495537,0.00451803891594682,True,False,False
"Hodges, Lee",25157,0.07295,0.0718990813457112,0.6493506493506493,0.6288,0.6390753246753247,1.5903307888040712,1.564760774495619,0.6544773845340095,1.5279366768524842,Make Cut: DG anchor + putting overlay,Tier 2 - candidate,0.3712,0.3609246753246753,2.6939655172413794,2.770661216500187,0.3506493506493506,0.3506493506493506,2.851851851851852,0.3665298103000752,2.728291047272001,Miss Cut: DataGolf core; ARG weakness tag,Tier 1 - core,0.00872417799856,114.62397949297434,0.00853708899928,117.1359464665693,0.0079598787549761,125.63005427373471,Winner: DG anchor + total SG overlay,Tier 4 - speculative,0.0516615695389991,19.35674833195115,0.050630431234146,19.750967464120333,0.0479175156958232,20.86919543884377,Top 5: DG anchor + total SG overlay,Tier 3 - semi-core,0.1107329330181404,9.0307370422147,0.1060969700564487,9.425339851533476,0.1019438562112254,9.809320906284158,Top 10: DG anchor + putting overlay,Tier 2 - current-price / early value,0.21349922389566,4.683857775936055,0.209959216833685,4.762829729890496,0.2134626818928925,4.684659590765199,0.2099232807298313,4.7636450636791805,0.2223549454890408,4.497313958098075,Top 20: DG anchor + OTT overlay,Tier 3 - experimental,0.064,0.181,-0.109,0.034,0.171,0.063,-5.107,0,-0.04,0.0047454067285561,2.70006754397233,4.5,skybet,0.2222222222222222,0.2223549454890408,Top 20: DG anchor + OTT overlay,Tier 3 - experimental,0.25,10.0,0.00013272326681859625,0.0005972547006836137,True,False,False
"McGreevy, Max",23505,0.0768,0.062678966534757,0.6211180124223602,0.623,0.6220590062111802,1.6051364365971108,1.6075645397223206,0.6078258570085856,1.6452080616008984,Make Cut: DG anchor + putting overlay,Tier 2 - candidate,0.377,0.3779409937888198,2.6525198938992043,2.64591567581781,0.3788819875776398,0.3788819875776398,2.6393442622950816,0.366657223207441,2.727342969687624,Miss Cut: DataGolf core; ARG weakness tag,Tier 1 - core,0.0093696396332344,106.72769062034808,0.0079181531499505,126.292076076635,0.0059392561298313,168.3712535947497,Winner: DG anchor + total SG overlay,Tier 4 - speculative,0.0512304413953253,19.51964442943972,0.0447079028765948,22.367410136866702,0.0347274436091322,28.795669823995688,Top 5: DG anchor + total SG overlay,Tier 3 - semi-core,0.1059967912239692,9.434247852720546,0.0947257642387282,10.55678999305612,0.0726182657765996,13.770640062878478,Top 10: DG anchor + putting overlay,Tier 2 - current-price / early value,0.2117430940472417,4.722704201993436,0.1939516593783714,5.155923920450436,0.2112754538521255,4.733157504893651,0.1935233120348939,5.1673361182434245,0.1807202924818998,5.533412912665333,Top 20: DG anchor + OTT overlay,Tier 3 - experimental,0.169,-0.029,0.062,-0.151,0.051,0.05,-6.321,0,-0.04,-0.060605167326215,2.70325993655133,5.5,skybet,0.18181818181818182,0.1807202924818998,Top 20: DG anchor + OTT overlay,Tier 3 - experimental,0.25,10.0,-0.0010978893362820208,-0.006038391349551087,False,False,False
"James, Ben",29827,0.30055,0.3145184077820828,0.7575757575757576,0.71635,0.7369628787878788,1.3959656592447824,1.3569204484827675,0.7629342164750512,1.3107289965578586,Make Cut: DG anchor + putting overlay,Tier 2 - candidate,0.2836499999999999,0.2630371212121212,3.5254715318173813,3.8017447704408585,0.2424242424242424,0.2424242424242424,4.125,0.2372897875790501,4.214256374884496,Miss Cut: DataGolf core; ARG weakness tag,Tier 1 - core,0.0281365132429328,35.541006498066174,0.028709923288133,34.8311623811736,0.0339849485027856,29.424790798727617,Winner: DG anchor + total SG overlay,Tier 4 - speculative,0.1142372064134744,8.753715460973043,0.1171597780504122,8.535352461744285,0.1542826976957997,6.481608209701562,Top 5: DG anchor + total SG overlay,Tier 3 - semi-core,0.2007716748841676,4.980782277066403,0.2058406284843748,4.858127413247328,0.2131034452482444,4.692556700972614,Top 10: DG anchor + putting overlay,Tier 2 - current-price / early value,0.3414629193623815,2.9285756762910418,0.3496158169327358,2.860282491716885,0.3397289435581484,2.943523120304405,0.3478404400675975,2.874881367461659,0.3963927022719778,2.5227507829189744,Top 20: DG anchor + OTT overlay,Tier 3 - experimental,0.35,0.401,0.028,0.05,0.829,0.041,1.169,0,-0.04,0.0798420389104141,2.72718892056295,2.5,skybet,0.4,0.3963927022719778,Top 20: DG anchor + OTT overlay,Tier 3 - experimental,0.25,10.0,-0.0036072977280222074,-0.00901824432005549,False,False,False
"Cole, Eric",21756,0.10025,0.1079133400827477,0.7407407407407407,0.6395,0.6901203703703703,1.563721657544957,1.449022580601881,0.773862976930938,1.292218428598172,Make Cut: DG anchor + putting overlay,Tier 2 - candidate,0.3605,0.3098796296296296,2.773925104022191,3.227059491439328,0.2592592592592593,0.2592592592592593,3.857142857142856,0.2217696813728682,4.509182652062656,Miss Cut: DataGolf core; ARG weakness tag,Tier 1 - core,0.0132653161295892,75.38455851567886,0.0185743247314612,53.83775800507004,0.0263020906025897,38.01979147245197,Winner: DG anchor + total SG overlay,Tier 4 - speculative,0.0639446643600994,15.638521368547307,0.0839114790054467,11.917320631842156,0.1243271262665939,8.043296986175852,Top 5: DG anchor + total SG overlay,Tier 3 - semi-core,0.1216850732648903,8.217934814594297,0.1544223959398046,6.4757446218475305,0.2395761748174049,4.174037759648507,Top 10: DG anchor + putting overlay,Tier 2 - current-price / early value,0.2302030022519827,4.343991999311065,0.2796224777419678,3.576250407604168,0.2311016877412572,4.327099510928738,0.2807140910604884,3.5623434371326925,0.3274443967587209,3.053953617465182,Top 20: DG anchor + OTT overlay,Tier 3 - experimental,0.134,-0.167,0.278,0.405,0.65,-0.024,-2.501,0,-0.04,0.0483167004137388,2.76652314631824,3.0,skybet,0.3333333333333333,0.3274443967587209,Top 20: DG anchor + OTT overlay,Tier 3 - experimental,0.25,10.0,-0.0058889365746124245,-0.017666809723837384,False,False,False
"Keefer, Johnny",32457,0.1967,0.1835779084045772,0.6756756756756757,0.66425,0.6699628378378378,1.5054572826496049,1.4926201029706163,0.6683715758069986,1.496173739573814,Make Cut: DG anchor + putting overlay,Tier 2 - candidate,0.33575,0.3300371621621621,2.978406552494416,3.0299618183865453,0.3243243243243243,0.3243243243243243,3.083333333333333,0.3502176337698869,2.85536735896359,Miss Cut: DataGolf core; ARG weakness tag,Tier 1 - core,0.0181268922044375,55.16665453304772,0.0162134461022187,61.67720259440425,0.0144192502294209,69.35173355682576,Winner: DG anchor + total SG overlay,Tier 4 - speculative,0.0810778639656016,12.333822711760927,0.0748395503690442,13.36191886601217,0.0723768688369307,13.816568968368305,Top 5: DG anchor + total SG overlay,Tier 3 - semi-core,0.1492208732123124,6.701475326291609,0.1402893321088016,7.128125745330713,0.1196230356937502,8.35959390430555,Top 10: DG anchor + putting overlay,Tier 2 - current-price / early value,0.269953749535836,3.704338249494294,0.2588641491370675,3.86303010028053,0.2696480467682708,3.7085378959165114,0.2585710045263678,3.867409657288256,0.2793407351792749,3.579857407328084,Top 20: DG anchor + OTT overlay,Tier 3 - experimental,0.223,0.405,-0.175,-0.097,0.355,-0.016,10.926,0,-0.04,-0.0556104579771143,2.80419480442544,3.5,skybet,0.2857142857142857,0.2793407351792749,Top 20: DG anchor + OTT overlay,Tier 3 - experimental,0.25,10.0,-0.006373550535010819,-0.02230742687253784,False,False,False
"Coody, Pierceson",28309,0.03555,0.0379511049128128,0.6711409395973155,0.60785,0.6394954697986577,1.6451427161306242,1.5637327349869197,0.6902868462331616,1.4486731211190211,Make Cut: DG anchor + putting overlay,Tier 2 - candidate,0.39215,0.3605045302013423,2.5500446257809517,2.773890246098984,0.3288590604026845,0.3288590604026845,3.0408163265306127,0.3326780466262558,3.0059091970184646,Miss Cut: DataGolf core; ARG weakness tag,Tier 1 - core,0.0106179661009056,94.17999553744148,0.0122256497171194,81.79524386337586,0.0136468913471724,73.27676131950713,Winner: DG anchor + total SG overlay,Tier 4 - speculative,0.0523087611832431,19.11725640943575,0.0589044533429443,16.97664511336614,0.0667534310479117,14.980503388391504,Top 5: DG anchor + total SG overlay,Tier 3 - semi-core,0.1031820394443878,9.691609173309386,0.1148264872870364,8.7087920533549,0.1420808049860746,7.038248411514911,Top 10: DG anchor + putting overlay,Tier 2 - current-price / early value,0.201370045965165,4.96598188279199,0.221440341714776,4.515888985070479,0.2031583098252415,4.922269735656929,0.2234068395538837,4.476138698335639,0.2591181180530305,3.859243836416496,Top 20: DG anchor + OTT overlay,Tier 3 - experimental,-0.043,0.176,-0.036,0.188,0.284,-0.036,11.549,0,-0.04,0.0220055245640642,2.79786500491011,3.75,skybet,0.26666666666666666,0.2591181180530305,Top 20: DG anchor + OTT overlay,Tier 3 - experimental,0.25,10.0,-0.007548548613636186,-0.028307057301135807,False,False,False
"Hojgaard, Rasmus",23838,0.10155,0.130578841656819,0.7352941176470588,0.64695,0.6911220588235294,1.5457145065306437,1.4469224172966808,0.771230354938717,1.2966294617377467,Make Cut: DG anchor + putting overlay,Tier 2 - candidate,0.35305,0.3088779411764706,2.83245999150262,3.2375248170560424,0.2647058823529412,0.2647058823529412,3.777777777777777,0.2715725212336715,3.682257672673596,Miss Cut: DataGolf core; ARG weakness tag,Tier 1 - core,0.0165860022298218,60.291804266249706,0.0211513344482442,47.27834087475307,0.0277258544366769,36.06741867176356,Winner: DG anchor + total SG overlay,Tier 4 - speculative,0.0706512700308346,14.154027232115787,0.0887312567085388,11.269985764822009,0.1236679487764273,8.086169536197666,Top 5: DG anchor + total SG overlay,Tier 3 - semi-core,0.1317784532773874,7.588493984635312,0.1629905497600167,6.1353250324781134,0.2527798029779889,3.9560122613398674,Top 10: DG anchor + putting overlay,Tier 2 - current-price / early value,0.2454897703288565,4.073489492700272,0.2884904338056017,3.4663194436244167,0.2451827144999616,4.078590948140255,0.2881295932330526,3.4706605065421154,0.3524143436865112,2.837568952328302,Top 20: DG anchor + OTT overlay,Tier 3 - experimental,0.041,0.166,-0.061,0.436,0.582,-0.069,15.454,0,-0.04,0.155144208284095,2.80531916385894,2.75,skybet,0.36363636363636365,0.3524143436865112,Top 20: DG anchor + OTT overlay,Tier 3 - experimental,0.25,10.0,-0.011222019949852446,-0.03086055486209416,False,False,False
"Dou, Zecheng",16757,0.03275,0.0174318305861895,0.641025641025641,0.60685,0.6239378205128205,1.6478536705940512,1.602723808564915,0.6456239645093184,1.5488892218553434,Make Cut: DG anchor + putting overlay,Tier 2 - candidate,0.39315,0.3760621794871794,2.543558438255119,2.6591347243789816,0.358974358974359,0.358974358974359,2.785714285714285,0.3491263188444911,2.8642927961137845,Miss Cut: DataGolf core; ARG weakness tag,Tier 1 - core,0.009261773764826,107.97067876973615,0.0098975535490796,101.03506841778965,0.0100353059353336,99.64818277029951,Winner: DG anchor + total SG overlay,Tier 4 - speculative,0.0481129180694841,20.784438777041338,0.0507394914421494,19.70851444461456,0.0514854428506126,19.42296588380418,Top 5: DG anchor + total SG overlay,Tier 3 - semi-core,0.0968252225548643,10.327887441037046,0.1020403749258206,9.800042392307562,0.1072495846438498,9.324045434029047,Top 10: DG anchor + putting overlay,Tier 2 - current-price / early value,0.1970911398468166,5.073794797560261,0.2043741784907668,4.892986028786303,0.1971093147895647,5.073326955997015,0.2043930250456964,4.892534859134398,0.2229731228577197,4.48484547008881,Top 20: DG anchor + OTT overlay,Tier 3 - experimental,0.006,0.087,0.049,0.028,0.17,-0.032,6.067,0,-0.04,-0.0665908470690524,2.76893658156843,4.33,skybet,0.23094688221709006,0.2229731228577197,Top 20: DG anchor + OTT overlay,Tier 3 - experimental,0.25,10.0,-0.007973759359370364,-0.03452637802607372,False,False,False
"Phillips, Chandler",27164,-0.11385,-0.1049424969750932,0.6369426751592356,0.5522,0.5945713375796178,1.810938065918145,1.6818839671464858,0.6648795561841189,1.5040318065112523,Make Cut: DG anchor + putting overlay,Tier 2 - candidate,0.4478,0.4054286624203822,2.233139794551139,2.4665251687684493,0.3630573248407643,0.3630573248407643,2.7543859649122804,0.3228477577137427,3.097435172173825,Miss Cut: DataGolf core; ARG weakness tag,Tier 1 - core,0.0055678540335446,179.60240946966266,0.0067005936834389,149.2405072212594,0.0073431832818369,136.18072185035282,Winner: DG anchor + total SG overlay,Tier 4 - speculative,0.0283094275475487,35.323921627182045,0.037597541455352,26.59748380588988,0.0440708040498111,22.69075914452903,Top 5: DG anchor + total SG overlay,Tier 3 - semi-core,0.0617608665155025,16.19148267210581,0.078736984946803,12.700511718547888,0.11503615758543,8.69291900033573,Top 10: DG anchor + putting overlay,Tier 2 - current-price / early value,0.1428579246649063,6.999961691629237,0.1684497194688352,5.936489553994239,0.1430379312929333,6.991152563246025,0.168661972769202,5.929018756162692,0.1922989392851432,5.200236692502955,Top 20: DG anchor + OTT overlay,Tier 3 - experimental,-0.222,-0.171,0.24,0.27,0.117,0.012,-4.348,0,-0.04,0.0545375151245338,2.69682776875827,5.0,skybet,0.2,0.1922989392851432,Top 20: DG anchor + OTT overlay,Tier 3 - experimental,0.25,10.0,-0.007701060714856822,-0.038505303574284055,False,False,False
"Rozo, Marcelo",16591,-0.3587,-0.3770087151416565,0.341296928327645,0.44535,0.3933234641638225,2.2454249466711573,2.542436673911454,0.2981429276340381,3.3540959966270654,Make Cut: DG anchor + putting overlay,Tier 2 - candidate,0.55465,0.6066765358361774,1.802938790228072,1.6483248336310024,0.658703071672355,0.658703071672355,1.5181347150259066,0.7120562011511677,1.4043835281306714,Miss Cut: DataGolf core; ARG weakness tag,Tier 1 - core,0.0022397000607838,446.4883568606208,0.0013698500303919,730.0069188697271,0.0002904443154615,3443.000763884754,Winner: DG anchor + total SG overlay,Tier 4 - speculative,0.0136108056869949,73.47103639540586,0.0089034719271915,112.31573572394451,0.0017231976084002,580.3164971476241,Top 5: DG anchor + total SG overlay,Tier 3 - semi-core,0.0324981519586181,30.770980493701902,0.0220851047190878,45.27938684101935,0.0075988661466223,131.59858072305892,Top 10: DG anchor + putting overlay,Tier 2 - current-price / early value,0.078925984148725,12.6700985839548,0.0559561001371087,17.871152520452807,0.079502684821754,12.578191569781724,0.056364963212523,17.74151783315318,0.0330732080840821,30.235954052527813,Top 20: DG anchor + OTT overlay,Tier 3 - experimental,-0.445,-0.117,-0.361,-0.486,-1.408,0.051,-9.631,0,-0.04,-0.0815435757082825,2.83313646146544,29.0,skybet,0.034482758620689655,0.0330732080840821,Top 20: DG anchor + OTT overlay,Tier 3 - experimental,0.25,10.0,-0.0014095505366075525,-0.040876965561619016,False,False,False
"Echavarria, Nico",22833,-0.01475,-0.008608030658999,0.6535947712418301,0.59415,0.623872385620915,1.6830766641420518,1.6028919103459602,0.6846702373913799,1.4605571344973878,Make Cut: DG anchor + putting overlay,Tier 2 - candidate,0.40585,0.376127614379085,2.4639645189109274,2.658672114917192,0.3464052287581699,0.3464052287581699,2.8867924528301887,0.3397386231249443,2.943439255748776,Miss Cut: DataGolf core; ARG weakness tag,Tier 1 - core,0.0081362895135102,122.90614761673768,0.0091264780900884,109.57129246669874,0.0095552991089588,104.65397143480484,Winner: DG anchor + total SG overlay,Tier 4 - speculative,0.04314559408469,23.177337598761795,0.0482545496878476,20.723434504494787,0.0507461450057371,19.705930369428945,Top 5: DG anchor + total SG overlay,Tier 3 - semi-core,0.090702671210785,11.02503362526212,0.09946668823887,10.053617122533447,0.1336052275352092,7.484737075399749,Top 10: DG anchor + putting overlay,Tier 2 - current-price / early value,0.1846823767317706,5.414701812357452,0.2001690779912383,4.99577662062155,0.1855082204709625,5.390596694104612,0.2010641735751497,4.973536469570199,0.2122738789186091,4.710895212799233,Top 20: DG anchor + OTT overlay,Tier 3 - experimental,0.003,-0.202,0.03,0.311,0.142,0.011,-5.324,0,-0.04,0.0407098467050048,2.77567000703368,4.5,skybet,0.2222222222222222,0.2122738789186091,Top 20: DG anchor + OTT overlay,Tier 3 - experimental,0.25,10.0,-0.009948343303613105,-0.044767544866259,False,False,False
"Fisk, Steven",26657,-0.0556,-0.0770930229372107,0.6097560975609756,0.56855,0.5891530487804878,1.758860258552458,1.6973518206685705,0.6090577895519019,1.6418803226139238,Make Cut: DG anchor + putting overlay,Tier 2 - candidate,0.43145,0.4108469512195122,2.31776567389037,2.433996399466302,0.3902439024390244,0.3902439024390244,2.5625,0.3830605899952879,2.6105530720670096,Miss Cut: DataGolf core; ARG weakness tag,Tier 1 - core,0.0061365442656287,162.95816614590018,0.0068516054661476,145.95119420415952,0.0068520355195218,145.94203388919055,Winner: DG anchor + total SG overlay,Tier 4 - speculative,0.0354864688148017,28.17975508408121,0.0381116834814749,26.2386729908185,0.0361689112731095,27.64805366821948,Top 5: DG anchor + total SG overlay,Tier 3 - semi-core,0.0761795933609366,13.126875005252783,0.0809915598478564,12.34696555886207,0.0823464760678944,12.143810491362164,Top 10: DG anchor + putting overlay,Tier 2 - current-price / early value,0.1618861206551838,6.177181811218964,0.1688969509392949,5.920769998739769,0.162667917824849,6.147493699874731,0.1697126055344821,5.892314226457506,0.1902419758177062,5.256463489205034,Top 20: DG anchor + OTT overlay,Tier 3 - experimental,-0.187,0.187,0.031,-0.026,0.006,-0.007,6.903,0,-0.04,-0.0974651146860538,2.76544451966728,5.0,skybet,0.2,0.1902419758177062,Top 20: DG anchor + OTT overlay,Tier 3 - experimental,0.25,10.0,-0.009758024182293823,-0.04879012091146906,False,False,False
"Nyholm, Pontus",25475,-0.241,-0.2505084159159754,0.5,0.4959,0.49795,2.016535591853196,2.008233758409479,0.4952250267996226,2.0192840544882618,Make Cut: DG anchor + putting overlay,Tier 2 - candidate,0.5041,0.50205,1.9837333862328903,1.9918334827208448,0.5,0.5,2.0,0.5156615447536423,1.9392564952225608,Miss Cut: DataGolf core; ARG weakness tag,Tier 1 - core,0.0039950031230276,250.31269543592757,0.0036641682281804,272.9132337072231,0.002526968657983,395.7310656944073,Winner: DG anchor + total SG overlay,Tier 4 - speculative,0.0222772263225459,44.8888917103624,0.0208084643517491,48.057366612733205,0.0126689857715361,78.93291681223072,Top 5: DG anchor + total SG overlay,Tier 3 - semi-core,0.0496166887083317,20.154509017690213,0.0467680691663906,21.38211001275713,0.0408556308737246,24.47643026467439,Top 10: DG anchor + putting overlay,Tier 2 - current-price / early value,0.1159284758107011,8.62600834701643,0.1085303817846195,9.21400978745765,0.1157615932715714,8.638443647316128,0.1083741490250816,9.227292753814972,0.1052340008257867,9.502632154558908,Top 20: DG anchor + OTT overlay,Tier 3 - experimental,-0.417,0.019,-0.1,-0.064,-0.562,-0.085,11.368,0,-0.04,-0.0375420795798771,2.85294294575809,9.0,skybet,0.1111111111111111,0.1052340008257867,Top 20: DG anchor + OTT overlay,Tier 3 - experimental,0.25,10.0,-0.005877110285324408,-0.05289399256791971,False,False,False
"Bridgeman, Jacob",29433,0.2585,0.2706345362180913,0.7936507936507936,0.69985,0.7467503968253968,1.4288776166321355,1.3391355454931446,0.8261469794253914,1.2104383661797424,Make Cut: DG anchor + putting overlay,Tier 2 - candidate,0.30015,0.2532496031746032,3.331667499583541,3.9486735120787095,0.2063492063492064,0.2063492063492064,4.846153846153845,0.1935609322331724,5.166331802924743,Miss Cut: DataGolf core; ARG weakness tag,Tier 1 - core,0.0222925835614582,44.85796799833044,0.0316129584473957,31.63259780523258,0.0501240233810902,19.950513397479188,Winner: DG anchor + total SG overlay,Tier 4 - speculative,0.0956046895426332,10.459737956202112,0.1271479135543856,7.864855757717683,0.2149604476437305,4.652018596729814,Top 5: DG anchor + total SG overlay,Tier 3 - semi-core,0.1792929970316783,5.577462681508499,0.2229970556670211,4.484364141081747,0.3444510820856944,2.90316986070961,Top 10: DG anchor + putting overlay,Tier 2 - current-price / early value,0.314942920617039,3.1751785308931253,0.3713181600589325,2.693108249381847,0.3150502792764817,3.174096535627636,0.3714447360740802,2.692190527638981,0.4500818714773077,2.221817992174826,Top 20: DG anchor + OTT overlay,Tier 3 - experimental,0.297,0.149,0.101,0.478,1.025,0.023,0.406,0,-0.04,0.0706726810904565,2.72656441086342,2.1,skybet,0.47619047619047616,0.4500818714773077,Top 20: DG anchor + OTT overlay,Tier 3 - experimental,0.25,10.0,-0.02610860471316845,-0.054828069897653764,False,False,False
"Thompson, Davis",27364,0.3873499999999999,0.3910139162904941,0.7518796992481203,0.74605,0.7489648496240602,1.340392735071376,1.3351761441167045,0.7486196506995414,1.3357918123917245,Make Cut: DG anchor + putting overlay,Tier 2 - candidate,0.25395,0.2510351503759398,3.937783028155149,3.9835058895236046,0.2481203007518797,0.2481203007518797,4.030303030303029,0.2457863098029751,4.068574855945437,Miss Cut: DataGolf core; ARG weakness tag,Tier 1 - core,0.0331239655409297,30.18962203557256,0.0296203161037982,33.760612023710614,0.030208816989339,33.10291827557862,Winner: DG anchor + total SG overlay,Tier 4 - speculative,0.1344289272199133,7.438875104344858,0.1231353137783066,8.121147129250055,0.143561988957294,6.9656321096071885,Top 5: DG anchor + total SG overlay,Tier 3 - semi-core,0.2288715229908804,4.369263536730367,0.2140542457426747,4.671712988128018,0.1869376928604903,5.349375958899256,Top 10: DG anchor + putting overlay,Tier 2 - current-price / early value,0.3783339138248979,2.643167750652203,0.363043557117799,2.754490419659269,0.378280733810105,2.643539336322624,0.3629925263721203,2.7548776554557874,0.3775550644082813,2.648620278918091,Top 20: DG anchor + OTT overlay,Tier 3 - experimental,0.585,0.284,0.006,-0.06,0.814,0.016,3.218,0,-0.04,0.028319581452471,2.7102927388782,2.5,skybet,0.4,0.3775550644082813,Top 20: DG anchor + OTT overlay,Tier 3 - experimental,0.25,10.0,-0.02244493559171873,-0.056112338979296794,False,False,False
"Salinda, Isaiah",27183,-0.0991,-0.1357301071506588,0.4854368932038835,0.54505,0.5152434466019418,1.8346940647647003,1.940830119422292,0.4410479866201994,2.267326981046015,Make Cut: DG anchor + putting overlay,Tier 2 - candidate,0.4549499999999999,0.4847565533980582,2.1980437410704474,2.0628911419354226,0.5145631067961165,0.5145631067961165,1.9433962264150944,0.5558995318640674,1.7988862063739377,Miss Cut: DataGolf core; ARG weakness tag,Tier 1 - core,0.0070774053614535,141.29471874628166,0.00527203601406,189.6800396152621,0.0026247906246052,380.9827689210017,Winner: DG anchor + total SG overlay,Tier 4 - speculative,0.0322472159403283,31.010428988674366,0.0262716205363017,38.06388717506845,0.0132689517366175,75.36390363380096,Top 5: DG anchor + total SG overlay,Tier 3 - semi-core,0.0722730442153727,13.836417309612878,0.0583001903376046,17.15260266234471,0.0303248300348832,32.97627715801479,Top 10: DG anchor + putting overlay,Tier 2 - current-price / early value,0.1498575221411064,6.673005036466545,0.1240562243248914,8.060861157446602,0.1498357811624953,6.673973280891502,0.1240382265381865,8.062030778004866,0.1108870825938313,9.018182971436834,Top 20: DG anchor + OTT overlay,Tier 3 - experimental,-0.202,0.322,-0.246,-0.439,-0.566,-0.006,9.554,0,-0.04,-0.173150535753294,2.86773377240527,8.5,skybet,0.11764705882352941,0.1108870825938313,Top 20: DG anchor + OTT overlay,Tier 3 - experimental,0.25,10.0,-0.006759976229698109,-0.057459797952433944,False,False,False
"Eckroat, Austin",26653,0.0302,0.0279057674644369,0.625,0.60585,0.615425,1.650573574317075,1.6248933663728318,0.6475520262313763,1.5442774626462072,Make Cut: DG anchor + putting overlay,Tier 2 - candidate,0.39415,0.384575,2.5371051630090067,2.6002730286680102,0.375,0.375,2.6666666666666665,0.3969102437029261,2.519461303569847,Miss Cut: DataGolf core; ARG weakness tag,Tier 1 - core,0.0085634766600213,116.7750015211126,0.0083067383300106,120.3841941652588,0.0074178511175747,134.80993136014132,Winner: DG anchor + total SG overlay,Tier 4 - speculative,0.0456509537921807,21.905347357085954,0.0440649907849792,22.69375261825486,0.0388298786612544,25.75336401959529,Top 5: DG anchor + total SG overlay,Tier 3 - semi-core,0.0975127645917862,10.25506767433228,0.0936241666874275,10.681002943808169,0.1032257783246509,9.687502639650177,Top 10: DG anchor + putting overlay,Tier 2 - current-price / early value,0.2013184770010316,4.967253949546199,0.1937783613833518,5.160534916598348,0.2008147496517866,4.979713899173257,0.1932935004715529,5.173479695698149,0.1882596416457653,5.311812936952405,Top 20: DG anchor + OTT overlay,Tier 3 - experimental,0.083,-0.089,-0.142,0.21,0.062,-0.007,-0.035,0,-0.04,-0.0014711626778152,2.73655204829753,5.0,skybet,0.2,0.1882596416457653,Top 20: DG anchor + OTT overlay,Tier 3 - experimental,0.25,10.0,-0.011740358354234703,-0.058701791771173406,False,False,False
"Shipley, Neal",32055,0.0095999999999999,-0.0020674834326187,0.5847953216374269,0.59195,0.5883726608187134,1.689331869245713,1.699603102918671,0.5547811003566138,1.8025127376494967,Make Cut: DG anchor + putting overlay,Tier 2 - candidate,0.40805,0.4116273391812866,2.450680063717681,2.4293818821387507,0.4152046783625731,0.4152046783625731,2.408450704225352,0.4576427449009229,2.18511057182059,Miss Cut: DataGolf core; ARG weakness tag,Tier 1 - core,0.0093156925060908,107.34575012498188,0.0079911795863787,125.13797108308462,0.0057485411757602,173.95717790396623,Winner: DG anchor + total SG overlay,Tier 4 - speculative,0.0499386762725689,20.02455961271234,0.0428097848654812,23.35914565191682,0.0291724517802331,34.27891517426675,Top 5: DG anchor + total SG overlay,Tier 3 - semi-core,0.0984122719624794,10.161334354533134,0.0867433278403065,11.528264189275609,0.0576390642801799,17.349344797463413,Top 10: DG anchor + putting overlay,Tier 2 - current-price / early value,0.1917849384115914,5.21417379426267,0.1749851240856382,5.71477149972244,0.1926978335224583,5.189471940188954,0.1758180521850773,5.687698092271752,0.1867054488673144,5.356030078750769,Top 20: DG anchor + OTT overlay,Tier 3 - experimental,-0.124,0.536,-0.255,-0.307,-0.151,0.035,5.212,0,-0.04,-0.0483374171630939,2.81581716827837,5.0,skybet,0.2,0.1867054488673144,Top 20: DG anchor + OTT overlay,Tier 3 - experimental,0.25,10.0,-0.0132945511326856,-0.06647275566342792,False,False,False
"Brown, Blades",32152,0.1495,0.1547925296819038,0.6896551724137931,0.65485,0.6722525862068967,1.5270672673131251,1.487536114427433,0.6913920821437692,1.4463573214482637,Make Cut: DG anchor + putting overlay,Tier 2 - candidate,0.3451499999999999,0.3277474137931033,2.8972910328842536,3.051130101765711,0.3103448275862068,0.3103448275862068,3.2222222222222228,0.3222072512336839,3.103592474009036,Miss Cut: DataGolf core; ARG weakness tag,Tier 1 - core,0.017269304237594,57.90621244734752,0.0160763187854636,62.20329500458818,0.0149779668359768,66.76473589179128,Winner: DG anchor + total SG overlay,Tier 4 - speculative,0.0717553526790561,13.936242561203091,0.0711134203871471,14.062043346472729,0.074078653096136,13.499165524813794,Top 5: DG anchor + total SG overlay,Tier 3 - semi-core,0.138999693380926,7.194260474082621,0.138542431859923,7.218005246299388,0.1351123498527974,7.401247932476068,Top 10: DG anchor + putting overlay,Tier 2 - current-price / early value,0.2537407086875757,3.941031004336296,0.2578348585682428,3.8784515234014543,0.2534217569209201,3.9459911104319607,0.257510760460095,3.883332868161695,0.28660729426969,3.489094729944403,Top 20: DG anchor + OTT overlay,Tier 3 - experimental,0.163,0.275,-0.089,-0.0,0.349,0.006,6.091,0,-0.04,0.0364626484095191,2.76733824813211,3.25,skybet,0.3076923076923077,0.28660729426969,Top 20: DG anchor + OTT overlay,Tier 3 - experimental,0.25,10.0,-0.021085013422617704,-0.06852629362350748,False,False,False
"Clanton, Luke",32330,0.01645,0.0134809833514489,0.5555555555555556,0.60765,0.5816027777777778,1.6456841932033242,1.7193865610835954,0.5427166357692624,1.8425821765764945,Make Cut: DG anchor + putting overlay,Tier 2 - candidate,0.39235,0.4183972222222222,2.5487447432139674,2.390073229188105,0.4444444444444444,0.4444444444444444,2.25,0.4643762260438898,2.1534263468205337,Miss Cut: DataGolf core; ARG weakness tag,Tier 1 - core,0.0093156925060908,107.34575012498188,0.0068661795863787,145.64139889143271,0.0036704268639947,272.44787515304006,Winner: DG anchor + total SG overlay,Tier 4 - speculative,0.0489177783556266,20.44246557417457,0.0383178078286069,26.0975263635366,0.0212807500694494,46.99082488805668,Top 5: DG anchor + total SG overlay,Tier 3 - semi-core,0.0997888884743632,10.021155814927328,0.0800436794464168,12.493178810819462,0.052761779743649,18.953113501073112,Top 10: DG anchor + putting overlay,Tier 2 - current-price / early value,0.1966273235983457,5.08576316709024,0.1649842944916438,6.061182993697913,0.197676817512815,5.058762138029522,0.1658648944504049,6.029003324142282,0.1327026322356858,7.535645549396152,Top 20: DG anchor + OTT overlay,Tier 3 - experimental,0.146,-0.149,-0.125,-0.141,-0.269,-0.009,0.292,0,-0.04,-0.004845083242755,2.78620869303335,7.0,skybet,0.14285714285714285,0.1327026322356858,Top 20: DG anchor + OTT overlay,Tier 3 - experimental,0.25,10.0,-0.010154510621457058,-0.07108157435019946,False,False,False
"Greyserman, Max",23465,-0.0481,-0.0563965113555712,0.6493506493506493,0.5734,0.6113753246753246,1.7439832577607255,1.6356564611616562,0.6786755800908375,1.473458054680787,Make Cut: DG anchor + putting overlay,Tier 2 - candidate,0.4266,0.3886246753246754,2.344116268166901,2.5731768039807377,0.3506493506493506,0.3506493506493506,2.851851851851852,0.3377266894005957,2.960974158645325,Miss Cut: DataGolf core; ARG weakness tag,Tier 1 - core,0.0073936515080421,135.251167696001,0.009871825754021,101.29838440398642,0.0119694214886122,83.54622660346621,Winner: DG anchor + total SG overlay,Tier 4 - speculative,0.0394871178713815,25.32471484136234,0.0490912573483891,20.37022586126149,0.0581981664266313,17.182671919065857,Top 5: DG anchor + total SG overlay,Tier 3 - semi-core,0.0830300260709382,12.043835794362286,0.0991758642906956,10.083098414639345,0.1398922924372206,7.148356657667679,Top 10: DG anchor + putting overlay,Tier 2 - current-price / early value,0.1739408305603865,5.749081436361389,0.1984150937614342,5.039939155044106,0.174052566416987,5.745390720664507,0.1985425513594719,5.036703684689972,0.2320347111153645,4.309700023729697,Top 20: DG anchor + OTT overlay,Tier 3 - experimental,-0.17,0.038,0.069,0.29,0.226,-0.067,8.879,0,-0.04,-0.0314825567778562,2.81072789122734,4.0,skybet,0.25,0.2320347111153645,Top 20: DG anchor + OTT overlay,Tier 3 - experimental,0.25,10.0,-0.0179652888846355,-0.071861155538542,False,False,False
"Kohles, Ben",16395,0.18685,0.1890889392656255,0.684931506849315,0.68145,0.6831907534246575,1.4674590945777386,1.4637200444930791,0.6765272839096604,1.4781369854309294,Make Cut: DG anchor + putting overlay,Tier 2 - candidate,0.31855,0.3168092465753425,3.1392246115209543,3.156473527240258,0.3150684931506849,0.3150684931506849,3.1739130434782603,0.3189575260689476,3.135213682914741,Miss Cut: DataGolf core; ARG weakness tag,Tier 1 - core,0.0138233077928327,72.34158531277822,0.0118116538964163,84.66214882095375,0.0096294362011559,103.84823982529262,Winner: DG anchor + total SG overlay,Tier 4 - speculative,0.0686671499132549,14.563004307929909,0.0615566443409468,16.245200021970824,0.0552500999903893,18.099514755157863,Top 5: DG anchor + total SG overlay,Tier 3 - semi-core,0.1348475068577438,7.415784120168724,0.1243776393115079,8.040030390796105,0.1025963413448609,9.746936263922532,Top 10: DG anchor + putting overlay,Tier 2 - current-price / early value,0.2670415764470756,3.744735233010384,0.2508787443664448,3.985989337300552,0.2673044277828529,3.741052882267848,0.2511256864866653,3.9820697515668098,0.2470742233651972,4.047366764447592,Top 20: DG anchor + OTT overlay,Tier 3 - experimental,0.326,0.089,-0.037,-0.11,0.269,0.104,-11.823,0,-0.04,0.0211946963281276,2.61312804679972,3.75,skybet,0.26666666666666666,0.2470742233651972,Top 20: DG anchor + OTT overlay,Tier 3 - experimental,0.25,10.0,-0.019592443301469475,-0.0734716623805105,False,False,False
"Lebioda, Hank",21943,-0.1086,-0.120891168439096,0.5025125628140703,0.5452,0.5238562814070351,1.834189288334556,1.9089205102477376,0.4817914652631782,2.075586788266892,Make Cut: DG anchor + putting overlay,Tier 2 - candidate,0.4548,0.4761437185929649,2.198768689533861,2.100206221254086,0.4974874371859297,0.4974874371859297,2.01010101010101,0.4996717410586787,2.0013138983630565,Miss Cut: DataGolf core; ARG weakness tag,Tier 1 - core,0.0048517052941883,206.11309619276724,0.0036091859804274,277.0707869926837,0.0018001688613377,555.5034427475051,Winner: DG anchor + total SG overlay,Tier 4 - speculative,0.0313631317202944,31.884570996235087,0.0239247206220519,41.79777125916686,0.010858985259773,92.08963600903722,Top 5: DG anchor + total SG overlay,Tier 3 - semi-core,0.0661511028962305,15.116905935320126,0.0532691556448444,18.77258965145213,0.0332186468572113,30.103574185259514,Top 10: DG anchor + putting overlay,Tier 2 - current-price / early value,0.1460755058933228,6.845774682651366,0.1214518467613434,8.233715885482004,0.1468659627538227,6.808929593007224,0.1221090578721712,8.189400667122017,0.0926118153449241,10.797758323552918,Top 20: DG anchor + OTT overlay,Tier 3 - experimental,-0.021,-0.293,-0.024,-0.214,-0.551,-0.028,-3.757,0,-0.04,-0.0514558421954804,2.75469053810462,10.0,skybet,0.1,0.0926118153449241,Top 20: DG anchor + OTT overlay,Tier 3 - experimental,0.25,10.0,-0.007388184655075902,-0.07388184655075891,False,False,False
"Skinns, David",10873,-0.06555,-0.0649707399126674,0.53475935828877,0.5705,0.552629679144385,1.7528483786152498,1.809530030215281,0.5163141171319797,1.936805457799212,Make Cut: DG anchor + putting overlay,Tier 2 - candidate,0.4295,0.447370320855615,2.328288707799768,2.235284625246165,0.46524064171123,0.46524064171123,2.1494252873563213,0.4622959406109879,2.1631165497113427,Miss Cut: DataGolf core; ARG weakness tag,Tier 1 - core,0.0069197592716358,144.5136977667728,0.0051932129691512,192.5590200017243,0.0027710685156896,360.871625633959,Winner: DG anchor + total SG overlay,Tier 4 - speculative,0.0391173300673959,25.564116934286737,0.0312002192665022,32.05105680374623,0.0167191834879409,59.811533303721006,Top 5: DG anchor + total SG overlay,Tier 3 - semi-core,0.0821391713083247,12.174459323996752,0.0675923083943851,14.79458275289604,0.0444670093262772,22.48858232543788,Top 10: DG anchor + putting overlay,Tier 2 - current-price / early value,0.1688080903226772,5.923886693395421,0.1432859883223441,6.9790494640016325,0.168454053390939,5.936336822238729,0.1429854782486281,6.993717209947469,0.1149841983744938,8.696847168017683,Top 20: DG anchor + OTT overlay,Tier 3 - experimental,0.015,-0.22,0.005,-0.193,-0.393,-0.027,-0.822,0,-0.04,0.0128963004366629,2.7803772521793,8.0,skybet,0.125,0.1149841983744938,Top 20: DG anchor + OTT overlay,Tier 3 - experimental,0.25,10.0,-0.010015801625506193,-0.08012641300404955,False,False,False
"Martin, Ben",14007,-0.229,-0.2026651930290626,0.4310344827586207,0.5171,0.4740672413793103,1.9338619222587508,2.109405402259973,0.395066023035685,2.531222483563648,Make Cut: DG anchor + putting overlay,Tier 2 - candidate,0.4829,0.5259327586206897,2.070822116380203,1.901383748414148,0.5689655172413792,0.5689655172413792,1.7575757575757578,0.5839182468059928,1.7125685067557936,Miss Cut: DataGolf core; ARG weakness tag,Tier 1 - core,0.0036468651486109,274.208110047853,0.0022734325743054,439.8634959761185,0.0005966429810294,1676.044186884649,Winner: DG anchor + total SG overlay,Tier 4 - speculative,0.0220746892345956,45.30075098102818,0.0149378241146523,66.94415413682059,0.0040394210369456,247.5602297590988,Top 5: DG anchor + total SG overlay,Tier 3 - semi-core,0.0526256451573261,19.00214233973693,0.0367407368403273,27.21774482493178,0.0150349326951617,66.51177097199789,Top 10: DG anchor + putting overlay,Tier 2 - current-price / early value,0.11993944052297,8.337540976010189,0.0885376757550655,11.294626739089503,0.1195425149761329,8.365224708545352,0.0882446706750723,11.33212909459566,0.0536606027486117,18.63564605647055,Top 20: DG anchor + OTT overlay,Tier 3 - experimental,-0.173,-0.349,-0.098,-0.368,-0.988,0.013,-8.011,0,-0.04,0.141674034854687,2.74366320820448,17.0,skybet,0.058823529411764705,0.0536606027486117,Top 20: DG anchor + OTT overlay,Tier 3 - experimental,0.25,10.0,-0.005162926663153003,-0.08776975327360104,False,False,False
"Kirk, Chris",12423,0.2284,0.2195819311297797,0.6578947368421053,0.67455,0.6662223684210526,1.4824697946779335,1.501000337725076,0.6268391632099672,1.5953055563393987,Make Cut: DG anchor + putting overlay,Tier 2 - candidate,0.32545,0.3337776315789473,3.072668612690121,2.996006638519973,0.3421052631578947,0.3421052631578947,2.923076923076924,0.3331102181166959,3.0020093819207845,Miss Cut: DataGolf core; ARG weakness tag,Tier 1 - core,0.0174976237923112,57.15061724206316,0.0137571452294889,72.68949940693072,0.0096781555956899,103.32547251516988,Winner: DG anchor + total SG overlay,Tier 4 - speculative,0.0843153776741424,11.86023270707209,0.0691439457514531,14.462582213555322,0.0532810165726873,18.768410670914545,Top 5: DG anchor + total SG overlay,Tier 3 - semi-core,0.1551338817301074,6.446045111794082,0.1320099994037372,7.575183732420273,0.0822855709878015,12.15279894148448,Top 10: DG anchor + putting overlay,Tier 2 - current-price / early value,0.2861952176393731,3.4941184840484403,0.2514404355415756,3.9770850613033177,0.2847565312783085,3.511771953081715,0.2501764594059238,3.997178640926602,0.2272593900091835,4.400258224575849,Top 20: DG anchor + OTT overlay,Tier 3 - experimental,0.437,0.069,0.045,-0.337,0.215,0.011,-0.784,0,-0.04,-0.0340903443511015,2.72032094188249,4.0,skybet,0.25,0.2272593900091835,Top 20: DG anchor + OTT overlay,Tier 3 - experimental,0.25,10.0,-0.022740609990816507,-0.09096243996326603,False,False,False
"Poston, J.T.",21554,0.18045,0.1924530364831645,0.7407407407407407,0.6755,0.7081203703703703,1.4803849000740192,1.4121892856675864,0.7576125584527202,1.3199358812666862,Make Cut: DG anchor + putting overlay,Tier 2 - candidate,0.3245,0.2918796296296296,3.081664098613251,3.4260698537575736,0.2592592592592593,0.2592592592592593,3.857142857142856,0.2501424701191431,3.9977217764088566,Miss Cut: DataGolf core; ARG weakness tag,Tier 1 - core,0.0154528763301079,64.71287148345516,0.0180847714983873,55.29514155537845,0.0226768106803367,44.097911919646975,Winner: DG anchor + total SG overlay,Tier 4 - speculative,0.0759067517853545,13.17405865064219,0.0872155521192285,11.465844974907045,0.1170112326940681,8.546188062256817,Top 5: DG anchor + total SG overlay,Tier 3 - semi-core,0.1448353492697475,6.904391814857004,0.1629135380307372,6.138225294765421,0.2018093182616363,4.955172578817924,Top 10: DG anchor + putting overlay,Tier 2 - current-price / early value,0.2710980684780429,3.688702046510498,0.2969949683743305,3.3670604100592256,0.2713686574625484,3.685023942523686,0.2972914056280034,3.3637030235959333,0.3441781678486099,2.9054719137207434,Top 20: DG anchor + OTT overlay,Tier 3 - experimental,0.203,0.176,0.056,0.192,0.627,0.045,-4.969,0,-0.04,0.0700151824158226,2.68263419779469,2.63,skybet,0.3802281368821293,0.3441781678486099,Top 20: DG anchor + OTT overlay,Tier 3 - experimental,0.25,10.0,-0.036049969033519424,-0.094811418558156,False,False,False
"Hossler, Beau",15470,0.00425,0.0108189612405664,0.7042253521126761,0.6035,0.6538626760563381,1.657000828500414,1.529373118574883,0.7386566010385613,1.353809061739902,Make Cut: DG anchor + putting overlay,Tier 2 - candidate,0.3964999999999999,0.3461373239436619,2.522068095838588,2.8890267845335345,0.2957746478873239,0.2957746478873239,3.380952380952382,0.2634027630283556,3.796467388963375,Miss Cut: DataGolf core; ARG weakness tag,Tier 1 - core,0.0086705807321887,115.33252856842572,0.0130602903660943,76.5679760532802,0.0185236650880338,53.9849967729115,Winner: DG anchor + total SG overlay,Tier 4 - speculative,0.0465062003558453,21.50250917831242,0.0637666451514676,15.682179886124755,0.0924395606630698,10.81787919400515,Top 5: DG anchor + total SG overlay,Tier 3 - semi-core,0.096666598173644,10.344834916024263,0.125013692304715,7.999123788477081,0.1962068586192236,5.096661793768832,Top 10: DG anchor + putting overlay,Tier 2 - current-price / early value,0.1892106461700208,5.285114871926499,0.2348085210444584,4.258789227715722,0.1900986848758292,5.260425660772935,0.2359105682038647,4.238894457393867,0.2918960041407424,3.425877661270873,Top 20: DG anchor + OTT overlay,Tier 3 - experimental,-0.123,0.048,0.215,0.384,0.524,-0.005,-0.175,0,-0.04,0.0428448062028322,2.73545781493532,3.1,skybet,0.3225806451612903,0.2918960041407424,Top 20: DG anchor + OTT overlay,Tier 3 - experimental,0.25,10.0,-0.03068464102054791,-0.09512238716369859,False,False,False
"Kanaya, Takumi",19729,-0.2706,-0.2576184297912631,0.5780346820809249,0.49245,0.5352423410404624,2.030663011473246,1.8683125816543045,0.6024262437292444,1.6599542440409385,Make Cut: DG anchor + putting overlay,Tier 2 - candidate,0.50755,0.4647576589595376,1.970249236528421,2.1516590006041434,0.4219653179190751,0.4219653179190751,2.3698630136986303,0.3807865392207394,2.6261432508786937,Miss Cut: DataGolf core; ARG weakness tag,Tier 1 - core,0.0017244413421404,579.8979504624822,0.0026955540044035,370.9812522273273,0.0030413806539072,328.79804069092427,Winner: DG anchor + total SG overlay,Tier 4 - speculative,0.0158210100105922,63.20708977053262,0.0203684315925977,49.09558182984589,0.0190662067513384,52.44881758820741,Top 5: DG anchor + total SG overlay,Tier 3 - semi-core,0.0395976215309868,25.254042069609103,0.0487704663090239,20.50421239903074,0.0675308539335343,14.8080461263562,Top 10: DG anchor + putting overlay,Tier 2 - current-price / early value,0.0996737862052946,10.032728143188368,0.1169121815873108,8.553428619867068,0.0988960621739911,10.111626064955612,0.1159999516356433,8.62069324943347,0.1291685044330213,7.741825334197757,Top 20: DG anchor + OTT overlay,Tier 3 - experimental,-0.448,-0.276,0.23,0.218,-0.275,0.051,-10.737,0,-0.04,0.0749078510436844,2.65650044601215,7.0,skybet,0.14285714285714285,0.1291685044330213,Top 20: DG anchor + OTT overlay,Tier 3 - experimental,0.25,10.0,-0.013688638424121546,-0.09582046896885088,False,False,False
"Sargent, Gordon",30814,-0.45495,-0.430231773976611,0.4716981132075471,0.42815,0.4499240566037735,2.3356300362022657,2.2225973146411504,0.475951910917964,2.1010526001908665,Make Cut: DG anchor + putting overlay,Tier 2 - candidate,0.57185,0.5500759433962265,1.748710326134476,1.817930800292584,0.5283018867924529,0.5283018867924529,1.8928571428571423,0.5212788735759604,1.9183589642527128,Miss Cut: DataGolf core; ARG weakness tag,Tier 1 - core,0.0021923676115477,456.1278841799871,0.0027961838057738,357.63028093328137,0.0024529458047431,407.67309170318,Winner: DG anchor + total SG overlay,Tier 4 - speculative,0.013171811234485,75.91970323579362,0.0158536337918457,63.07702152892836,0.0111435630782764,89.73790456208992,Top 5: DG anchor + total SG overlay,Tier 3 - semi-core,0.0328959577678087,30.3988717111796,0.0366622952619707,27.275979118451,0.0403060190491041,24.81019022944732,Top 10: DG anchor + putting overlay,Tier 2 - current-price / early value,0.078875803277859,12.678159314298949,0.0860742215574369,11.61788026549511,0.07821845589984,12.784706480022,0.0853568828869641,11.7155168532135,0.0998452197673746,10.015502017321008,Top 20: DG anchor + OTT overlay,Tier 3 - experimental,-0.892,0.123,0.028,0.021,-0.72,-0.073,16.864,0,-0.04,0.133591130116945,2.93771756081925,9.0,skybet,0.1111111111111111,0.0998452197673746,Top 20: DG anchor + OTT overlay,Tier 3 - experimental,0.25,10.0,-0.011265891343736512,-0.10139302209362866,False,False,False
"Gordon, Will",26660,-0.24205,-0.2267561012915488,0.4566210045662101,0.5054,0.481010502283105,1.9786307874950533,2.0789566865037736,0.4304920597013115,2.322923216502136,Make Cut: DG anchor + putting overlay,Tier 2 - candidate,0.4946,0.518989497716895,2.021835826930853,1.9268212640123457,0.54337899543379,0.54337899543379,1.8403361344537812,0.5811384076211498,1.7207604709752904,Miss Cut: DataGolf core; ARG weakness tag,Tier 1 - core,0.0037460371963926,266.94876414013646,0.0026563519315296,376.45614202338135,0.0010678626571557,936.4500137718828,Winner: DG anchor + total SG overlay,Tier 4 - speculative,0.0234444316482818,42.65405171693671,0.017481365956416,57.203767857338256,0.0062660646072998,159.58980040439195,Top 5: DG anchor + total SG overlay,Tier 3 - semi-core,0.0548247991858432,18.23992089073109,0.041823440057087,23.9100370183573,0.0226264072582409,44.196146060076906,Top 10: DG anchor + putting overlay,Tier 2 - current-price / early value,0.1172481006821176,8.528922807126696,0.0955603768155103,10.464588287785938,0.117296297959781,8.525418256106288,0.0955996589018571,10.460288368043267,0.0744232689848349,13.436657830815893,Top 20: DG anchor + OTT overlay,Tier 3 - experimental,-0.304,-0.101,-0.228,-0.268,-0.9,-0.021,4.865,0,-0.04,0.0864694935422555,2.86069945841652,12.0,skybet,0.08333333333333333,0.0744232689848349,Top 20: DG anchor + OTT overlay,Tier 3 - experimental,0.25,10.0,-0.008910064348498434,-0.10692077218198126,False,False,False
"Yu, Kevin",17881,0.16215,0.1652278503490422,0.7194244604316548,0.6588,0.6891122302158275,1.5179113539769276,1.451142435371962,0.7302929618858564,1.369313484026563,Make Cut: DG anchor + putting overlay,Tier 2 - candidate,0.3411999999999999,0.3108877697841725,2.930832356389215,3.2165948525225985,0.2805755395683452,0.2805755395683452,3.564102564102565,0.2723874811198113,3.671240674824346,Miss Cut: DataGolf core; ARG weakness tag,Tier 1 - core,0.0140470838252461,71.18915302568,0.0161652085792897,61.86124942929376,0.0196802692206022,50.81231302228089,Winner: DG anchor + total SG overlay,Tier 4 - speculative,0.0727501047192229,13.745684681272593,0.0794045106328197,12.593743000623396,0.10013868293155,9.986150913164614,Top 5: DG anchor + total SG overlay,Tier 3 - semi-core,0.1380823653098423,7.242054390914474,0.1502273174923061,6.656578954431604,0.1715041584264757,5.830762409348241,Top 10: DG anchor + putting overlay,Tier 2 - current-price / early value,0.2530658067471085,3.9515413514529496,0.2739060697673458,3.650886600831425,0.2529788704297454,3.952899300646175,0.2738119741433061,3.652141229866835,0.3211464925717106,3.1138437539581862,Top 20: DG anchor + OTT overlay,Tier 3 - experimental,0.143,0.272,0.046,0.109,0.57,-0.004,6.919,0,-0.04,0.0253892517452111,2.72025881721724,2.75,skybet,0.36363636363636365,0.3211464925717106,Top 20: DG anchor + OTT overlay,Tier 3 - experimental,0.25,10.0,-0.04248987106465307,-0.11684714542779595,False,False,False
"Van Rooyen, Erik",17550,-0.2635499999999999,-0.2476565234289823,0.5681818181818182,0.49675,0.5324659090909092,2.0130850528434827,1.8780545062637384,0.596023888734299,1.6777851003985331,Make Cut: DG anchor + putting overlay,Tier 2 - candidate,0.50325,0.4675340909090908,1.987083954297069,2.138881462217145,0.4318181818181817,0.4318181818181817,2.3157894736842106,0.4231892936474197,2.363008741031975,Miss Cut: DataGolf core; ARG weakness tag,Tier 1 - core,0.0030571741841839,327.0994518969233,0.0037369204254252,267.60002519619985,0.003598728971483,277.8758856041007,Winner: DG anchor + total SG overlay,Tier 4 - speculative,0.0202078880149601,49.48562656620471,0.0245390666626027,40.75134615955015,0.0214314063143921,46.66049373197003,Top 5: DG anchor + total SG overlay,Tier 3 - semi-core,0.046516569315746,21.49771607644109,0.0545616501581135,18.327891423776823,0.0747469843037462,13.378466159067258,Top 10: DG anchor + putting overlay,Tier 2 - current-price / early value,0.1077668794151537,9.279288826279071,0.1223737977523098,8.171683958228098,0.1078301323170335,9.273845617288869,0.1224456240672583,8.166890467647164,0.1358052594959139,7.3634850646567775,Top 20: DG anchor + OTT overlay,Tier 3 - experimental,-0.457,-0.164,0.038,0.25,-0.332,-0.038,2.306,0,-0.04,0.0894673828550881,2.78766058671485,6.5,skybet,0.15384615384615385,0.1358052594959139,Top 20: DG anchor + OTT overlay,Tier 3 - experimental,0.25,10.0,-0.01804089435023995,-0.1172658132765596,False,False,False
"Li, Haotong",15310,0.0712999999999999,0.081505971277541,0.6134969325153374,0.62335,0.6184234662576686,1.6042351808775168,1.61701496557271,0.6012320822667928,1.6632512294250068,Make Cut: DG anchor + putting overlay,Tier 2 - candidate,0.37665,0.3815765337423313,2.65498473383778,2.620706232095692,0.3865030674846625,0.3865030674846625,2.5873015873015874,0.4323300437647165,2.313047669072525,Miss Cut: DataGolf core; ARG weakness tag,Tier 1 - core,0.013432493686592,74.44634059260149,0.010591246843296,94.41758980747142,0.0068215672826649,146.59387770625926,Winner: DG anchor + total SG overlay,Tier 4 - speculative,0.0591389857143252,16.909319426453568,0.0503241723905921,19.87116633013809,0.0351308657957986,28.464997299314795,Top 5: DG anchor + total SG overlay,Tier 3 - semi-core,0.1204534165195715,8.301964600875538,0.1028302613502138,9.724763769628598,0.0748002969905477,13.368930876388983,Top 10: DG anchor + putting overlay,Tier 2 - current-price / early value,0.226372915351272,4.41748960315442,0.2020239002099535,4.949909386764383,0.2276990934190055,4.391761007848317,0.2032074325472946,4.921079841738855,0.1943690472599668,5.144852095007231,Top 20: DG anchor + OTT overlay,Tier 3 - experimental,0.099,0.235,-0.279,-0.14,-0.085,-0.027,5.7,0,-0.04,0.0610298563877055,2.80884841358119,4.5,skybet,0.2222222222222222,0.1943690472599668,Top 20: DG anchor + OTT overlay,Tier 3 - experimental,0.25,10.0,-0.027853174962255423,-0.12533928733014943,False,False,False
"Griffin, Lanto",15330,-0.071,-0.053987518134176,0.5617977528089888,0.57045,0.5661238764044945,1.7530020159523183,1.7663978533304288,0.5483606534034255,1.82361734707524,Make Cut: DG anchor + putting overlay,Tier 2 - candidate,0.42955,0.4338761235955055,2.3280176929344663,2.3048053248772016,0.4382022471910112,0.4382022471910112,2.2820512820512824,0.4410539702867707,2.2672962207999303,Miss Cut: DataGolf core; ARG weakness tag,Tier 1 - core,0.0062924965897338,158.91943455821465,0.0048962482948669,204.23800832330488,0.0028170773707754,354.9778257331732,Winner: DG anchor + total SG overlay,Tier 4 - speculative,0.0325075850068056,30.762051373260856,0.0276960213393816,36.106269118809294,0.0166282524383665,60.13861069926338,Top 5: DG anchor + total SG overlay,Tier 3 - semi-core,0.0709215272636989,14.10009116529345,0.0628554870565729,15.909510001886591,0.0476832263061511,20.971735292815133,Top 10: DG anchor + putting overlay,Tier 2 - current-price / early value,0.1568666584326613,6.374840963602684,0.1416039504932021,7.061949871575129,0.1557298805320004,6.421375246573269,0.1405777780536581,7.113499827962159,0.1246699880901968,8.021176670655613,Top 20: DG anchor + OTT overlay,Tier 3 - experimental,-0.015,-0.181,-0.028,-0.147,-0.371,-0.003,-4.797,0,-0.04,0.0950624093291197,2.71307696700641,7.0,bet365,0.14285714285714285,0.1246699880901968,Top 20: DG anchor + OTT overlay,Tier 3 - experimental,0.25,10.0,-0.018187154766946045,-0.12731008336862237,False,False,False
"Stanger, Jimmy",23048,-0.3545,-0.3628530069138947,0.4608294930875576,0.4495,0.4551647465437788,2.2246941045606228,2.197006704920232,0.4511315105150832,2.216648530842462,Make Cut: DG anchor + putting overlay,Tier 2 - candidate,0.5505,0.5448352534562212,1.8165304268846505,1.835417208516505,0.5391705069124424,0.5391705069124424,1.8547008547008548,0.5568001529015282,1.7959765183053984,Miss Cut: DataGolf core; ARG weakness tag,Tier 1 - core,0.001632139410132,612.6927600621548,0.0018244030383993,548.1244982344358,0.0014274905808763,700.5300163774635,Winner: DG anchor + total SG overlay,Tier 4 - speculative,0.0137085038205194,72.94742103825808,0.0143459185769263,69.70623697867465,0.0087110215034284,114.79709923875424,Top 5: DG anchor + total SG overlay,Tier 3 - semi-core,0.0324981519586181,30.770980493701902,0.0336781638821469,29.69283015248069,0.0311857534108836,32.06592403988564,Top 10: DG anchor + putting overlay,Tier 2 - current-price / early value,0.079176902431204,12.62994597280298,0.0805422546806554,12.41584313680976,0.0804139778065268,12.4356489664765,0.0818006625859785,12.224839853209334,0.0869084329646754,11.50636325943717,Top 20: DG anchor + OTT overlay,Tier 3 - experimental,-0.644,0.088,-0.112,-0.111,-0.78,-0.032,6.847,0,-0.04,-0.0317650345694737,2.85238326990115,10.0,skybet,0.1,0.0869084329646754,Top 20: DG anchor + OTT overlay,Tier 3 - experimental,0.25,10.0,-0.013091567035324603,-0.13091567035324592,False,False,False
"Crowe, Trace",27780,-0.07005,-0.0859775464031934,0.5555555555555556,0.561,0.5582777777777779,1.7825311942959,1.7912230072644042,0.5488337534437623,1.822045371162595,Make Cut: DG anchor + putting overlay,Tier 2 - candidate,0.4389999999999999,0.4417222222222221,2.277904328018224,2.2638661803546727,0.4444444444444444,0.4444444444444444,2.25,0.4670246866407648,2.141214433851116,Miss Cut: DataGolf core; ARG weakness tag,Tier 1 - core,0.0069722720614447,143.4252695803123,0.0059944693640556,166.82043718435597,0.0041443825439095,241.2904671335346,Winner: DG anchor + total SG overlay,Tier 4 - speculative,0.038062226519385,26.27276676761673,0.0337510967253009,29.628666829376414,0.0223757106727978,44.69131794842608,Top 5: DG anchor + total SG overlay,Tier 3 - semi-core,0.0778498801942484,12.845234925279684,0.0708421463862055,14.115890765764844,0.0585305683537585,17.085089520334115,Top 10: DG anchor + putting overlay,Tier 2 - current-price / early value,0.1595806940425301,6.266422175939955,0.1489532044647475,6.713517870215862,0.1597910206529834,6.25817393188626,0.1491495240935046,6.704681131755279,0.144539578097211,6.918520263892313,Top 20: DG anchor + OTT overlay,Tier 3 - experimental,-0.105,0.04,-0.14,-0.083,-0.288,-0.033,4.868,0,-0.04,-0.0696377320159673,2.79891233310384,6.0,skybet,0.16666666666666666,0.144539578097211,Top 20: DG anchor + OTT overlay,Tier 3 - experimental,0.25,10.0,-0.022127088569455666,-0.1327625314167341,False,False,False
"Blair, Zac",17639,0.07985,0.085316923803256,0.6493506493506493,0.63965,0.6445003246753247,1.5633549597436096,1.5515895985060408,0.6617522187585797,1.5111396254567298,Make Cut: DG anchor + putting overlay,Tier 2 - candidate,0.3603499999999999,0.3554996753246753,2.7750797835437773,2.812942090837937,0.3506493506493506,0.3506493506493506,2.851851851851852,0.334559761541687,2.989002608657698,Miss Cut: DataGolf core; ARG weakness tag,Tier 1 - core,0.0104543463630547,95.65399550314856,0.008268839848194,120.93594970501276,0.0056153670934077,178.082747461688,Winner: DG anchor + total SG overlay,Tier 4 - speculative,0.0519850907565018,19.236284585593975,0.0446604719655525,22.391165072579604,0.0342466469191602,29.19993897097479,Top 5: DG anchor + total SG overlay,Tier 3 - semi-core,0.1037127956697009,9.6420118032952,0.0935348210551486,10.691205571563492,0.0889070969483625,11.247696014422807,Top 10: DG anchor + putting overlay,Tier 2 - current-price / early value,0.2138091729409493,4.677067808854881,0.2001082235775126,4.997295873813234,0.2137314207727556,4.678769253413721,0.2000354537891892,4.999113812363818,0.1728586074343393,5.785074951386798,Top 20: DG anchor + OTT overlay,Tier 3 - experimental,0.309,-0.44,0.089,0.11,0.067,0.063,-19.123,0,-0.04,0.03733461901628,2.58731582978231,5.0,skybet,0.2,0.1728586074343393,Top 20: DG anchor + OTT overlay,Tier 3 - experimental,0.25,10.0,-0.0271413925656607,-0.1357069628283034,False,False,False
"Lipsky, David",15980,-0.23695,-0.2536932555610851,0.5076142131979695,0.4889,0.4982571065989847,2.045408058907752,2.0069959600291982,0.511665477240581,1.954401937361524,Make Cut: DG anchor + putting overlay,Tier 2 - candidate,0.5111,0.5017428934010153,1.9565642731363728,1.9930526433998843,0.4923857868020305,0.4923857868020305,2.0309278350515463,0.4694170516841795,2.1303018209760154,Miss Cut: DataGolf core; ARG weakness tag,Tier 1 - core,0.0020509333393468,487.5828876615191,0.0020338000030067,491.6904309772996,0.0015310056342792,653.165460407178,Winner: DG anchor + total SG overlay,Tier 4 - speculative,0.0183537903230925,54.48465861254893,0.0167945836536097,59.54300628256802,0.0100002211521213,99.9977885276938,Top 5: DG anchor + total SG overlay,Tier 3 - semi-core,0.0444899895232589,22.47696640785248,0.0408991629082976,24.450378171361542,0.0371383935642352,26.92631274614457,Top 10: DG anchor + putting overlay,Tier 2 - current-price / early value,0.1057925028090609,9.452465661057715,0.0996586258934674,10.034254346121276,0.1056961728570025,9.46108050054859,0.0995678811771632,10.04339941934366,0.0860313151027422,11.62367445860565,Top 20: DG anchor + OTT overlay,Tier 3 - experimental,-0.258,-0.435,0.118,0.019,-0.557,0.021,-9.898,0,-0.04,-0.0737162778054252,2.73341783499402,10.0,skybet,0.1,0.0860313151027422,Top 20: DG anchor + OTT overlay,Tier 3 - experimental,0.25,10.0,-0.013968684897257805,-0.139686848972578,False,False,False
"Higgs, Harry",14140,-0.28045,-0.2715317901420215,0.4524886877828054,0.4924,0.4724443438914027,2.0308692120227456,2.116651438269441,0.43360556437479,2.306243466782735,Make Cut: DG anchor + putting overlay,Tier 2 - candidate,0.5076,0.5275556561085972,1.970055161544523,1.8955346007969824,0.5475113122171946,0.5475113122171946,1.8264462809917357,0.5788027207254631,1.7277043873370432,Miss Cut: DataGolf core; ARG weakness tag,Tier 1 - core,0.0028143891975668,355.31688398482726,0.0020071945987834,498.2077973934941,0.0008130110806509,1229.9955360994204,Winner: DG anchor + total SG overlay,Tier 4 - speculative,0.0198058910478303,50.49002832465583,0.0152414177461373,65.61069427110418,0.0057468433964767,174.0085697503219,Top 5: DG anchor + total SG overlay,Tier 3 - semi-core,0.0436302595042643,22.91987284426448,0.0352074084919109,28.40311294793979,0.022260304001863,44.92301632162365,Top 10: DG anchor + putting overlay,Tier 2 - current-price / early value,0.1070073780455593,9.34515000988288,0.0893849306746463,11.18756811078051,0.1066796774965271,9.3738566094986,0.0891111972985718,11.221934283403758,0.0710220174925591,14.08014071276937,Top 20: DG anchor + OTT overlay,Tier 3 - experimental,-0.364,-0.165,-0.191,-0.199,-0.919,-0.023,1.674,0,-0.04,0.0545910492898923,2.82576033876292,12.0,skybet,0.08333333333333333,0.0710220174925591,Top 20: DG anchor + OTT overlay,Tier 3 - experimental,0.25,10.0,-0.012311315840774231,-0.14773579008929083,False,False,False
"Pendrith, Taylor",17780,0.0639499999999999,0.0566902667435468,0.6289308176100629,0.6195,0.6242154088050315,1.6142050040355125,1.602011078057738,0.6161457511566607,1.6229926086851174,Make Cut: DG anchor + putting overlay,Tier 2 - candidate,0.3804999999999999,0.3757845911949685,2.628120893561104,2.661099000414228,0.3710691823899371,0.3710691823899371,2.694915254237288,0.3686402562476363,2.712671725489047,Miss Cut: DataGolf core; ARG weakness tag,Tier 1 - core,0.0112747122525562,88.69405955555736,0.0097206894596114,102.87336141689396,0.007631563616921,131.0347459834775,Winner: DG anchor + total SG overlay,Tier 4 - speculative,0.0562041665539424,17.79227522287412,0.0511967988854368,19.532471204648992,0.0431969366378716,23.149789726600197,Top 5: DG anchor + total SG overlay,Tier 3 - semi-core,0.1096143637612398,9.122891979541867,0.1029465304255934,9.713780502032252,0.0841533552604644,11.883067489167647,Top 10: DG anchor + putting overlay,Tier 2 - current-price / early value,0.2144807740793465,4.662422561147849,0.2052233725413717,4.8727393357616045,0.2142180363322564,4.66814100773933,0.2049719750593214,4.878715735214961,0.2121778176783562,4.713028020280215,Top 20: DG anchor + OTT overlay,Tier 3 - experimental,0.052,0.199,0.003,-0.147,0.107,-0.037,8.891,0,-0.04,-0.0262986662822656,2.77156144534993,4.0,skybet,0.25,0.2121778176783562,Top 20: DG anchor + OTT overlay,Tier 3 - experimental,0.25,10.0,-0.037822182321643805,-0.15128872928657522,False,False,False
"Dumont De Chassart, Adrien",22002,-0.11865,-0.1373665618416019,0.5882352941176471,0.54705,0.5676426470588236,1.8279864729001003,1.7616717228372238,0.6156590097303429,1.62427575036707,Make Cut: DG anchor + putting overlay,Tier 2 - candidate,0.4529499999999999,0.4323573529411764,2.207749199690915,2.312901569031609,0.4117647058823529,0.4117647058823529,2.428571428571429,0.3817678116611888,2.6193931742141734,Miss Cut: DataGolf core; ARG weakness tag,Tier 1 - core,0.0039450940548452,253.47938125120655,0.0048975470274226,204.1838484450967,0.0050919496083762,196.38843211547243,Winner: DG anchor + total SG overlay,Tier 4 - speculative,0.0275882953960905,36.24725578883374,0.0304428679361405,32.84841632193399,0.0276632826258919,36.14899986829592,Top 5: DG anchor + total SG overlay,Tier 3 - semi-core,0.0602155174398631,16.607014977471433,0.0659983509517738,15.151893730355743,0.0855018386420454,11.695654922539306,Top 10: DG anchor + putting overlay,Tier 2 - current-price / early value,0.1368880480279025,7.305239678749494,0.1448657246993527,6.902944102722373,0.1370970351325599,7.294103764046349,0.1450868913300789,6.892421436785469,0.1409967127912553,7.092363929650567,Top 20: DG anchor + OTT overlay,Tier 3 - experimental,-0.088,-0.447,0.165,0.25,-0.121,-0.08,4.64,0,-0.04,-0.0835828092080095,2.76169886517243,6.0,skybet,0.16666666666666666,0.1409967127912553,Top 20: DG anchor + OTT overlay,Tier 3 - experimental,0.25,10.0,-0.02566995387541135,-0.15401972325246827,False,False,False
"Garnett, Brice",11451,-0.2348,-0.2458546583269137,0.4739336492890995,0.5005,0.4872168246445497,1.9980019980019983,2.052474277195892,0.4666318990139823,2.143016802136872,Make Cut: DG anchor + putting overlay,Tier 2 - candidate,0.4995,0.5127831753554503,2.0020020020020017,1.9501419860486289,0.5260663507109005,0.5260663507109005,1.900900900900901,0.5418360292039559,1.8455767909512413,Miss Cut: DataGolf core; ARG weakness tag,Tier 1 - core,0.0024776988829077,403.6002949746759,0.0020555161081205,486.495822654658,0.0011851171193617,843.7984597999426,Winner: DG anchor + total SG overlay,Tier 4 - speculative,0.0183038656510117,54.63326813397604,0.0153782192011672,65.02703511496928,0.0075531480405271,132.3951277843894,Top 5: DG anchor + total SG overlay,Tier 3 - semi-core,0.0424181577287332,23.574809787710773,0.0364855576402204,27.4081051428863,0.027849675540312,35.907061055433616,Top 10: DG anchor + putting overlay,Tier 2 - current-price / early value,0.1040721259716383,9.608720785357258,0.0914371783653227,10.936470458489644,0.1043821024662307,9.580186414845556,0.0917095219516622,10.90399315926076,0.076846729571808,13.012915521220297,Top 20: DG anchor + OTT overlay,Tier 3 - experimental,-0.293,-0.219,-0.101,-0.088,-0.701,0.064,-11.924,0,-0.04,-0.0452732916345684,2.72810202147429,11.0,skybet,0.09090909090909091,0.076846729571808,Top 20: DG anchor + OTT overlay,Tier 3 - experimental,0.25,10.0,-0.014062361337282905,-0.15468597471011192,False,False,False
"Hubbard, Mark",16333,0.00025,-0.0037650897756371,0.5464480874316939,0.597,0.571724043715847,1.6750418760469012,1.7490955837725983,0.5093662662192578,1.9632238456277116,Make Cut: DG anchor + putting overlay,Tier 2 - candidate,0.403,0.428275956284153,2.481389578163772,2.334943125633975,0.453551912568306,0.453551912568306,2.2048192771084336,0.4520245938035495,2.2122690086075303,Miss Cut: DataGolf core; ARG weakness tag,Tier 1 - core,0.0081895786646288,122.10640387631274,0.005936455998981,168.45067160805058,0.0029823702848647,335.3037699828625,Winner: DG anchor + total SG overlay,Tier 4 - speculative,0.0428265225207161,23.35001632496027,0.0323753984056202,30.887650785678204,0.0160932983533999,62.1376661291273,Top 5: DG anchor + total SG overlay,Tier 3 - semi-core,0.0879129750071745,11.374885219370524,0.0697980504314002,14.32704773012009,0.0375265702367904,26.647785654006157,Top 10: DG anchor + putting overlay,Tier 2 - current-price / early value,0.1839622662787657,5.435897373022454,0.1517237692185813,6.59092510784745,0.1832704690815305,5.456416437473814,0.1511532061328868,6.6158040942965295,0.1207471640178036,8.281768007839544,Top 20: DG anchor + OTT overlay,Tier 3 - experimental,0.109,-0.09,-0.003,-0.369,-0.352,0.009,-4.764,0,-0.04,-0.0100754488781858,2.74713276432586,7.0,skybet,0.14285714285714285,0.1207471640178036,Top 20: DG anchor + OTT overlay,Tier 3 - experimental,0.25,10.0,-0.022109978839339253,-0.15476985187537484,False,False,False
"VanDerLaan, John",25319,-0.2762,-0.2940891939469998,0.4784688995215311,0.4763,0.4773844497607655,2.099517111064455,2.094747745765778,0.4618424321402816,2.165240632753849,Make Cut: DG anchor + putting overlay,Tier 2 - candidate,0.5237,0.5226155502392344,1.9094901661256445,1.913452440407172,0.5215311004784688,0.5215311004784688,1.9174311926605507,0.5230029024891779,1.9120352778934957,Miss Cut: DataGolf core; ARG weakness tag,Tier 1 - core,0.0030084720964165,332.39464018666405,0.0029459027148749,339.4545227005082,0.0021222171457553,471.2053156295004,Winner: DG anchor + total SG overlay,Tier 4 - speculative,0.0191539378730229,52.20858533787116,0.0180617076931252,55.365750403580485,0.0105588895825164,94.70692843079009,Top 5: DG anchor + total SG overlay,Tier 3 - semi-core,0.0436808055052324,22.893350716259363,0.0408823940946075,24.46040703207987,0.0323077007371763,30.952372876516844,Top 10: DG anchor + putting overlay,Tier 2 - current-price / early value,0.1008865671411594,9.912122379987522,0.0954772498357959,10.47369925002892,0.101871911388226,9.816248525946245,0.0964097620771908,10.372393608847888,0.0935764529894308,10.686449080442776,Top 20: DG anchor + OTT overlay,Tier 3 - experimental,-0.472,0.012,-0.02,-0.176,-0.656,-0.013,3.053,0,-0.04,-0.079445969734999,2.85324974915687,9.0,skybet,0.1111111111111111,0.0935764529894308,Top 20: DG anchor + OTT overlay,Tier 3 - experimental,0.25,10.0,-0.0175346581216803,-0.1578119230951227,False,False,False
"Hardy, Nick",19865,-0.25215,-0.2360382089003768,0.4651162790697674,0.49875,0.4819331395348837,2.0050125313283207,2.074976626353409,0.4426691032590964,2.259023710120322,Make Cut: DG anchor + putting overlay,Tier 2 - candidate,0.50125,0.5180668604651163,1.9950124688279305,1.9302527845579776,0.5348837209302326,0.5348837209302326,1.869565217391304,0.5616454782281959,1.7804825975892593,Miss Cut: DataGolf core; ARG weakness tag,Tier 1 - core,0.0029598415791789,337.8559200717052,0.0022299207895894,448.4464222534531,0.0010444804515494,957.4138017772506,Winner: DG anchor + total SG overlay,Tier 4 - speculative,0.0205601223743233,48.63784280043268,0.0159672503406008,62.628190744729686,0.0064215188102599,155.7263989326415,Top 5: DG anchor + total SG overlay,Tier 3 - semi-core,0.04783654555114,20.904519514916508,0.0383831720660943,26.053083843045563,0.0234007624129789,42.73365039787596,Top 10: DG anchor + putting overlay,Tier 2 - current-price / early value,0.1085771860610627,9.210037911993869,0.0916690190975199,10.908810957562157,0.108850674379036,9.186897607247102,0.0918999184858053,10.88140246995386,0.0755689840406218,13.23294222749447,Top 20: DG anchor + OTT overlay,Tier 3 - experimental,-0.346,-0.089,-0.164,-0.232,-0.832,-0.03,2.409,0,-0.04,0.090558955498116,2.75657525950034,11.0,skybet,0.09090909090909091,0.0755689840406218,Top 20: DG anchor + OTT overlay,Tier 3 - experimental,0.25,10.0,-0.015340106868469108,-0.16874117555316015,False,False,False
"List, Luke",7960,-0.4095,-0.3941328376231979,0.4032258064516129,0.43975,0.4214879032258064,2.274019329164298,2.3725473313625884,0.3804303456270856,2.6286020857553867,Make Cut: DG anchor + putting overlay,Tier 2 - candidate,0.56025,0.5785120967741936,1.7849174475680498,1.7285723247206752,0.596774193548387,0.596774193548387,1.675675675675676,0.6289692133173775,1.5899029377379088,Miss Cut: DataGolf core; ARG weakness tag,Tier 1 - core,0.0021923676115477,456.1278841799871,0.0016295171391071,613.6787248202327,0.0006674314427234,1498.2812255885583,Winner: DG anchor + total SG overlay,Tier 4 - speculative,0.0149339870311192,66.96135452081315,0.0120361535684696,83.08302102588952,0.004280677831876,233.6078628841223,Top 5: DG anchor + total SG overlay,Tier 3 - semi-core,0.0353883056479974,28.25792254500285,0.0283853778720987,35.22940594646594,0.0171017788821599,58.4734492762721,Top 10: DG anchor + putting overlay,Tier 2 - current-price / early value,0.0864633394787033,11.565595384461282,0.0708394429055129,14.116429477485015,0.0865939819302835,11.548146622996228,0.0709464783097149,14.09513232826762,0.0554032361049932,18.04948718347292,Top 20: DG anchor + OTT overlay,Tier 3 - experimental,-0.611,-0.115,-0.203,-0.244,-1.172,-0.051,5.27,0,-0.04,0.08683581188401,2.91099709708158,15.0,skybet,0.06666666666666667,0.0554032361049932,Top 20: DG anchor + OTT overlay,Tier 3 - experimental,0.25,10.0,-0.011263430561673463,-0.16895145842510195,False,False,False
"Hughes, Mackenzie",15556,-0.1257,-0.124544697588297,0.6578947368421053,0.5478,0.6028473684210527,1.8254837531945969,1.658794667411669,0.698531393836509,1.4315748852857566,Make Cut: DG anchor + putting overlay,Tier 2 - candidate,0.4522,0.3971526315789473,2.21141088014153,2.51792364065254,0.3421052631578947,0.3421052631578947,2.923076923076924,0.2921359072546066,3.423064317555682,Miss Cut: DataGolf core; ARG weakness tag,Tier 1 - core,0.0043962718530857,227.46546014849116,0.0074814692598762,133.6635846869131,0.0103139683547138,96.95589181665076,Winner: DG anchor + total SG overlay,Tier 4 - speculative,0.0274339473443429,36.4511890122223,0.04160677225322,24.034548844932488,0.0559766630052396,17.86458760334456,Top 5: DG anchor + total SG overlay,Tier 3 - semi-core,0.0596494484405913,16.764614361790173,0.0860309566684031,11.62372288680213,0.1498530815948216,6.673202775394618,Top 10: DG anchor + putting overlay,Tier 2 - current-price / early value,0.1370410284799824,7.297084756964373,0.1806951600011502,5.534182542540899,0.1377249007616127,7.260851120385951,0.1815968783603903,5.506702587780377,0.2197619626660118,4.550377999307243,Top 20: DG anchor + OTT overlay,Tier 3 - experimental,-0.26,-0.224,0.314,0.419,0.248,-0.051,1.874,0,-0.04,0.015776512058515,2.72637063296202,3.75,skybet,0.26666666666666666,0.2197619626660118,Top 20: DG anchor + OTT overlay,Tier 3 - experimental,0.25,10.0,-0.04690470400065486,-0.17589264000245575,False,False,False
"McCarthy, Denny",19870,0.0022,-0.000557333660586,0.6756756756756757,0.59895,0.6373128378378379,1.669588446447951,1.5690881159598524,0.7254004364173511,1.378548936279742,Make Cut: DG anchor + putting overlay,Tier 2 - candidate,0.40105,0.3626871621621621,2.493454681461164,2.757197122827544,0.3243243243243243,0.3243243243243243,3.083333333333333,0.3079599836659234,3.2471751300156098,Miss Cut: DataGolf core; ARG weakness tag,Tier 1 - core,0.0068672826853311,145.6180043579753,0.0080253080093322,124.60580937668068,0.0091944338521285,108.76145460206833,Winner: DG anchor + total SG overlay,Tier 4 - speculative,0.0389061387966826,25.702884709938488,0.0465203114618333,21.4959867760221,0.0566515113743312,17.65177972732956,Top 5: DG anchor + total SG overlay,Tier 3 - semi-core,0.0820344006980128,12.190007990443249,0.0975869679656489,10.247269905465291,0.1642248992124751,6.089210617850307,Top 10: DG anchor + putting overlay,Tier 2 - current-price / early value,0.1759951699323663,5.681974115450399,0.2032889219393951,4.919107202005438,0.176366418849929,5.670013637068316,0.2037177450272758,4.908752548120488,0.2190208201960809,4.5657759801316535,Top 20: DG anchor + OTT overlay,Tier 3 - experimental,0.051,-0.357,0.095,0.539,0.329,-0.012,-7.007,0,-0.04,-0.0037866683029305,2.62858712389063,3.75,skybet,0.26666666666666666,0.2190208201960809,Top 20: DG anchor + OTT overlay,Tier 3 - experimental,0.25,10.0,-0.047645846470585757,-0.17867192426469658,False,False,False
"Bezuidenhout, Christiaan",18103,0.0984,0.0950246137124301,0.6944444444444444,0.6362,0.6653222222222221,1.5718327569946555,1.503031112744034,0.72425660572356,1.3807261019055006,Make Cut: DG anchor + putting overlay,Tier 2 - candidate,0.3638,0.3346777777777778,2.7487630566245187,2.987948607283954,0.3055555555555556,0.3055555555555556,3.2727272727272725,0.2760586513755358,3.6224186237860447,Miss Cut: DataGolf core; ARG weakness tag,Tier 1 - core,0.0095857093445078,104.32196137607208,0.0099095213389205,100.91304774453704,0.0104916921651088,95.3135094189666,Winner: DG anchor + total SG overlay,Tier 4 - speculative,0.0537130382065243,18.617453664695773,0.0564018993942674,17.729899360475038,0.0641906661373206,15.57858891603864,Top 5: DG anchor + total SG overlay,Tier 3 - semi-core,0.1081239435907342,9.248645274955509,0.1150835930676136,8.689335928297638,0.1510880551173724,6.618656909860623,Top 10: DG anchor + putting overlay,Tier 2 - current-price / early value,0.2189769035531547,4.566691663704426,0.2316836609442373,4.316230138648769,0.218184878823295,4.583269039509776,0.2308456767276611,4.331898323483633,0.2326569437452014,4.298173885990561,Top 20: DG anchor + OTT overlay,Tier 3 - experimental,0.246,-0.352,0.19,0.321,0.406,0.019,-10.063,0,-0.04,-0.0068769314378491,2.61272322034711,3.5,skybet,0.2857142857142857,0.2326569437452014,Top 20: DG anchor + OTT overlay,Tier 3 - experimental,0.25,10.0,-0.05305734196908429,-0.18570069689179503,False,False,False
"Chatfield, Davis",30620,-0.0543999999999999,-0.0462536668837331,0.5649717514124294,0.58145,0.5732108757062147,1.7198383351964914,1.7445586648508145,0.5734325751830667,1.7438841866992871,Make Cut: DG anchor + putting overlay,Tier 2 - candidate,0.41855,0.4267891242937853,2.3892008123282764,2.34307751317402,0.4350282485875706,0.4350282485875706,2.2987012987012987,0.4336880921874858,2.3058046047704126,Miss Cut: DataGolf core; ARG weakness tag,Tier 1 - core,0.0059809514468458,167.19747834223946,0.0046321423900895,215.88282824368423,0.0027140221026719,368.4568371847493,Winner: DG anchor + total SG overlay,Tier 4 - speculative,0.0325075850068056,30.762051373260856,0.0273669935616038,36.54036742285818,0.0169060887218032,59.15028700342342,Top 5: DG anchor + total SG overlay,Tier 3 - semi-core,0.0718570392003936,13.916521069163696,0.0621773255165027,16.083033351677148,0.0540697593714351,18.49462641641228,Top 10: DG anchor + putting overlay,Tier 2 - current-price / early value,0.1617323956419569,6.1830531603192185,0.1436334354444659,6.962167248214551,0.1612168227309665,6.202826622310799,0.1431755586651496,6.98443232436578,0.1159992191176836,8.620747687839856,Top 20: DG anchor + OTT overlay,Tier 3 - experimental,0.086,-0.43,-0.004,0.062,-0.286,0.089,-20.593,0,-0.04,0.050731665581334,2.62925501752348,7.0,skybet,0.14285714285714285,0.1159992191176836,Top 20: DG anchor + OTT overlay,Tier 3 - experimental,0.25,10.0,-0.02685792373945925,-0.18800546617621483,False,False,False
"Glover, Lucas",7399,0.0422999999999999,0.0227884396705904,0.5154639175257733,0.6029,0.5591819587628866,1.658649859014762,1.7883266516901992,0.458460397069226,2.181213484071129,Make Cut: DG anchor + putting overlay,Tier 2 - candidate,0.3971,0.4408180412371134,2.518257365902796,2.2685096943709384,0.4845360824742267,0.4845360824742267,2.063829787234043,0.4982464340509335,2.0070389503234747,Miss Cut: DataGolf core; ARG weakness tag,Tier 1 - core,0.0089388650851008,111.87102506634588,0.0055944325425504,178.74913896881392,0.0017483234441854,571.9765431995785,Winner: DG anchor + total SG overlay,Tier 4 - speculative,0.0455975400405636,21.931007662044887,0.0310983040510658,32.1560943760123,0.0113444198219536,88.14906497596373,Top 5: DG anchor + total SG overlay,Tier 3 - semi-core,0.0928113313839589,10.774546438333232,0.0663821718247356,15.064285673572607,0.0247758483997495,40.36188726478117,Top 10: DG anchor + putting overlay,Tier 2 - current-price / early value,0.1945147871973794,5.140997321634332,0.1470145058614269,6.802049866715742,0.1940332166825023,5.1537567489606975,0.1466505342976082,6.8189318558542,0.1014068105661467,9.861270603197893,Top 20: DG anchor + OTT overlay,Tier 3 - experimental,0.221,-0.059,-0.089,-0.556,-0.483,0.076,-11.148,0,-0.04,-0.0875578016470479,2.71244474162198,8.0,skybet,0.125,0.1014068105661467,Top 20: DG anchor + OTT overlay,Tier 3 - experimental,0.25,10.0,-0.0235931894338533,-0.1887455154708264,False,False,False
"Vilips, Karl",24304,-0.0505,-0.0607500934166678,0.5649717514124294,0.5723,0.5686358757062147,1.7473353136466887,1.7585946344979635,0.5693691338069273,1.7563298405619214,Make Cut: DG anchor + putting overlay,Tier 2 - candidate,0.4276999999999999,0.4313641242937853,2.3380874444704234,2.3182270932641096,0.4350282485875706,0.4350282485875706,2.2987012987012987,0.4363040986922957,2.291979385472727,Miss Cut: DataGolf core; ARG weakness tag,Tier 1 - core,0.0071826808336408,139.2237833144963,0.0057413404168204,174.17535408112994,0.0036139769142134,276.7034830983801,Winner: DG anchor + total SG overlay,Tier 4 - speculative,0.038167640410291,26.200204918362555,0.0338882285745538,29.50877169044134,0.0231755778113381,43.14887025214841,Top 5: DG anchor + total SG overlay,Tier 3 - semi-core,0.0809347681902246,12.355629383525931,0.0724436173525955,13.803838578805742,0.0638078902672795,15.672042999873266,Top 10: DG anchor + putting overlay,Tier 2 - current-price / early value,0.1690646205367023,5.9148980834988425,0.1543889577643736,6.477147164411761,0.1678989327379705,5.955964005802457,0.1533244575528359,6.5221166665820265,0.1350202834472239,7.406294628250246,Top 20: DG anchor + OTT overlay,Tier 3 - experimental,0.027,-0.263,-0.019,0.023,-0.233,-0.059,2.573,0,-0.04,-0.041250467083339,2.77995170533926,6.0,skybet,0.16666666666666666,0.1350202834472239,Top 20: DG anchor + OTT overlay,Tier 3 - experimental,0.25,10.0,-0.03164638321944277,-0.18987829931665678,False,False,False
"Streelman, Kevin",8480,-0.184,-0.1701456759178358,0.4901960784313725,0.5249,0.5075480392156863,1.9051247856734612,1.9702568480912652,0.4763966281942959,2.099091263072826,Make Cut: DG anchor + putting overlay,Tier 2 - candidate,0.4750999999999999,0.4924519607843137,2.104820037886761,2.030654926030408,0.5098039215686274,0.5098039215686274,1.9615384615384617,0.5296944454366306,1.8878808502054305,Miss Cut: DataGolf core; ARG weakness tag,Tier 1 - core,0.0034492603924645,289.91722462723976,0.0028662968628989,348.8822155666766,0.0016931733560782,590.6069785530937,Winner: DG anchor + total SG overlay,Tier 4 - speculative,0.02319031733051,43.121445288907736,0.0193023048292762,51.80728461418139,0.0097138631502981,102.94565452770472,Top 5: DG anchor + total SG overlay,Tier 3 - semi-core,0.0552857266723447,18.087851244618346,0.0454950858590198,21.980395928887777,0.030961145513451,32.298546562676435,Top 10: DG anchor + putting overlay,Tier 2 - current-price / early value,0.1261412297656293,7.927622093569265,0.107578351787114,9.295550483789638,0.1263565757545553,7.91411126827682,0.1077620075719487,9.279708336282956,0.0888807655978875,11.251028197981316,Top 20: DG anchor + OTT overlay,Tier 3 - experimental,-0.224,-0.134,-0.124,-0.149,-0.632,0.025,-7.754,0,-0.04,0.079271620410821,2.74951885581213,9.0,skybet,0.1111111111111111,0.0888807655978875,Top 20: DG anchor + OTT overlay,Tier 3 - experimental,0.25,10.0,-0.0222303455132236,-0.20007310961901248,False,False,False
"Walker, Danny",25003,-0.28725,-0.3010637020376991,0.4291845493562232,0.48075,0.4549672746781116,2.080083203328133,2.1979602834236767,0.4052017995290497,2.4679061177967645,Make Cut: DG anchor + putting overlay,Tier 2 - candidate,0.51925,0.5450327253218884,1.9258545979778527,1.834752214941616,0.5708154506437768,0.5708154506437768,1.7518796992481205,0.5910780912840373,1.6918238296189172,Miss Cut: DataGolf core; ARG weakness tag,Tier 1 - core,0.0041450685323686,241.25053474774825,0.0030558675995176,327.23930845624744,0.0013143548038939,760.8295697914988,Winner: DG anchor + total SG overlay,Tier 4 - speculative,0.0220746892345956,45.30075098102818,0.016822357844811,59.44469908589269,0.0060814596758047,164.4342071326282,Top 5: DG anchor + total SG overlay,Tier 3 - semi-core,0.0485990129130684,20.576549605827395,0.0382716355774133,26.129011339932568,0.0222457960054577,44.95231367556647,Top 10: DG anchor + putting overlay,Tier 2 - current-price / early value,0.1063492704658626,9.402979405683777,0.0872760629834215,11.457895393264405,0.1061217951674124,9.423134978280851,0.0870893842371758,11.48245574083563,0.0661309755717815,15.121506848398973,Top 20: DG anchor + OTT overlay,Tier 3 - experimental,-0.345,-0.238,-0.129,-0.251,-0.963,-0.069,4.612,0,-0.04,-0.0590685101884958,2.95794684817245,12.0,skybet,0.08333333333333333,0.0661309755717815,Top 20: DG anchor + OTT overlay,Tier 3 - experimental,0.25,10.0,-0.017202357761551823,-0.206428293138622,False,False,False
"Horschel, Billy",11276,0.13745,0.1492878376214684,0.6578947368421053,0.65515,0.6565223684210526,1.5263680073265664,1.5231773479478192,0.660389926224164,1.514256896251561,Make Cut: DG anchor + putting overlay,Tier 2 - candidate,0.34485,0.3434776315789474,2.899811512251704,2.911397739069808,0.3421052631578947,0.3421052631578947,2.923076923076924,0.3594441641028207,2.7820732671958064,Miss Cut: DataGolf core; ARG weakness tag,Tier 1 - core,0.0135440507147283,73.83315531390903,0.0120886920240308,82.72193534355272,0.0101241562493581,98.7736632436305,Winner: DG anchor + total SG overlay,Tier 4 - speculative,0.0688323328177688,14.528056206484596,0.0615572841337521,16.24503117823055,0.0523045389525553,19.11879963050788,Top 5: DG anchor + total SG overlay,Tier 3 - semi-core,0.1291433708621873,7.743332029540477,0.1192497815710647,8.385759594905997,0.1076203566985663,9.291922371163462,Top 10: DG anchor + putting overlay,Tier 2 - current-price / early value,0.2498477671014111,4.00243721047188,0.2338800813709165,4.275695451012238,0.2488457233572071,4.018554092507122,0.2329420779012417,4.292912680309999,0.2257403047484769,4.429869097209797,Top 20: DG anchor + OTT overlay,Tier 3 - experimental,0.263,0.016,-0.119,0.007,0.168,0.004,-2.521,0,-0.04,0.0691891881073421,2.72655567615451,3.5,skybet,0.2857142857142857,0.2257403047484769,Top 20: DG anchor + OTT overlay,Tier 3 - experimental,0.25,10.0,-0.059973980965808804,-0.2099089333803308,False,False,False
"Peterson, Paul",16341,-0.17185,-0.1581327617470124,0.5319148936170213,0.53305,0.5324824468085106,1.875996623206078,1.8779961780779908,0.5358431865736579,1.866217626829036,Make Cut: DG anchor + putting overlay,Tier 2 - candidate,0.46695,0.4675175531914893,2.1415569118749334,2.1389571218739083,0.4680851063829787,0.4680851063829787,2.136363636363636,0.4508710908219051,2.217928850077908,Miss Cut: DataGolf core; ARG weakness tag,Tier 1 - core,0.0026696172647904,374.5855307384293,0.0022848086323952,437.6734164172324,0.001457896489703,685.9197529199519,Winner: DG anchor + total SG overlay,Tier 4 - speculative,0.0212659274061515,47.02357818219253,0.0179602950522821,55.67837260406999,0.0097974938643103,102.06691770869438,Top 5: DG anchor + total SG overlay,Tier 3 - semi-core,0.0507884769869105,19.68950555965135,0.0442150243279911,22.616746574239286,0.0374390678661392,26.710066702927246,Top 10: DG anchor + putting overlay,Tier 2 - current-price / early value,0.1248187769108887,8.011615117122366,0.1114771207959524,8.970450553978681,0.124615406415751,8.024689954175702,0.1112954882097833,8.985090196244773,0.0877157087566662,11.400466509073292,Top 20: DG anchor + OTT overlay,Tier 3 - experimental,-0.085,-0.542,0.086,0.018,-0.523,0.088,-22.905,0,-0.04,0.078586191264938,2.61486441133702,9.0,skybet,0.1111111111111111,0.0877157087566662,Top 20: DG anchor + OTT overlay,Tier 3 - experimental,0.25,10.0,-0.0233954023544449,-0.21055862119000412,False,False,False
"Putnam, Andrew",14704,-0.0566,-0.0624315686922109,0.6172839506172839,0.57425,0.595766975308642,1.7414018284719197,1.6785086140129566,0.6482243824586363,1.5426756954237382,Make Cut: DG anchor + putting overlay,Tier 2 - candidate,0.4257499999999999,0.404233024691358,2.348796241926013,2.4738206403683245,0.3827160493827161,0.3827160493827161,2.6129032258064515,0.3313586822481728,3.0178777668214067,Miss Cut: DataGolf core; ARG weakness tag,Tier 1 - core,0.0042956295646592,232.79474753296827,0.0047728147823296,209.51996790286069,0.004734163996743,211.23053630756323,Winner: DG anchor + total SG overlay,Tier 4 - speculative,0.025894055395436,38.61890247505438,0.0292624443643846,34.17349513074514,0.0287866873884608,34.73827976472388,Top 5: DG anchor + total SG overlay,Tier 3 - semi-core,0.0637730901970962,15.68059501130356,0.0687375993914774,14.548078618584793,0.0907798427041902,11.015661298935497,Top 10: DG anchor + putting overlay,Tier 2 - current-price / early value,0.1539493162881404,6.4956443075612125,0.1585507259900887,6.30712974510449,0.1536734981995106,6.5073028968321145,0.1582666639413063,6.318449982435045,0.1403843895982397,7.123299127929098,Top 20: DG anchor + OTT overlay,Tier 3 - experimental,0.117,-0.723,0.304,0.294,-0.008,0.072,-22.763,0,-0.04,-0.0191578434610548,2.61198799878153,5.5,skybet,0.18181818181818182,0.1403843895982397,Top 20: DG anchor + OTT overlay,Tier 3 - experimental,0.25,10.0,-0.04143379221994212,-0.22788585720968157,False,False,False
"Malnati, Peter",14926,-0.5121000000000001,-0.5218703993818904,0.4032258064516129,0.3886,0.3959129032258064,2.573340195573855,2.525808054883365,0.4262606366681569,2.345982513929613,Make Cut: DG anchor + putting overlay,Tier 2 - candidate,0.6113999999999999,0.6040870967741936,1.635590448151783,1.655390431843304,0.596774193548387,0.596774193548387,1.675675675675676,0.5680161154751849,1.760513430439259,Miss Cut: DataGolf core; ARG weakness tag,Tier 1 - core,0.0015861641872725,630.4517577839841,0.0014097487603029,709.3462524379962,0.0007918926617379,1262.797407170397,Winner: DG anchor + total SG overlay,Tier 4 - speculative,0.0086110387363966,116.13000830820236,0.0086992594475633,114.9523135880369,0.0043046950567782,232.30449237638615,Top 5: DG anchor + total SG overlay,Tier 3 - semi-core,0.0205145765927925,48.74582692344399,0.0208905506821586,47.868532295514754,0.0246992986432162,40.486979587764665,Top 10: DG anchor + putting overlay,Tier 2 - current-price / early value,0.0547594682582972,18.26168207629517,0.0550813026416546,18.154980947087505,0.0543793344925311,18.389338695149863,0.0546989347395831,18.28189168145436,0.0453924837891223,22.030078914510405,Top 20: DG anchor + OTT overlay,Tier 3 - experimental,-0.62,-0.828,0.155,0.204,-1.09,-0.079,-6.396,0,-0.04,-0.0388519969094514,2.86096858188578,17.0,skybet,0.058823529411764705,0.0453924837891223,Top 20: DG anchor + OTT overlay,Tier 3 - experimental,0.25,10.0,-0.013431045622642405,-0.2283277755849209,False,False,False
"Kang, Jeffrey",21889,-0.22705,-0.2488226296478147,0.4504504504504504,0.49025,0.4703502252252252,2.039775624681285,2.1260753080774104,0.4204544347124256,2.3783790048116886,Make Cut: DG anchor + putting overlay,Tier 2 - candidate,0.5097499999999999,0.5296497747747748,1.9617459538989703,1.8880400740758063,0.5495495495495496,0.5495495495495496,1.8196721311475408,0.5464408175949041,1.830024346280324,Miss Cut: DataGolf core; ARG weakness tag,Tier 1 - core,0.0033017263483578,302.871859897588,0.0025841965075122,386.9674759999954,0.0012933685005952,773.1748527505907,Winner: DG anchor + total SG overlay,Tier 4 - speculative,0.0224292187700625,44.58470044149523,0.0175434387501106,57.00136753369945,0.0070865682096018,141.11202636066716,Top 5: DG anchor + total SG overlay,Tier 3 - semi-core,0.0506355474606632,19.748971822154388,0.0401497332060411,24.906765752792968,0.0225673389631799,44.31182611434885,Top 10: DG anchor + putting overlay,Tier 2 - current-price / early value,0.1105530441198887,9.045431611232292,0.0922013196234919,10.845831752555638,0.1111839370858163,8.994104959857278,0.0927274848183337,10.78428905905451,0.0695033968810313,14.387785991405517,Top 20: DG anchor + OTT overlay,Tier 3 - experimental,-0.201,-0.346,0.006,-0.306,-0.848,-0.057,-2.91,0,-0.04,-0.0988631482390733,2.84061901045131,11.0,skybet,0.09090909090909091,0.0695033968810313,Top 20: DG anchor + OTT overlay,Tier 3 - experimental,0.25,10.0,-0.021405694028059613,-0.23546263430865577,False,False,False
"Merritt, Troy",13367,-0.5193500000000001,-0.5073913592015902,0.3831417624521073,0.39095,0.3870458812260536,2.557871850620284,2.583673017866198,0.3945765667431149,2.534362362808636,Make Cut: DG anchor + putting overlay,Tier 2 - candidate,0.60905,0.6129541187739463,1.641901321730564,1.6314434790000878,0.6168582375478927,0.6168582375478927,1.6211180124223603,0.6219290698313206,1.6079003997533348,Miss Cut: DataGolf core; ARG weakness tag,Tier 1 - core,0.0008694630547803,1150.1351259284952,0.0008513981940568,1174.5385496239878,0.0005043148902959,1982.8881106665408,Winner: DG anchor + total SG overlay,Tier 4 - speculative,0.0072504680463548,137.9221304895961,0.0063859221544905,156.59445508536444,0.002436634986848,410.4020525838175,Top 5: DG anchor + total SG overlay,Tier 3 - semi-core,0.0203209051166829,49.2104064389842,0.0173317822240461,57.69747087016824,0.015214817950201,65.72540028234683,Top 10: DG anchor + putting overlay,Tier 2 - current-price / early value,0.0531713499415386,18.807120772737395,0.0479444064707508,20.857490448026816,0.053001018936095,18.867561795476643,0.0477908196430975,20.924520806883244,0.0363494842461704,27.510706705703928,Top 20: DG anchor + OTT overlay,Tier 3 - experimental,-0.641,-0.688,-0.042,0.094,-1.278,0.001,-12.074,0,-0.04,0.0697932039920496,2.808811159062,21.0,skybet,0.047619047619047616,0.0363494842461704,Top 20: DG anchor + OTT overlay,Tier 3 - experimental,0.25,10.0,-0.011269563372877218,-0.23666083083042166,False,False,False
"Tosti, Alejandro",17032,-0.37645,-0.4020399402881868,0.390625,0.43315,0.4118874999999999,2.308669052291354,2.427847409790295,0.3385640236847096,2.9536510971149657,Make Cut: DG anchor + putting overlay,Tier 2 - candidate,0.5668500000000001,0.5881125,1.7641351327511685,1.7003549490956236,0.609375,0.609375,1.641025641025641,0.6161625942129398,1.6229482435189984,Miss Cut: DataGolf core; ARG weakness tag,Tier 1 - core,0.0032526799296491,307.43879558658523,0.0022846732981578,437.6993423113459,0.0008241734135667,1213.3368821887575,Winner: DG anchor + total SG overlay,Tier 4 - speculative,0.0164639494164271,60.73876775898227,0.0130601228563617,76.56895811764049,0.0045267582802501,220.90863662036463,Top 5: DG anchor + total SG overlay,Tier 3 - semi-core,0.0375397320978532,26.638442634415792,0.0301550782672638,33.161910280484825,0.0141252089053514,70.79541312986477,Top 10: DG anchor + putting overlay,Tier 2 - current-price / early value,0.0866646055947464,11.538735948053734,0.0715901922458877,13.968393834805523,0.0863528780179755,11.580389941280655,0.0713326864625725,14.018818715382164,0.0587106278868961,17.032691285919526,Top 20: DG anchor + OTT overlay,Tier 3 - experimental,-0.579,0.008,-0.052,-0.548,-1.171,-0.061,8.517,0,-0.04,-0.117949701440934,2.99909996156092,13.0,skybet,0.07692307692307693,0.0587106278868961,Top 20: DG anchor + OTT overlay,Tier 3 - experimental,0.25,10.0,-0.018212449036180828,-0.23676183747035073,False,False,False
"Hoge, Tom",15575,0.0550499999999999,0.0570890959630576,0.5649717514124294,0.6218,0.5933858757062147,1.608234158893535,1.6852440223823255,0.5530270475906578,1.8082298223145583,Make Cut: DG anchor + putting overlay,Tier 2 - candidate,0.3782,0.4066141242937853,2.644103648863036,2.459334145700959,0.4350282485875706,0.4350282485875706,2.2987012987012987,0.4473284346788784,2.235493929014071,Miss Cut: DataGolf core; ARG weakness tag,Tier 1 - core,0.0109458913427919,91.35848042731708,0.0076896123380626,130.04556745339718,0.0036969899877649,270.49031869425085,Winner: DG anchor + total SG overlay,Tier 4 - speculative,0.0550658751750056,18.160067316135187,0.0411073291218943,24.32656223017382,0.0209666822650365,47.69471809412449,Top 5: DG anchor + total SG overlay,Tier 3 - semi-core,0.1076451260627508,9.289784280776988,0.0832238349770223,12.015788509098318,0.0517777304160986,19.3133223871296,Top 10: DG anchor + putting overlay,Tier 2 - current-price / early value,0.2113299485379635,4.731936987247972,0.1726962733634057,5.790512907569779,0.2107456977096061,4.745055348071375,0.1722188306655541,5.80656596108228,0.1271419166812929,7.865226717532532,Top 20: DG anchor + OTT overlay,Tier 3 - experimental,0.291,-0.334,-0.082,-0.133,-0.258,-0.001,-7.301,0,-0.04,0.0201954798152883,2.76059520692904,6.0,skybet,0.16666666666666666,0.1271419166812929,Top 20: DG anchor + OTT overlay,Tier 3 - experimental,0.25,10.0,-0.03952474998537375,-0.23714849991224252,False,False,False
"Riley, Davis",19872,-0.3422,-0.3392371580308612,0.4761904761904761,0.4561,0.4661452380952381,2.1925016443762333,2.1452541359988966,0.507452951514289,1.970626039351831,Make Cut: DG anchor + putting overlay,Tier 2 - candidate,0.5439,0.5338547619047619,1.8385732671446957,1.8731686431569137,0.5238095238095238,0.5238095238095238,1.909090909090909,0.5224487821543286,1.914063223339289,Miss Cut: DataGolf core; ARG weakness tag,Tier 1 - core,0.0029598415791789,337.8559200717052,0.0030132541229227,331.86713075166176,0.0022297675139416,448.4772487478963,Winner: DG anchor + total SG overlay,Tier 4 - speculative,0.0182040465846883,54.93284118714092,0.0184823774289483,54.10559349544144,0.0114336205464027,87.46135976277598,Top 5: DG anchor + total SG overlay,Tier 3 - semi-core,0.0416615850400786,24.002927373934437,0.0415868489173457,24.04606326359351,0.0508428695861665,19.66844137908538,Top 10: DG anchor + putting overlay,Tier 2 - current-price / early value,0.094574767638232,10.573644799479773,0.0936726755875327,10.675471728845263,0.0948002476130141,10.548495654590676,0.0938960048439158,10.650080391197775,0.0829087759296815,12.061449331348742,Top 20: DG anchor + OTT overlay,Tier 3 - experimental,-0.426,-0.54,-0.004,0.275,-0.695,-0.079,1.791,0,-0.04,0.024814209845694,2.94823980098664,9.0,skybet,0.1111111111111111,0.0829087759296815,Top 20: DG anchor + OTT overlay,Tier 3 - experimental,0.25,10.0,-0.028202335181429602,-0.2538210166328665,False,False,False
"Jaeger, Stephan",16394,-0.0434999999999999,-0.0487859480713925,0.6289308176100629,0.5775,0.6032154088050314,1.7316017316017316,1.6577825854631234,0.6566729299478575,1.5228281148720475,Make Cut: DG anchor + putting overlay,Tier 2 - candidate,0.4225,0.3967845911949685,2.366863905325444,2.520259158724812,0.3710691823899371,0.3710691823899371,2.694915254237288,0.3326342482622015,3.0063049888108404,Miss Cut: DataGolf core; ARG weakness tag,Tier 1 - core,0.0085634766600213,116.7750015211126,0.0087650716633439,114.0891984012018,0.0083549990007766,119.68882341063588,Winner: DG anchor + total SG overlay,Tier 4 - speculative,0.0424013677283597,23.58414488906118,0.0453498935202645,22.050768422491476,0.0449409174328318,22.251437156230462,Top 5: DG anchor + total SG overlay,Tier 3 - semi-core,0.0870192196540266,11.49171417505037,0.0927347889996924,10.783439643166885,0.1177974252317663,8.489149894681487,Top 10: DG anchor + putting overlay,Tier 2 - current-price / early value,0.1774850033154553,5.634278847901514,0.1877541637590281,5.326113573084022,0.1769977011105153,5.649790894038851,0.1872386665830565,5.3407771922815614,0.185201917894344,5.3995121182842745,Top 20: DG anchor + OTT overlay,Tier 3 - experimental,0.018,-0.41,0.226,0.265,0.098,-0.089,5.804,0,-0.04,-0.0164297403569626,2.80340325960561,4.0,skybet,0.25,0.185201917894344,Top 20: DG anchor + OTT overlay,Tier 3 - experimental,0.25,10.0,-0.06479808210565599,-0.25919232842262396,False,False,False
"Hadwin, Adam",13965,-0.2538,-0.2372410467668944,0.4830917874396135,0.5008,0.4919458937198068,1.996805111821086,2.032743870344329,0.4734426589062689,2.112188205241509,Make Cut: DG anchor + putting overlay,Tier 2 - candidate,0.4992,0.5080541062801932,2.003205128205128,1.9682942970812196,0.5169082125603864,0.5169082125603864,1.9345794392523368,0.5337716293829885,1.8734603807173988,Miss Cut: DataGolf core; ARG weakness tag,Tier 1 - core,0.0030084720964165,332.39464018666405,0.0024792360482082,403.35005645093423,0.0013894163769574,719.7266539996954,Winner: DG anchor + total SG overlay,Tier 4 - speculative,0.0201073327596354,49.73310045415138,0.0164716128083891,60.71050914277734,0.0075440755300803,132.5543462565713,Top 5: DG anchor + total SG overlay,Tier 3 - semi-core,0.0472778390918085,21.151558937753205,0.0400493398200745,24.96920060337061,0.0293827777424097,34.03354198730658,Top 10: DG anchor + putting overlay,Tier 2 - current-price / early value,0.1113639512483301,8.979566446687068,0.0978870828317722,10.215852501382534,0.1114035211202808,8.976376957783174,0.0979218640988686,10.212223890982417,0.0823107676246088,12.14907877618949,Top 20: DG anchor + OTT overlay,Tier 3 - experimental,-0.322,-0.22,-0.107,-0.11,-0.759,-0.005,-5.105,0,-0.04,0.0927947661655277,2.79680608946712,9.0,skybet,0.1111111111111111,0.0823107676246088,Top 20: DG anchor + OTT overlay,Tier 3 - experimental,0.25,10.0,-0.028800343486502303,-0.2592030913785208,False,False,False
"Lower, Justin",17723,-0.28855,-0.2858924364819173,0.4385964912280702,0.48315,0.4608732456140351,2.069750595053296,2.169793993286962,0.4290983368018179,2.33046813337302,Make Cut: DG anchor + putting overlay,Tier 2 - candidate,0.51685,0.5391267543859649,1.9347973299796848,1.8548513718985136,0.5614035087719298,0.5614035087719298,1.78125,0.5752100295497804,1.7384954166788515,Miss Cut: DataGolf core; ARG weakness tag,Tier 1 - core,0.0027660548525756,361.5257300732191,0.0019913607596211,502.1691801289923,0.000834467778452,1198.368619882474,Winner: DG anchor + total SG overlay,Tier 4 - speculative,0.0173075219534739,57.77834647202505,0.0138136617703877,72.39210114031384,0.0056736009204991,176.2549065421426,Top 5: DG anchor + total SG overlay,Tier 3 - semi-core,0.0421154362170882,23.744263144881117,0.0338980349676109,29.500235071309703,0.0229782839197986,43.51935085710977,Top 10: DG anchor + putting overlay,Tier 2 - current-price / early value,0.100229591096043,9.97709348172208,0.0828321266346908,12.072610478905553,0.1001768271673956,9.982348495915112,0.0827885212645434,12.078969218505405,0.0614758445093133,16.266551651006676,Top 20: DG anchor + OTT overlay,Tier 3 - experimental,-0.329,-0.35,-0.091,-0.11,-0.88,0.027,-11.062,0,-0.04,0.0232878175904133,2.78432729318464,12.0,skybet,0.08333333333333333,0.0614758445093133,Top 20: DG anchor + OTT overlay,Tier 3 - experimental,0.25,10.0,-0.021857488824020027,-0.2622898658882403,False,False,False
"Simpson, Webb",11049,-0.1874499999999999,-0.1984597751139311,0.5128205128205129,0.5197,0.5162602564102565,1.924187030979411,1.937007522045877,0.5131504697017772,1.9487461457088024,Make Cut: DG anchor + putting overlay,Tier 2 - candidate,0.4802999999999999,0.4837397435897435,2.082032063293775,2.0672272916407164,0.4871794871794871,0.4871794871794871,2.0526315789473686,0.4750124935194978,2.105207786411523,Miss Cut: DataGolf core; ARG weakness tag,Tier 1 - core,0.0035479376916084,281.8538787660178,0.0032656355124708,306.2191099347052,0.0022994608219334,434.8845566149581,Winner: DG anchor + total SG overlay,Tier 4 - speculative,0.0215689507136258,46.36294149294261,0.0200262511504637,49.934458151287245,0.0124589923539449,80.26331276167521,Top 5: DG anchor + total SG overlay,Tier 3 - semi-core,0.0501259715542195,19.94973800993233,0.046968548038922,21.29084337823936,0.0423790523804273,23.596563486677837,Top 10: DG anchor + putting overlay,Tier 2 - current-price / early value,0.1208030751082307,8.27793497064601,0.1126072973863883,8.880419148758266,0.1203129009219726,8.311660614421863,0.1121503786340002,8.916599410363766,0.0979082386077156,10.213645084625131,Top 20: DG anchor + OTT overlay,Tier 3 - experimental,-0.181,-0.368,0.057,-0.016,-0.509,-0.021,-2.44,0,-0.04,-0.0450488755696555,2.74345064923382,7.5,skybet,0.13333333333333333,0.0979082386077156,Top 20: DG anchor + OTT overlay,Tier 3 - experimental,0.25,10.0,-0.03542509472561774,-0.2656882104421331,False,False,False
"Power, Seamus",10104,-0.2020499999999999,-0.1965364252840739,0.5747126436781609,0.51675,0.5457313218390805,1.935171746492501,1.8324035289564515,0.5930172367229998,1.686291625393518,Make Cut: DG anchor + putting overlay,Tier 2 - candidate,0.4832499999999999,0.4542686781609195,2.0693222969477496,2.201340413889952,0.4252873563218391,0.4252873563218391,2.3513513513513518,0.4031346343226941,2.4805608718786925,Miss Cut: DataGolf core; ARG weakness tag,Tier 1 - core,0.00291128359322,343.4910986785519,0.0034639751299433,288.68567541256,0.0033036583231931,302.69474085124034,Winner: DG anchor + total SG overlay,Tier 4 - speculative,0.0222772263225459,44.8888917103624,0.0245510906143754,40.7313880962367,0.0202334407635871,49.42313132424014,Top 5: DG anchor + total SG overlay,Tier 3 - semi-core,0.0495148675401549,20.195954259375384,0.0550594485608422,18.162186984037287,0.0673221169659413,14.853959516839108,Top 10: DG anchor + putting overlay,Tier 2 - current-price / early value,0.1157254953030517,8.64113821575175,0.1273951630486288,7.849591586285606,0.1169476931759524,8.550831340430634,0.1287406063918449,7.76755701271378,0.1334853253354086,7.491460184760381,Top 20: DG anchor + OTT overlay,Tier 3 - experimental,-0.286,-0.289,0.117,0.158,-0.302,0.007,-4.068,0,-0.04,0.0375678735796304,2.73160677328355,5.5,skybet,0.18181818181818182,0.1334853253354086,Top 20: DG anchor + OTT overlay,Tier 3 - experimental,0.25,10.0,-0.04833285648277322,-0.26583071065525266,False,False,False
"Ramey, Chad",19840,-0.208,-0.2195570241642248,0.5555555555555556,0.50695,0.5312527777777778,1.972581122398659,1.8823430988596137,0.5724083603652456,1.7470045325017869,Make Cut: DG anchor + putting overlay,Tier 2 - candidate,0.49305,0.4687472222222222,2.0281918669506136,2.1333459753835577,0.4444444444444444,0.4444444444444444,2.25,0.4260125542190983,2.347348664015427,Miss Cut: DataGolf core; ARG weakness tag,Tier 1 - core,0.0030571741841839,327.0994518969233,0.0033119204254252,301.93962159329044,0.0029316627940512,341.1033499586497,Winner: DG anchor + total SG overlay,Tier 4 - speculative,0.0182040465846883,54.93284118714092,0.0208718612553071,47.91139552758996,0.017733426030826,56.39068267246839,Top 5: DG anchor + total SG overlay,Tier 3 - semi-core,0.0446924163591834,22.375160742332955,0.0492303087086922,20.31269001210705,0.0590352901029327,16.939020681636684,Top 10: DG anchor + putting overlay,Tier 2 - current-price / early value,0.1072098964383496,9.327497117535634,0.1160865965939483,8.614258918261118,0.1077091695100856,9.284260611686936,0.1166272081754749,8.574328543434051,0.1221121565826785,8.189192853398911,Top 20: DG anchor + OTT overlay,Tier 3 - experimental,-0.322,-0.218,0.094,0.142,-0.304,-0.007,-3.311,0,-0.04,-0.0477851208211238,2.73239136299326,6.0,skybet,0.16666666666666666,0.1221121565826785,Top 20: DG anchor + OTT overlay,Tier 3 - experimental,0.25,10.0,-0.044554510083988155,-0.26732706050392896,False,False,False
"Wu, Dylan",25002,-0.2191,-0.2352309234571275,0.4524886877828054,0.4979,0.4751943438914027,2.008435428800964,2.1044021522035044,0.4428220718253948,2.2582433524097256,Make Cut: DG anchor + putting overlay,Tier 2 - candidate,0.5021,0.5248056561085973,1.991635132443736,1.9054672684264504,0.5475113122171946,0.5475113122171946,1.8264462809917357,0.5542375463841986,1.8042805048555803,Miss Cut: DataGolf core; ARG weakness tag,Tier 1 - core,0.0022397000607838,446.4883568606208,0.0016948500303919,590.0227052943229,0.000809063505569,1235.9969188038026,Winner: DG anchor + total SG overlay,Tier 4 - speculative,0.0189536646047996,52.76024562272624,0.0145475763500188,68.73997262084855,0.0058275466125479,171.59879902921574,Top 5: DG anchor + total SG overlay,Tier 3 - semi-core,0.0413591728046847,24.178433275791463,0.0332988125928185,30.031100875220567,0.0225631310923233,44.32008996926105,Top 10: DG anchor + putting overlay,Tier 2 - current-price / early value,0.1000274698136164,9.997253773021791,0.0836688792532025,11.951875164644608,0.1006880944509168,9.931660793198123,0.084221464689113,11.873457718781117,0.0607574966140882,16.45887430734142,Top 20: DG anchor + OTT overlay,Tier 3 - experimental,-0.145,-0.493,-0.05,-0.111,-0.799,-0.008,-7.296,0,-0.04,-0.0706546172856375,2.7133618616922,12.0,skybet,0.08333333333333333,0.0607574966140882,Top 20: DG anchor + OTT overlay,Tier 3 - experimental,0.25,10.0,-0.02257583671924513,-0.2709100406309416,False,False,False
"Svensson, Adam",13997,-0.2461999999999999,-0.2628898625911897,0.4405286343612334,0.48955,0.4650393171806167,2.042692268409764,2.150355815208652,0.4177189992595252,2.3939538344501026,Make Cut: DG anchor + putting overlay,Tier 2 - candidate,0.5104500000000001,0.5349606828193832,1.9590557351356643,1.8692962531932955,0.5594713656387665,0.5594713656387665,1.7874015748031495,0.5532210111016013,1.8075958431310304,Miss Cut: DataGolf core; ARG weakness tag,Tier 1 - core,0.0034985674138782,285.8312794068678,0.0024409503736057,409.67649765152606,0.0009458327170326,1057.269411378937,Winner: DG anchor + total SG overlay,Tier 4 - speculative,0.0221759406506498,45.09391577807531,0.0159621733676529,62.64811044005347,0.0053293004030048,187.64189000045255,Top 5: DG anchor + total SG overlay,Tier 3 - semi-core,0.0458573717338156,21.80674474334496,0.0346719987577207,28.841717692358912,0.0188859198498929,52.94949930679008,Top 10: DG anchor + putting overlay,Tier 2 - current-price / early value,0.1052358204843696,9.50246784219758,0.0836286513876134,11.95762437164105,0.1060244712489809,9.431784834386631,0.0842553752498562,11.868678965995183,0.0559969688836771,17.858109464412358,Top 20: DG anchor + OTT overlay,Tier 3 - experimental,-0.186,-0.49,0.024,-0.238,-0.89,0.006,-9.098,0,-0.04,-0.0734493129559488,2.76934939551653,13.0,skybet,0.07692307692307693,0.0559969688836771,Top 20: DG anchor + OTT overlay,Tier 3 - experimental,0.25,10.0,-0.02092610803939983,-0.27203940451219777,False,False,False
"Campos, Rafael",12909,-0.27615,-0.2631345977217704,0.3921568627450981,0.48875,0.440453431372549,2.0460358056265986,2.2703875796444173,0.3626881369114981,2.757189712670465,Make Cut: DG anchor + putting overlay,Tier 2 - candidate,0.51125,0.559546568627451,1.9559902200489,1.7871613482555464,0.6078431372549019,0.6078431372549019,1.6451612903225807,0.6507329923835462,1.5367285994477342,Miss Cut: DataGolf core; ARG weakness tag,Tier 1 - core,0.0031547893596023,316.9783735184334,0.0020523946798011,487.23572022554873,0.000601743006968,1661.839005057466,Winner: DG anchor + total SG overlay,Tier 4 - speculative,0.0204594380276375,48.877197831590216,0.0138413793673541,72.24713472983562,0.003453989465246,289.52028084103284,Top 5: DG anchor + total SG overlay,Tier 3 - semi-core,0.0472270660566351,21.174298627841743,0.0327505529297124,30.533835631604404,0.0137751216127407,72.59464040412483,Top 10: DG anchor + putting overlay,Tier 2 - current-price / early value,0.1082733003568214,9.235887302820156,0.0791602233794471,12.632607101253276,0.108577139705824,9.210041844069323,0.0793823648553165,12.597256353128495,0.0478975852721673,20.87787921494836,Top 20: DG anchor + OTT overlay,Tier 3 - experimental,-0.268,-0.281,-0.271,-0.314,-1.133,-0.044,0.801,0,-0.04,0.0750770113911483,2.83913747041942,15.0,skybet,0.06666666666666667,0.0478975852721673,Top 20: DG anchor + OTT overlay,Tier 3 - experimental,0.25,10.0,-0.018769081394499364,-0.28153622091749053,False,False,False
"Davis, Cam",17786,-0.4216499999999999,-0.4372384663072163,0.3703703703703703,0.4266,0.3984851851851851,2.344116268166901,2.509503583013449,0.3622827405419793,2.760275023049644,Make Cut: DG anchor + putting overlay,Tier 2 - candidate,0.5734,0.6015148148148148,1.7439832577607255,1.662469444427341,0.6296296296296297,0.6296296296296297,1.588235294117647,0.642981362113907,1.5552550336954332,Miss Cut: DataGolf core; ARG weakness tag,Tier 1 - core,0.0022397000607838,446.4883568606208,0.0017865166970585,559.7484768244634,0.0008077800612002,1237.960737127073,Winner: DG anchor + total SG overlay,Tier 4 - speculative,0.013269273189186,75.36207791810033,0.0108785023353337,91.92441837806726,0.003756843630063,266.1808950465173,Top 5: DG anchor + total SG overlay,Tier 3 - semi-core,0.0314056153885598,31.841439425010293,0.0254137303133275,39.34880821000833,0.0175011024566322,57.13925751123415,Top 10: DG anchor + putting overlay,Tier 2 - current-price / early value,0.0778222206463589,12.849800374422848,0.0627375221752163,15.939424531417623,0.0779723962969168,12.825051524542426,0.062858588473875,15.908725033105291,0.0411335413938261,24.311060174120904,Top 20: DG anchor + OTT overlay,Tier 3 - experimental,-0.44,-0.641,-0.093,-0.101,-1.275,-0.07,0.649,0,-0.04,-0.0679423315360819,2.97480965322386,17.0,skybet,0.058823529411764705,0.0411335413938261,Top 20: DG anchor + OTT overlay,Tier 3 - experimental,0.25,10.0,-0.017689988017938606,-0.30072979630495633,False,False,False
"Whaley, Vince",25908,-0.46205,-0.4717273018119624,0.4587155963302752,0.4037,0.4312077981651376,2.477086945751796,2.3190675220976287,0.5008575566124148,1.9965756467039653,Make Cut: DG anchor + putting overlay,Tier 2 - candidate,0.5963,0.5687922018348623,1.6770082173402647,1.7581113045750412,0.5412844036697249,0.5412844036697249,1.847457627118644,0.5107424155371579,1.9579341162575663,Miss Cut: DataGolf core; ARG weakness tag,Tier 1 - core,0.0010891465605988,918.1500783973436,0.0014029066136327,712.8058206316276,0.0011961469745821,836.0176644257028,Winner: DG anchor + total SG overlay,Tier 4 - speculative,0.00743708493387,134.46128542189834,0.0091952322817498,108.75201075504567,0.0061898379514652,161.5551178950137,Top 5: DG anchor + total SG overlay,Tier 3 - semi-core,0.0177169434603965,56.44314450939832,0.0223630902366917,44.71653914624337,0.0361439765995367,27.66712725275549,Top 10: DG anchor + putting overlay,Tier 2 - current-price / early value,0.0534690181332492,18.70241936195493,0.0616283426173331,16.226300392487705,0.0536606551653143,18.63562785283302,0.0618492232895917,16.168351788635714,0.0579616278810858,17.252793555964335,Top 20: DG anchor + OTT overlay,Tier 3 - experimental,-0.579,-0.79,0.161,0.378,-0.83,-0.09,-1.89,0,-0.04,-0.0383865090598121,2.73370070665298,12.0,skybet,0.08333333333333333,0.0579616278810858,Top 20: DG anchor + OTT overlay,Tier 3 - experimental,0.25,10.0,-0.025371705452247525,-0.30446046542697036,False,False,False
"Ewart, A.J.",21883,-0.13165,-0.1476558972743623,0.5586592178770949,0.5414,0.5500296089385475,1.847063169560399,1.8180839426623048,0.5856365954095225,1.7075435651365374,Make Cut: DG anchor + putting overlay,Tier 2 - candidate,0.4586,0.4499703910614525,2.180549498473616,2.222368448824069,0.441340782122905,0.441340782122905,2.2658227848101262,0.4314476445845178,2.317778327340263,Miss Cut: DataGolf core; ARG weakness tag,Tier 1 - core,0.0048517052941883,206.11309619276724,0.0044925193137608,222.59225395802923,0.0034489616855475,289.9423337146332,Winner: DG anchor + total SG overlay,Tier 4 - speculative,0.0288253583965806,34.69167620544213,0.0278845541982903,35.862147656687725,0.0208305379054268,48.00644153022451,Top 5: DG anchor + total SG overlay,Tier 3 - semi-core,0.0613485570831405,16.300301874170955,0.060931348346765,16.411913196289724,0.0717199758401836,13.94311679954184,Top 10: DG anchor + putting overlay,Tier 2 - current-price / early value,0.1372450101527635,7.286239396878094,0.1360052868432262,7.352655350469598,0.1382077897072693,7.235482183153695,0.1369593696862498,7.301435471635321,0.1237300348551782,8.082112004336425,Top 20: DG anchor + OTT overlay,Tier 3 - experimental,-0.083,-0.458,0.045,0.24,-0.256,-0.042,-2.495,0,-0.04,-0.0700294863718116,2.74952782418876,5.5,skybet,0.18181818181818182,0.1237300348551782,Top 20: DG anchor + OTT overlay,Tier 3 - experimental,0.25,10.0,-0.05808814696300363,-0.31948480829651993,False,False,False
"Silverman, Ben",17381,-0.2687,-0.2728208134806105,0.4901960784313725,0.49065,0.4904230392156862,2.0381127076327323,2.039055917110378,0.5012673963987501,1.994943232263437,Make Cut: DG anchor + putting overlay,Tier 2 - candidate,0.50935,0.5095769607843137,1.963286541670757,1.9624121123153864,0.5098039215686274,0.5098039215686274,1.9615384615384617,0.5137600206952555,1.946434054262788,Miss Cut: DataGolf core; ARG weakness tag,Tier 1 - core,0.0025255558487695,395.9524397321042,0.0022127779243847,451.920632875089,0.0014203979783896,704.0280366589482,Winner: DG anchor + total SG overlay,Tier 4 - speculative,0.017506458676741,57.12177536674451,0.0158522306611218,63.082604674213776,0.0090725476757254,110.22262276731917,Top 5: DG anchor + total SG overlay,Tier 3 - semi-core,0.0396981640282808,25.190081820600124,0.0372989515196349,26.810405098748667,0.0366742012547974,27.267124184993357,Top 10: DG anchor + putting overlay,Tier 2 - current-price / early value,0.1001285289693717,9.987163601553457,0.0934686765309729,10.698771365063974,0.1000766971338851,9.992336164553617,0.0934202921882189,10.70431248475701,0.0830473138622709,12.041328653428105,Top 20: DG anchor + OTT overlay,Tier 3 - experimental,-0.366,-0.29,-0.034,0.085,-0.606,0.027,-9.898,0,-0.04,-0.0106040674030528,2.73712532277936,8.0,skybet,0.125,0.0830473138622709,Top 20: DG anchor + OTT overlay,Tier 3 - experimental,0.25,10.0,-0.041952686137729095,-0.33562148910183276,False,False,False
"Paul, Jeremy",22087,-0.5161,-0.49510998589463,0.3597122302158274,0.40005,0.3798811151079136,2.499687539057618,2.632402507600115,0.3453518163882064,2.895597916519745,Make Cut: DG anchor + putting overlay,Tier 2 - candidate,0.59995,0.6201188848920863,1.6668055671305944,1.6125940111854855,0.6402877697841727,0.6402877697841727,1.5617977528089888,0.6474976262535577,1.5444072062256544,Miss Cut: DataGolf core; ARG weakness tag,Tier 1 - core,0.0010448570239291,957.0687444292954,0.0008057618452978,1241.0614945788602,0.0003283503215311,3045.527701440238,Winner: DG anchor + total SG overlay,Tier 4 - speculative,0.0090840599512228,110.08293707544064,0.0069466662189976,143.95394401781016,0.0019669180795983,508.40958267269735,Top 5: DG anchor + total SG overlay,Tier 3 - semi-core,0.0243108804972026,41.13384540370998,0.0184876074563935,54.09028736458668,0.010790728750577,92.67214690634536,Top 10: DG anchor + putting overlay,Tier 2 - current-price / early value,0.0635670721790229,15.731415113531034,0.0494666489257493,20.21564067339643,0.0642060455713261,15.574857337835985,0.0499638854884297,20.01445624623354,0.0313487543182994,31.89919413851356,Top 20: DG anchor + OTT overlay,Tier 3 - experimental,-0.651,-0.543,-0.056,-0.167,-1.416,-0.074,0.416,0,-0.04,0.11495007052685,2.88212392051739,21.0,skybet,0.047619047619047616,0.0313487543182994,Top 20: DG anchor + OTT overlay,Tier 3 - experimental,0.25,10.0,-0.016270293300748216,-0.3416761593157126,False,False,False
"Schenk, Adam",19477,-0.30215,-0.3061570871980993,0.4048582995951417,0.47135,0.4381041497975708,2.1215657154980376,2.28256226393212,0.3840404254898711,2.6038925426260224,Make Cut: DG anchor + putting overlay,Tier 2 - candidate,0.5286500000000001,0.5618958502024292,1.8916107065165984,1.779689242481038,0.5951417004048583,0.5951417004048583,1.6802721088435375,0.6148623926136385,1.6263801657298151,Miss Cut: DataGolf core; ARG weakness tag,Tier 1 - core,0.0035479376916084,281.8538787660178,0.0023573021791375,424.21375114745297,0.0007587877504972,1317.8915966219329,Winner: DG anchor + total SG overlay,Tier 4 - speculative,0.0205097756244154,48.75723744191372,0.0144636642672341,69.13877296401215,0.0042164780028872,237.1647615178448,Top 5: DG anchor + total SG overlay,Tier 3 - semi-core,0.0441358681023622,22.65730896423622,0.0324185381924102,30.846548171444592,0.016834127021971,59.40313974670928,Top 10: DG anchor + putting overlay,Tier 2 - current-price / early value,0.0996232629563692,10.037816171891077,0.076863752898431,13.01003349812253,0.1002605971682445,9.974008017545795,0.0773554844270073,12.927331622408753,0.0502417123288456,19.903780218610542,Top 20: DG anchor + OTT overlay,Tier 3 - experimental,-0.309,-0.388,-0.128,-0.224,-1.049,-0.041,-1.887,0,-0.04,-0.0100354359904968,2.87996332540718,13.0,skybet,0.07692307692307693,0.0502417123288456,Top 20: DG anchor + OTT overlay,Tier 3 - experimental,0.25,10.0,-0.02668136459423133,-0.34685773972500733,False,False,False
"Lamprecht, Christo",24343,-0.7311,-0.7746348334344776,0.3076923076923077,0.3041,0.3058961538461539,3.288391976323578,3.2690832736096964,0.2929532663314132,3.413513740682162,Make Cut: DG anchor + putting overlay,Tier 2 - candidate,0.6959,0.6941038461538461,1.436988072998994,1.4407066111809916,0.6923076923076923,0.6923076923076923,1.4444444444444444,0.7026845866941834,1.4231136116199057,Miss Cut: DataGolf core; ARG weakness tag,Tier 1 - core,0.000654756769549,1527.2847055690097,0.0006107117181078,1637.433784795109,0.0003041060376562,3288.3266892926467,Winner: DG anchor + total SG overlay,Tier 4 - speculative,0.0046342646949308,215.7839626842704,0.0043435410776241,230.2269006160718,0.0014491046085858,690.0813054316734,Top 5: DG anchor + total SG overlay,Tier 3 - semi-core,0.011824516004285,84.57005763598396,0.0110810612128207,90.24406424567049,0.0086804771881665,115.201040026143,Top 10: DG anchor + putting overlay,Tier 2 - current-price / early value,0.0330603203682099,30.24774076180994,0.0308905135575833,32.3723980223213,0.0330921802348889,30.218619411050632,0.0309202824053327,32.34123113401874,0.0280516434028259,35.64853529755259,Top 20: DG anchor + OTT overlay,Tier 3 - experimental,-1.187,-0.207,-0.081,-0.184,-1.66,-0.111,14.538,0,-0.04,-0.207674167172388,3.04872182661191,23.0,skybet,0.043478260869565216,0.0280516434028259,Top 20: DG anchor + OTT overlay,Tier 3 - experimental,0.25,10.0,-0.015426617466739317,-0.3548122017350043,False,False,False
"Champ, Cameron",23542,-0.4519500000000001,-0.4591579237469172,0.4081632653061224,0.4091,0.4086316326530612,2.4443901246638964,2.44719184735516,0.3890036725126699,2.570669817949932,Make Cut: DG anchor + putting overlay,Tier 2 - candidate,0.5909,0.5913683673469388,1.6923337282112032,1.6909933895962497,0.5918367346938775,0.5918367346938775,1.6896551724137931,0.6466928222260919,1.5463292085997322,Miss Cut: DataGolf core; ARG weakness tag,Tier 1 - core,0.0017707628547816,564.7283583454774,0.0015187147607241,658.4514919201774,0.0007933637078765,1260.455942302381,Winner: DG anchor + total SG overlay,Tier 4 - speculative,0.0119097922588047,83.96452081359456,0.0105725052563864,94.58496125087616,0.0043333506375718,230.76830924541343,Top 5: DG anchor + total SG overlay,Tier 3 - semi-core,0.028091866205989,35.59749262178974,0.0254480879851494,39.29568306206593,0.0188156363728499,53.14728559715102,Top 10: DG anchor + putting overlay,Tier 2 - current-price / early value,0.0690090621433247,14.490850461394505,0.0630921617974181,15.849829384684709,0.0690340577813098,14.485603659107776,0.0631150142864536,15.844090527515398,0.0623724301155036,16.032724685380405,Top 20: DG anchor + OTT overlay,Tier 3 - experimental,-0.805,0.182,-0.34,-0.207,-1.169,-0.041,15.194,0,-0.04,-0.0260396187345853,2.93298186937244,10.0,skybet,0.1,0.0623724301155036,Top 20: DG anchor + OTT overlay,Tier 3 - experimental,0.25,10.0,-0.037627569884496406,-0.3762756988449639,False,False,False
"Kizzire, Patton",13470,-0.4621,-0.4860524075251162,0.3623188405797102,0.4,0.3811594202898551,2.5,2.623574144486692,0.3483936622657949,2.87031627813334,Make Cut: DG anchor + putting overlay,Tier 2 - candidate,0.6,0.6188405797101448,1.6666666666666667,1.6159250585480096,0.6376811594202898,0.6376811594202898,1.5681818181818183,0.6068905717110219,1.6477435086537509,Miss Cut: DataGolf core; ARG weakness tag,Tier 1 - core,0.0011782134644353,848.7426346627407,0.0009391067322176,1064.8416901862806,0.0004210860642024,2374.8114340808816,Winner: DG anchor + total SG overlay,Tier 4 - speculative,0.0095589134903637,104.6144000579238,0.0074519964277215,134.19222750563668,0.0023341857030759,428.41492803346114,Top 5: DG anchor + total SG overlay,Tier 3 - semi-core,0.0234316183844946,42.677376508561146,0.0186613921047052,53.58657030457358,0.0118876266025457,84.12108097219783,Top 10: DG anchor + putting overlay,Tier 2 - current-price / early value,0.0595317391324964,16.797762245352114,0.0493854868702405,20.248863854020147,0.0595554248579005,16.79108162499056,0.0494051357348294,20.240810699666277,0.0318046729627754,31.441920536972987,Top 20: DG anchor + OTT overlay,Tier 3 - experimental,-0.454,-0.854,0.173,-0.162,-1.297,-0.046,-7.333,0,-0.04,-0.109762037625581,2.83182887187486,19.0,skybet,0.05263157894736842,0.0318046729627754,Top 20: DG anchor + OTT overlay,Tier 3 - experimental,0.25,10.0,-0.020826905984593018,-0.39571121370726736,False,False,False
"Dunlap, Nick",28270,-0.3364,-0.3590677669752328,0.4115226337448559,0.44885,0.430186316872428,2.227915784783335,2.3245741688630943,0.4190747414896613,2.38620919133746,Make Cut: DG anchor + putting overlay,Tier 2 - candidate,0.55115,0.569813683127572,1.81438809761408,1.7549596115544954,0.5884773662551441,0.5884773662551441,1.699300699300699,0.5663729991375283,1.7656208921025511,Miss Cut: DataGolf core; ARG weakness tag,Tier 1 - core,0.0023822379685614,419.77334472755183,0.001749452317614,571.60746247937,0.0007347524273385,1361.002649045074,Winner: DG anchor + total SG overlay,Tier 4 - speculative,0.014540990651174,68.77110535238933,0.0119149662250579,83.92805998030748,0.0047496509219825,210.54178852844845,Top 5: DG anchor + total SG overlay,Tier 3 - semi-core,0.0359879780247459,27.787057092020664,0.0292791218887558,34.15402974855037,0.0231415565960589,43.21230492205972,Top 10: DG anchor + putting overlay,Tier 2 - current-price / early value,0.0844514337681864,11.841125193267096,0.0716250663656302,13.961592648238812,0.084571913291092,11.824256553804725,0.0717272476245949,13.941703231577844,0.0460437436674149,21.71847726421294,Top 20: DG anchor + OTT overlay,Tier 3 - experimental,-0.193,-0.989,0.116,0.054,-1.012,-0.092,-5.069,0,-0.04,-0.103338834876164,2.84881500715541,13.0,skybet,0.07692307692307693,0.0460437436674149,Top 20: DG anchor + OTT overlay,Tier 3 - experimental,0.25,10.0,-0.030879333255662028,-0.4014313323236063,False,False,False
"Villegas, Camilo",9171,-0.43725,-0.444577889039928,0.3703703703703703,0.41545,0.3929101851851851,2.407028523288001,2.545110912634355,0.3728644352585867,2.68193988334255,Make Cut: DG anchor + putting overlay,Tier 2 - candidate,0.58455,0.6070898148148148,1.710717646052519,1.6472027294759302,0.6296296296296297,0.6296296296296297,1.588235294117647,0.6193653576078357,1.614555912300751,Miss Cut: DataGolf core; ARG weakness tag,Tier 1 - core,0.0012678972124081,788.707467934802,0.000908948606204,1100.1722134502072,0.0003369263634958,2968.007577751646,Winner: DG anchor + total SG overlay,Tier 4 - speculative,0.0099877838015099,100.1223114029383,0.0074683991758872,133.89750285826202,0.0022307274103679,448.2842660883682,Top 5: DG anchor + total SG overlay,Tier 3 - semi-core,0.0255840959731314,39.08678270477896,0.0196571805623233,50.87199544357278,0.0135299784503344,73.90994772613836,Top 10: DG anchor + putting overlay,Tier 2 - current-price / early value,0.0646145085403485,15.476400309932718,0.0521915903641485,19.160174906011694,0.0649708969314132,15.391506770418362,0.0524794587908714,19.055074557551364,0.0318290330006245,31.417856771846573,Top 20: DG anchor + OTT overlay,Tier 3 - experimental,-0.397,-0.898,0.05,0.006,-1.239,-0.059,-11.937,0,-0.04,-0.0266394451996403,2.79089024967165,17.0,skybet,0.058823529411764705,0.0318290330006245,Top 20: DG anchor + OTT overlay,Tier 3 - experimental,0.25,10.0,-0.026994496411140205,-0.45890643898938355,False,False,False
"Norlander, Henrik",11657,-0.2224,-0.2569831786795496,0.3773584905660377,0.4876,0.4324792452830188,2.050861361771944,2.312249688064429,0.3450880614484227,2.897811056698816,Make Cut: DG anchor + putting overlay,Tier 2 - candidate,0.5124,0.5675207547169812,1.95160031225605,1.762050095416675,0.6226415094339622,0.6226415094339622,1.6060606060606062,0.6436212251634249,1.5537088599681983,Miss Cut: DataGolf core; ARG weakness tag,Tier 1 - core,0.0025255558487695,395.9524397321042,0.0015794445910514,633.1339545974816,0.0004048032229055,2470.3360630935304,Winner: DG anchor + total SG overlay,Tier 4 - speculative,0.0173572403327659,57.61284517748259,0.0112883423886051,88.5869657009548,0.0025337861278625,394.6663015491216,Top 5: DG anchor + total SG overlay,Tier 3 - semi-core,0.0416111743468952,24.032006202550583,0.0280855017958622,35.60555931200518,0.0106569887791223,93.83513680328348,Top 10: DG anchor + putting overlay,Tier 2 - current-price / early value,0.0976534418985818,10.240294459242428,0.0695757116114065,14.3728317948825,0.0977334595155039,10.231910391357472,0.0696327222249657,14.361064281951403,0.0366962859187428,27.250714206181936,Top 20: DG anchor + OTT overlay,Tier 3 - experimental,-0.064,-0.554,-0.139,-0.348,-1.104,0.016,-12.258,0,-0.04,-0.162915893397748,2.74924497274662,,,,0.0366962859187428,Top 20: DG anchor + OTT overlay,Tier 3 - experimental,0.25,10.0,,,False,False,False
