player_name,dg_id,skill_pred,custom_pred,p_make_cut,p_make_cut_model,p_make_cut_anchored,make_cut_fair_odds_dec_model,make_cut_fair_odds_dec_anchored,make_cut_strategy_prob,make_cut_strategy_fair_odds_dec,make_cut_strategy_name,make_cut_strategy_tier,p_miss_cut_model,p_miss_cut_anchored,miss_cut_fair_odds_dec_model,miss_cut_fair_odds_dec_anchored,p_miss_cut_dg,miss_cut_strategy_prob,miss_cut_strategy_fair_odds_dec,miss_cut_arg_overlay_prob,miss_cut_arg_overlay_fair_odds_dec,miss_cut_strategy_name,miss_cut_strategy_tier,win_prob_model,win_fair_odds_dec,win_prob_anchored,win_fair_odds_dec_anchored,win_strategy_prob,win_strategy_fair_odds_dec,win_strategy_name,win_strategy_tier,top5_prob_model,top5_fair_odds_dec,top5_prob_anchored,top5_fair_odds_dec_anchored,top5_strategy_prob,top5_strategy_fair_odds_dec,top5_strategy_name,top5_strategy_tier,top10_prob_model,top10_fair_odds_dec,top10_prob_anchored,top10_fair_odds_dec_anchored,top10_strategy_prob,top10_strategy_fair_odds_dec,top10_strategy_name,top10_strategy_tier,top20_prob_model,top20_fair_odds_dec,top20_prob_anchored,top20_fair_odds_dec_anchored,top20_prob_dh,top20_fair_odds_dec_dh,top20_prob_anchored_dh,top20_fair_odds_dec_anchored_dh,top20_strategy_prob,top20_strategy_fair_odds_dec,top20_strategy_name,top20_strategy_tier,sg_app,sg_ott,sg_arg,sg_putt,sg_total,driving_acc,driving_dist,total_fit_adjustment,total_course_history_adjustment,timing_adjustment,std_deviation,market_odds_best_dec,market_book_best,market_prob_best,p_model,strategy_name,strategy_tier,strategy_min_ev,strategy_odds_cap,edge_prob,ev_per_unit,value_flag,strategy_qualified,bet_flag
"Putnam, Andrew",14704,-0.0892499999999999,-0.0910082910682056,0.641025641025641,0.60595,0.6234878205128205,1.6503011799653438,1.6038805684728488,0.6654265306093726,1.50279550634123,Make Cut: DG anchor + putting overlay,Tier 2 - candidate,0.39405,0.3765121794871795,2.537749016622256,2.655956578515013,0.358974358974359,0.358974358974359,2.785714285714285,0.3178118887204029,3.146515393197756,Miss Cut: DataGolf core; ARG weakness tag,Tier 1 - core,0.0041684787673902,239.8956683725816,0.0041009060503617,243.8485514467665,0.0033872873351492,295.22148582530457,Winner: DG anchor + total SG overlay,Tier 4 - speculative,0.025970917190907,38.50460854536632,0.0271879784367233,36.78096193607684,0.0227139038158713,44.025897446182185,Top 5: DG anchor + total SG overlay,Tier 3 - semi-core,0.0637386829467333,15.6890596693958,0.0653384111305613,15.304932928377577,0.0787085606461905,12.70509829922038,Top 10: DG anchor + putting overlay,Tier 2 - current-price / early value,0.1458394966780231,6.856853066407299,0.1517039907054415,6.591784404285487,0.1461838883643762,6.840699143994662,0.1520622310612821,6.576254951809782,0.134415110540288,7.439639754641062,Top 20: DG anchor + OTT overlay,Tier 3 - experimental,0.056,-0.689,0.269,0.253,-0.111,0.068,-22.036,-0.0237516744915067,-0.0475815062962789,0.014979758478795,2.69051190154617,1.62,bet365,0.6172839506172839,0.6654265306093726,Make Cut: DG anchor + putting overlay,Tier 2 - candidate,0.075,3.0,0.04814257999208871,0.0779909795871837,True,True,True
"Cole, Eric",21756,0.06155,0.0533924837359902,0.7518796992481203,0.6607,0.7062898496240602,1.5135462388375966,1.4158493153091103,0.7890830933915959,1.26729365813916,Make Cut: DG anchor + putting overlay,Tier 2 - candidate,0.3393,0.2937101503759398,2.947244326554671,3.4047171972777623,0.2481203007518797,0.2481203007518797,4.030303030303029,0.2153978637824916,4.642571576335586,Miss Cut: DataGolf core; ARG weakness tag,Tier 1 - core,0.0104419216609358,95.76781290565378,0.0157459608304679,63.50835053933525,0.022131415900813,45.18463728130762,Winner: DG anchor + total SG overlay,Tier 4 - speculative,0.0554966497852842,18.01910572744454,0.0760087090917763,13.156387102858895,0.1100878193828578,9.08365708037372,Top 5: DG anchor + total SG overlay,Tier 3 - semi-core,0.113131075707497,8.839304264953004,0.1456428239010345,6.866112405781887,0.2392001703170182,4.180599029986784,Top 10: DG anchor + putting overlay,Tier 2 - current-price / early value,0.2239659472812983,4.464964482944423,0.2707313268023296,3.693698885205608,0.2240218758337583,4.463849774841087,0.2707989335586131,3.6927767286925257,0.3043678596202813,3.2854980195595056,Top 20: DG anchor + OTT overlay,Tier 3 - experimental,0.098,-0.275,0.269,0.495,0.587,-0.026,-2.924,-0.1095830411395493,-0.04,0.0240039392497258,2.85045694166776,1.33,bet365,0.7518796992481203,0.7890830933915959,Make Cut: DG anchor + putting overlay,Tier 2 - candidate,0.075,3.0,0.03720339414347562,0.04948051421082256,True,False,False
"Hughes, Mackenzie",15556,-0.0953499999999999,-0.0963795955521602,0.7142857142857143,0.60125,0.6577678571428571,1.6632016632016633,1.520293199402742,0.7475812852366748,1.3376471826517335,Make Cut: DG anchor + putting overlay,Tier 2 - candidate,0.39875,0.3422321428571429,2.507836990595611,2.921993216801461,0.2857142857142857,0.2857142857142857,3.5,0.2401835320231519,4.163482781590568,Miss Cut: DataGolf core; ARG weakness tag,Tier 1 - core,0.0049725265960199,201.1050078244745,0.0093529299646766,106.91836716159722,0.013331432613555,75.0106930730932,Winner: DG anchor + total SG overlay,Tier 4 - speculative,0.0302281514622387,33.08174504978277,0.0492952006709943,20.28595048581287,0.0692868416505174,14.432754851837464,Top 5: DG anchor + total SG overlay,Tier 3 - semi-core,0.0674495777777698,14.82588969340564,0.1014052216505679,9.861425119170868,0.1734944637371689,5.763872681925601,Top 10: DG anchor + putting overlay,Tier 2 - current-price / early value,0.1528298414269233,6.543224743697433,0.2069168006159666,4.83286034301284,0.1531478281225057,6.52963879579201,0.2073473237983112,4.822825690157976,0.2546278189338997,3.927300654684537,Top 20: DG anchor + OTT overlay,Tier 3 - experimental,-0.226,-0.181,0.344,0.398,0.335,-0.046,1.672,-0.1152343314371492,-0.04,0.0624691879577735,2.78929695197873,1.4,bet365,0.7142857142857143,0.7475812852366748,Make Cut: DG anchor + putting overlay,Tier 2 - candidate,0.075,3.0,0.033295570950960474,0.04661379933134463,True,False,False
"Bauchou, Zach",19846,0.1136,0.11091316563989,0.7194244604316548,0.68125,0.7003372302158274,1.4678899082568806,1.4278835350390036,0.7333106147352294,1.3636786102722132,Make Cut: DG anchor + putting overlay,Tier 2 - candidate,0.31875,0.2996627697841726,3.1372549019607847,3.3370845524795563,0.2805755395683452,0.2805755395683452,3.564102564102565,0.2764813800305968,3.616880094743939,Miss Cut: DataGolf core; ARG weakness tag,Tier 1 - core,0.0107131377928905,93.34333407562586,0.0114232355631119,87.54087180248757,0.0119316897331079,83.81042604763758,Winner: DG anchor + total SG overlay,Tier 4 - speculative,0.0581988469173353,17.182471010471776,0.0629151641994084,15.894419298192064,0.0699841754328287,14.28894451946221,Top 5: DG anchor + total SG overlay,Tier 3 - semi-core,0.12176042348765,8.212849227659166,0.128288202757441,7.794949017180751,0.1463630615196834,6.832324970638282,Top 10: DG anchor + putting overlay,Tier 2 - current-price / early value,0.2415916124443718,4.1392165476367975,0.2511327254603549,3.981958138537644,0.2431095712667333,4.113371574757239,0.2527106326250087,3.957095075947502,0.2656731329000974,3.764023817854535,Top 20: DG anchor + OTT overlay,Tier 3 - experimental,0.164,0.016,0.03,0.164,0.374,0.0,-2.316,-0.0249399558003508,-0.04,0.0090358060996257,2.76790093099052,1.4,bet365,0.7142857142857143,0.7333106147352294,Make Cut: DG anchor + putting overlay,Tier 2 - candidate,0.075,3.0,0.019024900449515103,0.026634860629321078,True,False,False
"Kanaya, Takumi",19729,-0.2372,-0.2280159696948357,0.6289308176100629,0.5477,0.5883154088050314,1.8258170531312763,1.6997685000825833,0.6515871710994129,1.5347140710470335,Make Cut: DG anchor + putting overlay,Tier 2 - candidate,0.4523,0.4116845911949686,2.2109219544550074,2.429044033679688,0.3710691823899371,0.3710691823899371,2.694915254237288,0.3339367424747144,2.994579130733779,Miss Cut: DataGolf core; ARG weakness tag,Tier 1 - core,0.002892739412471,345.6930809905754,0.0035130363729021,284.65404107782626,0.0034282115647746,291.6972832934621,Winner: DG anchor + total SG overlay,Tier 4 - speculative,0.0183631131457082,54.45699713687794,0.0237849725781451,42.04335307575053,0.0228628380336943,43.73910179157276,Top 5: DG anchor + total SG overlay,Tier 3 - semi-core,0.047251519815543,21.16334043653462,0.0575988472139838,17.361458577199095,0.0785137894740579,12.736616162571217,Top 10: DG anchor + putting overlay,Tier 2 - current-price / early value,0.111043977960005,9.005441072726809,0.1334164488719625,7.495327663530325,0.1113183378452251,8.983245881647829,0.133746085132041,7.476854361851027,0.1512160468941835,6.613054768583986,Top 20: DG anchor + OTT overlay,Tier 3 - experimental,-0.432,-0.186,0.238,0.231,-0.149,0.056,-10.191,0.0022500638737916,-0.011642683348039,0.0477057904259355,2.73713791385341,1.57,bet365,0.6369426751592356,0.6515871710994129,Make Cut: DG anchor + putting overlay,Tier 2 - candidate,0.075,3.0,0.014644495940177249,0.022991858626078276,True,False,False
"McCarthy, Denny",19870,-0.0194,-0.0321290406877018,0.6896551724137931,0.6272,0.6584275862068966,1.594387755102041,1.5187699011228424,0.7287715393831294,1.372172136203964,Make Cut: DG anchor + putting overlay,Tier 2 - candidate,0.3728,0.3415724137931034,2.682403433476394,2.9276368922629623,0.3103448275862068,0.3103448275862068,3.2222222222222228,0.2980621809041679,3.355004640194581,Miss Cut: DataGolf core; ARG weakness tag,Tier 1 - core,0.0065633756865109,152.3606216927676,0.0072650211765887,137.6458479188553,0.0073873916625959,135.3657753200262,Winner: DG anchor + total SG overlay,Tier 4 - speculative,0.0374560751056736,26.69793877705371,0.0423508219443712,23.61229260942145,0.0445859412620844,22.42859456800105,Top 5: DG anchor + total SG overlay,Tier 3 - semi-core,0.0796915862248823,12.548376150753128,0.0904297853933086,11.05830336377194,0.1360923805342753,7.347949944546283,Top 10: DG anchor + putting overlay,Tier 2 - current-price / early value,0.1801624985118054,5.5505446930426166,0.1962786371226657,5.09479795997892,0.1799315921539598,5.557667711539741,0.1960270754181197,5.101336118324628,0.1973167509260588,5.06799344357101,Top 20: DG anchor + OTT overlay,Tier 3 - experimental,0.04,-0.378,0.085,0.446,0.192,-0.014,-6.877,-0.0831114228593365,-0.04,-0.0120894920088411,2.71301316798982,1.4,bet365,0.7142857142857143,0.7287715393831294,Make Cut: DG anchor + putting overlay,Tier 2 - candidate,0.075,3.0,0.01448582509741514,0.02028015513638115,True,False,False
"Bezuidenhout, Christiaan",18103,0.1006,0.0961451434186473,0.7246376811594204,0.6755,0.7000688405797102,1.4803849000740192,1.4284309514074702,0.7470608691449684,1.338579011834106,Make Cut: DG anchor + putting overlay,Tier 2 - candidate,0.3245,0.2999311594202898,3.081664098613251,3.334098404223192,0.2753623188405796,0.2753623188405796,3.631578947368423,0.2507196489638016,3.98851866669763,Miss Cut: DataGolf core; ARG weakness tag,Tier 1 - core,0.0092027784793268,108.66283506078062,0.0099347225729967,100.65706341091628,0.0105744790827861,94.56730607447749,Winner: DG anchor + total SG overlay,Tier 4 - speculative,0.0500682793324961,19.972725512677304,0.0563762329202163,17.737971272667338,0.0658010725121822,15.197320679155537,Top 5: DG anchor + total SG overlay,Tier 3 - semi-core,0.1053328051409863,9.493718492178344,0.1170719834710741,8.541753290163374,0.1512181703384805,6.612961906374353,Top 10: DG anchor + putting overlay,Tier 2 - current-price / early value,0.2211784095030454,4.521236960907936,0.2403381700441277,4.160803919811793,0.2217183919327945,4.5102257475469685,0.2409249288933005,4.15067052045442,0.246845016723786,4.05112492555998,Top 20: DG anchor + OTT overlay,Tier 3 - experimental,0.233,-0.293,0.186,0.271,0.398,0.021,-9.713,-0.0438523884516132,-0.0231754703997329,0.0054457789189766,2.69616126698958,1.36,bet365,0.7352941176470588,0.7470608691449684,Make Cut: DG anchor + putting overlay,Tier 2 - candidate,0.075,3.0,0.011766751497909622,0.016002782037157104,True,False,False
"Blair, Zac",17639,0.0838,0.083147709930979,0.6711409395973155,0.6743,0.6727204697986577,1.483019427554501,1.4865015186757964,0.6767695484483057,1.4776078538001534,Make Cut: DG anchor + putting overlay,Tier 2 - candidate,0.3257,0.3272795302013422,3.0703101013202336,3.055492041878697,0.3288590604026845,0.3288590604026845,3.0408163265306127,0.314553336337115,3.179111090172237,Miss Cut: DataGolf core; ARG weakness tag,Tier 1 - core,0.0070323239806625,142.2005019606316,0.0063578286569979,157.28640294502472,0.0050465493692198,198.1552000856756,Winner: DG anchor + total SG overlay,Tier 4 - speculative,0.0456395859424591,21.910803513002225,0.0411169755109121,24.3208550136332,0.032154509437292,31.099836928011825,Top 5: DG anchor + total SG overlay,Tier 3 - semi-core,0.0992547132066034,10.075088302541884,0.090904986959057,11.000496600372347,0.0833305116659715,12.000406333858566,Top 10: DG anchor + putting overlay,Tier 2 - current-price / early value,0.2126673233567943,4.702179837578004,0.1991957129141982,5.020188363344653,0.2119107178138444,4.718968489731898,0.1984870352567948,5.038112432412721,0.1708774859595855,5.852146023710294,Top 20: DG anchor + OTT overlay,Tier 3 - experimental,0.309,-0.407,0.096,0.06,0.059,0.064,-18.291,0.011866229713987,0.0071130262410179,-0.0109728217623528,2.6720948457724,1.5,bet365,0.6666666666666666,0.6767695484483057,Make Cut: DG anchor + putting overlay,Tier 2 - candidate,0.075,3.0,0.010102881781639095,0.015154322672458587,True,False,False
"Hossler, Beau",15470,0.0168999999999999,0.0198941759091505,0.7352941176470588,0.64965,0.6924720588235294,1.5392903871315324,1.4441015882993793,0.7604895209085055,1.3149425107204205,Make Cut: DG anchor + putting overlay,Tier 2 - candidate,0.35035,0.3075279411764706,2.8542885685742823,3.251737049239906,0.2647058823529412,0.2647058823529412,3.777777777777777,0.2373373854195256,4.213411208825638,Miss Cut: DataGolf core; ARG weakness tag,Tier 1 - core,0.009095713049451,109.94190280226044,0.0133978565247255,74.63880495768231,0.0181395880737797,55.12804347776072,Winner: DG anchor + total SG overlay,Tier 4 - speculative,0.0476100655525137,21.0039618386369,0.0645782470619711,15.485090498668551,0.0898500693635908,11.129651953337516,Top 5: DG anchor + total SG overlay,Tier 3 - semi-core,0.0993074772881726,10.06973520330375,0.1280719888660863,7.808108618080511,0.1883143004484293,5.310271166973079,Top 10: DG anchor + putting overlay,Tier 2 - current-price / early value,0.2030334286511061,4.925297310121309,0.246858736423825,4.050899775664115,0.2030914504084838,4.923890188329792,0.2469292823324791,4.049742462919181,0.3000114342824562,3.3332062905926287,Top 20: DG anchor + OTT overlay,Tier 3 - experimental,-0.101,0.079,0.213,0.314,0.505,-0.003,-0.043,-0.0498756863624716,-0.0121869994394813,0.0429554725868589,2.80959061323414,1.33,bet365,0.7518796992481203,0.7604895209085055,Make Cut: DG anchor + putting overlay,Tier 2 - candidate,0.075,3.0,0.008609821660385264,0.011451062808312373,True,False,False
"Meissner, Mac",28159,0.14325,0.1301451072621864,0.7575757575757576,0.689,0.7232878787878787,1.451378809869376,1.3825753608312212,0.7723542177243821,1.2947427191455492,Make Cut: DG anchor + putting overlay,Tier 2 - candidate,0.311,0.2767121212121213,3.2154340836012856,3.613864096807752,0.2424242424242424,0.2424242424242424,4.125,0.2176118221807121,4.595338571125821,Miss Cut: DataGolf core; ARG weakness tag,Tier 1 - core,0.0119137552703036,83.9365907148196,0.0148902109684851,67.1582156973115,0.0189280393061711,52.83167388996114,Winner: DG anchor + total SG overlay,Tier 4 - speculative,0.0621063069707375,16.101424296105176,0.0744909544112946,13.424448752241725,0.1006132003119113,9.939053691761089,Top 5: DG anchor + total SG overlay,Tier 3 - semi-core,0.1227748286101278,8.144992025812604,0.1447522607780354,6.908354968862353,0.1838081465362904,5.440455272762154,Top 10: DG anchor + putting overlay,Tier 2 - current-price / early value,0.2423160672244347,4.126841490349023,0.2754513244648833,3.630405487948517,0.2440062851790789,4.098255089069074,0.2773726695063984,3.605257871222717,0.315845299620535,3.166106955529896,Top 20: DG anchor + OTT overlay,Tier 3 - experimental,0.169,0.042,0.205,0.193,0.608,0.001,0.999,-0.0336907623194522,0.0240296290714218,-0.0546864897971974,2.73713270711906,1.3,bet365,0.7692307692307692,0.7723542177243821,Make Cut: DG anchor + putting overlay,Tier 2 - candidate,0.075,3.0,0.0031234484936129014,0.004060483041696705,True,False,False
"McNealy, Maverick",18634,0.20595,0.1670841643558827,0.819672131147541,0.69065,0.7551610655737705,1.4479113878230652,1.3242208127350967,0.8581215935048907,1.1653360171437064,Make Cut: DG anchor + putting overlay,Tier 2 - candidate,0.30935,0.2448389344262295,3.232584451268789,4.084317726441103,0.180327868852459,0.180327868852459,5.545454545454546,0.1518625700609556,6.584901069424896,Miss Cut: DataGolf core; ARG weakness tag,Tier 1 - core,0.0165933379427966,60.26514999256728,0.0312716689713983,31.97782634865504,0.0586109557987296,17.061656585741513,Winner: DG anchor + total SG overlay,Tier 4 - speculative,0.0753686896520061,13.26810913944797,0.122555674792333,8.159556884611588,0.2453892489444279,4.075158159135427,Top 5: DG anchor + total SG overlay,Tier 3 - semi-core,0.1430505654243412,6.990535109271521,0.2113230984612361,4.7320903738472975,0.3922799763599177,2.5491997049640327,Top 10: DG anchor + putting overlay,Tier 2 - current-price / early value,0.2706692666686981,3.694545791281172,0.3566770588486496,2.803656627729272,0.2701307665879559,3.7019107916920495,0.355967445129468,2.809245659069448,0.4567532599723078,2.1893658735147907,Top 20: DG anchor + OTT overlay,Tier 3 - experimental,0.145,0.116,0.301,0.671,1.234,-0.026,5.429,-0.1051527590903176,-0.0495502761705221,-0.129365229632797,2.84224769056324,1.17,bet365,0.8547008547008548,0.8581215935048907,Make Cut: DG anchor + putting overlay,Tier 2 - candidate,0.075,3.0,0.0034207388040359277,0.004002264400722072,True,False,False
"Ewart, A.J.",21883,-0.1453999999999999,-0.1666802071342193,0.5952380952380952,0.575,0.5851190476190475,1.7391304347826089,1.7090539165818923,0.6195073107430258,1.6141859549657585,Make Cut: DG anchor + putting overlay,Tier 2 - candidate,0.425,0.4148809523809524,2.352941176470588,2.410329985652797,0.4047619047619047,0.4047619047619047,2.4705882352941178,0.4020008530226445,2.487556910591109,Miss Cut: DataGolf core; ARG weakness tag,Tier 1 - core,0.0041684787673902,239.8956683725816,0.0042425727170284,235.70603657217168,0.003431755200855,291.3960761976404,Winner: DG anchor + total SG overlay,Tier 4 - speculative,0.0237343936429991,42.13294913034212,0.0253808972183249,39.39971039628972,0.0196758987330665,50.823599651864384,Top 5: DG anchor + total SG overlay,Tier 3 - semi-core,0.055792207926127,17.9236498638676,0.0582494355851451,17.16754831964452,0.0707021280504092,14.14384584417346,Top 10: DG anchor + putting overlay,Tier 2 - current-price / early value,0.133566553440018,7.486904275396152,0.1357008622363445,7.369149934053785,0.133593503234698,7.485393943470385,0.1357282426716479,7.367663356691263,0.1261416877791947,7.927593308807267,Top 20: DG anchor + OTT overlay,Tier 3 - experimental,-0.125,-0.409,0.017,0.239,-0.278,-0.041,-2.022,-0.075759403134489,-0.04,-0.0585213341038522,2.83180632281083,1.62,bet365,0.6172839506172839,0.6195073107430258,Make Cut: DG anchor + putting overlay,Tier 2 - candidate,0.075,3.0,0.002223360125741869,0.003601843403701843,True,False,False
"Moore, Taylor",21944,-0.0738,-0.0878036605500512,0.6578947368421053,0.60035,0.6291223684210527,1.6656950112434412,1.5895158878387392,0.6642061996682245,1.5055565583391224,Make Cut: DG anchor + putting overlay,Tier 2 - candidate,0.3996499999999999,0.3708776315789472,2.502189415738772,2.6963071235724656,0.3421052631578947,0.3421052631578947,2.923076923076924,0.3244954387992894,3.08170741536534,Miss Cut: DataGolf core; ARG weakness tag,Tier 1 - core,0.007767432710338,128.7426666302561,0.0079170496885023,126.30967839601496,0.0071641097230038,139.58468514085095,Winner: DG anchor + total SG overlay,Tier 4 - speculative,0.0379278914546768,26.365821079059494,0.0429522598206525,23.28166210987517,0.0421248777635528,23.7389412881624,Top 5: DG anchor + total SG overlay,Tier 3 - semi-core,0.0778168233783582,12.850691618929687,0.088613945645963,11.284905470695024,0.1007158013278372,9.928928597260793,Top 10: DG anchor + putting overlay,Tier 2 - current-price / early value,0.1668893197993967,5.991995181009869,0.1848254822023958,5.410509352303138,0.1670685745767978,5.985566121774274,0.1850240020999547,5.404704193241773,0.210241044106867,4.75644517581302,Top 20: DG anchor + OTT overlay,Tier 3 - experimental,-0.205,0.083,0.116,0.066,0.06,-0.041,6.495,-0.0464368231269162,-0.0452327893008387,-0.0354916938615884,2.8712452117605,1.5,bet365,0.6666666666666666,0.6642061996682245,Make Cut: DG anchor + putting overlay,Tier 2 - candidate,0.075,3.0,-0.0024604669984421568,-0.0036907004976632907,False,False,False
"Taylor, Nick",13126,0.0122,0.0142938831045295,0.7194244604316548,0.64325,0.6813372302158274,1.554605518849592,1.467701977306054,0.7443140454634752,1.3435189166386243,Make Cut: DG anchor + putting overlay,Tier 2 - candidate,0.35675,0.3186627697841726,2.803083391730904,3.13811368889215,0.2805755395683452,0.2805755395683452,3.564102564102565,0.2539407634169606,3.9379262570698015,Miss Cut: DataGolf core; ARG weakness tag,Tier 1 - core,0.0063559157080767,157.33374165570854,0.0089362911873717,111.90324699951,0.0112055587613038,89.24142216390881,Winner: DG anchor + total SG overlay,Tier 4 - speculative,0.0402407296922357,24.850444006559474,0.0504329511255791,19.82830624981627,0.0617845965299633,16.18526390335876,Top 5: DG anchor + total SG overlay,Tier 3 - semi-core,0.0867438028824042,11.5282010561108,0.1057938422781431,9.452345982206554,0.1495878914155571,6.685033063418127,Top 10: DG anchor + putting overlay,Tier 2 - current-price / early value,0.1890444005958688,5.289762599939461,0.2202730922865284,4.53981913823234,0.1885897817392137,5.302514223081412,0.2197433738656096,4.550762930451676,0.2463863264414504,4.058666787410514,Top 20: DG anchor + OTT overlay,Tier 3 - experimental,0.005,-0.161,0.199,0.298,0.341,0.028,-7.266,-0.0313318068586207,-0.0014388269768262,0.0264950256961647,2.72220182324403,1.33,bet365,0.7518796992481203,0.7443140454634752,Make Cut: DG anchor + putting overlay,Tier 2 - candidate,0.075,3.0,-0.007565653784645021,-0.01006231953357789,False,False,False
"Wallace, Matt",20706,0.372,0.3694341386381373,0.819672131147541,0.7667,0.7931860655737706,1.304291117777488,1.2607382345737823,0.823674753828253,1.214071446711493,Make Cut: DG anchor + putting overlay,Tier 2 - candidate,0.2332999999999999,0.2068139344262294,4.2863266180883,4.835264136211771,0.180327868852459,0.180327868852459,5.545454545454546,0.1551546391759557,6.445182724223498,Miss Cut: DataGolf core; ARG weakness tag,Tier 1 - core,0.0306947624184909,32.57884802514665,0.0334807145425788,29.86794080300341,0.043327227380418,23.08017522607402,Winner: DG anchor + total SG overlay,Tier 4 - speculative,0.1252104412496892,7.986554396097393,0.1360538879528871,7.350028838178302,0.1972442089596655,5.069857337127144,Top 5: DG anchor + total SG overlay,Tier 3 - semi-core,0.219556496817309,4.554636344157426,0.238402187987594,4.194592375352016,0.2579534989366986,3.876667709963486,Top 10: DG anchor + putting overlay,Tier 2 - current-price / early value,0.372454264410065,2.68489340988997,0.3984516222288975,2.509714967167413,0.3719850166225991,2.6882803212865944,0.3979496208826671,2.51288089628522,0.4383599087685151,2.28123051400686,Top 20: DG anchor + OTT overlay,Tier 3 - experimental,0.564,0.116,0.264,0.064,1.007,0.01,0.741,-0.0218460486799845,-0.0524778390206872,0.0112131772858504,2.77303718983602,1.2,bet365,0.8333333333333334,0.823674753828253,Make Cut: DG anchor + putting overlay,Tier 2 - candidate,0.075,3.0,-0.009658579505080422,-0.01159029540609649,False,False,False
"Springer, Hayden",21995,-0.1391,-0.1299556690964652,0.6329113924050632,0.58445,0.6086806962025316,1.7110103516126272,1.642897509710512,0.6583354279090847,1.518982508925676,Make Cut: DG anchor + putting overlay,Tier 2 - candidate,0.41555,0.3913193037974684,2.4064492840813383,2.555457883870613,0.3670886075949368,0.3670886075949368,2.724137931034482,0.3715935592529577,2.6911123056340767,Miss Cut: DataGolf core; ARG weakness tag,Tier 1 - core,0.0053791638330773,185.9024991674057,0.0058229152498719,171.73528328820976,0.0052490517009557,190.51060209940863,Winner: DG anchor + total SG overlay,Tier 4 - speculative,0.0306925811757167,32.5811633200526,0.0338197171150349,29.568550103437705,0.0294109926817518,34.000892483321486,Top 5: DG anchor + total SG overlay,Tier 3 - semi-core,0.0687925028004886,14.536467773242544,0.0738863833516262,13.53429352795612,0.0931757578933935,10.732405323111442,Top 10: DG anchor + putting overlay,Tier 2 - current-price / early value,0.1505837308946896,6.640823640499038,0.1595048048561113,6.269403613904273,0.1514740855882121,6.601789316745156,0.1604479070810279,6.232552472591552,0.1669518813373246,5.9897498128787765,Top 20: DG anchor + OTT overlay,Tier 3 - experimental,-0.248,-0.104,-0.028,0.261,-0.119,-0.049,5.793,-0.0624151296494609,0.0112346079498349,0.0741205673549457,2.84835590285531,1.5,bet365,0.6666666666666666,0.6583354279090847,Make Cut: DG anchor + putting overlay,Tier 2 - candidate,0.075,3.0,-0.008331238757581905,-0.012496858136372913,False,False,False
"Peterson, Paul",16341,-0.12765,-0.1166390849573194,0.5714285714285714,0.59505,0.5832392857142856,1.6805310478111084,1.7145621436925549,0.5688406876557098,1.7579614498413814,Make Cut: DG anchor + putting overlay,Tier 2 - candidate,0.40495,0.4167607142857144,2.4694406716878623,2.399458407959346,0.4285714285714286,0.4285714285714286,2.333333333333333,0.411267722698666,2.431506157201389,Miss Cut: DataGolf core; ARG weakness tag,Tier 1 - core,0.0036728756184205,272.26623057549745,0.0030281044758769,330.23959640970185,0.0017979903845529,556.1765004925896,Winner: DG anchor + total SG overlay,Tier 4 - speculative,0.0265323350532973,37.689860240013935,0.0222957442462253,44.85160885218254,0.012002647392213,83.31495272024465,Top 5: DG anchor + total SG overlay,Tier 3 - semi-core,0.0623502073810459,16.038439036595616,0.053083132791052,18.83837572164852,0.0413570988040243,24.179645790402795,Top 10: DG anchor + putting overlay,Tier 2 - current-price / early value,0.1456865309078593,6.864052522689681,0.1275909442797336,7.837546823131698,0.1451296353584686,6.890391459538991,0.1271032202014049,7.867621279896939,0.0975987188919371,10.246036129912898,Top 20: DG anchor + OTT overlay,Tier 3 - experimental,-0.021,-0.496,0.104,-0.025,-0.437,0.087,-22.131,0.0391986837039184,-0.0132165945943851,0.0387593820100397,2.69349422730072,1.73,bet365,0.5780346820809249,0.5688406876557098,Make Cut: DG anchor + putting overlay,Tier 2 - candidate,0.075,3.0,-0.009193994425215068,-0.01590561035562199,False,False,False
"Chatfield, Davis",30620,-0.0598499999999999,-0.0420745795462769,0.6024096385542169,0.6261,0.6142548192771085,1.5971889474524836,1.6279888551413555,0.6072096779712334,1.6468775717494,Make Cut: DG anchor + putting overlay,Tier 2 - candidate,0.3739,0.3857451807228915,2.674511901577962,2.592384947301187,0.3975903614457831,0.3975903614457831,2.515151515151516,0.3991076014779776,2.505589961947089,Miss Cut: DataGolf core; ARG weakness tag,Tier 1 - core,0.0053281765647359,187.681468106444,0.0042224216157012,236.830920977064,0.0024565159664184,407.0806026382078,Winner: DG anchor + total SG overlay,Tier 4 - speculative,0.0319335903902096,31.314988004185835,0.0274967858757205,36.36788694212412,0.0165372929391164,60.46938901557787,Top 5: DG anchor + total SG overlay,Tier 3 - semi-core,0.0703438761100603,14.2158785568682,0.0617205700017871,16.2020538690917,0.0531205326899076,18.825112425689014,Top 10: DG anchor + putting overlay,Tier 2 - current-price / early value,0.1629490561807934,6.136887340362935,0.1462254321863007,6.838755646322418,0.1634896845889279,6.116593854311732,0.1467105753622387,6.816141219069788,0.1182906430305631,8.453754028047907,Top 20: DG anchor + OTT overlay,Tier 3 - experimental,0.072,-0.413,-0.009,0.047,-0.304,0.089,-20.269,0.0497231095687378,-0.04,0.0740155474842461,2.70218063795165,1.62,bet365,0.6172839506172839,0.6072096779712334,Make Cut: DG anchor + putting overlay,Tier 2 - candidate,0.075,3.0,-0.010074272646050542,-0.016320321686601857,False,False,False
"Pavon, Matthieu",19960,-0.0531,-0.0207058723378763,0.6578947368421053,0.6294,0.6436473684210526,1.5888147442008262,1.5536457524142837,0.6548411754675336,1.5270878458215995,Make Cut: DG anchor + putting overlay,Tier 2 - candidate,0.3706,0.3563526315789473,2.698327037236913,2.806209106887028,0.3421052631578947,0.3421052631578947,2.923076923076924,0.3656214356055165,2.735069398608619,Miss Cut: DataGolf core; ARG weakness tag,Tier 1 - core,0.0087752079309755,113.95741364373856,0.008545937298821,117.01466615463578,0.0071018442996295,140.8084939361692,Winner: DG anchor + total SG overlay,Tier 4 - speculative,0.043834409292136,22.813128228453195,0.0448169103338987,22.313006241387807,0.0376593845913243,26.5538061986911,Top 5: DG anchor + total SG overlay,Tier 3 - semi-core,0.0888397213877198,11.256226205795237,0.0923897324193566,10.82371356441432,0.0901663204061281,11.09061560342918,Top 10: DG anchor + putting overlay,Tier 2 - current-price / early value,0.1879655905903527,5.320122671704174,0.1921277420035603,5.20487041367232,0.187799152956838,5.324837648388277,0.1919576189155465,5.209483247653531,0.2163731912987136,4.621644640899398,Top 20: DG anchor + OTT overlay,Tier 3 - experimental,-0.218,0.34,-0.15,-0.032,-0.06,0.027,1.841,0.0543992409957568,-0.04,0.14477101781274,2.85162763335357,1.5,bet365,0.6666666666666666,0.6548411754675336,Make Cut: DG anchor + putting overlay,Tier 2 - candidate,0.075,3.0,-0.01182549119913301,-0.01773823679869957,False,False,False
"Eckroat, Austin",26653,0.10205,0.1099602840586857,0.6896551724137931,0.6785,0.6840775862068966,1.4738393515106851,1.461822489382884,0.7000487981010691,1.4284718475520126,Make Cut: DG anchor + putting overlay,Tier 2 - candidate,0.3215,0.3159224137931034,3.1104199066874028,3.165334133762656,0.3103448275862068,0.3103448275862068,3.2222222222222228,0.3270300123882473,3.057823325440872,Miss Cut: DataGolf core; ARG weakness tag,Tier 1 - core,0.0130701829420363,76.51002319055509,0.0112767581376848,88.6779682414386,0.008712323413252,114.77994474802595,Winner: DG anchor + total SG overlay,Tier 4 - speculative,0.0611276870121055,16.35919906149833,0.0568284307475149,17.59682586420404,0.0487747954561481,20.50239248874077,Top 5: DG anchor + total SG overlay,Tier 3 - semi-core,0.1209599149123939,8.267201582642125,0.1146745428707824,8.720331251957285,0.1138766680755842,8.78143009361902,Top 10: DG anchor + putting overlay,Tier 2 - current-price / early value,0.2391599780173174,4.181301605269383,0.2294943880124327,4.357405027027614,0.2395276060715233,4.174884124635715,0.2298471584718365,4.350717262064961,0.2211378896626279,4.522065402385898,Top 20: DG anchor + OTT overlay,Tier 3 - experimental,0.205,-0.044,-0.112,0.115,0.164,-0.006,-0.284,-0.0095962280730087,-0.04,0.0543495343299329,2.79723624514759,1.4,bet365,0.7142857142857143,0.7000487981010691,Make Cut: DG anchor + putting overlay,Tier 2 - candidate,0.075,3.0,-0.014236916184645176,-0.019931682658503314,False,False,False
"Parry, John",13764,0.157,0.1659764022349164,0.7092198581560284,0.70365,0.7064349290780142,1.421161088609394,1.415558544514673,0.6974270773663157,1.4338416623803685,Make Cut: DG anchor + putting overlay,Tier 2 - candidate,0.29635,0.2935650709219858,3.374388392103932,3.4063998038300256,0.2907801418439716,0.2907801418439716,3.439024390243903,0.2740274769290948,3.649269085007676,Miss Cut: DataGolf core; ARG weakness tag,Tier 1 - core,0.0132361691022655,75.55056091183008,0.011526417884466,86.75722241058762,0.0093843654412756,106.56021510006995,Winner: DG anchor + total SG overlay,Tier 4 - speculative,0.0690426741189959,14.48379589522398,0.0617887940700799,16.18416437883242,0.0540598135640823,18.49802901770284,Top 5: DG anchor + total SG overlay,Tier 3 - semi-core,0.1382072967800414,7.235507989071749,0.1260986957731932,7.930296137230832,0.0992629194839841,10.074255373491692,Top 10: DG anchor + putting overlay,Tier 2 - current-price / early value,0.2652715728645285,3.769721682581834,0.2507096222492253,3.988678180871417,0.2664874894032938,3.752521374414808,0.2518587916563676,3.970478828328476,0.2409757976877536,4.149794334515526,Top 20: DG anchor + OTT overlay,Tier 3 - experimental,0.279,0.019,0.121,-0.133,0.286,0.04,-6.519,0.0289791913056153,-0.04,0.0403924155217743,2.7113725741856,1.4,bet365,0.7142857142857143,0.6974270773663157,Make Cut: DG anchor + putting overlay,Tier 2 - candidate,0.075,3.0,-0.016858636919398595,-0.0236020916871581,False,False,False
"Phillips, Chandler",27164,-0.1112,-0.1015063319081829,0.6756756756756757,0.59305,0.6343628378378379,1.6861984655593965,1.576384902067088,0.6955934807634956,1.4376212941248134,Make Cut: DG anchor + putting overlay,Tier 2 - candidate,0.40695,0.3656371621621621,2.457304337142155,2.734951759516431,0.3243243243243243,0.3243243243243243,3.083333333333333,0.2870449458019506,3.4837749788841754,Miss Cut: DataGolf core; ARG weakness tag,Tier 1 - core,0.0052263353318303,191.33866017161483,0.0068548343325818,145.88244609309962,0.007678126553469,130.24010388943034,Winner: DG anchor + total SG overlay,Tier 4 - speculative,0.0295067572485872,33.89054214176246,0.0381633852380502,26.20312621017083,0.0424394372831855,23.56298914444369,Top 5: DG anchor + total SG overlay,Tier 3 - semi-core,0.0664691640519161,15.04457012907436,0.083007990053116,12.047033055012044,0.1130609214757089,8.844789047777656,Top 10: DG anchor + putting overlay,Tier 2 - current-price / early value,0.1483385957899291,6.741333869818733,0.1779747107691275,5.618775811902964,0.1488649204151485,6.717499308844825,0.1786061881836552,5.598910150703911,0.2049215714631541,4.8799157300031,Top 20: DG anchor + OTT overlay,Tier 3 - experimental,-0.232,-0.124,0.257,0.217,0.118,0.014,-3.987,-0.0346791386499552,-0.0361633469560367,0.0748487465230722,2.77642575804409,1.4,bet365,0.7142857142857143,0.6955934807634956,Make Cut: DG anchor + putting overlay,Tier 2 - candidate,0.075,3.0,-0.018692233522218715,-0.026169126931106235,False,False,False
"Coody, Pierceson",28309,0.0513499999999999,0.0550460668635598,0.6993006993006994,0.652,0.6756503496503496,1.5337423312883436,1.480055476205262,0.7143948103741161,1.3997862043207137,Make Cut: DG anchor + putting overlay,Tier 2 - candidate,0.348,0.3243496503496503,2.873563218390805,3.0830925790177224,0.3006993006993006,0.3006993006993006,3.3255813953488382,0.310176565456958,3.2239701878405325,Miss Cut: DataGolf core; ARG weakness tag,Tier 1 - core,0.0109305618164116,91.48660579354288,0.0122236142415391,81.80886440294633,0.0129480634673392,77.23162637582419,Winner: DG anchor + total SG overlay,Tier 4 - speculative,0.0545262157593028,18.33980198468822,0.0603987142408827,16.55664383867163,0.0657681630565824,15.204925202786468,Top 5: DG anchor + total SG overlay,Tier 3 - semi-core,0.1095728563158074,9.126347834885594,0.1199957723553727,8.333626930109306,0.1424022266044609,7.022362106581509,Top 10: DG anchor + putting overlay,Tier 2 - current-price / early value,0.2189078381704327,4.56813245408527,0.2348288586697333,4.258420390342288,0.2169716735439676,4.60889656085617,0.2327518780863541,4.296420755964798,0.2666724440507423,3.749918757296574,Top 20: DG anchor + OTT overlay,Tier 3 - experimental,-0.02,0.207,-0.065,0.171,0.294,-0.03,10.428,-0.017918849761977,0.0211462876080871,0.0221531872967659,2.88659534345607,1.36,bet365,0.7352941176470588,0.7143948103741161,Make Cut: DG anchor + putting overlay,Tier 2 - candidate,0.075,3.0,-0.020899307272942647,-0.02842305789120203,False,False,False
"Ghim, Doug",24550,0.36635,0.3830827775024624,0.8130081300813008,0.76375,0.7883790650406504,1.3093289689034369,1.2684253607729146,0.8087785953668484,1.23643232613793,Make Cut: DG anchor + putting overlay,Tier 2 - candidate,0.2362499999999999,0.2116209349593496,4.2328042328042335,4.725430403150286,0.1869918699186992,0.1869918699186992,5.3478260869565215,0.1731711245842584,5.774634786259867,Miss Cut: DataGolf core; ARG weakness tag,Tier 1 - core,0.0300380492369805,33.291109955598486,0.0321523579518236,31.101917983694324,0.0405778507950049,24.643986322782258,Winner: DG anchor + total SG overlay,Tier 4 - speculative,0.1293984459191997,7.728068083788504,0.1358557441236208,7.360748759287337,0.1892144318533884,5.285009130671615,Top 5: DG anchor + total SG overlay,Tier 3 - semi-core,0.2247476605882241,4.4494345230679375,0.2360926927048496,4.235624527567002,0.2285623660956613,4.3751734683279615,Top 10: DG anchor + putting overlay,Tier 2 - current-price / early value,0.3783245191992572,2.643233386291087,0.3944850100191436,2.5349505674536834,0.3778468561694585,2.6465748852268214,0.393986943159785,2.5381551783923983,0.4499754480007651,2.2223434732783454,Top 20: DG anchor + OTT overlay,Tier 3 - experimental,0.443,0.462,0.137,-0.065,0.976,0.04,2.462,0.0439465536266153,-0.0233417659077706,0.0675260521759471,2.77398488247002,1.2,bet365,0.8333333333333334,0.8087785953668484,Make Cut: DG anchor + putting overlay,Tier 2 - candidate,0.075,3.0,-0.024554737966484996,-0.02946568555978199,False,False,False
"Dou, Zecheng",16757,0.0643,0.0681586230601108,0.7042253521126761,0.6587,0.681462676056338,1.518141794443601,1.4674317980069795,0.7134638915507671,1.4016126279725598,Make Cut: DG anchor + putting overlay,Tier 2 - candidate,0.3413,0.3185373239436619,2.929973630237328,3.139349535619458,0.2957746478873239,0.2957746478873239,3.380952380952382,0.2871836732885302,3.482092099975723,Miss Cut: DataGolf core; ARG weakness tag,Tier 1 - core,0.0110938886825188,90.13971823746058,0.0116302776745927,85.98246989275044,0.0116306826225086,85.97947622306532,Winner: DG anchor + total SG overlay,Tier 4 - speculative,0.0558204084239887,17.91459482711795,0.0603039343707245,16.58266596425366,0.0640830400782852,15.604752814135807,Top 5: DG anchor + total SG overlay,Tier 3 - semi-core,0.1128653155980707,8.860117873245848,0.1201044238570513,8.326087981490199,0.1325567943475993,7.54393620426376,Top 10: DG anchor + putting overlay,Tier 2 - current-price / early value,0.2241208402413922,4.4618786852795,0.2362755626864636,4.232346285117072,0.2242878510569642,4.458556249424414,0.2364516309823949,4.22919476531103,0.2558272807929509,3.908887265269146,Top 20: DG anchor + OTT overlay,Tier 3 - experimental,0.059,0.061,0.061,0.105,0.287,-0.033,5.761,-0.040071172920502,-0.04,0.0493287017608054,2.82799444494471,1.36,bet365,0.7352941176470588,0.7134638915507671,Make Cut: DG anchor + putting overlay,Tier 2 - candidate,0.075,3.0,-0.021830226096291705,-0.029689107490956712,False,False,False
"Kohles, Ben",16395,0.20425,0.2119411632702101,0.7194244604316548,0.72195,0.7206872302158274,1.3851374748943832,1.387564477450954,0.7120813394165068,1.404333949853846,Make Cut: DG anchor + putting overlay,Tier 2 - candidate,0.27805,0.2793127697841726,3.596475454055026,3.580215830349284,0.2805755395683452,0.2805755395683452,3.564102564102565,0.2849143689645608,3.509826491497119,Miss Cut: DataGolf core; ARG weakness tag,Tier 1 - core,0.0150181072411059,66.5862870697119,0.0126757202872196,78.89098034202097,0.0100430732746241,99.57111460360429,Winner: DG anchor + total SG overlay,Tier 4 - speculative,0.0746515355244723,13.395571745100655,0.066175238661707,15.111392421447498,0.0587291029442777,17.027333125602148,Top 5: DG anchor + total SG overlay,Tier 3 - semi-core,0.1473095537855,6.788425966289445,0.1346813412080645,7.42493348395703,0.110305149455199,9.065759893704277,Top 10: DG anchor + putting overlay,Tier 2 - current-price / early value,0.2831893448690424,3.531206304610218,0.2657032244380732,3.763597532980136,0.282337499881702,3.541860363639244,0.2649039784072509,3.774952743301753,0.2584745323130362,3.868853116982948,Top 20: DG anchor + OTT overlay,Tier 3 - experimental,0.342,0.111,-0.031,-0.085,0.337,0.106,-11.464,0.10342788605286,0.0230286895147598,-0.0190152990540693,2.69903403291111,1.36,bet365,0.7352941176470588,0.7120813394165068,Make Cut: DG anchor + putting overlay,Tier 2 - candidate,0.075,3.0,-0.02321277823055201,-0.03156937839355073,False,False,False
"Fishburn, Patrick",25094,-0.0253,-0.0227069606114914,0.6451612903225806,0.6208,0.6329806451612903,1.6108247422680413,1.5798271363339855,0.6443023512892221,1.5520663520768498,Make Cut: DG anchor + putting overlay,Tier 2 - candidate,0.3792,0.3670193548387097,2.637130801687764,2.724651947686682,0.3548387096774194,0.3548387096774194,2.818181818181818,0.3637039874650828,2.749488689881368,Miss Cut: DataGolf core; ARG weakness tag,Tier 1 - core,0.0088819266507227,112.58818489777012,0.0083159633253613,120.2506505710867,0.0067492335882584,148.16497116645755,Winner: DG anchor + total SG overlay,Tier 4 - speculative,0.0447363231181514,22.35320049345445,0.0438260153950545,22.81749757503263,0.0364785522587955,27.41336862563904,Top 5: DG anchor + total SG overlay,Tier 3 - semi-core,0.0918837664393266,10.883315287911357,0.0914653264199815,10.9331048074797,0.0870951760451573,11.481692160327196,Top 10: DG anchor + putting overlay,Tier 2 - current-price / early value,0.1891471537745687,5.286888964725477,0.1896011637679963,5.274229230067598,0.1889919822233213,5.2912297560769295,0.1894456197584087,5.278559627165062,0.2018207626864009,4.954891591376303,Top 20: DG anchor + OTT overlay,Tier 3 - experimental,-0.116,0.18,-0.056,-0.009,-0.0,-0.008,3.709,0.0073671167486445,-0.0417162492856551,0.0197107008896342,2.85732611650391,1.5,bet365,0.6666666666666666,0.6443023512892221,Make Cut: DG anchor + putting overlay,Tier 2 - candidate,0.075,3.0,-0.022364315377444544,-0.03354647306616687,False,False,False
"Greyserman, Max",23465,-0.0013999999999999,-0.0029951122295212,0.7142857142857143,0.6308,0.6725428571428571,1.5852885225110969,1.486894090658057,0.7424069142727437,1.3469702137399846,Make Cut: DG anchor + putting overlay,Tier 2 - candidate,0.3692,0.3274571428571429,2.708559046587216,3.053834743914144,0.2857142857142857,0.2857142857142857,3.5,0.2729307437750714,3.6639331508366944,Miss Cut: DataGolf core; ARG weakness tag,Tier 1 - core,0.0087218926945491,114.65401318511488,0.0125026130139412,79.98328020590046,0.0160578660171171,62.274775423710246,Winner: DG anchor + total SG overlay,Tier 4 - speculative,0.0465441749859774,21.484965633213505,0.0620043166295928,16.127909383694895,0.0803591912114573,12.444127235783125,Top 5: DG anchor + total SG overlay,Tier 3 - semi-core,0.0971981598671291,10.28826061488211,0.122453265424,8.166380835475916,0.1803105469121315,5.545987282082379,Top 10: DG anchor + putting overlay,Tier 2 - current-price / early value,0.1987616481732283,5.031151679364531,0.2360861702450851,4.235741547088009,0.1981131716087701,5.047619963274222,0.2353159192937386,4.249606244241074,0.2818413525732013,3.548095376601185,Top 20: DG anchor + OTT overlay,Tier 3 - experimental,-0.112,0.07,0.093,0.334,0.385,-0.061,8.379,-0.0891069675717071,-0.04,0.0465779226382471,2.8811365892394,1.3,bet365,0.7692307692307692,0.7424069142727437,Make Cut: DG anchor + putting overlay,Tier 2 - candidate,0.075,3.0,-0.026823854958025417,-0.03487101144543309,False,False,False
"Ramey, Chad",19840,-0.1729,-0.1691953725679569,0.6134969325153374,0.5776,0.5955484662576687,1.7313019390581716,1.679124465358529,0.6305239381324361,1.585982608308138,Make Cut: DG anchor + putting overlay,Tier 2 - candidate,0.4224,0.4044515337423313,2.3674242424242427,2.4724841336294245,0.3865030674846625,0.3865030674846625,2.5873015873015874,0.3667718928508752,2.726490277723073,Miss Cut: DataGolf core; ARG weakness tag,Tier 1 - core,0.0042183462737489,237.0597231960448,0.0041008398035411,243.85249068653795,0.003231871180283,309.41827325939965,Winner: DG anchor + total SG overlay,Tier 4 - speculative,0.0253594856358476,39.432976455422335,0.0267380139218199,37.39993564682592,0.0211965239449077,47.1775467807419,Top 5: DG anchor + total SG overlay,Tier 3 - semi-core,0.0581954117544017,17.18348525860139,0.0617267462581162,16.20043272357828,0.0719185871420078,13.904611307580836,Top 10: DG anchor + putting overlay,Tier 2 - current-price / early value,0.1329562863098166,7.521269040786726,0.1409812725139753,7.09314068576641,0.1323596430416079,7.555172989440936,0.1403486170034795,7.1251147417805205,0.1418359047887787,7.050400965039102,Top 20: DG anchor + OTT overlay,Tier 3 - experimental,-0.249,-0.261,0.123,0.17,-0.216,-0.007,-3.468,-0.0421443316262689,0.0437075972605507,0.028668403658212,2.78706919467287,1.53,bet365,0.6535947712418301,0.6305239381324361,Make Cut: DG anchor + putting overlay,Tier 2 - candidate,0.075,3.0,-0.02307083310939395,-0.03529837465737273,False,False,False
"Koivun, Jackson",32319,0.42785,0.4297279219110546,0.8403361344537815,0.7836,0.8119680672268907,1.2761613067891782,1.231575526627905,0.8532062480299676,1.1720495511008922,Make Cut: DG anchor + putting overlay,Tier 2 - candidate,0.2164,0.1880319327731092,4.621072088724583,5.318245604626426,0.1596638655462184,0.1596638655462184,6.2631578947368425,0.1530037208784548,6.535788765518936,Miss Cut: DataGolf core; ARG weakness tag,Tier 1 - core,0.0382423862383537,26.14899587508189,0.0480628597858435,20.80608612254365,0.0750438334317147,13.325545274948388,Winner: DG anchor + total SG overlay,Tier 4 - speculative,0.1486263911487301,6.728280167950132,0.1742743199129895,5.738080059639726,0.2886183887760514,3.4647826988457524,Top 5: DG anchor + total SG overlay,Tier 3 - semi-core,0.2524156375056821,3.961719685364141,0.2864425767263491,3.491101118516131,0.351680095921101,2.843493309966421,Top 10: DG anchor + putting overlay,Tier 2 - current-price / early value,0.4064539735743535,2.4603031708756755,0.4489132221837247,2.2276020187944794,0.4072153164627738,2.455703308722221,0.449754096948023,2.223437222219607,0.535606245081187,1.867043204188966,Top 20: DG anchor + OTT overlay,Tier 3 - experimental,0.488,0.515,0.074,0.233,1.31,0.06,1.288,0.0424218919784235,-0.04,-0.0018213364339387,2.80635991307168,1.13,bet365,0.8849557522123894,0.8532062480299676,Make Cut: DG anchor + putting overlay,Tier 2 - candidate,0.075,3.0,-0.03174950418242184,-0.03587693972613672,False,False,False
"Yu, Kevin",17881,0.18995,0.2006761122250604,0.7633587786259541,0.7136,0.7384793893129771,1.4013452914798206,1.3541339331491988,0.7709744662573412,1.2970598168502938,Make Cut: DG anchor + putting overlay,Tier 2 - candidate,0.2864,0.2615206106870229,3.4916201117318435,3.823790397907715,0.2366412213740458,0.2366412213740458,4.225806451612902,0.2283630656024821,4.378991836362573,Miss Cut: DataGolf core; ARG weakness tag,Tier 1 - core,0.0161982006561587,61.735252033675046,0.018240766994746,54.82225611938551,0.0216612128018844,46.16546677908101,Winner: DG anchor + total SG overlay,Tier 4 - speculative,0.0804027089130164,12.437391892875764,0.0885862287951325,11.28843629084418,0.1130166195064223,8.848256162388342,Top 5: DG anchor + total SG overlay,Tier 3 - semi-core,0.1554153112752754,6.434372468159043,0.1681300250275072,5.947777619353789,0.1866793151047101,5.356779884472423,Top 10: DG anchor + putting overlay,Tier 2 - current-price / early value,0.2839691435991188,3.521509370087431,0.3059157027288154,3.268874369899437,0.2836468738748861,3.5255103866968422,0.3055685263845572,3.272588351398149,0.3514132061438201,2.845652873929666,Top 20: DG anchor + OTT overlay,Tier 3 - experimental,0.188,0.279,0.068,0.1,0.635,-0.004,6.631,-0.0045944751736941,-0.0065424910692882,0.0575634214794712,2.79108253984379,1.25,bet365,0.8,0.7709744662573412,Make Cut: DG anchor + putting overlay,Tier 2 - candidate,0.075,3.0,-0.029025533742658816,-0.036281917178323464,False,False,False
"Smith, Jordan",18586,0.25965,0.2708124818876026,0.7462686567164178,0.7369,0.7415843283582089,1.3570362328674177,1.3484643104768634,0.7373181033010343,1.3562667124581873,Make Cut: DG anchor + putting overlay,Tier 2 - candidate,0.2631,0.2584156716417911,3.800836183960471,3.869734345625033,0.2537313432835821,0.2537313432835821,3.941176470588234,0.2722052383492624,3.673698588845359,Miss Cut: DataGolf core; ARG weakness tag,Tier 1 - core,0.0254201805947362,39.33882358833712,0.0227600902973681,43.93655679457631,0.0210159396931181,47.582930604214624,Winner: DG anchor + total SG overlay,Tier 4 - speculative,0.1020596337687032,9.79819310606474,0.0967362295226392,10.33738863851386,0.1035820991248069,9.65417778215801,Top 5: DG anchor + total SG overlay,Tier 3 - semi-core,0.1850607600263255,5.403630677069232,0.1778322754325582,5.623276188574911,0.1519668849468843,6.580380984643606,Top 10: DG anchor + putting overlay,Tier 2 - current-price / early value,0.3236616819891622,3.089645934774216,0.3167017133976411,3.157545279031788,0.3235252291906557,3.090949050562894,0.316568194858099,3.158877032635093,0.3511131420141758,2.848084791880636,Top 20: DG anchor + OTT overlay,Tier 3 - experimental,0.266,0.553,-0.139,-0.11,0.569,0.05,4.484,0.090938060904981,-0.04,0.0203433789855225,2.83343726601731,1.3,bet365,0.7692307692307692,0.7373181033010343,Make Cut: DG anchor + putting overlay,Tier 2 - candidate,0.075,3.0,-0.03191266592973485,-0.04148646570865536,False,False,False
"Dumont De Chassart, Adrien",22002,-0.2470499999999999,-0.2807021670613323,0.5780346820809249,0.52625,0.5521423410404624,1.9002375296912115,1.8111271780309224,0.6104670420875394,1.6380900704818109,Make Cut: DG anchor + putting overlay,Tier 2 - candidate,0.47375,0.4478576589595375,2.1108179419525066,2.2328522913355973,0.4219653179190751,0.4219653179190751,2.3698630136986303,0.3924294869521246,2.5482284926310785,Miss Cut: DataGolf core; ARG weakness tag,Tier 1 - core,0.003086162768665,324.0269794430007,0.0032680813843325,305.98993182791656,0.0026705699822107,374.4518985314745,Winner: DG anchor + total SG overlay,Tier 4 - speculative,0.0187112886764378,53.44367335101025,0.0219622977773723,45.53257633316923,0.0175327374455948,57.03615896280083,Top 5: DG anchor + total SG overlay,Tier 3 - semi-core,0.0431638517077887,23.167533953406533,0.0497410511036446,20.10411878744413,0.0697803267364135,14.330686695941894,Top 10: DG anchor + putting overlay,Tier 2 - current-price / early value,0.1060898039987724,9.425976505824927,0.1173502396940986,8.521499424344917,0.105880225413816,9.44463421844503,0.1171184163119039,8.538366821293502,0.1124029096948639,8.896566847910462,Top 20: DG anchor + OTT overlay,Tier 3 - experimental,-0.276,-0.579,0.179,0.316,-0.359,-0.088,4.262,-0.1358497531393381,-0.037010251819529,-0.0910833957821104,2.86272425864469,1.57,bet365,0.6369426751592356,0.6104670420875394,Make Cut: DG anchor + putting overlay,Tier 2 - candidate,0.075,3.0,-0.026475633071696203,-0.04156674392256304,False,False,False
"Roy, Kevin",18424,0.11155,0.1222003431032479,0.7194244604316548,0.68025,0.6998372302158273,1.470047776552738,1.4289036890643894,0.7205560441612668,1.3878171005615645,Make Cut: DG anchor + putting overlay,Tier 2 - candidate,0.31975,0.3001627697841726,3.127443315089914,3.331525760903108,0.2805755395683452,0.2805755395683452,3.564102564102565,0.2696852951474858,3.70802568027715,Miss Cut: DataGolf core; ARG weakness tag,Tier 1 - core,0.0131808192359949,75.86781838788467,0.0137237429513308,72.86641869833538,0.0140287592704971,71.28214125842402,Winner: DG anchor + total SG overlay,Tier 4 - speculative,0.0676182425252378,14.78890847579719,0.0693585392520369,14.417835363662624,0.0735271815919673,13.600412505261149,Top 5: DG anchor + total SG overlay,Tier 3 - semi-core,0.1297280518922865,7.708433029043725,0.1349325926109598,7.41110787727335,0.136280164354025,7.337825022005594,Top 10: DG anchor + putting overlay,Tier 2 - current-price / early value,0.2448003900697318,4.084960811194575,0.2562994570691279,3.901685986522728,0.2449534296004932,4.08240865061963,0.2564596853622,3.899248330542448,0.2826407956969569,3.538059668754204,Top 20: DG anchor + OTT overlay,Tier 3 - experimental,0.105,0.178,0.08,0.013,0.375,0.018,1.398,0.0151959984022253,-0.0370557098961164,0.0549176437891559,2.8198786561554,1.33,bet365,0.7518796992481203,0.7205560441612668,Make Cut: DG anchor + putting overlay,Tier 2 - candidate,0.075,3.0,-0.03132365508685342,-0.041660461265515064,False,False,False
"James, Ben",29827,0.37435,0.409799730481828,0.8130081300813008,0.7758,0.7944040650406504,1.2889920082495487,1.2588052403141077,0.8178241824529661,1.222756701814098,Make Cut: DG anchor + putting overlay,Tier 2 - candidate,0.2241999999999999,0.2055959349593495,4.460303300624443,4.863909396835691,0.1869918699186992,0.1869918699186992,5.3478260869565215,0.1827863797992112,5.470867146110604,Miss Cut: DataGolf core; ARG weakness tag,Tier 1 - core,0.0342988060739525,29.155533806158548,0.0383910697036429,26.047724320250182,0.0509284005625825,19.63540949555576,Winner: DG anchor + total SG overlay,Tier 4 - speculative,0.1372273938195032,7.287174755466911,0.1476040342113391,6.774882579213265,0.2120190961516101,4.716556282670511,Top 5: DG anchor + total SG overlay,Tier 3 - semi-core,0.2351502410982446,4.252600360219086,0.2504738691153708,3.992432438289161,0.2682086258637481,3.728440861212298,Top 10: DG anchor + putting overlay,Tier 2 - current-price / early value,0.3931691354878487,2.5434346436151167,0.4113329696300283,2.431120464035367,0.3921111163012397,2.550297500955696,0.4102260715175572,2.4376802681035867,0.4691574778202116,2.131480467168884,Top 20: DG anchor + OTT overlay,Tier 3 - experimental,0.45,0.461,0.041,0.075,1.027,0.048,1.238,0.0458956255552362,-0.04,0.164300839631522,2.80648212023924,1.17,bet365,0.8547008547008548,0.8178241824529661,Make Cut: DG anchor + putting overlay,Tier 2 - candidate,0.075,3.0,-0.03687667224788871,-0.043145706530029776,False,False,False
"Fisk, Steven",26657,-0.0148,-0.0168020213503645,0.6802721088435374,0.6246,0.6524360544217687,1.601024655779699,1.5327172574579209,0.682322509832882,1.4655826029320431,Make Cut: DG anchor + putting overlay,Tier 2 - candidate,0.3753999999999999,0.3475639455782313,2.6638252530633992,2.877168396556009,0.3197278911564626,0.3197278911564626,3.127659574468085,0.3144265165169144,3.180393343022027,Miss Cut: DataGolf core; ARG weakness tag,Tier 1 - core,0.0086153512050239,116.0718786968152,0.0096243422691786,103.90320419115184,0.0097105542968038,102.98073306990725,Winner: DG anchor + total SG overlay,Tier 4 - speculative,0.0446301451431862,22.406380189706184,0.0491354462488418,20.3519063393786,0.0493142600478903,20.278110206436715,Top 5: DG anchor + total SG overlay,Tier 3 - semi-core,0.0920413740736794,10.864679173514906,0.1011912224505002,9.882280061288622,0.1080730409458374,9.253001407642138,Top 10: DG anchor + putting overlay,Tier 2 - current-price / early value,0.1914595285637255,5.223035946561204,0.2066002071954307,4.8402662009630175,0.1908383206775149,5.240037726436682,0.2059298739977815,4.856022006844782,0.2376280709202221,4.2082570301036775,Top 20: DG anchor + OTT overlay,Tier 3 - experimental,-0.142,0.23,0.036,0.022,0.146,-0.006,7.062,0.0069235821019965,-0.0487422013342817,-0.0012863474692508,2.83295504079061,1.4,bet365,0.7142857142857143,0.682322509832882,Make Cut: DG anchor + putting overlay,Tier 2 - candidate,0.075,3.0,-0.031963204452832294,-0.04474848623396527,False,False,False
"Grillo, Emiliano",12808,0.09075,0.1055682282199168,0.6993006993006994,0.67565,0.6874753496503496,1.4800562421372012,1.454597609221335,0.7017282334304831,1.4250531079694193,Make Cut: DG anchor + putting overlay,Tier 2 - candidate,0.32435,0.3125246503496504,3.0830892554339444,3.1997476003291485,0.3006993006993006,0.3006993006993006,3.3255813953488382,0.3122314563460299,3.2027522521361584,Miss Cut: DataGolf core; ARG weakness tag,Tier 1 - core,0.0113119978870557,88.40171382495552,0.0104643322768611,95.5627147095865,0.0089976142227931,111.14057296063626,Winner: DG anchor + total SG overlay,Tier 4 - speculative,0.0560903136191088,17.82839024204209,0.0558770516508242,17.896434590876428,0.0532390191108863,18.78321608287331,Top 5: DG anchor + total SG overlay,Tier 3 - semi-core,0.1161099866537729,8.612523597835635,0.1154246309346489,8.663662096231256,0.112794567135819,8.865675230579786,Top 10: DG anchor + putting overlay,Tier 2 - current-price / early value,0.2312492545316438,4.324338264464162,0.2315141667887989,4.319390099838944,0.2323296435556511,4.304229045831875,0.2325957934742877,4.299303891368719,0.2452091391600705,4.0781514238227805,Top 20: DG anchor + OTT overlay,Tier 3 - experimental,0.094,0.177,-0.079,0.027,0.22,0.07,-5.484,0.0733526425135475,-0.0290347348938446,0.0446735035662718,2.76910091504399,1.36,bet365,0.7352941176470588,0.7017282334304831,Make Cut: DG anchor + putting overlay,Tier 2 - candidate,0.075,3.0,-0.03356588421657569,-0.04564960253454298,False,False,False
"Hall, Harry",27194,0.1314,0.1070943882581976,0.7407407407407407,0.6799,0.7103203703703703,1.4708045300779526,1.4078154614636589,0.7631300718645199,1.3103926012989462,Make Cut: DG anchor + putting overlay,Tier 2 - candidate,0.3201,0.2896796296296297,3.124023742580443,3.4520894730449343,0.2592592592592593,0.2592592592592593,3.857142857142856,0.2285122643924671,4.37613273256315,Miss Cut: DataGolf core; ARG weakness tag,Tier 1 - core,0.0129043881978812,77.49301901535993,0.0144021940989406,69.43386494656086,0.0166855705296354,59.93202319476495,Winner: DG anchor + total SG overlay,Tier 4 - speculative,0.0578199692476184,17.295062813288997,0.0686098622693119,14.57516407881326,0.0908543206098157,11.006631201333994,Top 5: DG anchor + total SG overlay,Tier 3 - semi-core,0.1156841603705145,8.644225767790411,0.1347524301824822,7.421016442121275,0.1808217638513091,5.530307738963912,Top 10: DG anchor + putting overlay,Tier 2 - current-price / early value,0.2332132840845233,4.287920406959197,0.2619198786204981,3.817961451673256,0.2314560550174582,4.320474570970165,0.2599463494291367,3.846947657453476,0.2844404915092356,3.5156738574526427,Top 20: DG anchor + OTT overlay,Tier 3 - experimental,0.221,-0.171,0.244,0.282,0.577,-0.03,-1.098,-0.087249037417467,-0.0074423978936055,-0.0760429405268767,2.76083082790264,1.25,bet365,0.8,0.7631300718645199,Make Cut: DG anchor + putting overlay,Tier 2 - candidate,0.075,3.0,-0.03686992813548018,-0.04608741016935017,False,False,False
"Crowe, Trace",27780,-0.0094,-0.0063886662907075,0.641025641025641,0.6315,0.6362628205128205,1.5835312747426762,1.5716775643027696,0.635738944169574,1.5729726944858435,Make Cut: DG anchor + putting overlay,Tier 2 - candidate,0.3685,0.3637371794871795,2.71370420624152,2.7492377914456405,0.358974358974359,0.358974358974359,2.785714285714285,0.3755598809323318,2.662691226542857,Miss Cut: DataGolf core; ARG weakness tag,Tier 1 - core,0.0080844632937232,123.69404914936014,0.0076172316468616,131.2812904163169,0.0060381581381068,165.61341672868693,Winner: DG anchor + total SG overlay,Tier 4 - speculative,0.0444709132703697,22.486608132383083,0.04301047677708,23.250149148146445,0.0335349976046653,29.819593601547822,Top 5: DG anchor + total SG overlay,Tier 3 - semi-core,0.0931450539986917,10.735943102400746,0.0906786688667377,11.027951915236097,0.0814791367931848,12.273080439453592,Top 10: DG anchor + putting overlay,Tier 2 - current-price / early value,0.1931043795857277,5.178546453194527,0.1877898971665088,5.325100099039532,0.1935081039446385,5.167742226889338,0.1881825105086098,5.313990111500014,0.1899721633275673,5.263929106685534,Top 20: DG anchor + OTT overlay,Tier 3 - experimental,-0.032,0.096,-0.104,-0.054,-0.094,-0.028,4.909,-0.0054315785752656,-0.0173393744929921,0.0221073014573432,2.85539587848027,1.5,bet365,0.6666666666666666,0.635738944169574,Make Cut: DG anchor + putting overlay,Tier 2 - candidate,0.075,3.0,-0.030927722497092636,-0.04639158374563901,False,False,False
"Homa, Max",17538,0.09365,0.0691325771358834,0.7092198581560284,0.6587,0.6839599290780142,1.518141794443601,1.4620739570927956,0.7319342459765262,1.36624294531516,Make Cut: DG anchor + putting overlay,Tier 2 - candidate,0.3413,0.3160400709219858,2.929973630237328,3.1641557258315163,0.2907801418439716,0.2907801418439716,3.439024390243903,0.2854776960444198,3.502900625358843,Miss Cut: DataGolf core; ARG weakness tag,Tier 1 - core,0.0122431642657252,81.67823107621773,0.0134799154661959,74.18444147574456,0.0149224208896234,67.01325524837377,Winner: DG anchor + total SG overlay,Tier 4 - speculative,0.0576576493131357,17.343752510079824,0.0635179814025996,15.743573361716953,0.0754494705167129,13.25390348204615,Top 5: DG anchor + total SG overlay,Tier 3 - semi-core,0.113769044028985,8.789737213096643,0.124643445706541,8.022884752034114,0.1581476811363764,6.323203684141686,Top 10: DG anchor + putting overlay,Tier 2 - current-price / early value,0.2231399042373774,4.481493363626233,0.2403206394521887,4.161107436629253,0.2225009822225182,4.494362182185436,0.2396325234126313,4.173056251959866,0.2670728123809603,3.74429726142836,Top 20: DG anchor + OTT overlay,Tier 3 - experimental,0.072,0.095,0.038,0.265,0.47,-0.024,3.525,-0.0461450992049425,0.0115336922013146,-0.10239798776844,2.84973775117711,1.3,bet365,0.7692307692307692,0.7319342459765262,Make Cut: DG anchor + putting overlay,Tier 2 - candidate,0.075,3.0,-0.03729652325424293,-0.048485480230515854,False,False,False
"Nyholm, Pontus",25475,-0.22535,-0.227739086070604,0.5649717514124294,0.54595,0.5554608757062147,1.831669566810148,1.800306815000421,0.5634218627066063,1.7748690034783676,Make Cut: DG anchor + putting overlay,Tier 2 - candidate,0.4540499999999999,0.4445391242937853,2.202400616672173,2.2495207853496466,0.4350282485875706,0.4350282485875706,2.2987012987012987,0.4524767564338247,2.21005827543818,Miss Cut: DataGolf core; ARG weakness tag,Tier 1 - core,0.0046191758375606,216.48883592361807,0.0041679212521136,239.92775763047047,0.0027648649422855,361.6813192955988,Winner: DG anchor + total SG overlay,Tier 4 - speculative,0.0249016261432838,40.158019972109614,0.0242070928335466,41.31020634638868,0.0152651474051584,65.50870250110253,Top 5: DG anchor + total SG overlay,Tier 3 - semi-core,0.0543122824293105,18.412041535936865,0.0537413131492022,18.60765845493384,0.0506027779263984,19.761760934439128,Top 10: DG anchor + putting overlay,Tier 2 - current-price / early value,0.1233555762182317,8.10664609300574,0.1227854615236643,8.144286689896674,0.1231875668329696,8.117702343743042,0.1226182286304125,8.155394276768842,0.1260727025997843,7.931931174462747,Top 20: DG anchor + OTT overlay,Tier 3 - experimental,-0.411,0.05,-0.103,-0.015,-0.48,-0.085,11.755,-0.0553243835931963,-0.04,0.0257167614435777,2.91483579738931,1.67,bet365,0.5988023952095809,0.5634218627066063,Make Cut: DG anchor + putting overlay,Tier 2 - candidate,0.075,3.0,-0.03538053250297457,-0.059085489279967485,False,False,False
"Neergaard-Petersen, Rasmus",23841,0.10135,0.1106701205670888,0.7042253521126761,0.67965,0.691937676056338,1.471345545501361,1.4452168664950389,0.7065415751094141,1.4153448788135947,Make Cut: DG anchor + putting overlay,Tier 2 - candidate,0.32035,0.3080623239436619,3.1215857655689088,3.246096397633093,0.2957746478873239,0.2957746478873239,3.380952380952382,0.2988137532714192,3.346566177265869,Miss Cut: DataGolf core; ARG weakness tag,Tier 1 - core,0.0127939657014145,78.16184780684836,0.0124386495173739,80.39457970121528,0.0115474043606048,86.59954815574001,Winner: DG anchor + total SG overlay,Tier 4 - speculative,0.0608560531804709,16.43221910948549,0.0612381528528617,16.329689146612935,0.0609689668551058,16.401786869318663,Top 5: DG anchor + total SG overlay,Tier 3 - semi-core,0.1221340962484753,8.187721780538277,0.1234442591076986,8.100822243402604,0.1225202472485638,8.161916274713704,Top 10: DG anchor + putting overlay,Tier 2 - current-price / early value,0.2387461543021205,4.188549143013852,0.2426813948403152,4.120629027445641,0.238872376091569,4.186335885136678,0.2428096971370041,4.118451659019842,0.2607425635530406,3.8352004612264943,Top 20: DG anchor + OTT overlay,Tier 3 - experimental,0.102,0.179,-0.021,0.026,0.286,0.026,1.8,0.0338962367538547,-0.04,0.0396524844585168,2.8201747802862,1.33,bet365,0.7518796992481203,0.7065415751094141,Make Cut: DG anchor + putting overlay,Tier 2 - candidate,0.075,3.0,-0.04533812413870619,-0.06029970510447924,False,False,False
"Yellamaraju, Sudarshan",29925,0.02915,-0.0119515336796737,0.6329113924050632,0.6276,0.6302556962025316,1.5933715742511152,1.5866576153540255,0.626081366711538,1.5972364826195855,Make Cut: DG anchor + putting overlay,Tier 2 - candidate,0.3723999999999999,0.3697443037974683,2.6852846401718584,2.704571753315668,0.3670886075949368,0.3670886075949368,2.724137931034482,0.369517310954517,2.7062331597316898,Miss Cut: DataGolf core; ARG weakness tag,Tier 1 - core,0.007925803889716,126.17016695272036,0.0074212352781913,134.74845662671314,0.0061171372887001,163.47516048842834,Winner: DG anchor + total SG overlay,Tier 4 - speculative,0.0483572445151378,20.679424769270256,0.0435681202133168,22.95256244942015,0.0338406203016516,29.55028575381028,Top 5: DG anchor + total SG overlay,Tier 3 - semi-core,0.0954599190918348,10.475600749650493,0.0885407807386136,11.294230654596983,0.0744870096096454,13.42515970557246,Top 10: DG anchor + putting overlay,Tier 2 - current-price / early value,0.1943382859026684,5.1456664617327945,0.1848076809050742,5.411030510759162,0.194741056387063,5.135024008560486,0.1851906989954738,5.399839222079077,0.1833922281586435,5.452793774526527,Top 20: DG anchor + OTT overlay,Tier 3 - experimental,0.016,0.115,-0.015,-0.069,0.047,-0.004,5.967,0.0198219175166349,-0.04,-0.205418627156686,2.86692642925014,1.5,bet365,0.6666666666666666,0.626081366711538,Make Cut: DG anchor + putting overlay,Tier 2 - candidate,0.075,3.0,-0.040585299955128606,-0.060877949932692965,False,False,False
"Suber, Jackson",29279,0.27315,0.2833617191688428,0.7518796992481203,0.72935,0.7406148496240601,1.3710838417769249,1.350229475560212,0.7479038162051416,1.3370703268690252,Make Cut: DG anchor + putting overlay,Tier 2 - candidate,0.2706499999999999,0.2593851503759399,3.6948087936449294,3.855270814657855,0.2481203007518797,0.2481203007518797,4.030303030303029,0.2386945021310253,4.189455521900019,Miss Cut: DataGolf core; ARG weakness tag,Tier 1 - core,0.0254201805947362,39.33882358833712,0.0246017569640347,40.64750340643948,0.0251394964745841,39.778044123158594,Winner: DG anchor + total SG overlay,Tier 4 - speculative,0.1045451506762356,9.565245193408211,0.1033179066271993,9.67886431931192,0.1172176108465471,8.531141291636871,Top 5: DG anchor + total SG overlay,Tier 3 - semi-core,0.1869196287082712,5.349892929440373,0.1859291315878276,5.378393323628409,0.1720489811853814,5.812298294998376,Top 10: DG anchor + putting overlay,Tier 2 - current-price / early value,0.3247576661834471,3.07921907356954,0.324894467503608,3.077922525685651,0.3251602259541219,3.075406892296519,0.3252971968490575,3.074111949584411,0.3406180071663799,2.935840087607392,Top 20: DG anchor + OTT overlay,Tier 3 - experimental,0.418,0.163,0.075,-0.05,0.606,-0.007,2.775,-0.0077932819296524,0.0157769819068037,0.0510109913323394,2.87885120323224,1.25,bet365,0.8,0.7479038162051416,Make Cut: DG anchor + putting overlay,Tier 2 - candidate,0.075,3.0,-0.052096183794858475,-0.06512022974357304,False,False,False
"Thompson, Davis",27364,0.331,0.3302277974643071,0.7518796992481203,0.7495,0.7506898496240602,1.33422281521014,1.3321080610065428,0.7444378118123121,1.3432955501891142,Make Cut: DG anchor + putting overlay,Tier 2 - candidate,0.2504999999999999,0.2493101503759398,3.992015968063873,4.011068135381089,0.2481203007518797,0.2481203007518797,4.030303030303029,0.257071115960897,3.889974166339674,Miss Cut: DataGolf core; ARG weakness tag,Tier 1 - core,0.0234884891458405,42.574045260679696,0.0218109112395869,45.848611688676,0.0212409457389135,47.07888303523112,Winner: DG anchor + total SG overlay,Tier 4 - speculative,0.1121413315427297,8.917318764125476,0.1013512946794937,9.866672183738055,0.1041113530958425,9.605100407055726,Top 5: DG anchor + total SG overlay,Tier 3 - semi-core,0.2045199115591289,4.889499474044555,0.1879980653782989,5.319203673653507,0.1546250797008638,6.467256165264977,Top 10: DG anchor + putting overlay,Tier 2 - current-price / early value,0.3508312984337733,2.850372827237279,0.3319331068749691,3.012655198556843,0.350965031941762,2.8492867066196403,0.3320596365745659,3.011507241035736,0.3331617873316387,3.0015447089812004,Top 20: DG anchor + OTT overlay,Tier 3 - experimental,0.524,0.236,-0.069,-0.093,0.597,0.013,3.599,0.0345981565636661,-0.0607542124842872,-0.0059715378392256,2.80104478831923,1.25,bet365,0.8,0.7444378118123121,Make Cut: DG anchor + putting overlay,Tier 2 - candidate,0.075,3.0,-0.05556218818768799,-0.06945273523460993,False,False,False
"Power, Seamus",10104,-0.1121,-0.1034185414826711,0.6451612903225806,0.5993,0.6222306451612903,1.6686133822793257,1.607121101759279,0.6638459860361182,1.506373497821515,Make Cut: DG anchor + putting overlay,Tier 2 - candidate,0.4006999999999999,0.3777693548387096,2.4956326428749693,2.6471178437090392,0.3548387096774194,0.3548387096774194,2.818181818181818,0.331879763883973,3.013139422232461,Miss Cut: DataGolf core; ARG weakness tag,Tier 1 - core,0.0049725265960199,201.1050078244745,0.0054945966313432,181.9969812334573,0.0051414388269171,194.49808383689705,Winner: DG anchor + total SG overlay,Tier 4 - speculative,0.0289408610707246,34.55322208818303,0.0330360164540732,30.26999339918004,0.0305760321615573,32.705355446913735,Top 5: DG anchor + total SG overlay,Tier 3 - semi-core,0.0666239121181833,15.009625946703832,0.0740411081801187,13.506010709176776,0.0912214916798416,10.962328959821011,Top 10: DG anchor + putting overlay,Tier 2 - current-price / early value,0.1519108610040325,6.582807795246809,0.1642684990653972,6.08759443039586,0.1512638271421499,6.610965879239929,0.1635688303212834,6.113634229918931,0.1689062048921387,5.920445614408225,Top 20: DG anchor + OTT overlay,Tier 3 - experimental,-0.153,-0.249,0.149,0.194,-0.058,0.007,-3.388,-0.0299191575209097,0.0049040769598836,0.0571408521071282,2.80031609414316,1.4,bet365,0.7142857142857143,0.6638459860361182,Make Cut: DG anchor + putting overlay,Tier 2 - candidate,0.075,3.0,-0.05043972824959608,-0.07061561954943457,False,False,False
"Hojgaard, Rasmus",23838,0.02965,0.0178111002942068,0.7092198581560284,0.64395,0.6765849290780142,1.5529155990371923,1.4780110478705242,0.7423238541072607,1.3471209290487207,Make Cut: DG anchor + putting overlay,Tier 2 - candidate,0.35605,0.3234150709219858,2.808594298553574,3.092001857394023,0.2907801418439716,0.2907801418439716,3.439024390243903,0.3010866160810131,3.3213033944057178,Miss Cut: DataGolf core; ARG weakness tag,Tier 1 - core,0.0113665852680388,87.97716960887566,0.013224959300686,75.6145994300431,0.014805632469665,67.54186300712784,Winner: DG anchor + total SG overlay,Tier 4 - speculative,0.0530729665979739,18.84198423606068,0.0637295196145232,15.691315516712455,0.0766438318985051,13.047364350522566,Top 5: DG anchor + total SG overlay,Tier 3 - semi-core,0.1065508473926081,9.38519049327968,0.124113547470678,8.057138164036854,0.1802766514564278,5.547030033679632,Top 10: DG anchor + putting overlay,Tier 2 - current-price / early value,0.2124611155441752,4.706743619596963,0.2381684655342601,4.198708665132461,0.2114168182653387,4.729992666642773,0.2369978104719205,4.219448264136937,0.2739603860777269,3.650162763737252,Top 20: DG anchor + OTT overlay,Tier 3 - experimental,-0.05,0.101,-0.072,0.391,0.37,-0.072,15.058,-0.0748514302331403,-0.04,-0.0117687834123956,2.90699008489938,1.25,bet365,0.8,0.7423238541072607,Make Cut: DG anchor + putting overlay,Tier 2 - candidate,0.075,3.0,-0.057676145892739394,-0.07209518236592419,False,False,False
"Horschel, Billy",11276,0.12715,0.1477232398895406,0.6896551724137931,0.6938,0.6917275862068966,1.4413375612568464,1.4456558043080543,0.6914911218153457,1.44615016513117,Make Cut: DG anchor + putting overlay,Tier 2 - candidate,0.3062,0.3082724137931034,3.265839320705421,3.243884159778074,0.3103448275862068,0.3103448275862068,3.2222222222222228,0.3327821260164252,3.0049690828366264,Miss Cut: DataGolf core; ARG weakness tag,Tier 1 - core,0.0145148856939788,68.89478987869865,0.0123657761803227,80.86835677903227,0.0093304119552623,107.17640387099966,Winner: DG anchor + total SG overlay,Tier 4 - speculative,0.0707988098164599,14.124531225770854,0.0633887038500289,15.775681458417202,0.0514432454179461,19.4388979908944,Top 5: DG anchor + total SG overlay,Tier 3 - semi-core,0.1368636335035928,7.306542829536591,0.1248728040977839,8.008148829723819,0.1103898808834741,9.05880133212196,Top 10: DG anchor + putting overlay,Tier 2 - current-price / early value,0.2597733677685171,3.8495093187962808,0.242991302864815,4.11537362946828,0.2600493040569112,3.845424634480669,0.2432494129197469,4.111006838606106,0.23184889368714,4.313154072451229,Top 20: DG anchor + OTT overlay,Tier 3 - experimental,0.238,0.037,-0.15,0.02,0.146,0.003,-2.095,0.0074199703399508,0.0078415304991545,0.0971958316529387,2.80523416518842,1.33,bet365,0.7518796992481203,0.6914911218153457,Make Cut: DG anchor + putting overlay,Tier 2 - candidate,0.075,3.0,-0.06038857743277459,-0.08031680798559021,False,False,False
"Hodges, Lee",25157,0.07215,0.0553296598382578,0.6535947712418301,0.66095,0.6572723856209151,1.512973749905439,1.5214392417465028,0.6568816544037631,1.5223442355193764,Make Cut: DG anchor + putting overlay,Tier 2 - candidate,0.3390499999999999,0.3427276143790849,2.9494174900457164,2.9177689746759587,0.3464052287581699,0.3464052287581699,2.8867924528301887,0.3635304339125136,2.7508013269685634,Miss Cut: DataGolf core; ARG weakness tag,Tier 1 - core,0.0097936364577685,102.10711866957034,0.0083884848955509,119.21103899589556,0.0064276988229857,155.57667332264404,Winner: DG anchor + total SG overlay,Tier 4 - speculative,0.0499076833585882,20.036994961576724,0.0456281809048833,21.91628024980008,0.0385769502357706,25.92221505039412,Top 5: DG anchor + total SG overlay,Tier 3 - semi-core,0.102740512834765,9.733258793522616,0.0953395956892217,10.488821488814548,0.0869725988347361,11.497874197138604,Top 10: DG anchor + putting overlay,Tier 2 - current-price / early value,0.2121518147565025,4.713605684437587,0.1992253605408292,5.019441286417249,0.2125288490277704,4.70524356845942,0.199579422035499,5.010536606434959,0.1978865479300014,5.053400599790799,Top 20: DG anchor + OTT overlay,Tier 3 - experimental,0.063,0.18,-0.109,0.034,0.169,0.063,-5.076,0.0695482537527567,0.0164588738033473,-0.122990546135926,2.77723746705603,1.4,bet365,0.7142857142857143,0.6568816544037631,Make Cut: DG anchor + putting overlay,Tier 2 - candidate,0.075,3.0,-0.057404059881951186,-0.0803656838347317,False,False,False
"Silverman, Ben",17381,-0.2312,-0.2167728728931688,0.5434782608695652,0.55515,0.5493141304347826,1.801314959920742,1.8204519865682305,0.5500369381258887,1.8180597168751,Make Cut: DG anchor + putting overlay,Tier 2 - candidate,0.4448499999999999,0.4506858695652174,2.2479487467685737,2.218840366494546,0.4565217391304348,0.4565217391304348,2.1904761904761902,0.4616645803078112,2.1660747708504253,Miss Cut: DataGolf core; ARG weakness tag,Tier 1 - core,0.0022254337066411,449.3506128786482,0.0022460501866538,445.2260265340656,0.0016388711825469,610.176083788296,Winner: DG anchor + total SG overlay,Tier 4 - speculative,0.01910979161365,52.32919438460569,0.0178820155158197,55.92210783596112,0.0102826174072487,97.25150323059238,Top 5: DG anchor + total SG overlay,Tier 3 - semi-core,0.0485679537202072,20.58970830356268,0.0445214839363607,22.461066244544,0.0410120728671497,24.38306406114357,Top 10: DG anchor + putting overlay,Tier 2 - current-price / early value,0.118183167389336,8.461441862576383,0.1094841883816475,9.133738988082287,0.1185525888195162,8.435075184417897,0.1098264182130821,9.105277366506009,0.0942709913277228,10.607717028492983,Top 20: DG anchor + OTT overlay,Tier 3 - experimental,-0.283,-0.315,-0.03,0.062,-0.566,0.022,-10.004,0.0004899517075816,0.0261423713463684,0.0653550668437728,2.79384322588965,1.67,bet365,0.5988023952095809,0.5500369381258887,Make Cut: DG anchor + putting overlay,Tier 2 - candidate,0.075,3.0,-0.048765457083692176,-0.08143831332976587,False,False,False
"Ventura, Kristoffer",15651,0.1186499999999999,0.1216956051440026,0.7092198581560284,0.6802,0.6947099290780142,1.4701558365186709,1.4394497014417975,0.7053597194403433,1.417716340243294,Make Cut: DG anchor + putting overlay,Tier 2 - candidate,0.3198,0.3052900709219858,3.1269543464665417,3.275573283402136,0.2907801418439716,0.2907801418439716,3.439024390243903,0.3096557613874106,3.229392521293667,Miss Cut: DataGolf core; ARG weakness tag,Tier 1 - core,0.0130148966605217,76.83503189336204,0.0132824483302608,75.28732468107853,0.0131027177629014,76.32004429122063,Winner: DG anchor + total SG overlay,Tier 4 - speculative,0.0686041534640122,14.576376932113453,0.0683352949258493,14.633726262323158,0.0685581123380981,14.586165894831591,Top 5: DG anchor + total SG overlay,Tier 3 - semi-core,0.1313356845949676,7.614076883095006,0.1317652220473638,7.589255984713051,0.1232583226773814,8.113042415946373,Top 10: DG anchor + putting overlay,Tier 2 - current-price / early value,0.2485800367979357,4.022849191276266,0.2501935820330463,3.996905083951821,0.2484321704131336,4.025243583940988,0.2500447558402737,3.999284034730129,0.282978526785658,3.533837041838336,Top 20: DG anchor + OTT overlay,Tier 3 - experimental,0.038,0.461,-0.131,-0.044,0.323,0.005,7.437,0.0417817253602717,0.0136903506641696,-0.0090854246261651,2.84770504628927,1.3,bet365,0.7692307692307692,0.7053597194403433,Make Cut: DG anchor + putting overlay,Tier 2 - candidate,0.075,3.0,-0.0638710497904259,-0.08303236472755374,False,False,False
"Brennan, Michael",29197,0.35705,0.3452690438254585,0.7936507936507936,0.74985,0.7717503968253968,1.333600053344002,1.2957557315338095,0.8041234858439879,1.243590092323227,Make Cut: DG anchor + putting overlay,Tier 2 - candidate,0.25015,0.2282496031746032,3.997601439136518,4.381168624573835,0.2063492063492064,0.2063492063492064,4.846153846153845,0.2314091905271377,4.321349544164834,Miss Cut: DataGolf core; ARG weakness tag,Tier 1 - core,0.0389135456118646,25.697992415656486,0.0388234394725989,25.757635428097142,0.0459217583899444,21.77616962113043,Winner: DG anchor + total SG overlay,Tier 4 - speculative,0.1397674833458315,7.15473997285667,0.1444256834117323,6.923976237309367,0.198018772343918,5.050026258435767,Top 5: DG anchor + total SG overlay,Tier 3 - semi-core,0.2274563963528781,4.396447037913105,0.239732900141141,4.171308983503128,0.267148917690101,3.743230587069132,Top 10: DG anchor + putting overlay,Tier 2 - current-price / early value,0.3709347251407424,2.695892113148948,0.3887452698135907,2.572378566765624,0.3698486959065257,2.7038083710121734,0.3876070945523751,2.57993213760662,0.4641773081906997,2.1543491729439865,Top 20: DG anchor + OTT overlay,Tier 3 - experimental,0.338,0.709,-0.214,0.153,0.986,-0.023,17.461,0.0205595203449635,0.0358922105089039,-0.0781575936724153,2.90617119792902,1.14,bet365,0.8771929824561404,0.8041234858439879,Make Cut: DG anchor + putting overlay,Tier 2 - candidate,0.075,3.0,-0.07306949661215256,-0.08329922613785393,False,False,False
"Jaeger, Stephan",16394,-0.04785,-0.0495612797124874,0.6666666666666666,0.6077,0.6371833333333333,1.6455487905216388,1.5694070257121184,0.6888003199479873,1.4517995579263263,Make Cut: DG anchor + putting overlay,Tier 2 - candidate,0.3923,0.3628166666666667,2.5490695895997963,2.7562129633883043,0.3333333333333333,0.3333333333333333,3.0,0.299477994507669,3.339143504162848,Miss Cut: DataGolf core; ARG weakness tag,Tier 1 - core,0.0081374130056842,122.88917857572952,0.0085937065028421,116.3642253397037,0.0080975240069561,123.49453970632848,Winner: DG anchor + total SG overlay,Tier 4 - speculative,0.0419290353189251,23.84982130863949,0.0469401393525843,21.30372882978978,0.0461680307771172,21.66000981994756,Top 5: DG anchor + total SG overlay,Tier 3 - semi-core,0.0883154766929486,11.3230436775737,0.0964362920381528,10.369540127117004,0.1205049721473397,8.29841277235693,Top 10: DG anchor + putting overlay,Tier 2 - current-price / early value,0.1853463760669192,5.395303761638967,0.1969268860021576,5.078026775831125,0.1851883471968441,5.399907797314373,0.1967589834299968,5.082360065942207,0.1932142990041513,5.175600383378014,Top 20: DG anchor + OTT overlay,Tier 3 - experimental,0.004,-0.387,0.229,0.238,0.083,-0.086,5.571,-0.1299776649889021,0.0731890664136448,0.0381351673286026,2.88161106138808,1.33,bet365,0.7518796992481203,0.6888003199479873,Make Cut: DG anchor + putting overlay,Tier 2 - candidate,0.075,3.0,-0.06307937930013297,-0.08389557446917684,False,False,False
"Keefer, Johnny",32457,0.2112,0.2151484706661166,0.7299270072992701,0.7128,0.7213635036496351,1.4029180695847363,1.3862636450841268,0.7313666588133325,1.3673032369598777,Make Cut: DG anchor + putting overlay,Tier 2 - candidate,0.2872,0.2786364963503649,3.481894150417827,3.588905305292719,0.2700729927007299,0.2700729927007299,3.702702702702703,0.289698018018987,3.451870353957545,Miss Cut: DataGolf core; ARG weakness tag,Tier 1 - core,0.0196118071062665,50.98969180053127,0.0188059035531332,53.17479147835941,0.0181740667109058,55.023458200465406,Winner: DG anchor + total SG overlay,Tier 4 - speculative,0.0928356431835749,10.7717247999519,0.0877290983474392,11.398726521041349,0.0888773908426574,11.251455409737806,Top 5: DG anchor + total SG overlay,Tier 3 - semi-core,0.1708271094464156,5.85387180782144,0.1639911598033128,6.097889674049362,0.1532387574775808,6.5257642156639255,Top 10: DG anchor + putting overlay,Tier 2 - current-price / early value,0.2953612266465493,3.385684747296477,0.2915514728327736,3.429926078862836,0.2950317593353165,3.389465602797888,0.2912262551969628,3.4337563394608006,0.3126522760108896,3.198441453102264,Top 20: DG anchor + OTT overlay,Tier 3 - experimental,0.259,0.325,-0.142,0.017,0.459,-0.022,10.859,0.011145333038565,-0.04,0.0241696868113008,2.87092869785379,1.25,bet365,0.8,0.7313666588133325,Make Cut: DG anchor + putting overlay,Tier 2 - candidate,0.075,3.0,-0.06863334118666753,-0.08579167648333436,False,False,False
"Van Rooyen, Erik",17550,-0.28875,-0.296876560551612,0.5494505494505494,0.5103,0.5298752747252746,1.959631589261219,1.8872365775483144,0.5636491054854854,1.77415344097579,Make Cut: DG anchor + putting overlay,Tier 2 - candidate,0.4897,0.4701247252747254,2.0420665713702264,2.127095101019486,0.4505494505494506,0.4505494505494506,2.219512195121951,0.4499130669845346,2.222651604013924,Miss Cut: DataGolf core; ARG weakness tag,Tier 1 - core,0.002892739412471,345.6930809905754,0.0027047030395688,369.72635641338593,0.0018462312257865,541.6439642190234,Winner: DG anchor + total SG overlay,Tier 4 - speculative,0.01910979161365,52.32919438460569,0.0190116815211107,52.599240045631554,0.0119794733258438,83.47612393298267,Top 5: DG anchor + total SG overlay,Tier 3 - semi-core,0.0447762250217205,22.333280653179425,0.0452884585305812,22.080680872031547,0.0492172471422809,20.31808071485845,Top 10: DG anchor + putting overlay,Tier 2 - current-price / early value,0.1041201007824394,9.604293431193613,0.1063895652744847,9.39941804837724,0.1048021562011433,9.541788415886527,0.1070864871843149,9.338246367899073,0.10480476785858,9.541550641563996,Top 20: DG anchor + OTT overlay,Tier 3 - experimental,-0.458,-0.203,0.004,0.135,-0.522,-0.039,1.952,-0.0498024365630391,-0.0150466788198366,-0.0119699147715813,2.887310013526,1.62,bet365,0.6172839506172839,0.5636491054854854,Make Cut: DG anchor + putting overlay,Tier 2 - candidate,0.075,3.0,-0.0536348451317985,-0.08688844911351357,False,False,False
"Mouw, William",29770,0.1299,0.1249713430553732,0.6666666666666666,0.67395,0.6703083333333333,1.4837895986349134,1.4918507651951218,0.6502246665686894,1.5379299670021986,Make Cut: DG anchor + putting overlay,Tier 2 - candidate,0.3260499999999999,0.3296916666666667,3.067014261616317,3.0331370219649667,0.3333333333333333,0.3333333333333333,3.0,0.352030546401167,2.8406625794922347,Miss Cut: DataGolf core; ARG weakness tag,Tier 1 - core,0.0135687078478482,73.69898528389237,0.0113593539239241,88.0331757155559,0.0081018232283443,123.42900749815068,Winner: DG anchor + total SG overlay,Tier 4 - speculative,0.0689330245604245,14.50683480634788,0.0591415426433676,16.908588367911708,0.0431118055064718,23.19550267617257,Top 5: DG anchor + total SG overlay,Tier 3 - semi-core,0.13219354524784,7.564665870222126,0.1166224749539975,8.574676539787518,0.0852577070353186,11.729144903999616,Top 10: DG anchor + putting overlay,Tier 2 - current-price / early value,0.2523613581936778,3.962571794500083,0.2277879309524179,4.390048216421474,0.2517582188604575,3.972064961876266,0.2272435216903437,4.400565492743343,0.2115558250239585,4.726884735443947,Top 20: DG anchor + OTT overlay,Tier 3 - experimental,0.244,0.1,-0.121,-0.172,0.051,-0.001,3.429,0.0324789629005941,-0.0553175920900188,-0.0270533681509263,2.85214560950458,1.4,bet365,0.7142857142857143,0.6502246665686894,Make Cut: DG anchor + putting overlay,Tier 2 - candidate,0.075,3.0,-0.06406104771702492,-0.08968546680383493,False,False,False
"Hoge, Tom",15575,0.0312,0.0369048679704167,0.591715976331361,0.64975,0.6207329881656805,1.5390534821085031,1.6109986404220054,0.5787198117045348,1.727951903106005,Make Cut: DG anchor + putting overlay,Tier 2 - candidate,0.3502499999999999,0.3792670118343195,2.855103497501785,2.6366648529844823,0.408284023668639,0.408284023668639,2.449275362318841,0.4202872300694422,2.3793252053715133,Miss Cut: DataGolf core; ARG weakness tag,Tier 1 - core,0.0087218926945491,114.65401318511488,0.0063526130139412,157.41553874058306,0.0031573529439378,316.7210057779593,Winner: DG anchor + total SG overlay,Tier 4 - speculative,0.0522131657486478,19.15225758985694,0.0389447809262719,25.677381569898728,0.0185956867648651,53.77591119083653,Top 5: DG anchor + total SG overlay,Tier 3 - semi-core,0.1050681184971289,9.517634981036856,0.0824352013934566,12.1307400612401,0.0520651055697246,19.20672183523796,Top 10: DG anchor + putting overlay,Tier 2 - current-price / early value,0.2097809463806972,4.766877150917525,0.1733062850738626,5.770131184646899,0.2102099071072253,4.757149716497011,0.1736606623003923,5.758356479547648,0.1276616145681495,7.833208152527088,Top 20: DG anchor + OTT overlay,Tier 3 - experimental,0.245,-0.335,-0.072,-0.126,-0.287,-0.002,-7.383,-0.0056522354601237,-0.0020852065305823,0.0318717592147909,2.83883985361195,1.57,bet365,0.6369426751592356,0.5787198117045348,Make Cut: DG anchor + putting overlay,Tier 2 - candidate,0.075,3.0,-0.058222863454700846,-0.09140989562388036,False,False,False
"Kirk, Chris",12423,0.28975,0.3031852515474429,0.7246376811594204,0.7437,0.7341688405797102,1.344628210299852,1.362084502538116,0.6975657863708613,1.4335565469782794,Make Cut: DG anchor + putting overlay,Tier 2 - candidate,0.2563,0.2658311594202898,3.901677721420211,3.761786248763109,0.2753623188405796,0.2753623188405796,3.631578947368423,0.2610181678822539,3.831150942914835,Miss Cut: DataGolf core; ARG weakness tag,Tier 1 - core,0.0238970751206007,41.846125308361984,0.018690204226967,53.503963244936415,0.0133683840611257,74.803356593257,Winner: DG anchor + total SG overlay,Tier 4 - speculative,0.1036408142644364,9.64870844654433,0.0874634638902749,11.433345485316291,0.0746867765018375,13.38925104064971,Top 5: DG anchor + total SG overlay,Tier 3 - semi-core,0.1899288348522342,5.265129967116399,0.1647025546823796,6.071551239314098,0.1066447561393679,9.376926125586118,Top 10: DG anchor + putting overlay,Tier 2 - current-price / early value,0.3340517301051154,2.9935483336228548,0.3005701305208857,3.3270105657771367,0.3332757161103618,3.0005186446553385,0.2998718954672438,3.3347573250966227,0.2755122623963066,3.629602513159884,Top 20: DG anchor + OTT overlay,Tier 3 - experimental,0.531,0.072,0.107,-0.31,0.4,0.01,-0.893,0.023738445560939,-0.0129468811848297,0.0585437552529524,2.7788723837225,1.3,bet365,0.7692307692307692,0.6975657863708613,Make Cut: DG anchor + putting overlay,Tier 2 - candidate,0.075,3.0,-0.07166498285990786,-0.09316447771788028,False,False,False
"Clanton, Luke",32330,-0.0230499999999999,-0.0252648552387067,0.5747126436781609,0.624,0.5993563218390805,1.6025641025641026,1.6684565817735502,0.5553848475561511,1.8005532639219093,Make Cut: DG anchor + putting overlay,Tier 2 - candidate,0.376,0.4006436781609195,2.6595744680851063,2.4959834748680287,0.4252873563218391,0.4252873563218391,2.351351351351352,0.4431581344890414,2.2565308457058872,Miss Cut: DataGolf core; ARG weakness tag,Tier 1 - core,0.007609354555431,131.4171908688716,0.0057130106110488,175.03905875231948,0.0029149344040838,343.0608931024272,Winner: DG anchor + total SG overlay,Tier 4 - speculative,0.0452674922965746,22.09090782958324,0.0349722812011973,28.59407409676672,0.0167658997476832,59.64487531533644,Top 5: DG anchor + total SG overlay,Tier 3 - semi-core,0.092461735726906,10.815284746044451,0.0742019576301677,13.476733390029016,0.0464155857107288,21.54448736750193,Top 10: DG anchor + putting overlay,Tier 2 - current-price / early value,0.1913053448256078,5.227245485020768,0.1592901704240519,6.2778512781916485,0.1910092077510777,5.235349707869556,0.159043592237155,6.28758434045471,0.1223087447504796,8.176030275186667,Top 20: DG anchor + OTT overlay,Tier 3 - experimental,0.111,-0.22,-0.106,-0.185,-0.4,-0.011,-0.407,0.0119071470426656,-0.0267419186613114,-0.010342370049539,2.86228799701884,1.62,bet365,0.6172839506172839,0.5553848475561511,Make Cut: DG anchor + putting overlay,Tier 2 - candidate,0.075,3.0,-0.061899103061132776,-0.1002765469590351,False,False,False
"Smotherman, Austin",22985,0.1831999999999999,0.198961761408411,0.6369426751592356,0.69955,0.6682463375796178,1.4294903866771496,1.4964541423780802,0.5983932253075815,1.6711419142253618,Make Cut: DG anchor + putting overlay,Tier 2 - candidate,0.30045,0.3317536624203822,3.328340822100183,3.014284733751781,0.3630573248407643,0.3630573248407643,2.7543859649122804,0.4079907402429089,2.4510360196033405,Miss Cut: DataGolf core; ARG weakness tag,Tier 1 - core,0.0211086102929005,47.37403297157507,0.0139793051464502,71.53431372473665,0.0058019049318994,172.35718470702588,Winner: DG anchor + total SG overlay,Tier 4 - speculative,0.0880252774521625,11.360373167167248,0.0640221003061679,15.619606279984223,0.0324615046893577,30.80571925329887,Top 5: DG anchor + total SG overlay,Tier 3 - semi-core,0.1607783322730857,6.2197435802573,0.123121307351809,8.122071000615529,0.0608226802653927,16.441235335842066,Top 10: DG anchor + putting overlay,Tier 2 - current-price / early value,0.2874009968714429,3.479459051588848,0.2322020147190024,4.3065948467766,0.2868734742001092,3.485857320159367,0.2317758094224758,4.314514109525649,0.1902113263808628,5.25731048211969,Top 20: DG anchor + OTT overlay,Tier 3 - experimental,0.351,0.225,-0.277,-0.384,-0.085,0.056,-2.819,0.1169219089767689,-0.0355546722151655,0.0292365206074623,2.87219062170017,1.5,bet365,0.6666666666666666,0.5983932253075815,Make Cut: DG anchor + putting overlay,Tier 2 - candidate,0.075,3.0,-0.06827344135908509,-0.10241016203862768,False,False,False
"Penge, Marco",22465,0.19145,0.2025463161104115,0.7518796992481203,0.70175,0.7268148496240601,1.4250089063056643,1.3758662202860097,0.7563923447176489,1.3220652046303911,Make Cut: DG anchor + putting overlay,Tier 2 - candidate,0.29825,0.2731851503759399,3.352891869237217,3.6605210737987184,0.2481203007518797,0.2481203007518797,4.030303030303029,0.2496878501866484,4.005000640810008,Miss Cut: DataGolf core; ARG weakness tag,Tier 1 - core,0.0201863137354926,49.53851471364703,0.0237681568677463,42.07309828710409,0.0291773016791819,34.27321727675393,Winner: DG anchor + total SG overlay,Tier 4 - speculative,0.0878578189720423,11.382026229426604,0.0993300846303211,10.06744335033762,0.1286470913992096,7.773203335758774,Top 5: DG anchor + total SG overlay,Tier 3 - semi-core,0.16170028418916,6.184281029649775,0.178272098240286,5.609402760560651,0.1951269109231202,5.1248697335960935,Top 10: DG anchor + putting overlay,Tier 2 - current-price / early value,0.290001681355039,3.448255869853853,0.313601171064725,3.1887636025236885,0.2895564650038757,3.4535578405635494,0.3131197243074179,3.1936665830039166,0.373982374302781,2.6739228068282888,Top 20: DG anchor + OTT overlay,Tier 3 - experimental,0.129,0.464,-0.012,0.057,0.638,-0.053,17.293,-0.0239758422284529,-0.04,0.077469501666284,2.91692077927019,1.18,bet365,0.8474576271186441,0.7563923447176489,Make Cut: DG anchor + putting overlay,Tier 2 - candidate,0.075,3.0,-0.0910652824009952,-0.10745703323317429,False,False,False
"Hubbard, Mark",16333,-0.0030499999999999,0.0014054597367454,0.5882352941176471,0.63345,0.6108426470588235,1.578656563264662,1.6370828147231524,0.5502899770869657,1.817223721379835,Make Cut: DG anchor + putting overlay,Tier 2 - candidate,0.36655,0.3891573529411765,2.728140772063838,2.569654645973389,0.4117647058823529,0.4117647058823529,2.428571428571429,0.4116395386557861,2.429309884238798,Miss Cut: DataGolf core; ARG weakness tag,Tier 1 - core,0.009042223183986,110.59227135324656,0.0064044449253263,156.14155663131865,0.0029417518750733,339.9334962521543,Winner: DG anchor + total SG overlay,Tier 4 - speculative,0.0485174660676953,20.6111341141502,0.0367272945417841,27.22770660012305,0.0176063732498873,56.797614466477285,Top 5: DG anchor + total SG overlay,Tier 3 - semi-core,0.100310295503087,9.96906643515196,0.0778599220513178,12.843578231954758,0.0397416217256333,25.162536317812098,Top 10: DG anchor + putting overlay,Tier 2 - current-price / early value,0.1992247250634417,5.019457297188172,0.1644510304494513,6.080837543352324,0.19915328639818,5.021257836542227,0.1643920610513885,6.083018812492426,0.1301648260260162,7.682567023138251,Top 20: DG anchor + OTT overlay,Tier 3 - experimental,0.085,-0.054,0.001,-0.364,-0.332,0.012,-4.746,0.0353154028347515,-0.043445369010151,0.0154809395188892,2.83101179985935,1.62,bet365,0.6172839506172839,0.5502899770869657,Make Cut: DG anchor + putting overlay,Tier 2 - candidate,0.075,3.0,-0.06699397353031822,-0.10853023711911552,False,False,False
"Rodgers, Patrick",16283,-0.18415,-0.2082844517797842,0.5747126436781609,0.55875,0.5667313218390804,1.789709172259508,1.7645045570358355,0.5921072790653016,1.6888831388436845,Make Cut: DG anchor + putting overlay,Tier 2 - candidate,0.44125,0.4332686781609196,2.26628895184136,2.3080366765598312,0.4252873563218391,0.4252873563218391,2.351351351351352,0.4173151725561065,2.396270410862077,Miss Cut: DataGolf core; ARG weakness tag,Tier 1 - core,0.0041186654364077,242.7970942141346,0.0037593327182038,266.0046542722011,0.002735061119036,365.6225424141345,Winner: DG anchor + total SG overlay,Tier 4 - speculative,0.0262259968431083,38.13010449068128,0.0250827735538293,39.86799936035511,0.0177810464556482,56.23965960014379,Top 5: DG anchor + total SG overlay,Tier 3 - semi-core,0.0603990261205942,16.55655834588086,0.0574841237505328,17.39610756423388,0.0601420734606348,16.627295044201215,Top 10: DG anchor + putting overlay,Tier 2 - current-price / early value,0.1321935671537202,7.564664616676531,0.1284792128142891,7.783360265800001,0.1319744908493451,7.577221882534449,0.1282662920819236,7.79628056419765,0.1220506486852605,8.193319828874987,Top 20: DG anchor + OTT overlay,Tier 3 - experimental,-0.305,-0.152,0.048,0.168,-0.242,-0.047,3.923,-0.0607101808076974,0.0399562077761538,-0.100306220439111,2.87326003957869,1.5,bet365,0.6666666666666666,0.5921072790653016,Make Cut: DG anchor + putting overlay,Tier 2 - candidate,0.075,3.0,-0.07455938760136505,-0.11183908140204762,False,False,False
"Ford, David",31343,-0.08405,-0.0819584486342765,0.6024096385542169,0.60575,0.6040798192771084,1.650846058605035,1.6554103747360445,0.5885905418878816,1.6989739535952078,Make Cut: DG anchor + putting overlay,Tier 2 - candidate,0.39425,0.3959201807228916,2.5364616360177554,2.5257616274425523,0.3975903614457831,0.3975903614457831,2.515151515151516,0.4337029862438338,2.3057254197410257,Miss Cut: DataGolf core; ARG weakness tag,Tier 1 - core,0.0071892837626992,139.09591455944292,0.0064863085480162,154.17089591056157,0.0046481240211009,215.14055895675875,Winner: DG anchor + total SG overlay,Tier 4 - speculative,0.0362000615136694,27.624262451111893,0.0343127559251848,29.14368062362545,0.0240567094406578,41.56844486428048,Top 5: DG anchor + total SG overlay,Tier 3 - semi-core,0.0771404503217115,12.963367413977164,0.0742167061335867,13.474055264592918,0.0616982401717451,16.207917717205046,Top 10: DG anchor + putting overlay,Tier 2 - current-price / early value,0.1658144309731224,6.0308381733197525,0.1605967332720167,6.226776719712054,0.1660088960839338,6.023773566293708,0.1607850791315924,6.219482587569975,0.1729647521498272,5.78152477641092,Top 20: DG anchor + OTT overlay,Tier 3 - experimental,-0.252,0.359,-0.217,-0.135,-0.245,0.051,1.485,0.0989525485206241,0.0257876063271797,-0.0454654190134895,2.8739690216305,1.5,bet365,0.6666666666666666,0.5885905418878816,Make Cut: DG anchor + putting overlay,Tier 2 - candidate,0.075,3.0,-0.078076124778785,-0.11711418716817756,False,False,False
"Hoey, Rico",23504,0.1641,0.1764182148606584,0.6993006993006994,0.6884,0.6938503496503496,1.452643811737362,1.441232969766359,0.6777852754090252,1.475393515146116,Make Cut: DG anchor + putting overlay,Tier 2 - candidate,0.3116,0.3061496503496503,3.209242618741977,3.2663764236147594,0.3006993006993006,0.3006993006993006,3.3255813953488382,0.3062346889163255,3.265469380816085,Miss Cut: DataGolf core; ARG weakness tag,Tier 1 - core,0.0174429266263802,57.32982895700693,0.0149547966465234,66.86817772493548,0.0118744025643079,84.21476319202785,Winner: DG anchor + total SG overlay,Tier 4 - speculative,0.0780763221229118,12.807980355756866,0.0701199699238897,14.261272517450143,0.0611711362551101,16.347579286897123,Top 5: DG anchor + total SG overlay,Tier 3 - semi-core,0.1454757050629413,6.8740000233533225,0.1343921213876147,7.440912381431892,0.0993948227109344,10.060886198351149,Top 10: DG anchor + putting overlay,Tier 2 - current-price / early value,0.267554825881405,3.737551721243312,0.2546299657813805,3.927267542652765,0.2679605637373017,3.731892432426593,0.2550161035235155,3.9213209918242975,0.2666976007623551,3.749565039736016,Top 20: DG anchor + OTT overlay,Tier 3 - experimental,0.18,0.37,-0.038,-0.236,0.276,0.009,5.801,0.0490374210744943,0.0549035225863393,0.0233464831194604,2.8515316478293,1.3,bet365,0.7692307692307692,0.6777852754090252,Make Cut: DG anchor + putting overlay,Tier 2 - candidate,0.075,3.0,-0.09144549382174394,-0.11887914196826718,False,False,False
"Higgo, Garrick",24342,-0.2725,-0.3275205751019083,0.5405405405405405,0.49985,0.5201952702702702,2.000600180054016,1.9223550407915948,0.5602516877140963,1.7849120706447796,Make Cut: DG anchor + putting overlay,Tier 2 - candidate,0.50015,0.4798047297297297,1.999400179946016,2.0841812054735103,0.4594594594594595,0.4594594594594595,2.176470588235294,0.4714263845356432,2.121221961271862,Miss Cut: DataGolf core; ARG weakness tag,Tier 1 - core,0.002892739412471,345.6930809905754,0.0030880363729021,323.8303825612586,0.0025050195932925,399.1984744061818,Winner: DG anchor + total SG overlay,Tier 4 - speculative,0.0177178031350253,56.44040586629802,0.0192071092394703,52.06405542511384,0.014029315200204,71.27931661165151,Top 5: DG anchor + total SG overlay,Tier 3 - semi-core,0.0400997882220859,24.93778756290849,0.0439897580202818,22.73256423776964,0.0536366079095569,18.64398288732612,Top 10: DG anchor + putting overlay,Tier 2 - current-price / early value,0.0968569029183178,10.324509352145276,0.1030906870129569,9.700197262962416,0.0974976784989223,10.256654470096468,0.1037727033983182,9.636445493393657,0.1111533734910574,8.99657804880256,Top 20: DG anchor + OTT overlay,Tier 3 - experimental,-0.514,-0.006,-0.07,0.187,-0.403,-0.034,5.114,-0.0312162427480093,-0.0454709347600505,-0.248127020445524,2.9236975636684,1.57,bet365,0.6369426751592356,0.5602516877140963,Make Cut: DG anchor + putting overlay,Tier 2 - candidate,0.075,3.0,-0.07669098744513936,-0.12040485028886883,False,False,False
"Blanchet, Chandler",24956,-0.0165,-0.012018239140746,0.5714285714285714,0.6307,0.6010642857142857,1.5855398763278896,1.663715552175308,0.5423670125589414,1.843769950686899,Make Cut: DG anchor + putting overlay,Tier 2 - candidate,0.3692999999999999,0.3989357142857143,2.707825616030328,2.5066695314318457,0.4285714285714286,0.4285714285714286,2.333333333333333,0.4832493653882415,2.069325014419009,Miss Cut: DataGolf core; ARG weakness tag,Tier 1 - core,0.0086686070696171,115.35878740021936,0.0061093035348085,163.68477917366005,0.0026899013378916,371.7608471037111,Winner: DG anchor + total SG overlay,Tier 4 - speculative,0.0470768968081882,21.241841918222324,0.0345104226104433,28.976753234467385,0.0147018011290897,68.01887681784436,Top 5: DG anchor + total SG overlay,Tier 3 - semi-core,0.0953019855220806,10.49296081841137,0.0737471561809537,13.559844905019734,0.040156518267855,24.90255737137675,Top 10: DG anchor + putting overlay,Tier 2 - current-price / early value,0.189917854381592,5.265434380860012,0.1571730738067075,6.362412948860481,0.1906996317719562,5.243848615270672,0.1578200606625576,6.336330095184454,0.1327020331046678,7.535679571776091,Top 20: DG anchor + OTT overlay,Tier 3 - experimental,-0.002,0.178,-0.322,-0.277,-0.424,0.065,-5.995,0.116284545167647,-0.0361021600724398,-0.0267079282694438,2.86280456489682,1.62,bet365,0.6172839506172839,0.5423670125589414,Make Cut: DG anchor + putting overlay,Tier 2 - candidate,0.075,3.0,-0.07491693805834254,-0.1213654396545149,False,False,False
"McCarty, Matt",28635,-0.0331999999999999,-0.0597010052484666,0.6535947712418301,0.6079,0.630747385620915,1.6450074025333117,1.5854207608258073,0.6960587494836438,1.4366603404408442,Make Cut: DG anchor + putting overlay,Tier 2 - candidate,0.3921,0.3692526143790849,2.550369803621525,2.708173107133028,0.3464052287581699,0.3464052287581699,2.8867924528301887,0.3537656534062102,2.826730041120621,Miss Cut: DataGolf core; ARG weakness tag,Tier 1 - core,0.0060458819769261,165.40183943657146,0.0066896076551297,149.4855978934998,0.0067297648862437,148.593601248104,Winner: DG anchor + total SG overlay,Tier 4 - speculative,0.0372989004982494,26.8104417728596,0.0389398867570612,25.68060883789457,0.0376791168668548,26.53990016628197,Top 5: DG anchor + total SG overlay,Tier 3 - semi-core,0.0813601424667245,12.291030591655977,0.0849105051281711,11.777105771429747,0.1204748850850508,8.300485194852325,Top 10: DG anchor + putting overlay,Tier 2 - current-price / early value,0.1721130551602805,5.810134501817708,0.1806897543418047,5.534348107576336,0.1727579828607729,5.788444524765655,0.1813668199348922,5.513687676494431,0.1829527353922894,5.465892586168707,Top 20: DG anchor + OTT overlay,Tier 3 - experimental,-0.04,-0.208,-0.047,0.455,0.16,0.015,-5.448,-0.0310687184359958,0.0826019049031988,-0.137621143250135,2.8061451409609,1.25,bet365,0.8,0.6960587494836438,Make Cut: DG anchor + putting overlay,Tier 2 - candidate,0.075,3.0,-0.10394125051635628,-0.1299265631454453,False,False,False
"McGreevy, Max",23505,0.0535,0.052719471726001,0.641025641025641,0.6565,0.6487628205128204,1.523229246001523,1.541395358028595,0.6205310216788735,1.6115229780043177,Make Cut: DG anchor + putting overlay,Tier 2 - candidate,0.3435,0.3512371794871796,2.911208151382824,2.847079006442428,0.358974358974359,0.358974358974359,2.785714285714285,0.3546129551764274,2.819975935460336,Miss Cut: DataGolf core; ARG weakness tag,Tier 1 - core,0.0096859604841006,103.2422134739746,0.0079179802420503,126.29483396400286,0.0052743407848543,189.5971536142635,Winner: DG anchor + total SG overlay,Tier 4 - speculative,0.0527504194490376,18.95719523076217,0.0444929381997472,22.475476793880983,0.0300223773847108,33.308488104918034,Top 5: DG anchor + total SG overlay,Tier 3 - semi-core,0.1087240910304577,9.1975935647957,0.0943976031520365,10.593489311263578,0.0655188820977918,15.262775675986418,Top 10: DG anchor + putting overlay,Tier 2 - current-price / early value,0.2141625038358217,4.669351460172533,0.1936709145931984,5.163397932521145,0.2128257509597667,4.69867953238912,0.1924620654835095,5.195829097478337,0.1763299667009905,5.671185781460154,Top 20: DG anchor + OTT overlay,Tier 3 - experimental,0.128,0.004,0.028,-0.207,-0.047,0.053,-6.199,0.0619479470854194,0.0514533383599547,-0.0477399495026931,2.79480823022285,1.4,bet365,0.7142857142857143,0.6205310216788735,Make Cut: DG anchor + putting overlay,Tier 2 - candidate,0.075,3.0,-0.09375469260684077,-0.1312565696495771,False,False,False
"Shipley, Neal",32055,0.0529999999999999,0.0815288054972157,0.6802721088435374,0.66435,0.6723110544217688,1.5052306766011891,1.4874067493357894,0.6653013054381082,1.503078367389478,Make Cut: DG anchor + putting overlay,Tier 2 - candidate,0.33565,0.3276889455782312,2.97929390734396,3.051674502584841,0.3197278911564626,0.3197278911564626,3.127659574468085,0.3496346663426522,2.860128288937948,Miss Cut: DataGolf core; ARG weakness tag,Tier 1 - core,0.0099553521140421,100.44848123347566,0.0110693427236877,90.33960054918732,0.0110378729607409,90.597165192674,Winner: DG anchor + total SG overlay,Tier 4 - speculative,0.0577117522016867,17.327493306827254,0.0577344144606317,17.320691815137156,0.0523799887185994,19.091260316459607,Top 5: DG anchor + total SG overlay,Tier 3 - semi-core,0.1180805788296621,8.468793174215005,0.1159326541334456,8.625697457499236,0.0970576394684597,10.303155995515056,Top 10: DG anchor + putting overlay,Tier 2 - current-price / early value,0.2298023854574762,4.351564923963963,0.2261963730807936,4.420937375697073,0.2313573209161666,4.322318377650795,0.227726908807959,4.391224582261796,0.2581696929039562,3.87342134838429,Top 20: DG anchor + OTT overlay,Tier 3 - experimental,-0.103,0.581,-0.196,-0.16,0.122,0.041,5.135,0.0948211171723416,-0.04,0.105233468899908,2.86291122472558,1.3,bet365,0.7692307692307692,0.6653013054381082,Make Cut: DG anchor + putting overlay,Tier 2 - candidate,0.075,3.0,-0.10392946379266099,-0.13510830293045936,False,False,False
"Pendrith, Taylor",17780,0.07035,0.0655385353211847,0.6666666666666666,0.65525,0.6609583333333333,1.5261350629530714,1.512954674399546,0.6485774223442398,1.5418359713872969,Make Cut: DG anchor + putting overlay,Tier 2 - candidate,0.34475,0.3390416666666667,2.9006526468455403,2.949489984023596,0.3333333333333333,0.3333333333333333,3.0,0.3335228482388251,2.9982953350288364,Miss Cut: DataGolf core; ARG weakness tag,Tier 1 - core,0.0106588440947402,93.81880353175126,0.0096377553807034,103.75859943511192,0.0077352711356757,129.27795063160855,Winner: DG anchor + total SG overlay,Tier 4 - speculative,0.0569006050783166,17.57450555444225,0.0517289169571477,19.33154720460127,0.0416300705820071,24.021097875154904,Top 5: DG anchor + total SG overlay,Tier 3 - semi-core,0.1128121678238115,8.864292028868606,0.1055804285256253,9.471452370145387,0.0818561710869288,12.216549915803292,Top 10: DG anchor + putting overlay,Tier 2 - current-price / early value,0.2203010624403332,4.539242747732285,0.2121381388324616,4.713909556780644,0.2200193892252718,4.545053976929857,0.2118669025935612,4.719944397914612,0.2184740571192149,4.57720249802625,Top 20: DG anchor + OTT overlay,Tier 3 - experimental,0.062,0.221,-0.001,-0.189,0.093,-0.034,8.866,-0.0006878014822874,-0.04,-0.0137134226529326,2.84474802935982,1.33,bet365,0.7518796992481203,0.6485774223442398,Make Cut: DG anchor + putting overlay,Tier 2 - candidate,0.075,3.0,-0.1033022769038805,-0.13739202828216107,False,False,False
"VanDerLaan, John",25319,-0.189,-0.1761870450381941,0.5780346820809249,0.5617,0.5698673410404624,1.7803097739006588,1.7547943670086488,0.5653415969651309,1.768842068880486,Make Cut: DG anchor + putting overlay,Tier 2 - candidate,0.4383,0.4301326589595375,2.2815423226100844,2.3248641533496524,0.4219653179190751,0.4219653179190751,2.3698630136986303,0.4218392735713286,2.3705711218728203,Miss Cut: DataGolf core; ARG weakness tag,Tier 1 - core,0.004921904004491,203.17340587860832,0.0046609520022455,214.5484440771392,0.0033694604597598,296.7834203554534,Winner: DG anchor + total SG overlay,Tier 4 - speculative,0.028170506245358,35.498119603895304,0.0270494495512504,36.96932901001568,0.0176990171123593,56.50031262480071,Top 5: DG anchor + total SG overlay,Tier 3 - semi-core,0.0603477268992098,16.57063242282772,0.059402992538109,16.83416873920057,0.0510523337036861,19.58774315399801,Top 10: DG anchor + putting overlay,Tier 2 - current-price / early value,0.1322952556519357,7.558850051516329,0.1322337813252463,7.562364094696564,0.1329671138365597,7.520656583019305,0.1329053273140223,7.524152870390576,0.1377527289356562,7.259384316568394,Top 20: DG anchor + OTT overlay,Tier 3 - experimental,-0.363,0.091,0.001,-0.122,-0.392,-0.007,3.211,0.0144459036039919,-0.04,0.0668418230070337,2.88751934311064,1.5,bet365,0.6666666666666666,0.5653415969651309,Make Cut: DG anchor + putting overlay,Tier 2 - candidate,0.075,3.0,-0.10132506970153576,-0.1519876045523037,False,False,False
"Streelman, Kevin",8480,-0.20365,-0.181797114492927,0.5235602094240838,0.56325,0.5434051047120418,1.775410563692854,1.8402477108306048,0.5074249777256593,1.9707346778278871,Make Cut: DG anchor + putting overlay,Tier 2 - candidate,0.4367499999999999,0.4565948952879581,2.289639381797368,2.1901252298699827,0.4764397905759162,0.4764397905759162,2.098901098901099,0.4951236567903953,2.0196974761465256,Miss Cut: DataGolf core; ARG weakness tag,Tier 1 - core,0.004318241724884,231.57573468790488,0.0032257875291086,310.00181846332123,0.0015018516765424,665.8447139747926,Winner: DG anchor + total SG overlay,Tier 4 - speculative,0.0262259968431083,38.13010449068128,0.0210565830776388,47.491086104181626,0.0093646640730362,106.7843963436243,Top 5: DG anchor + total SG overlay,Tier 3 - semi-core,0.0612201478333998,16.334491754598975,0.0497521477225237,20.099634805258496,0.0325545297417958,30.71769145281576,Top 10: DG anchor + putting overlay,Tier 2 - current-price / early value,0.1320410386786938,7.573403011721086,0.1119840356147382,8.929844281021698,0.1324696144964273,7.548900959676075,0.1123475108654401,8.900953766547714,0.0907824783079922,11.015341491420402,Top 20: DG anchor + OTT overlay,Tier 3 - experimental,-0.271,-0.114,-0.109,-0.152,-0.647,0.025,-7.158,0.0376485880282355,0.0191102347603061,0.0856625748311707,2.82805383058155,1.67,bet365,0.5988023952095809,0.5074249777256593,Make Cut: DG anchor + putting overlay,Tier 2 - candidate,0.075,3.0,-0.09137741748392159,-0.152600287198149,False,False,False
"Lower, Justin",17723,-0.19455,-0.1694105751749363,0.53475935828877,0.5704,0.552579679144385,1.753155680224404,1.809693764975942,0.5222661047393828,1.9147327213566965,Make Cut: DG anchor + putting overlay,Tier 2 - candidate,0.4296,0.447420320855615,2.3277467411545625,2.235034828296736,0.46524064171123,0.46524064171123,2.1494252873563213,0.4734683041379218,2.1120737993660903,Miss Cut: DataGolf core; ARG weakness tag,Tier 1 - core,0.0046695085244672,214.15530023346204,0.0034430875955669,290.43699070785334,0.0015713638377253,636.3898519184294,Winner: DG anchor + total SG overlay,Tier 4 - speculative,0.0290951157892286,34.370029913069125,0.0227988355521419,43.8618892492537,0.0098461277044873,101.56276965047444,Top 5: DG anchor + total SG overlay,Tier 3 - semi-core,0.0612201478333998,16.334491754598975,0.0507429821658581,19.70715865164185,0.0352167237130314,28.395600003811907,Top 10: DG anchor + putting overlay,Tier 2 - current-price / early value,0.1417110764934465,7.056611414889967,0.1194306704062304,8.373058583683815,0.1407121967677788,7.106704485968102,0.1185888387142864,8.432496774922294,0.0924188507431507,10.820303346761868,Top 20: DG anchor + OTT overlay,Tier 3 - experimental,-0.209,-0.252,-0.048,-0.118,-0.626,0.033,-10.504,0.0293888775109716,0.0374725158411973,0.101634556409533,2.84118570021184,1.62,bet365,0.6172839506172839,0.5222661047393828,Make Cut: DG anchor + putting overlay,Tier 2 - candidate,0.075,3.0,-0.09501784587790107,-0.15392891032219974,False,False,False
"Potgieter, Aldrich",27900,-0.06265,-0.1100461638356303,0.5882352941176471,0.59085,0.5895426470588235,1.6924769400016926,1.696230128539321,0.5875329848595233,1.7020320999323908,Make Cut: DG anchor + putting overlay,Tier 2 - candidate,0.40915,0.4104573529411764,2.4440914090186974,2.4363067023513945,0.4117647058823529,0.4117647058823529,2.428571428571429,0.465876817055948,2.1464901523097426,Miss Cut: DataGolf core; ARG weakness tag,Tier 1 - core,0.007767432710338,128.7426666302561,0.0072420496885023,138.08245496956835,0.0055563679867262,179.97368107888505,Winner: DG anchor + total SG overlay,Tier 4 - speculative,0.0412953193013412,24.215819538838662,0.0385075418055527,25.96893889123301,0.0278391513430478,35.92063521181031,Top 5: DG anchor + total SG overlay,Tier 3 - semi-core,0.0854353036964168,11.704763215372516,0.0792464872257938,12.61885586361374,0.0699877528642212,14.288214138551304,Top 10: DG anchor + putting overlay,Tier 2 - current-price / early value,0.1710371979955174,5.846681375277255,0.1617082667836767,6.183975747744164,0.171101657499213,5.844478742145437,0.1617692104540742,6.18164604496167,0.1719864415759222,5.814411827100667,Top 20: DG anchor + OTT overlay,Tier 3 - experimental,-0.242,0.413,-0.321,-0.007,-0.157,-0.076,22.548,0.0022179169526531,-0.0388062075223297,-0.228388225773896,3.00308601341674,1.44,bet365,0.6944444444444444,0.5875329848595233,Make Cut: DG anchor + putting overlay,Tier 2 - candidate,0.075,3.0,-0.1069114595849211,-0.15395250180228642,False,False,False
"Dahmen, Joel",14509,0.08315,0.099249164849613,0.6024096385542169,0.673,0.6377048192771084,1.4858841010401187,1.5681236361575304,0.5632343757978246,1.7754598138359263,Make Cut: DG anchor + putting overlay,Tier 2 - candidate,0.3269999999999999,0.3622951807228916,3.0581039755351687,2.7601802430953923,0.3975903614457831,0.3975903614457831,2.515151515151516,0.4283293903764886,2.334651841474222,Miss Cut: DataGolf core; ARG weakness tag,Tier 1 - core,0.011639877956481,85.91155368971943,0.0077949389782405,128.28836797715672,0.0031733894395655,315.1204789213934,Winner: DG anchor + total SG overlay,Tier 4 - speculative,0.0602587752651893,16.59509333867405,0.043137506018838,23.181683233224053,0.0192826094912428,51.860200791503296,Top 5: DG anchor + total SG overlay,Tier 3 - semi-core,0.1173347287275478,8.522625916850313,0.0887627431285276,11.265988012019964,0.042702654820882,23.41774777691312,Top 10: DG anchor + putting overlay,Tier 2 - current-price / early value,0.2340920851221229,4.271823199311981,0.186962405607737,5.348668876769188,0.2337912009370092,4.277320942756233,0.1867220983328077,5.355552497153446,0.1466209878706411,6.820305977492575,Top 20: DG anchor + OTT overlay,Tier 3 - experimental,0.201,0.116,-0.185,-0.379,-0.246,0.088,-8.844,0.131354093557651,-0.0014898896306396,0.0151912498768995,2.78224642238448,1.5,bet365,0.6666666666666666,0.5632343757978246,Make Cut: DG anchor + putting overlay,Tier 2 - candidate,0.075,3.0,-0.10343229086884198,-0.15514843630326303,False,False,False
"Li, Haotong",15310,0.0516499999999999,0.0586191547458243,0.6493506493506493,0.65405,0.6517003246753247,1.5289350967051447,1.5344476013544988,0.6455804909367892,1.548993524492848,Make Cut: DG anchor + putting overlay,Tier 2 - candidate,0.34595,0.3482996753246753,2.890591125885244,2.8710908187549347,0.3506493506493506,0.3506493506493506,2.851851851851852,0.3887985744297328,2.5720258914702603,Miss Cut: DataGolf core; ARG weakness tag,Tier 1 - core,0.012683629777716,78.84178405750285,0.0102334815555246,97.7184543280032,0.0067362513863192,148.45051686030024,Winner: DG anchor + total SG overlay,Tier 4 - speculative,0.057874083399008,17.27889136672081,0.0508851270169643,19.65210776945915,0.0369212306564984,27.08468765040994,Top 5: DG anchor + total SG overlay,Tier 3 - semi-core,0.1112715012953341,8.987027121579173,0.1018483950403114,9.81851505469675,0.0863854983614922,11.57601702794328,Top 10: DG anchor + putting overlay,Tier 2 - current-price / early value,0.2203526682780275,4.538179672679349,0.2050183323491367,4.877612594648591,0.2205198671962325,4.5347388093161545,0.2051738958993712,4.873914372081991,0.2028835195711219,4.928936574611446,Top 20: DG anchor + OTT overlay,Tier 3 - experimental,0.049,0.21,-0.239,-0.039,-0.019,-0.025,5.499,0.0092965708769248,-0.04,0.0401974882906596,2.89090355934773,1.3,bet365,0.7692307692307692,0.6455804909367892,Make Cut: DG anchor + putting overlay,Tier 2 - candidate,0.075,3.0,-0.12365027829398001,-0.16074536178217408,False,False,False
"Finau, Tony",11676,-0.0673,-0.0758997100957365,0.6097560975609756,0.59935,0.6045530487804878,1.6684741803620589,1.6541145595365252,0.5883127175640197,1.6997762756865455,Make Cut: DG anchor + putting overlay,Tier 2 - candidate,0.4006499999999999,0.3954469512195122,2.4959440908523653,2.528784194482008,0.3902439024390244,0.3902439024390244,2.5625,0.351174487048167,2.847587273225917,Miss Cut: DataGolf core; ARG weakness tag,Tier 1 - core,0.0070846088756756,141.15105259140014,0.0067173044378378,148.86923903092864,0.0051914066896291,192.6260183001452,Winner: DG anchor + total SG overlay,Tier 4 - speculative,0.0415592807315668,24.06201412529349,0.0391268932517863,25.557868690592883,0.0280320112562904,35.67350165698858,Top 5: DG anchor + total SG overlay,Tier 3 - semi-core,0.0834485608393595,11.983430150761064,0.0806819406298399,12.394347386708162,0.0635806131871105,15.728064733460696,Top 10: DG anchor + putting overlay,Tier 2 - current-price / early value,0.1715494864244585,5.829221764766681,0.1675741644160253,5.967507004942398,0.1724157020224855,5.799935784674561,0.1684203071709173,5.9375262805166,0.1590034706278171,6.289170897034829,Top 20: DG anchor + OTT overlay,Tier 3 - experimental,-0.046,-0.182,0.245,-0.21,-0.193,-0.065,8.002,-0.0593538702905609,-0.04,-0.0033216153334022,2.9260371163302,1.4,bet365,0.7142857142857143,0.5883127175640197,Make Cut: DG anchor + putting overlay,Tier 2 - candidate,0.075,3.0,-0.1259729967216946,-0.17636219541037246,False,False,False
"Svensson, Jesper",26850,-0.14355,-0.1509798405890217,0.5681818181818182,0.5739,0.5710409090909091,1.7424638438752398,1.7511880218739304,0.5425653391477502,1.8430959883482017,Make Cut: DG anchor + putting overlay,Tier 2 - candidate,0.4261,0.4289590909090909,2.346866932644919,2.331224634686503,0.4318181818181817,0.4318181818181817,2.3157894736842106,0.4477160089862315,2.233558729035201,Miss Cut: DataGolf core; ARG weakness tag,Tier 1 - core,0.0084026283830749,119.01038037267637,0.0067596475248707,147.93670769381055,0.0038864825985134,257.3020654672424,Winner: DG anchor + total SG overlay,Tier 4 - speculative,0.038190199981565,26.184728031869835,0.0339667997262322,29.4405127377281,0.0200305707955049,49.92368965463569,Top 5: DG anchor + total SG overlay,Tier 3 - semi-core,0.0763604369637839,13.095786768143787,0.0695244070942055,14.383438015443984,0.0496458785148548,20.142658966157345,Top 10: DG anchor + putting overlay,Tier 2 - current-price / early value,0.1593694033642893,6.274730148259278,0.1470274850330531,6.801449400941534,0.1586388449367355,6.303626330605192,0.146353502662501,6.832771213587237,0.1451262501378787,6.890552185079813,Top 20: DG anchor + OTT overlay,Tier 3 - experimental,-0.3,0.221,-0.094,-0.244,-0.417,-0.043,12.823,0.0160331131371272,0.0024784938498402,-0.0457853829761324,3.02057175078401,1.5,bet365,0.6666666666666666,0.5425653391477502,Make Cut: DG anchor + putting overlay,Tier 2 - candidate,0.075,3.0,-0.12410132751891645,-0.18615199127837473,False,False,False
"Salinda, Isaiah",27183,-0.04575,-0.0378302019830367,0.5649717514124294,0.61625,0.5906108757062147,1.622718052738337,1.693162183653093,0.5152439340512485,1.940828283289475,Make Cut: DG anchor + putting overlay,Tier 2 - candidate,0.38375,0.4093891242937852,2.6058631921824102,2.4426638145921564,0.4350282485875706,0.4350282485875706,2.2987012987012987,0.4732430460278067,2.113079121592084,Miss Cut: DataGolf core; ARG weakness tag,Tier 1 - core,0.0082434062855417,121.30907604953448,0.0062133698094375,160.9432611722371,0.0031275597572191,319.73809539266534,Winner: DG anchor + total SG overlay,Tier 4 - speculative,0.0460119044397949,21.733505973621824,0.0358761873088825,27.87364196173684,0.0168607646962659,59.309291008697066,Top 5: DG anchor + total SG overlay,Tier 3 - semi-core,0.0945651584143287,10.57471923875588,0.075741285870871,13.20283896031114,0.037422755808276,26.721709248864315,Top 10: DG anchor + putting overlay,Tier 2 - current-price / early value,0.1888388991193618,5.295519115306413,0.1577991055518369,6.337171535306963,0.1877819292710424,5.325326051776849,0.1569158717613527,6.372841630200808,0.1410908223956763,7.087633221072249,Top 20: DG anchor + OTT overlay,Tier 3 - experimental,-0.113,0.344,-0.225,-0.471,-0.465,-0.007,9.854,0.0816628910768232,-0.0111504149268626,0.0015551482781204,2.92524352793907,1.57,bet365,0.6369426751592356,0.5152439340512485,Make Cut: DG anchor + putting overlay,Tier 2 - candidate,0.075,3.0,-0.12169874110798717,-0.19106702353953986,False,False,False
"Sargent, Gordon",30814,-0.3096500000000001,-0.2691908769247902,0.5681818181818182,0.52945,0.548815909090909,1.8887524789876289,1.822104613651705,0.559305129263326,1.7879328253562123,Make Cut: DG anchor + putting overlay,Tier 2 - candidate,0.47055,0.4511840909090909,2.12517267027946,2.216390205570191,0.4318181818181817,0.4318181818181817,2.3157894736842106,0.4249847544926499,2.3530255836913674,Miss Cut: DataGolf core; ARG weakness tag,Tier 1 - core,0.0035744561141059,279.7628416960181,0.0046705613903862,214.10702406318032,0.004326190343169,231.1502547683718,Winner: DG anchor + total SG overlay,Tier 4 - speculative,0.0242413755962356,41.25178441421809,0.0266287433536733,37.55340560830681,0.0191249368281729,52.28775441113604,Top 5: DG anchor + total SG overlay,Tier 3 - semi-core,0.0517152182812909,19.33666787522332,0.0562589493282356,17.7749497980424,0.0547148381401193,18.27657787160217,Top 10: DG anchor + putting overlay,Tier 2 - current-price / early value,0.1195517044611484,8.364581705524548,0.1264272633426102,7.909686356890131,0.1187929629870379,8.418007050713223,0.1256248857555344,7.960206244055787,0.1452472636810516,6.884811284265561,Top 20: DG anchor + OTT overlay,Tier 3 - experimental,-0.675,0.264,0.041,-0.085,-0.455,-0.062,17.432,-0.0174080908044307,-0.0335937326242735,0.219398093934333,2.99814264629825,1.44,bet365,0.6944444444444444,0.559305129263326,Make Cut: DG anchor + putting overlay,Tier 2 - candidate,0.075,3.0,-0.13513931518111844,-0.19460061386081062,False,False,False
"Glover, Lucas",7399,0.0321999999999999,0.0367210160353724,0.5617977528089888,0.6453,0.6035488764044944,1.549666821633349,1.6568666417826396,0.5012767905403609,1.9949058461733904,Make Cut: DG anchor + putting overlay,Tier 2 - candidate,0.3547,0.3964511235955056,2.81928390188892,2.522379028543978,0.4382022471910112,0.4382022471910112,2.2820512820512824,0.4532986527208113,2.2060511188324763,Miss Cut: DataGolf core; ARG weakness tag,Tier 1 - core,0.007767432710338,128.7426666302561,0.0052503830218356,190.46229500612165,0.0020257886014006,493.63492286836,Winner: DG anchor + total SG overlay,Tier 4 - speculative,0.0475033962559309,21.051126420779784,0.0335192708792882,29.833584495356853,0.0125945988188898,79.39911500000787,Top 5: DG anchor + total SG overlay,Tier 3 - semi-core,0.1013136815198066,9.870335230138702,0.0737644430650056,13.556667121023883,0.0278551109056218,35.90005451380829,Top 10: DG anchor + putting overlay,Tier 2 - current-price / early value,0.2078745093139011,4.810594638566044,0.1595967798308505,6.265790582114845,0.208325279730787,4.800185562175998,0.1599428612586092,6.252232779449373,0.1128770366444636,8.85919784685495,Top 20: DG anchor + OTT overlay,Tier 3 - experimental,0.186,-0.016,-0.089,-0.572,-0.491,0.074,-10.717,0.1183690895056528,0.0159051681004964,-0.0405557566010881,2.80374476585958,1.5,bet365,0.6666666666666666,0.5012767905403609,Make Cut: DG anchor + putting overlay,Tier 2 - candidate,0.075,3.0,-0.16538987612630573,-0.24808481418945866,False,False,False
"Lebioda, Hank",21943,-0.11455,-0.1178735772566022,0.5405405405405405,0.5909,0.5657202702702702,1.6923337282112032,1.7676580680452811,0.5179796627499351,1.93057772710812,Make Cut: DG anchor + putting overlay,Tier 2 - candidate,0.4091,0.4342797297297298,2.4443901246638964,2.302663310171859,0.4594594594594595,0.4594594594594595,2.176470588235294,0.4644367800788945,2.153145579534266,Miss Cut: DataGolf core; ARG weakness tag,Tier 1 - core,0.0053281765647359,187.681468106444,0.0037557549490346,266.25805292675807,0.0015636022033648,639.5488557434786,Winner: DG anchor + total SG overlay,Tier 4 - speculative,0.0327110484044113,30.57071077749812,0.0248636591228405,40.2193416125693,0.010334867249193,96.7598301834091,Top 5: DG anchor + total SG overlay,Tier 3 - semi-core,0.0703438761100603,14.2158785568682,0.0559669677938099,17.867682302963757,0.0336523694121425,29.71558964401408,Top 10: DG anchor + putting overlay,Tier 2 - current-price / early value,0.1551790761776345,6.444167761736727,0.1280599009204302,7.808845648110785,0.1543620718233909,6.478275318461146,0.1273856766678239,7.850176143489353,0.0936257323939138,10.68082432501222,Top 20: DG anchor + OTT overlay,Tier 3 - experimental,-0.007,-0.346,-0.029,-0.213,-0.595,-0.029,-4.091,-0.023365286022422,-0.04,0.0050647567281997,2.83788721373014,,,,0.5179796627499351,Make Cut: DG anchor + putting overlay,Tier 2 - candidate,0.075,3.0,,,False,False,False
"Martin, Ben",14007,-0.1681499999999999,-0.1409635789117466,0.5050505050505051,0.58055,0.5428002525252525,1.722504521574369,1.842298332301305,0.4717987061452888,2.1195479914946045,Make Cut: DG anchor + putting overlay,Tier 2 - candidate,0.41945,0.4571997474747474,2.3840743831207534,2.1872278047468368,0.4949494949494949,0.4949494949494949,2.0204081632653064,0.5107386957393553,1.957948376228632,Miss Cut: DataGolf core; ARG weakness tag,Tier 1 - core,0.0045688929611078,218.87140025217923,0.0030344464805539,329.54939439810283,0.0010146261295578,985.584710336371,Winner: DG anchor + total SG overlay,Tier 4 - speculative,0.028786667230462,34.73830409036725,0.020658161657559,48.407017844885935,0.0068856911279278,145.22870419558478,Top 5: DG anchor + total SG overlay,Tier 3 - semi-core,0.0644593102249187,15.513662751132246,0.0478643741203033,20.89236553029144,0.0232468191853702,43.016637761321086,Top 10: DG anchor + putting overlay,Tier 2 - current-price / early value,0.1441061593732733,6.939328647360127,0.1122228399263969,8.91084204120895,0.1447069362940598,6.910518774082078,0.1126906956551604,8.873847074829081,0.0766086417156606,13.053357657894304,Top 20: DG anchor + OTT overlay,Tier 3 - experimental,-0.123,-0.24,-0.092,-0.313,-0.768,0.019,-7.1,0.0428189022050579,-0.0305140185569411,0.122151158977973,2.81926439770855,,,,0.4717987061452888,Make Cut: DG anchor + putting overlay,Tier 2 - candidate,0.075,3.0,,,False,False,False
"Highsmith, Joe",28469,-0.16465,-0.1783829397068304,0.5128205128205129,0.56695,0.5398852564102564,1.7638239703677574,1.852245432018437,0.5025229464086028,1.9899588807769528,Make Cut: DG anchor + putting overlay,Tier 2 - candidate,0.43305,0.4601147435897436,2.3092021706500403,2.173370912216713,0.4871794871794871,0.4871794871794871,2.0526315789473686,0.4976609774827993,2.009400063991481,Miss Cut: DataGolf core; ARG weakness tag,Tier 1 - core,0.0051246741984008,195.1343561141974,0.0037373370992004,267.5701906081568,0.0017030622475339,587.1775981459252,Winner: DG anchor + total SG overlay,Tier 4 - speculative,0.0308475072256996,32.41753029453479,0.0235423382689344,42.47666432180865,0.0100642375095569,99.36172502391776,Top 5: DG anchor + total SG overlay,Tier 3 - semi-core,0.0641504138231339,15.588363977776549,0.0511265471916572,19.55931027869564,0.0338976782063274,29.50054555103235,Top 10: DG anchor + putting overlay,Tier 2 - current-price / early value,0.1409469355179672,7.094868691717849,0.1162503010183168,8.60212826324154,0.141080870912333,7.088133164569102,0.1163607683360688,8.593961816338624,0.0873777075340013,11.44456667750032,Top 20: DG anchor + OTT overlay,Tier 3 - experimental,-0.162,-0.239,-0.061,-0.097,-0.559,-0.025,0.133,-0.0114306845083614,0.021827583572,-0.0684062521729714,2.92624259492957,,,,0.5025229464086028,Make Cut: DG anchor + putting overlay,Tier 2 - candidate,0.075,3.0,,,False,False,False
"Skinns, David",10873,-0.1678,-0.1770658667505438,0.5263157894736842,0.5646,0.545457894736842,1.771165426850868,1.8333220760925155,0.5028466146963542,1.9886779999580064,Make Cut: DG anchor + putting overlay,Tier 2 - candidate,0.4354,0.4545421052631579,2.296738631143776,2.2000162106457624,0.4736842105263158,0.4736842105263158,2.111111111111111,0.4670733597644165,2.1409913006050747,Miss Cut: DataGolf core; ARG weakness tag,Tier 1 - core,0.0042183462737489,237.0597231960448,0.0033508398035411,298.4326493147205,0.0017385908408912,575.1784586000468,Winner: DG anchor + total SG overlay,Tier 4 - speculative,0.0274017088998445,36.49407428036984,0.0221397003493931,45.16772965391142,0.0098551395459481,101.46989754306858,Top 5: DG anchor + total SG overlay,Tier 3 - semi-core,0.0604503278083467,16.54250748102516,0.0500654596963441,19.973850356416893,0.031886502208419,31.36123220614548,Top 10: DG anchor + putting overlay,Tier 2 - current-price / early value,0.138044305387313,7.24405108341329,0.116982068217947,8.548318688783302,0.1389642084876488,7.196097548304176,0.1177616162546114,8.491731277175305,0.0879886850834674,11.36509767194935,Top 20: DG anchor + OTT overlay,Tier 3 - experimental,-0.097,-0.385,0.039,-0.221,-0.664,-0.039,-1.311,-0.0317934594915634,-0.0273923481873951,-0.0235845169600888,2.89149390434471,,,,0.5028466146963542,Make Cut: DG anchor + putting overlay,Tier 2 - candidate,0.075,3.0,,,False,False,False
"Svensson, Adam",13997,-0.1973,-0.1901194413134824,0.5050505050505051,0.5628,0.5339252525252525,1.7768301350390905,1.872921341087354,0.4826281503406763,2.07198854707112,Make Cut: DG anchor + putting overlay,Tier 2 - candidate,0.4372,0.4660747474747475,2.287282708142726,2.1455785910267133,0.4949494949494949,0.4949494949494949,2.0204081632653064,0.4903705032895549,2.0392743717081165,Miss Cut: DataGolf core; ARG weakness tag,Tier 1 - core,0.0039199647485162,255.10433489956927,0.0028766490409247,347.62669542702383,0.0012344726989174,810.0624670573683,Winner: DG anchor + total SG overlay,Tier 4 - speculative,0.0235318243143993,42.49564277887678,0.0178540702259827,56.00963742960517,0.0066373824812872,150.66180121746785,Top 5: DG anchor + total SG overlay,Tier 3 - semi-core,0.0561497667471944,17.809512985198037,0.0434120596926485,23.035073826947265,0.0248159917605544,40.29659622911061,Top 10: DG anchor + putting overlay,Tier 2 - current-price / early value,0.1292455985317933,7.737207389341065,0.1028530454780178,9.722609528501748,0.1297682824006579,7.706043275756031,0.103268994866977,9.68344856351242,0.0677985466579433,14.749578704764748,Top 20: DG anchor + OTT overlay,Tier 3 - experimental,-0.098,-0.5,0.027,-0.211,-0.782,0.005,-9.186,0.0002083403681125,0.0140658154239098,0.0322821693925542,2.8269443576753,,,,0.4826281503406763,Make Cut: DG anchor + putting overlay,Tier 2 - candidate,0.075,3.0,,,False,False,False
"Kang, Jeffrey",21889,-0.22275,-0.241189069238961,0.4854368932038835,0.54155,0.5134934466019417,1.8465515649524515,1.947444522646841,0.4496620460607912,2.2238923848707635,Make Cut: DG anchor + putting overlay,Tier 2 - candidate,0.45845,0.4865065533980582,2.181262951248773,2.055470770157957,0.5145631067961165,0.5145631067961165,1.9433962264150944,0.5135787651086416,1.9471210025368968,Miss Cut: DataGolf core; ARG weakness tag,Tier 1 - core,0.0032806951405667,304.8134487214902,0.0025903475702833,386.0485795311994,0.001258900364034,794.3440391069213,Winner: DG anchor + total SG overlay,Tier 4 - speculative,0.0223191530941168,44.80456743959486,0.0175067590867409,57.12079517661076,0.0067295539099028,148.5982597640612,Top 5: DG anchor + total SG overlay,Tier 3 - semi-core,0.0518169273364078,19.298712822313096,0.0410665700294352,24.35070665222906,0.0220695488539358,45.31130231154059,Top 10: DG anchor + putting overlay,Tier 2 - current-price / early value,0.1252841828304769,7.981853554116313,0.1015218473074943,9.850096570555408,0.1263019821738408,7.917532114607749,0.1023466032119685,9.770719971320542,0.0732581627265763,13.650355984661118,Top 20: DG anchor + OTT overlay,Tier 3 - experimental,-0.216,-0.283,0.006,-0.338,-0.831,-0.051,-2.641,-0.0343448646181379,-0.04,-0.0650229138857363,2.92424005432417,,,,0.4496620460607912,Make Cut: DG anchor + putting overlay,Tier 2 - candidate,0.075,3.0,,,False,False,False
"Lipsky, David",15980,-0.22,-0.2293410381145226,0.5434782608695652,0.55305,0.5482641304347826,1.8081547780490008,1.8239383984631337,0.5400116099129465,1.8518120381915617,Make Cut: DG anchor + putting overlay,Tier 2 - candidate,0.4469499999999999,0.4517358695652174,2.237386732296678,2.2136829669126583,0.4565217391304348,0.4565217391304348,2.1904761904761902,0.4399684707423137,2.2728901421340546,Miss Cut: DataGolf core; ARG weakness tag,Tier 1 - core,0.002892739412471,345.6930809905754,0.0025213697062355,396.6098258128986,0.0015611598909443,640.5493798557083,Winner: DG anchor + total SG overlay,Tier 4 - speculative,0.022369585523358,44.70355514436383,0.0196794256981869,50.81449099869453,0.0105682128990538,94.62337762797418,Top 5: DG anchor + total SG overlay,Tier 3 - semi-core,0.0503940380796554,19.84361718382932,0.0457247352819189,21.870000861337555,0.0384967120477369,25.976244380558366,Top 10: DG anchor + putting overlay,Tier 2 - current-price / early value,0.1197544896331191,8.35041761744055,0.1114896450898975,8.969442849994444,0.1203053571454807,8.312181799109226,0.1120024945340637,8.92837257027223,0.094934749632509,10.533550716370824,Top 20: DG anchor + OTT overlay,Tier 3 - experimental,-0.24,-0.378,0.098,-0.033,-0.553,0.023,-9.594,-0.0004730155633838,0.0079672326896673,-0.0484604909633379,2.83382605055649,,,,0.5400116099129465,Make Cut: DG anchor + putting overlay,Tier 2 - candidate,0.075,3.0,,,False,False,False
"Walker, Danny",25003,-0.26495,-0.2750032780986412,0.4694835680751174,0.5317,0.5005917840375587,1.880759826970096,1.9976356622044988,0.4399657480160054,2.272904207905796,Make Cut: DG anchor + putting overlay,Tier 2 - candidate,0.4683,0.4994082159624413,2.135383301302584,2.0023699411369043,0.5305164319248826,0.5305164319248826,1.8849557522123888,0.5475705951944796,1.826248539961924,Miss Cut: DataGolf core; ARG weakness tag,Tier 1 - core,0.0053791638330773,185.9024991674057,0.0035562485832053,281.1951911130685,0.0011115873563108,899.6144066615,Winner: DG anchor + total SG overlay,Tier 4 - speculative,0.0236837392604505,42.22306237216091,0.0181928881487437,54.96653372593016,0.0063626641334757,157.16686894389449,Top 5: DG anchor + total SG overlay,Tier 3 - semi-core,0.0525292060733261,19.03702863135012,0.0410681801771152,24.349751941461456,0.0226144669748217,44.21948132199487,Top 10: DG anchor + putting overlay,Tier 2 - current-price / early value,0.118335204369356,8.450570608546302,0.0964006532771041,10.373373685814094,0.1191027987434592,8.396108324489871,0.0970259667627209,10.30651930988249,0.0707884568169514,14.126596975914484,Top 20: DG anchor + OTT overlay,Tier 3 - experimental,-0.299,-0.25,-0.1,-0.28,-0.93,-0.072,4.714,-0.0358250208134633,-0.0305938101388249,-0.024705427551768,3.02633629288439,,,,0.4399657480160054,Make Cut: DG anchor + putting overlay,Tier 2 - candidate,0.075,3.0,,,False,False,False
"Campos, Rafael",12909,-0.2850499999999999,-0.2687646679159374,0.4329004329004329,0.53125,0.4820752164502164,1.8823529411764703,2.074365090500912,0.4000437563815037,2.4997265525282817,Make Cut: DG anchor + putting overlay,Tier 2 - candidate,0.46875,0.5179247835497836,2.1333333333333333,1.930782290714379,0.5670995670995671,0.5670995670995671,1.763358778625954,0.6089140435981562,1.6422679202648434,Miss Cut: DataGolf core; ARG weakness tag,Tier 1 - core,0.0036728756184205,272.26623057549745,0.0024781044758769,403.5342374522526,0.0007757837228666,1289.0190532805598,Winner: DG anchor + total SG overlay,Tier 4 - speculative,0.0220671178725375,45.316293943600805,0.0149558442898041,66.86349366994484,0.0035390863475197,282.5588024154321,Top 5: DG anchor + total SG overlay,Tier 3 - semi-core,0.0515118341548835,19.413014822831663,0.0354856708653205,28.18038874889302,0.0143664199500043,69.60676379223446,Top 10: DG anchor + putting overlay,Tier 2 - current-price / early value,0.1167137713044899,8.567969219254678,0.0852209994319837,11.73419704844128,0.1164364259158994,8.58837766733142,0.0850184898999948,11.762147283211872,0.0513361154299883,19.479463758098124,Top 20: DG anchor + OTT overlay,Tier 3 - experimental,-0.311,-0.228,-0.252,-0.318,-1.109,-0.041,0.97,0.0084914032033389,-0.0123328885678433,0.0802641809606039,2.92073567900188,,,,0.4000437563815037,Make Cut: DG anchor + putting overlay,Tier 2 - candidate,0.075,3.0,,,False,False,False
"Wise, Aaron",22051,-0.2817,-0.255928196705666,0.4926108374384237,0.5339,0.5132554187192119,1.8730099269526128,1.94834767160456,0.4730795331473247,2.113809475855265,Make Cut: DG anchor + putting overlay,Tier 2 - candidate,0.4660999999999999,0.4867445812807881,2.145462347135808,2.0544656036409585,0.5073891625615763,0.5073891625615763,1.9708737864077672,0.4932237354066623,2.0274774472795825,Miss Cut: DataGolf core; ARG weakness tag,Tier 1 - core,0.0031832938462687,314.1400223457646,0.002533313589801,394.7399185106584,0.0012573406325108,795.3294231834548,Winner: DG anchor + total SG overlay,Tier 4 - speculative,0.0209607224847988,47.70827917430909,0.0173739095228227,57.55756922104262,0.0074083092519494,134.98356588405812,Top 5: DG anchor + total SG overlay,Tier 3 - semi-core,0.0497341793332772,20.106896573055504,0.0411271811492301,24.31481983585251,0.0269120360599295,37.15809527651984,Top 10: DG anchor + putting overlay,Tier 2 - current-price / early value,0.115852651196707,8.631653999027547,0.0983251501996781,10.170337883737842,0.1154116621552895,8.664635629755272,0.0979508789742387,10.209198839992048,0.0739297732875054,13.526350150041724,Top 20: DG anchor + OTT overlay,Tier 3 - experimental,-0.317,-0.389,0.083,-0.184,-0.808,-0.037,-0.249,-0.03226206598088,-0.04,0.15499004946211,2.89950007193887,,,,0.4730795331473247,Make Cut: DG anchor + putting overlay,Tier 2 - candidate,0.075,3.0,,,False,False,False
"Wu, Dylan",25002,-0.22215,-0.2238496759898652,0.5181347150259068,0.5422,0.5301673575129534,1.844337882700111,1.886196850539912,0.5093307807207049,1.9633606250637283,Make Cut: DG anchor + putting overlay,Tier 2 - candidate,0.4578,0.4698326424870466,2.18435998252512,2.1284174609633904,0.4818652849740932,0.4818652849740932,2.075268817204301,0.4858403615309464,2.058289263676796,Miss Cut: DataGolf core; ARG weakness tag,Tier 1 - core,0.0023670636820099,422.4643416229737,0.0019668651743382,508.42325800823016,0.0010734356174732,931.5882422030248,Winner: DG anchor + total SG overlay,Tier 4 - speculative,0.0182637237737941,54.753346709878286,0.0150348876805478,66.51197010894852,0.0066330069521331,150.76118677644362,Top 5: DG anchor + total SG overlay,Tier 3 - semi-core,0.044927555521646,22.25805495957156,0.0375598879469332,26.624147585659944,0.0271560836198336,36.82416117137167,Top 10: DG anchor + putting overlay,Tier 2 - current-price / early value,0.1131691849611647,8.8363276659027,0.0976259131853405,10.243182034072476,0.1133160076608721,8.824878502539217,0.0977525704564006,10.229910020074792,0.074120896472588,13.4914720084346,Top 20: DG anchor + OTT overlay,Tier 3 - experimental,-0.186,-0.437,-0.023,-0.083,-0.729,-0.004,-7.625,-0.0129349105780328,-0.0531081839058423,0.0112461213161507,2.76631703763711,,,,0.5093307807207049,Make Cut: DG anchor + putting overlay,Tier 2 - candidate,0.075,3.0,,,False,False,False
"Garnett, Brice",11451,-0.2831499999999999,-0.2789505706041975,0.5050505050505051,0.53145,0.5182502525252526,1.881644557343118,1.929569730313394,0.5016660673036162,1.9933578632791689,Make Cut: DG anchor + putting overlay,Tier 2 - candidate,0.46855,0.4817497474747474,2.1342439440828085,2.075766526587372,0.4949494949494949,0.4949494949494949,2.0204081632653064,0.5109098006777387,1.957292654541892,Miss Cut: DataGolf core; ARG weakness tag,Tier 1 - core,0.0025094686615713,398.4907304536015,0.0021130676641189,473.24561204571495,0.0011600844175117,862.0062341194831,Winner: DG anchor + total SG overlay,Tier 4 - speculative,0.0182637237737941,54.753346709878286,0.0148386079186431,67.39176649742228,0.0062593657368647,159.76059588761035,Top 5: DG anchor + total SG overlay,Tier 3 - semi-core,0.0440704001468544,22.69096710417264,0.0370559639623161,26.98620931888169,0.0281839590786003,35.48117555845035,Top 10: DG anchor + putting overlay,Tier 2 - current-price / early value,0.1090716312198368,9.16828682963834,0.0942594878057781,10.60901160486361,0.1083149263300642,9.232337904683009,0.0936055449378445,10.683127806841084,0.0748357526743599,13.362596944155785,Top 20: DG anchor + OTT overlay,Tier 3 - experimental,-0.363,-0.284,-0.093,-0.032,-0.771,0.057,-11.497,0.0533847243994986,-0.0471438810641882,0.00609075504531,2.81385083291971,,,,0.5016660673036162,Make Cut: DG anchor + putting overlay,Tier 2 - candidate,0.075,3.0,,,False,False,False
"Schenk, Adam",19477,-0.3348,-0.3199738590148744,0.4629629629629629,0.51335,0.4881564814814814,1.9479887016655304,2.04852345085156,0.4547403968139277,2.199056883897613,Make Cut: DG anchor + putting overlay,Tier 2 - candidate,0.48665,0.5118435185185186,2.0548648926333093,1.9537221119736023,0.5370370370370371,0.5370370370370371,1.862068965517241,0.5574345762572518,1.793932494669128,Miss Cut: DataGolf core; ARG weakness tag,Tier 1 - core,0.0029409880956638,340.02177753605395,0.0021288273811652,469.74217301387887,0.0008258629001086,1210.8547312979451,Winner: DG anchor + total SG overlay,Tier 4 - speculative,0.0194589878243408,51.39013442154065,0.0148511539650804,67.33483487891243,0.0049331067200307,202.7120143052097,Top 5: DG anchor + total SG overlay,Tier 3 - semi-core,0.043768098950085,22.847690989285173,0.0347344920879851,28.789826477580945,0.0232055042947531,43.093224232412176,Top 10: DG anchor + putting overlay,Tier 2 - current-price / early value,0.1023533414273215,9.770076736674726,0.08429116503878,11.863639558664625,0.1017101574751642,9.831859716117156,0.0837614830185787,11.938661589578052,0.0601081050622027,16.636691490526143,Top 20: DG anchor + OTT overlay,Tier 3 - experimental,-0.385,-0.413,-0.12,-0.078,-0.997,-0.045,-2.084,-0.0371585562824292,-0.0097952638963909,0.0951587990409402,2.94337808402222,,,,0.4547403968139277,Make Cut: DG anchor + putting overlay,Tier 2 - candidate,0.075,3.0,,,False,False,False
"Tosti, Alejandro",17032,-0.3843,-0.3999680361274808,0.4273504273504274,0.47365,0.4505002136752137,2.1112635912593687,2.21975477401426,0.3742812679341349,2.6717874648644653,Make Cut: DG anchor + putting overlay,Tier 2 - candidate,0.52635,0.5494997863247864,1.8998765080269784,1.8198369223913435,0.5726495726495726,0.5726495726495726,1.746268656716418,0.5888606630778066,1.6981946030717785,Miss Cut: DataGolf core; ARG weakness tag,Tier 1 - core,0.0032806951405667,304.8134487214902,0.0023486809036166,425.7709076018435,0.0008352374185132,1197.2643679925804,Winner: DG anchor + total SG overlay,Tier 4 - speculative,0.018164374450142,55.05281796215,0.014126261299145,70.7901389350995,0.0043612749013388,229.29075158573863,Top 5: DG anchor + total SG overlay,Tier 3 - semi-core,0.0397991037905421,25.126193927955725,0.0318866597411289,31.36107726925541,0.014963086756639,66.83113025167098,Top 10: DG anchor + putting overlay,Tier 2 - current-price / early value,0.0922750626407908,10.837164141440995,0.0756820403299044,13.21317442871407,0.0922443667087763,10.840770398013449,0.0756568641804855,13.217571344411256,0.0608077292722615,16.445277795567467,Top 20: DG anchor + OTT overlay,Tier 3 - experimental,-0.602,0.034,-0.097,-0.52,-1.185,-0.06,8.794,0.0139397424292279,-0.0002957776939925,-0.0852361074285199,3.07985960742496,,,,0.3742812679341349,Make Cut: DG anchor + putting overlay,Tier 2 - candidate,0.075,3.0,,,False,False,False
"Riley, Davis",19872,-0.3974,-0.4036166968028459,0.4926108374384237,0.47515,0.4838804187192118,2.1045985478270017,2.0666263012810284,0.5239987958011569,1.9084013322417488,Make Cut: DG anchor + putting overlay,Tier 2 - candidate,0.52485,0.5161195812807882,1.9053062779841856,1.937535478732327,0.5073891625615763,0.5073891625615763,1.9708737864077672,0.5079445761992137,1.968718728099588,Miss Cut: DataGolf core; ARG weakness tag,Tier 1 - core,0.0027484357441978,363.8433251026833,0.0026325512054322,379.85965778615207,0.0016781665085548,595.8884263881293,Winner: DG anchor + total SG overlay,Tier 4 - speculative,0.0163831567798296,61.0382976515956,0.0164206001551865,60.89911395133396,0.0088310449681871,113.2368823397903,Top 5: DG anchor + total SG overlay,Tier 3 - semi-core,0.0381476604644647,26.213927350315952,0.0376512054727326,26.559574585844523,0.0455238619519257,21.96650189863116,Top 10: DG anchor + putting overlay,Tier 2 - current-price / early value,0.0899614666790506,11.115870348886498,0.0889733254927424,11.23932363393082,0.0901426941795869,11.093522432419745,0.0891525623814758,11.216727520641404,0.0759554431834825,13.165613392371892,Top 20: DG anchor + OTT overlay,Tier 3 - experimental,-0.502,-0.602,-0.003,0.295,-0.812,-0.083,1.799,-0.1160194651169395,-0.04,0.0369262485442402,3.03501197897516,,,,0.5239987958011569,Make Cut: DG anchor + putting overlay,Tier 2 - candidate,0.075,3.0,,,False,False,False
"Davis, Cam",17786,-0.4030500000000001,-0.4078985505214192,0.4098360655737705,0.4714,0.4406180327868852,2.1213406873143827,2.2695394323174973,0.3991942261148993,2.505046252127334,Make Cut: DG anchor + putting overlay,Tier 2 - candidate,0.5286,0.5593819672131147,1.891789632992812,1.787687230931092,0.5901639344262295,0.5901639344262295,1.6944444444444444,0.6074745341774459,1.6461595404226372,Miss Cut: DataGolf core; ARG weakness tag,Tier 1 - core,0.0020846189034783,479.7039873002295,0.0015339761184058,651.9006313078991,0.0005644082323146,1771.767211649188,Winner: DG anchor + total SG overlay,Tier 4 - speculative,0.0156942369588887,63.71765652701114,0.0118951211249469,84.06808047567954,0.0033377927722717,299.59918671624973,Top 5: DG anchor + total SG overlay,Tier 3 - semi-core,0.0362510104390012,27.5854379751063,0.028183923629794,35.48122018549864,0.0177670408323679,56.2839928964536,Top 10: DG anchor + putting overlay,Tier 2 - current-price / early value,0.0881520322956185,11.344037953050163,0.0700906272658578,14.26724283985848,0.0886620988938603,11.278776528820115,0.0704961866941219,14.185164430792977,0.0438846694998676,22.78700082275921,Top 20: DG anchor + OTT overlay,Tier 3 - experimental,-0.393,-0.664,-0.105,-0.104,-1.266,-0.072,0.299,-0.0622886603104343,-0.04,0.0169015775481214,3.03466876391319,,,,0.3991942261148993,Make Cut: DG anchor + putting overlay,Tier 2 - candidate,0.075,3.0,,,False,False,False
"Malnati, Peter",14926,-0.38815,-0.386487571895237,0.4926108374384237,0.48985,0.4912304187192118,2.0414412575278145,2.035704553083879,0.5122048484545247,1.9523438776835071,Make Cut: DG anchor + putting overlay,Tier 2 - candidate,0.51015,0.5087695812807882,1.9602077820248949,1.9655263144517745,0.5073891625615763,0.5073891625615763,1.9708737864077672,0.4798817450015499,2.083846719355349,Miss Cut: DataGolf core; ARG weakness tag,Tier 1 - core,0.0022254337066411,449.3506128786482,0.0019043835199872,525.1043130255138,0.0010507438885104,951.7067012568124,Winner: DG anchor + total SG overlay,Tier 4 - speculative,0.0143231844940355,69.81687629705648,0.013698976506277,72.99815424471949,0.0069519569968518,143.8443880554569,Top 5: DG anchor + total SG overlay,Tier 3 - semi-core,0.0354540819600565,28.205496933374988,0.0335535096271219,29.8031416419009,0.0354702691975988,28.192625052524164,Top 10: DG anchor + putting overlay,Tier 2 - current-price / early value,0.0866952176738797,11.534661620686927,0.0834138485000545,11.988417007271234,0.0868713679072363,11.511272633209002,0.0835833315381354,11.9641079339335,0.0665166871570809,15.033821477586114,Top 20: DG anchor + OTT overlay,Tier 3 - experimental,-0.433,-0.738,0.161,0.184,-0.826,-0.069,-6.005,-0.1252803419189196,-0.032141990090601,0.0789878090059249,2.90903125298409,,,,0.5122048484545247,Make Cut: DG anchor + putting overlay,Tier 2 - candidate,0.075,3.0,,,False,False,False
"Rozo, Marcelo",16591,-0.42625,-0.4334488554343983,0.3571428571428571,0.4718,0.4144714285714286,2.11954217888936,2.412711543101368,0.3141212405601217,3.183484180238373,Make Cut: DG anchor + putting overlay,Tier 2 - candidate,0.5282,0.5855285714285714,1.893222264293828,1.7078585893088054,0.6428571428571428,0.6428571428571428,1.5555555555555558,0.695125068239587,1.4385900403973528,Miss Cut: DataGolf core; ARG weakness tag,Tier 1 - core,0.0017594835185744,568.3486031231697,0.0010297417592872,971.1172640917392,0.000158167168697,6322.424610858375,Winner: DG anchor + total SG overlay,Tier 4 - speculative,0.0140306180762174,71.27269765079328,0.0089256165777912,112.03707791887534,0.0013555719033239,737.6960215448021,Top 5: DG anchor + total SG overlay,Tier 3 - semi-core,0.0322767059587818,30.982095920104907,0.0214756726042105,46.56431574599161,0.0070109474567262,142.63407423494675,Top 10: DG anchor + putting overlay,Tier 2 - current-price / early value,0.0798228574826651,12.527739942373852,0.0553247563396601,18.07509090253577,0.0801992423534696,12.46894572385867,0.0555856264954512,17.990262286273474,0.0299128524321245,33.43044606892996,Top 20: DG anchor + OTT overlay,Tier 3 - experimental,-0.552,-0.171,-0.345,-0.454,-1.523,0.044,-9.521,0.1066469776497591,-0.04,-0.0793177659968711,2.95100652308436,,,,0.3141212405601217,Make Cut: DG anchor + putting overlay,Tier 2 - candidate,0.075,3.0,,,False,False,False
"Dunlap, Nick",28270,-0.3919999999999999,-0.4232798213412951,0.423728813559322,0.47085,0.447289406779661,2.123818625889349,2.235688985347711,0.4283273809851232,2.334662793912613,Make Cut: DG anchor + putting overlay,Tier 2 - candidate,0.52915,0.552710593220339,1.889823301521308,1.809265124038157,0.576271186440678,0.576271186440678,1.7352941176470589,0.5595112153004177,1.7872742719966233,Miss Cut: DataGolf core; ARG weakness tag,Tier 1 - core,0.0020378693841081,490.7085840723038,0.0015106013587207,661.9880183656594,0.0005764401426114,1734.7854982300628,Winner: DG anchor + total SG overlay,Tier 4 - speculative,0.0121403162251244,82.3701773048134,0.0095035810322351,105.2234938186048,0.0029354307873223,340.66550106336547,Top 5: DG anchor + total SG overlay,Tier 3 - semi-core,0.0296094454663712,33.773006695979625,0.0237048023757652,42.18554469040227,0.0177890613906957,56.21432058933875,Top 10: DG anchor + putting overlay,Tier 2 - current-price / early value,0.0778195121532781,12.850247609241476,0.0640078110656315,15.62309323427155,0.0778819140084975,12.839951518023708,0.0640591376037774,15.610575437110349,0.0371929056246921,26.886847994368765,Top 20: DG anchor + OTT overlay,Tier 3 - experimental,-0.233,-1.113,0.1,0.044,-1.202,-0.094,-6.28,-0.1385485520771827,-0.0265851658561003,-0.0804785392038596,2.92369906058134,,,,0.4283273809851232,Make Cut: DG anchor + putting overlay,Tier 2 - candidate,0.075,3.0,,,False,False,False
"Kizzire, Patton",13470,-0.39635,-0.4053539803223877,0.425531914893617,0.47715,0.4513409574468085,2.095777009326208,2.2156198844813506,0.4075564744178045,2.45364768509322,Make Cut: DG anchor + putting overlay,Tier 2 - candidate,0.52285,0.5486590425531914,1.912594434350196,1.822625569691676,0.574468085106383,0.574468085106383,1.7407407407407405,0.5499083526606743,1.8184848350849807,Miss Cut: DataGolf core; ARG weakness tag,Tier 1 - core,0.0015760607004618,634.4933286560248,0.0012630303502309,791.7466114865385,0.0005620574039027,1779.1777015234347,Winner: DG anchor + total SG overlay,Tier 4 - speculative,0.0130587019865396,76.5772893072189,0.0101598073424761,98.42706325928008,0.003154830599697,316.9742299621544,Top 5: DG anchor + total SG overlay,Tier 3 - semi-core,0.0312378954093222,32.01239990391836,0.0248488712302096,40.24327667585412,0.0153734678634617,65.04713242850747,Top 10: DG anchor + putting overlay,Tier 2 - current-price / early value,0.0770686427097548,12.975445847230764,0.0636326056618014,15.715213758727137,0.076813545687634,13.018537173984225,0.0634219818900134,15.76740382749632,0.0408091188068394,24.50432720033163,Top 20: DG anchor + OTT overlay,Tier 3 - experimental,-0.356,-0.791,0.146,-0.174,-1.174,-0.047,-6.92,-0.0677216330228625,0.0312571127529532,-0.0189733632887459,2.88967016655009,,,,0.4075564744178045,Make Cut: DG anchor + putting overlay,Tier 2 - candidate,0.075,3.0,,,False,False,False
"Stanger, Jimmy",23048,-0.4608000000000001,-0.4768490275429701,0.4545454545454545,0.45035,0.4524477272727272,2.2204951704230043,2.210200073338457,0.4457171944818345,2.243575101836812,Make Cut: DG anchor + putting overlay,Tier 2 - candidate,0.54965,0.5475522727272728,1.819339579732557,1.826309650801293,0.5454545454545454,0.5454545454545454,1.8333333333333333,0.5640981076553261,1.772741277499583,Miss Cut: DataGolf core; ARG weakness tag,Tier 1 - core,0.0010822089572925,924.0359666785592,0.0012577711453129,795.0571959982545,0.0008975869984502,1114.0981339152868,Winner: DG anchor + total SG overlay,Tier 4 - speculative,0.010462218756095,95.58201977161096,0.0104860796161427,95.36452483734246,0.0050475498039848,198.1159253169815,Top 5: DG anchor + total SG overlay,Tier 3 - semi-core,0.0266617614007372,37.50689929932192,0.026110659116397,38.29853530476441,0.0229629336263452,43.54844273262655,Top 10: DG anchor + putting overlay,Tier 2 - current-price / early value,0.0701709006453155,14.250921547303202,0.0679795973099297,14.710296023685476,0.0704203015391253,14.200450411936997,0.068221209889703,14.658197965365249,0.0668611482430357,14.956368926915044,Top 20: DG anchor + OTT overlay,Tier 3 - experimental,-0.798,-0.01,-0.11,-0.084,-1.002,-0.039,6.475,-0.0035079191683729,-0.04,-0.0684911781306634,2.93776521142593,,,,0.4457171944818345,Make Cut: DG anchor + putting overlay,Tier 2 - candidate,0.075,3.0,,,False,False,False
"Whaley, Vince",25908,-0.42065,-0.4368026798539782,0.5208333333333334,0.46925,0.4950416666666667,2.131060202450719,2.020031983839744,0.5632953501584427,1.7752676277528687,Make Cut: DG anchor + putting overlay,Tier 2 - candidate,0.53075,0.5049583333333333,1.8841262364578424,1.9803614159584129,0.4791666666666666,0.4791666666666666,2.0869565217391304,0.4512773207736492,2.21593231914612,Miss Cut: DataGolf core; ARG weakness tag,Tier 1 - core,0.0010382015343871,963.2041245155086,0.0012774341005268,782.8192464782061,0.001050525308091,951.9047207126578,Winner: DG anchor + total SG overlay,Tier 4 - speculative,0.0090394822417131,110.625805025143,0.0110783158563063,90.266427945431,0.007512895372684,133.10447575722645,Top 5: DG anchor + total SG overlay,Tier 3 - semi-core,0.0256343172409748,39.010206146686905,0.0293875617358905,34.02800167591709,0.0443496201224283,22.548107452543515,Top 10: DG anchor + putting overlay,Tier 2 - current-price / early value,0.0691229276910002,14.466979819927383,0.0775183877086739,12.900165103512654,0.0689960656896328,14.493580032495345,0.0773761174354665,12.923884438037646,0.0717314699788368,13.94088257629508,Top 20: DG anchor + OTT overlay,Tier 3 - experimental,-0.54,-0.721,0.164,0.402,-0.696,-0.084,-2.356,-0.1521514431895652,-0.0206309091679581,0.0004700496168814,2.80420401603743,,,,0.5632953501584427,Make Cut: DG anchor + putting overlay,Tier 2 - candidate,0.075,3.0,,,False,False,False
"Hirata, Kensei",20954,-0.5014500000000001,-0.5113289442774853,0.3891050583657587,0.4315,0.4103025291828793,2.317497103128621,2.4372260195215167,0.3688942451884934,2.71080401237767,Make Cut: DG anchor + putting overlay,Tier 2 - candidate,0.5685,0.5896974708171207,1.7590149516270888,1.6957847870948797,0.6108949416342413,0.6108949416342413,1.6369426751592355,0.6280419969617471,1.5922502075301632,Miss Cut: DataGolf core; ARG weakness tag,Tier 1 - core,0.0007352583150977,1360.0662236196922,0.0005759624908821,1736.2241740227391,0.0002328119910477,4295.311403418344,Winner: DG anchor + total SG overlay,Tier 4 - speculative,0.0086627724232498,115.43648512756968,0.0066989655767042,149.27677841449315,0.0018602122783837,537.5730563765975,Top 5: DG anchor + total SG overlay,Tier 3 - semi-core,0.0220329341330179,45.38660143777344,0.0174391032497701,57.34239803948513,0.0104403273168956,95.78243762354948,Top 10: DG anchor + putting overlay,Tier 2 - current-price / early value,0.0613529358153803,16.299138528743622,0.0497247363984586,20.110714956570337,0.0615012066210492,16.259843585861322,0.0498449054927243,20.06223083612759,0.0352543100044392,28.365326108327736,Top 20: DG anchor + OTT overlay,Tier 3 - experimental,-0.703,-0.336,-0.106,-0.202,-1.347,0.044,-10.432,0.0610739292697024,-0.04,-0.0699316860222774,2.92372060049401,,,,0.3688942451884934,Make Cut: DG anchor + putting overlay,Tier 2 - candidate,0.075,3.0,,,False,False,False
"Lamprecht, Christo",24343,-0.74525,-0.7842752701314695,0.3424657534246575,0.34665,0.3445578767123287,2.8847540747151306,2.9022700323722384,0.3300416934567092,3.0299202186440346,Make Cut: DG anchor + putting overlay,Tier 2 - candidate,0.65335,0.6554421232876713,1.530573199663274,1.525687722028057,0.6575342465753424,0.6575342465753424,1.5208333333333337,0.666762304444471,1.4997848458652352,Miss Cut: DataGolf core; ARG weakness tag,Tier 1 - core,0.0007352583150977,1360.0662236196922,0.0006759624908821,1479.3720265379238,0.0003122374250372,3202.6910287281776,Winner: DG anchor + total SG overlay,Tier 4 - speculative,0.005016621424405,199.33734587488675,0.0046701460296628,214.1260666472556,0.0014295159547048,699.5374879928797,Top 5: DG anchor + total SG overlay,Tier 3 - semi-core,0.0130463986803648,76.64950493234748,0.0122180742800573,81.84595846108267,0.0098258663876404,101.77219601295008,Top 10: DG anchor + putting overlay,Tier 2 - current-price / early value,0.034167869788375,29.26726208551139,0.0321303819887596,31.12319051637282,0.0345362554529267,28.955078855118217,0.0324768001937732,30.79121077302835,0.0285611096892013,35.01264519767903,Top 20: DG anchor + OTT overlay,Tier 3 - experimental,-1.208,-0.247,-0.06,-0.131,-1.646,-0.112,14.13,-0.0675369042509329,-0.04,-0.151357898531881,3.10443314947323,,,,0.3300416934567092,Make Cut: DG anchor + putting overlay,Tier 2 - candidate,0.075,3.0,,,False,False,False
