player_name,dg_id,skill_pred,custom_pred,p_make_cut,p_make_cut_model,p_make_cut_anchored,make_cut_fair_odds_dec_model,make_cut_fair_odds_dec_anchored,make_cut_strategy_prob,make_cut_strategy_fair_odds_dec,make_cut_strategy_name,make_cut_strategy_tier,p_miss_cut_model,p_miss_cut_anchored,miss_cut_fair_odds_dec_model,miss_cut_fair_odds_dec_anchored,p_miss_cut_dg,miss_cut_strategy_prob,miss_cut_strategy_fair_odds_dec,miss_cut_arg_overlay_prob,miss_cut_arg_overlay_fair_odds_dec,miss_cut_strategy_name,miss_cut_strategy_tier,win_prob_model,win_fair_odds_dec,win_prob_anchored,win_fair_odds_dec_anchored,win_strategy_prob,win_strategy_fair_odds_dec,win_strategy_name,win_strategy_tier,top5_prob_model,top5_fair_odds_dec,top5_prob_anchored,top5_fair_odds_dec_anchored,top5_strategy_prob,top5_strategy_fair_odds_dec,top5_strategy_name,top5_strategy_tier,top10_prob_model,top10_fair_odds_dec,top10_prob_anchored,top10_fair_odds_dec_anchored,top10_strategy_prob,top10_strategy_fair_odds_dec,top10_strategy_name,top10_strategy_tier,top20_prob_model,top20_fair_odds_dec,top20_prob_anchored,top20_fair_odds_dec_anchored,top20_prob_dh,top20_fair_odds_dec_dh,top20_prob_anchored_dh,top20_fair_odds_dec_anchored_dh,top20_strategy_prob,top20_strategy_fair_odds_dec,top20_strategy_name,top20_strategy_tier,sg_app,sg_ott,sg_arg,sg_putt,sg_total,driving_acc,driving_dist,total_fit_adjustment,total_course_history_adjustment,timing_adjustment,std_deviation
"Koivun, Jackson",32319,0.37665,0.3956333505109298,0.8264462809917356,0.74685,0.7866481404958678,1.338956952533976,1.2712163780996732,0.8410687430082395,1.1889634566888232,Make Cut: DG anchor + putting overlay,Tier 2 - candidate,0.25315,0.2133518595041321,3.9502271380604386,4.6870929661648075,0.1735537190082644,0.1735537190082644,5.761904761904763,0.1677605904475159,5.960875538959497,Miss Cut: DataGolf core; ARG weakness tag,Tier 1 - core,0.0345794395658227,28.91891865674911,0.0478480531162447,20.899491930644373,0.077300333318561,12.93655482543546,Winner: DG anchor + total SG overlay,Tier 4 - speculative,0.1361077848192673,7.347118324847211,0.1693495940690851,5.904944771181771,0.2796889774597872,3.5754001072272388,Top 5: DG anchor + total SG overlay,Tier 3 - semi-core,0.233871007527431,4.275861341567567,0.277103852382689,3.6087553146643696,0.3549410447289804,2.8173692923103952,Top 10: DG anchor + putting overlay,Tier 2 - current-price / early value,0.3827993142288784,2.6123348784321303,0.4341461759659581,2.303371664566754,0.3822425175692436,2.6161401571944416,0.4335146932762412,2.3067268895607813,0.5350678394693018,1.8689218940757744,Top 20: DG anchor + OTT overlay,Tier 3 - experimental,0.408,0.499,0.046,0.229,1.182,0.055,1.786,0,-0.04,0.104916752554649,2.73194471848048
"Thompson, Davis",27364,0.3873499999999999,0.3910139162904941,0.7575757575757576,0.74605,0.7518128787878788,1.340392735071376,1.3301182092175177,0.7543660995970302,1.3256163029253083,Make Cut: DG anchor + putting overlay,Tier 2 - candidate,0.25395,0.2481871212121211,3.937783028155149,4.029217934903712,0.2424242424242424,0.2424242424242424,4.125,0.2401267204301459,4.1644678201937335,Miss Cut: DataGolf core; ARG weakness tag,Tier 1 - core,0.0331239655409297,30.18962203557256,0.0300703161037982,33.25538702513633,0.0311379122853022,32.11519098767645,Winner: DG anchor + total SG overlay,Tier 4 - speculative,0.1344289272199133,7.438875104344858,0.1243445892713321,8.042167382272673,0.1462113428226601,6.839414649333332,Top 5: DG anchor + total SG overlay,Tier 3 - semi-core,0.2288715229908804,4.369263536730367,0.2172653316012602,4.6026671288508485,0.1929721794992268,5.182094137067082,Top 10: DG anchor + putting overlay,Tier 2 - current-price / early value,0.3783339138248979,2.643167750652203,0.365760064187119,2.734032766049632,0.3782807304713409,2.6435393596549095,0.3657086483713544,2.7344171499727894,0.3830880448209724,2.6103659811867206,Top 20: DG anchor + OTT overlay,Tier 3 - experimental,0.585,0.284,0.006,-0.06,0.814,0.016,3.218,0,-0.04,0.028319581452471,2.71029521767033
"Conners, Corey",17576,0.3547,0.3687765378169165,0.7633587786259541,0.72945,0.746404389312977,1.3708958804578792,1.339756322870024,0.7631361678341729,1.3103821338176922,Make Cut: DG anchor + putting overlay,Tier 2 - candidate,0.2705499999999999,0.2535956106870229,3.696174459434486,3.943285916072727,0.2366412213740458,0.2366412213740458,4.225806451612902,0.2355295082251868,4.2457525069169355,Miss Cut: DataGolf core; ARG weakness tag,Tier 1 - core,0.0316140094124278,31.631546222254464,0.0304320047062139,32.860142131740965,0.0336531721104262,29.714880865277628,Winner: DG anchor + total SG overlay,Tier 4 - speculative,0.1281327537055826,7.804405751692126,0.1247108450466343,8.018548824892177,0.1542449300598468,6.4831952636109405,Top 5: DG anchor + total SG overlay,Tier 3 - semi-core,0.220331238021062,4.538621073351421,0.2176535864828735,4.594456797883672,0.2069871096894023,4.831218724202514,Top 10: DG anchor + putting overlay,Tier 2 - current-price / early value,0.3666786204312127,2.7271838178730015,0.3661145596999183,2.7313855008105623,0.3648776681003663,2.7406445705658578,0.3643163777691775,2.744866992044966,0.4001331842837439,2.4991678752914335,Top 20: DG anchor + OTT overlay,Tier 3 - experimental,0.494,0.342,-0.003,-0.022,0.811,0.052,0.591,0,-0.04,0.0803826890845828,2.71343250875023
"Ghim, Doug",24550,0.352,0.3540836664521582,0.7751937984496123,0.73425,0.7547218992248061,1.3619339462036093,1.3249913657297148,0.7703458436863859,1.2981182519459509,Make Cut: DG anchor + putting overlay,Tier 2 - candidate,0.26575,0.2452781007751938,3.762935089369708,4.07700482366559,0.2248062015503876,0.2248062015503876,4.448275862068964,0.2069544090883358,4.831982098884218,Miss Cut: DataGolf core; ARG weakness tag,Tier 1 - core,0.027481236353236,36.388464738132015,0.029665618176618,33.70905652619048,0.0380220393675135,26.300535600791868,Winner: DG anchor + total SG overlay,Tier 4 - speculative,0.1216296554299286,8.221679132981714,0.1262687033763398,7.919618822880696,0.1746350637947923,5.726226900086145,Top 5: DG anchor + total SG overlay,Tier 3 - semi-core,0.2129152735336421,4.696703920782803,0.22130590576634,4.5186322368451535,0.2123045975773929,4.710213586568529,Top 10: DG anchor + putting overlay,Tier 2 - current-price / early value,0.3611697176752617,2.7687814095730174,0.3735425426006273,2.6770712461234947,0.3607388366478706,2.772088553847985,0.3730969006028262,2.6802688480774393,0.4303719689061155,2.323571403922329,Top 20: DG anchor + OTT overlay,Tier 3 - experimental,0.419,0.465,0.137,-0.084,0.937,0.041,2.204,0,-0.04,0.0204183322607913,2.69855949214037
"James, Ben",29827,0.30055,0.3145184077820828,0.7633587786259541,0.71635,0.7398543893129771,1.3959656592447824,1.3516173107097358,0.7686284510370722,1.3010187154154256,Make Cut: DG anchor + putting overlay,Tier 2 - candidate,0.2836499999999999,0.2601456106870229,3.5254715318173813,3.844001047563644,0.2366412213740458,0.2366412213740458,4.225806451612902,0.2315918057922515,4.317942064396897,Miss Cut: DataGolf core; ARG weakness tag,Tier 1 - core,0.0281365132429328,35.541006498066174,0.0291515899547997,34.30344628030664,0.0348847510428043,28.66582016804359,Winner: DG anchor + total SG overlay,Tier 4 - speculative,0.1142372064134744,8.753715460973043,0.1193935668310757,8.375660653599976,0.1592931114680024,6.277735369623138,Top 5: DG anchor + total SG overlay,Tier 3 - semi-core,0.2007716748841676,4.980782277066403,0.2088030124198838,4.789202935392002,0.2189737642373382,4.566757134047044,Top 10: DG anchor + putting overlay,Tier 2 - current-price / early value,0.3414629193623815,2.9285756762910418,0.3533489069017262,2.8300639409594126,0.3397289405596483,2.943523146284394,0.3515545700065792,2.844508606391563,0.4040776259953071,2.474772013265624,Top 20: DG anchor + OTT overlay,Tier 3 - experimental,0.35,0.401,0.028,0.05,0.829,0.041,1.169,0,-0.04,0.0798420389104141,2.72719299088722
"Hisatsune, Ryo",22760,0.29695,0.3049922716188657,0.7352941176470588,0.70965,0.7224720588235294,1.4091453533431972,1.3841365735699125,0.7308908832137022,1.368193287078687,Make Cut: DG anchor + putting overlay,Tier 2 - candidate,0.29035,0.2775279411764706,3.4441191665231616,3.603240797164037,0.2647058823529412,0.2647058823529412,3.777777777777777,0.2653020012219114,3.76928932082782,Miss Cut: DataGolf core; ARG weakness tag,Tier 1 - core,0.0270649782389475,36.948117643817746,0.0251241557861404,39.802332405200424,0.0254849185130626,39.238893366970544,Winner: DG anchor + total SG overlay,Tier 4 - speculative,0.1087016783822329,9.199489970004432,0.105619519746672,9.4679468567789,0.1228694888686478,8.138717017607505,Top 5: DG anchor + total SG overlay,Tier 3 - semi-core,0.1887793588573415,5.297189301059598,0.1872567182694597,5.340262337402571,0.172704296216985,5.790243913467003,Top 10: DG anchor + putting overlay,Tier 2 - current-price / early value,0.3277505059993247,3.051101315468481,0.3275931991738583,3.052566422385606,0.3275084930743675,3.053355931667181,0.3273513024051976,3.0548221212274065,0.3602754683020899,2.775653875943346,Top 20: DG anchor + OTT overlay,Tier 3 - experimental,0.4,0.343,-0.016,-0.072,0.654,0.028,2.415,0,-0.04,0.0502113580943283,2.75129850770498
"Bridgeman, Jacob",29433,0.2585,0.2706345362180913,0.8,0.69985,0.749925,1.4288776166321355,1.3334666800013335,0.8317083257588619,1.202344582865137,Make Cut: DG anchor + putting overlay,Tier 2 - candidate,0.30015,0.250075,3.331667499583541,3.9988003598920314,0.1999999999999999,0.1999999999999999,5.000000000000001,0.1875122442550946,5.3329850750417345,Miss Cut: DataGolf core; ARG weakness tag,Tier 1 - core,0.0222925835614582,44.85796799833044,0.0323796251140624,30.88361883367514,0.0517959701826989,19.306521269371306,Winner: DG anchor + total SG overlay,Tier 4 - speculative,0.0956046895426332,10.459737956202112,0.1275465090329811,7.840277304190418,0.2155882048765828,4.63847268718837,Top 5: DG anchor + total SG overlay,Tier 3 - semi-core,0.1792929970316783,5.577462681508499,0.2241443292267946,4.4614111070736735,0.3469859292007821,2.8819612435101187,Top 10: DG anchor + putting overlay,Tier 2 - current-price / early value,0.314942920617039,3.1751785308931253,0.3734005112412469,2.678089530932428,0.3150502764957993,3.1740965636427023,0.3735277937975125,2.6771769506986,0.4541753934965375,2.2017925548571657,Top 20: DG anchor + OTT overlay,Tier 3 - experimental,0.297,0.149,0.101,0.478,1.025,0.023,0.406,0,-0.04,0.0706726810904565,2.7265668190901
"Novak, Andrew",23475,0.23665,0.2340438059676105,0.6944444444444444,0.68525,0.6898472222222223,1.459321415541773,1.4495963276893031,0.6719939359976498,1.4881086665096,Make Cut: DG anchor + putting overlay,Tier 2 - candidate,0.31475,0.3101527777777777,3.177124702144559,3.2242174555550585,0.3055555555555556,0.3055555555555556,3.2727272727272725,0.2739365321459609,3.6504806137619226,Miss Cut: DataGolf core; ARG weakness tag,Tier 1 - core,0.0221758407280099,45.09411896780605,0.0195379203640049,51.1825200107948,0.0177470468059997,56.347403088041155,Winner: DG anchor + total SG overlay,Tier 4 - speculative,0.0964513029312148,10.367926296580563,0.0883174717518027,11.32278789422647,0.0902776852308652,11.076934432276598,Top 5: DG anchor + total SG overlay,Tier 3 - semi-core,0.166943309823611,5.990057349746929,0.157681837437613,6.34188449507161,0.1196769963070451,8.355824685258511,Top 10: DG anchor + putting overlay,Tier 2 - current-price / early value,0.2985505424889972,3.3495166066792663,0.2870296856100895,3.4839601969199534,0.2995350813549923,3.338507114012651,0.2879762318090063,3.472508802959917,0.2970043038925077,3.366954575721979,Top 20: DG anchor + OTT overlay,Tier 3 - experimental,0.344,0.213,0.205,-0.263,0.499,-0.006,1.715,0,-0.04,-0.0030309701619476,2.78544819727786
"Suber, Jackson",29279,0.2149,0.2133878595554489,0.7092198581560284,0.67505,0.6921349290780142,1.4813717502407229,1.4448049910327307,0.7091412695684794,1.410156259285983,Make Cut: DG anchor + putting overlay,Tier 2 - candidate,0.3249499999999999,0.3078650709219858,3.07739652254193,3.248176212407688,0.2907801418439716,0.2907801418439716,3.439024390243903,0.2788300145731038,3.58641447381849,Miss Cut: DataGolf core; ARG weakness tag,Tier 1 - core,0.0209534597049562,47.72481557131419,0.0194933965191447,51.299423321014594,0.0190018233313842,52.626528652561326,Winner: DG anchor + total SG overlay,Tier 4 - speculative,0.0878985140769341,11.376756598237138,0.0857499154078754,11.6618190845254,0.0945265388893797,10.579039619447576,Top 5: DG anchor + total SG overlay,Tier 3 - semi-core,0.1636731494232282,6.109737629684064,0.1599167458367851,6.253253808832654,0.1505515153289534,6.64224466831178,Top 10: DG anchor + putting overlay,Tier 2 - current-price / early value,0.288279433000871,3.4688565520974173,0.286956387364294,3.484850116719967,0.2881354186525052,3.4705903379619287,0.286813033963375,3.4865918964048763,0.3032333290150119,3.297790527341715,Top 20: DG anchor + OTT overlay,Tier 3 - experimental,0.316,0.144,0.071,-0.02,0.511,-0.009,3.02,0,-0.04,0.0024392977772445,2.8034512326938
"Kirk, Chris",12423,0.2284,0.2195819311297797,0.6493506493506493,0.67455,0.6619503246753247,1.4824697946779335,1.5106873774712368,0.6179698498908792,1.6182019238909138,Make Cut: DG anchor + putting overlay,Tier 2 - candidate,0.32545,0.3380496753246753,3.072668612690121,2.9581451277524917,0.3506493506493506,0.3506493506493506,2.8518518518518516,0.3415462820249428,2.9278608862940887,Miss Cut: DataGolf core; ARG weakness tag,Tier 1 - core,0.0174976237923112,57.15061724206316,0.0142988118961556,69.93588049569757,0.0106884308514203,93.55910272527184,Winner: DG anchor + total SG overlay,Tier 4 - speculative,0.0843153776741424,11.86023270707209,0.0692344051069124,14.443685887901974,0.0533810593821164,18.73323631218561,Top 5: DG anchor + total SG overlay,Tier 3 - semi-core,0.1551338817301074,6.446045111794082,0.1320640074327452,7.5720858350391875,0.0823548903131419,12.142569751445874,Top 10: DG anchor + putting overlay,Tier 2 - current-price / early value,0.2861952176393731,3.4941184840484403,0.250876208796099,3.9860296231308054,0.2847565287650034,3.511771984077156,0.2496150667916446,4.0061684290664505,0.226011065371151,4.424562126450842,Top 20: DG anchor + OTT overlay,Tier 3 - experimental,0.437,0.069,0.045,-0.337,0.215,0.011,-0.784,0,-0.04,-0.0340903443511015,2.72032338675369
"Poston, J.T.",21554,0.18045,0.1924530364831645,0.7407407407407407,0.6755,0.7081203703703703,1.4803849000740192,1.4121892856675864,0.7576125584527202,1.3199358812666862,Make Cut: DG anchor + putting overlay,Tier 2 - candidate,0.3245,0.2918796296296296,3.081664098613251,3.4260698537575736,0.2592592592592593,0.2592592592592593,3.857142857142856,0.2501424701191431,3.9977217764088566,Miss Cut: DataGolf core; ARG weakness tag,Tier 1 - core,0.0154528763301079,64.71287148345516,0.0176597714983873,56.62587424142606,0.0216813363615505,46.12261824291376,Winner: DG anchor + total SG overlay,Tier 4 - speculative,0.0759067517853545,13.17405865064219,0.0852848880379394,11.725406728037736,0.1125054215409932,8.88846054086054,Top 5: DG anchor + total SG overlay,Tier 3 - semi-core,0.1448353492697475,6.904391814857004,0.1614234165549907,6.194888085888942,0.1985638500070503,5.036163430375134,Top 10: DG anchor + putting overlay,Tier 2 - current-price / early value,0.2710980684780429,3.688702046510498,0.2978602559027065,3.357279060173243,0.2713686550674068,3.685023975048276,0.2981575541874351,3.353931456559224,0.3458572412010453,2.891366381479647,Top 20: DG anchor + OTT overlay,Tier 3 - experimental,0.203,0.176,0.056,0.192,0.627,0.045,-4.969,0,-0.04,0.0700151824158226,2.68263660874495
"Penge, Marco",22465,0.17325,0.1901318483974714,0.7246376811594204,0.6636,0.6941188405797102,1.5069318866787222,1.4406754888900952,0.7297945284819845,1.3702486946292387,Make Cut: DG anchor + putting overlay,Tier 2 - candidate,0.3364,0.3058811594202898,2.9726516052318663,3.26924352547641,0.2753623188405796,0.2753623188405796,3.6315789473684226,0.2822554465438015,3.54289000352316,Miss Cut: DataGolf core; ARG weakness tag,Tier 1 - core,0.0202578329831606,49.36362151031903,0.0235122498249136,42.53102138019968,0.028790751427354,34.733376185864394,Winner: DG anchor + total SG overlay,Tier 4 - speculative,0.0834213349602211,11.987341133738058,0.0957246456547135,10.446630469723331,0.1250520835112461,7.996668043600154,Top 5: DG anchor + total SG overlay,Tier 3 - semi-core,0.1502506416422566,6.655545620769975,0.1701220540184863,5.878132648758961,0.1911309803506452,5.232014182972427,Top 10: DG anchor + putting overlay,Tier 2 - current-price / early value,0.269953749535836,3.704338249494294,0.297179880168699,3.3649653517335483,0.270611864628776,3.695329476302877,0.2979043693257987,3.3567819171741142,0.3695458698571472,2.7060240191199076,Top 20: DG anchor + OTT overlay,Tier 3 - experimental,0.081,0.522,-0.06,0.042,0.586,-0.056,18.081,0,-0.04,0.0944092419873571,2.84553531235012
"Keefer, Johnny",32457,0.1967,0.1835779084045772,0.6666666666666666,0.66425,0.6654583333333333,1.5054572826496049,1.5027236866821114,0.6592619918286455,1.5168476453893895,Make Cut: DG anchor + putting overlay,Tier 2 - candidate,0.33575,0.3345416666666667,2.9784065524944157,2.9891642794868596,0.3333333333333333,0.3333333333333333,2.9999999999999996,0.3595631454276929,2.781152664605046,Miss Cut: DataGolf core; ARG weakness tag,Tier 1 - core,0.0181268922044375,55.16665453304772,0.0159551127688854,62.67583404049221,0.0138545664555063,72.17836828106311,Winner: DG anchor + total SG overlay,Tier 4 - speculative,0.0810778639656016,12.333822711760927,0.0742096107947296,13.475343547698818,0.070978328549438,14.088807392857625,Top 5: DG anchor + total SG overlay,Tier 3 - semi-core,0.1492208732123124,6.701475326291609,0.1400136555631252,7.142160498403312,0.1190957596064638,8.396604575212143,Top 10: DG anchor + putting overlay,Tier 2 - current-price / early value,0.269953749535836,3.704338249494294,0.257340165823948,3.885907187469995,0.2696480443883156,3.7085379286486377,0.2570487447435169,3.890312714803565,0.2759390984302257,3.6239880672541274,Top 20: DG anchor + OTT overlay,Tier 3 - experimental,0.223,0.405,-0.175,-0.097,0.355,-0.016,10.926,0,-0.04,-0.0556104579771143,2.80419772647731
"Kohles, Ben",16395,0.18685,0.1890889392656255,0.684931506849315,0.68145,0.6831907534246575,1.4674590945777386,1.4637200444930791,0.6765272839096604,1.4781369854309294,Make Cut: DG anchor + putting overlay,Tier 2 - candidate,0.31855,0.3168092465753425,3.1392246115209543,3.156473527240258,0.3150684931506849,0.3150684931506849,3.1739130434782603,0.3189575260689476,3.135213682914741,Miss Cut: DataGolf core; ARG weakness tag,Tier 1 - core,0.0138233077928327,72.34158531277822,0.0114199872297496,87.56577217485393,0.0088321108494085,113.22321662968804,Winner: DG anchor + total SG overlay,Tier 4 - speculative,0.0686671499132549,14.563004307929909,0.0607383864645639,16.464052771362653,0.0535391214822,18.67793068536744,Top 5: DG anchor + total SG overlay,Tier 3 - semi-core,0.1348475068577438,7.415784120168724,0.1232991149423584,8.110358297928528,0.1006195172862123,9.938429709968684,Top 10: DG anchor + putting overlay,Tier 2 - current-price / early value,0.2670415764470756,3.7447352330103834,0.2492268061639308,4.012409481114332,0.2673044254235828,3.7410529152869585,0.2494721200651964,4.00846395075595,0.243556638771836,4.105821155369123,Top 20: DG anchor + OTT overlay,Tier 3 - experimental,0.326,0.089,-0.037,-0.11,0.269,0.104,-11.823,0,-0.04,0.0211946963281276,2.61313069272053
"Meissner, Mac",28159,0.2007999999999999,0.1893876654480306,0.7633587786259541,0.6791,0.7212293893129771,1.4725371815638344,1.3865214241374328,0.7857862915723401,1.2726106458271538,Make Cut: DG anchor + putting overlay,Tier 2 - candidate,0.3208999999999999,0.2787706106870229,3.1162355874104084,3.587178711326585,0.2366412213740458,0.2366412213740458,4.225806451612902,0.206138601289643,4.851105002866063,Miss Cut: DataGolf core; ARG weakness tag,Tier 1 - core,0.0149453923380795,66.91025416924592,0.0203976961690397,49.025144394386594,0.0299968163798027,33.33687106453445,Winner: DG anchor + total SG overlay,Tier 4 - speculative,0.0714239948448955,14.000897067877556,0.0918558836057087,10.886618915915044,0.1452504654265022,6.8846595228709075,Top 5: DG anchor + total SG overlay,Tier 3 - semi-core,0.1393235381787387,7.177538074844868,0.1720368498188249,5.812708155567357,0.2409591355143861,4.150081290195766,Top 10: DG anchor + putting overlay,Tier 2 - current-price / early value,0.2623632396389233,3.8115095749551178,0.3089173183339101,3.237112135354922,0.2621217402448978,3.815021215202179,0.3086329669694267,3.240094568701924,0.3710225295210544,2.6952541164841928,Top 20: DG anchor + OTT overlay,Tier 3 - experimental,0.234,0.08,0.238,0.283,0.835,0.007,0.467,0,-0.04,-0.0470616727598469,2.64999890199609
"Parry, John",13764,0.14795,0.1591951187321245,0.6756756756756757,0.66935,0.6725128378378378,1.4939867035183387,1.4869604619222585,0.658779400241532,1.51795881843507,Make Cut: DG anchor + putting overlay,Tier 2 - candidate,0.33065,0.3274871621621622,3.024345985180705,3.053554812340487,0.3243243243243243,0.3243243243243243,3.083333333333333,0.3049436594106504,3.2792942864680334,Miss Cut: DataGolf core; ARG weakness tag,Tier 1 - core,0.0133210208214346,75.0693218939284,0.0115771770773839,86.37684241294893,0.0095354448806275,104.87187672088848,Winner: DG anchor + total SG overlay,Tier 4 - speculative,0.0663577071131694,15.069839563542413,0.0607213346171907,16.468676228945913,0.0549016057720086,18.214403494002113,Top 5: DG anchor + total SG overlay,Tier 3 - semi-core,0.1322627741770515,7.560706375789196,0.1228737303471192,8.138436077223277,0.0955517117851553,10.465537260582677,Top 10: DG anchor + putting overlay,Tier 2 - current-price / early value,0.2564927717437233,3.8987453455380696,0.2430159017644657,4.114957057292545,0.2559551333398385,3.9069347309095503,0.242506512432926,4.123600599289416,0.2402371927174147,4.162552803288357,Top 20: DG anchor + OTT overlay,Tier 3 - experimental,0.255,0.064,0.115,-0.198,0.237,0.045,-6.722,0,-0.04,0.0662255936606228,2.63968500481542
"Brown, Blades",32152,0.1495,0.1547925296819038,0.6896551724137931,0.65485,0.6722525862068967,1.5270672673131251,1.487536114427433,0.6913920821437692,1.4463573214482637,Make Cut: DG anchor + putting overlay,Tier 2 - candidate,0.3451499999999999,0.3277474137931033,2.8972910328842536,3.051130101765711,0.3103448275862068,0.3103448275862068,3.2222222222222228,0.3222072512336839,3.103592474009036,Miss Cut: DataGolf core; ARG weakness tag,Tier 1 - core,0.017269304237594,57.906212447347514,0.015684652118797,63.75659418047057,0.0141457330275758,70.69269567371245,Winner: DG anchor + total SG overlay,Tier 4 - speculative,0.0717553526790561,13.936242561203091,0.0709031095405862,14.10375379132817,0.0735425869799029,13.597563548767608,Top 5: DG anchor + total SG overlay,Tier 3 - semi-core,0.138999693380926,7.194260474082621,0.1382710972917135,7.232169409130227,0.1345589103574767,7.4316891935535425,Top 10: DG anchor + putting overlay,Tier 2 - current-price / early value,0.2537407086875757,3.941031004336296,0.2558508494110844,3.90852718410665,0.2534217546841806,3.945991145259887,0.2555292429447283,3.9134464160577616,0.2822940175908621,3.5424059232078116,Top 20: DG anchor + OTT overlay,Tier 3 - experimental,0.163,0.275,-0.089,-0.0,0.349,0.006,6.091,0,-0.04,0.0364626484095191,2.76734138282702
"Yu, Kevin",17881,0.16215,0.1652278503490422,0.7194244604316548,0.6588,0.6891122302158275,1.5179113539769276,1.451142435371962,0.7302929618858564,1.369313484026563,Make Cut: DG anchor + putting overlay,Tier 2 - candidate,0.3411999999999999,0.3108877697841725,2.930832356389215,3.2165948525225985,0.2805755395683452,0.2805755395683452,3.564102564102565,0.2723874811198113,3.671240674824346,Miss Cut: DataGolf core; ARG weakness tag,Tier 1 - core,0.0140470838252461,71.18915302568,0.0163068752459564,61.32382721502506,0.0199188481702834,50.203706130552376,Winner: DG anchor + total SG overlay,Tier 4 - speculative,0.0727501047192229,13.745684681272593,0.0801627252191593,12.474625797290066,0.1016793304531644,9.834840527993247,Top 5: DG anchor + total SG overlay,Tier 3 - semi-core,0.1380823653098423,7.242054390914474,0.1508459641928276,6.6292791149632055,0.1727565083940676,5.788493928801465,Top 10: DG anchor + putting overlay,Tier 2 - current-price / early value,0.2530658067471085,3.9515413514529496,0.2749083822002832,3.6375755151454583,0.2529788681969149,3.9528993355350743,0.2748139398238446,3.6388256019363454,0.3231494521093696,3.094543386883265,Top 20: DG anchor + OTT overlay,Tier 3 - experimental,0.143,0.272,0.046,0.109,0.57,-0.004,6.919,0,-0.04,0.0253892517452111,2.72026126085045
"Grillo, Emiliano",12808,0.1376499999999999,0.1451272733442317,0.6756756756756757,0.66215,0.6689128378378378,1.5102318205844596,1.4949630855229996,0.6807917724571461,1.468877916063457,Make Cut: DG anchor + putting overlay,Tier 2 - candidate,0.33785,0.3310871621621621,2.9598934438360223,3.0203526873996194,0.3243243243243243,0.3243243243243243,3.083333333333333,0.33377258140357,2.9960519698617283,Miss Cut: DataGolf core; ARG weakness tag,Tier 1 - core,0.0133210208214346,75.0693218939284,0.0123271770773839,81.1215733920662,0.0112707182205116,88.72549028686478,Winner: DG anchor + total SG overlay,Tier 4 - speculative,0.0668520936788794,14.958394643606058,0.0636169276715705,15.71908667395274,0.0626480578082642,15.962186777769272,Top 5: DG anchor + total SG overlay,Tier 3 - semi-core,0.1322627741770515,7.560706375789196,0.1265677445273832,7.900907168205462,0.1214988664305706,8.230529464004835,Top 10: DG anchor + putting overlay,Tier 2 - current-price / early value,0.2511452193538139,3.981760045335356,0.2450670789576264,4.080515441949287,0.2510844992963675,3.9827229590132927,0.2450078284285867,4.081502237760021,0.2566064135942752,3.897018729941478,Top 20: DG anchor + OTT overlay,Tier 3 - experimental,0.175,0.18,-0.072,0.036,0.319,0.074,-5.782,0,-0.04,0.047386366721159,2.68599505588962
"Horschel, Billy",11276,0.13745,0.1492878376214684,0.6535947712418301,0.65515,0.654372385620915,1.5263680073265664,1.528181845649139,0.6561049292352739,1.524146451948707,Make Cut: DG anchor + putting overlay,Tier 2 - candidate,0.34485,0.3456276143790849,2.899811512251704,2.8932873369984793,0.3464052287581699,0.3464052287581699,2.8867924528301887,0.3638415380755777,2.7484492432864513,Miss Cut: DataGolf core; ARG weakness tag,Tier 1 - core,0.0135440507147283,73.83315531390903,0.0116553586906974,85.79744532428094,0.0092698286546776,107.87685913648416,Winner: DG anchor + total SG overlay,Tier 4 - speculative,0.0688323328177688,14.528056206484596,0.0606400156152336,16.4907609250151,0.0504860370852787,19.80745682832748,Top 5: DG anchor + total SG overlay,Tier 3 - semi-core,0.1291433708621873,7.743332029540477,0.1182071530884361,8.459724930959586,0.1055545815813211,9.473771626194948,Top 10: DG anchor + putting overlay,Tier 2 - current-price / early value,0.2498477671014111,4.00243721047188,0.231296791418301,4.323449512066497,0.2488457211608564,4.0185541279755,0.2303691465023873,4.340859074153999,0.2203487681183761,4.538259998180604,Top 20: DG anchor + OTT overlay,Tier 3 - experimental,0.263,0.016,-0.119,0.007,0.168,0.004,-2.521,0,-0.04,0.0691891881073421,2.72655816286977
"Hoey, Rico",23504,0.1335,0.1280309066327791,0.6622516556291391,0.64535,0.6538008278145695,1.54954675757341,1.5295177941922389,0.6477462608368969,1.5438143922405456,Make Cut: DG anchor + putting overlay,Tier 2 - candidate,0.35465,0.3461991721854305,2.819681376004511,2.8885106619041307,0.3377483443708609,0.3377483443708609,2.960784313725491,0.3403423725774652,2.938217749458717,Miss Cut: DataGolf core; ARG weakness tag,Tier 1 - core,0.0149453923380795,66.91025416924592,0.0125726961690397,79.5374346564183,0.0099768991642397,100.23154324184247,Winner: DG anchor + total SG overlay,Tier 4 - speculative,0.0678416780329702,14.740201436556632,0.0616921749953211,16.20951117505328,0.0561494251344989,17.80962133814594,Top 5: DG anchor + total SG overlay,Tier 3 - semi-core,0.1319936945937205,7.5761194735704755,0.1224859682684812,8.164200472400767,0.0971807368519012,10.290105142173925,Top 10: DG anchor + putting overlay,Tier 2 - current-price / early value,0.2487580588030761,4.019970266738687,0.2367894607294696,4.223160933427241,0.2497034616032696,4.0047502488724245,0.2376893769786439,4.2071716149512595,0.2503601361766682,3.994246109909221,Top 20: DG anchor + OTT overlay,Tier 3 - experimental,0.126,0.336,-0.028,-0.17,0.265,0.005,5.869,0,-0.04,-0.0173454668361043,2.76889892993656
"Mouw, William",29770,0.1551,0.1380720651384873,0.6211180124223602,0.64365,0.6323840062111801,1.5536394002951914,1.5813176648652578,0.6037619374319173,1.6562819515477722,Make Cut: DG anchor + putting overlay,Tier 2 - candidate,0.3563499999999999,0.3676159937888199,2.8062298302230957,2.720229850974488,0.3788819875776398,0.3788819875776398,2.6393442622950816,0.3949235855814009,2.5321354219141257,Miss Cut: DataGolf core; ARG weakness tag,Tier 1 - core,0.0151143822439581,66.16214833389837,0.0119405244553123,83.74841521764952,0.0080892216044538,123.62128878375734,Winner: DG anchor + total SG overlay,Tier 4 - speculative,0.070099706375132,14.265394988227104,0.0578046749167627,17.299638851701427,0.041846848442455,23.896662167406287,Top 5: DG anchor + total SG overlay,Tier 3 - semi-core,0.1333394018518687,7.499658661368032,0.1133131710437794,8.825099419498567,0.0787483192123016,12.698683730684442,Top 10: DG anchor + putting overlay,Tier 2 - current-price / early value,0.2479278981405116,4.033430717156551,0.2184136022479603,4.578469425474341,0.2470410368282249,4.047910472037608,0.2176323163363558,4.594905833996072,0.1985022730408472,5.037725687877754,Top 20: DG anchor + OTT overlay,Tier 3 - experimental,0.303,0.073,-0.107,-0.191,0.077,-0.006,3.986,0,-0.04,-0.0751396743075635,2.77535901986885
"Hojgaard, Rasmus",23838,0.10155,0.130578841656819,0.7299270072992701,0.64695,0.688438503649635,1.5457145065306437,1.452562566879506,0.7663603553144305,1.3048691690082397,Make Cut: DG anchor + putting overlay,Tier 2 - candidate,0.35305,0.311561496350365,2.83245999150262,3.2096392260083855,0.2700729927007299,0.2700729927007299,3.702702702702702,0.2770264035220296,3.609764222060798,Miss Cut: DataGolf core; ARG weakness tag,Tier 1 - core,0.0165860022298218,60.291804266249706,0.0207263344482442,48.24779810907229,0.0267288312090248,37.412784426666434,Winner: DG anchor + total SG overlay,Tier 4 - speculative,0.0706512700308346,14.154027232115787,0.0890031061553883,11.235562928041237,0.1240858442121494,8.0589369911551,Top 5: DG anchor + total SG overlay,Tier 3 - semi-core,0.1317784532773874,7.588493984635312,0.1619663414220587,6.174122297386207,0.2502916439877015,3.9953391334516017,Top 10: DG anchor + putting overlay,Tier 2 - current-price / early value,0.2454897703288565,4.073489492700272,0.2879374539035592,3.4729764622248016,0.2451827123359411,4.078590984138528,0.2875773024538172,3.477325892785272,0.3511489143487885,2.8477946510372005,Top 20: DG anchor + OTT overlay,Tier 3 - experimental,0.041,0.166,-0.061,0.436,0.582,-0.069,15.454,0,-0.04,0.155144208284095,2.80532157357121
"Kim, Michael",17543,0.1343,0.1382191753824344,0.6993006993006994,0.6506,0.6749503496503497,1.537042729787888,1.4815904614584443,0.7284876026828192,1.3727069566006005,Make Cut: DG anchor + putting overlay,Tier 2 - candidate,0.3494,0.3250496503496503,2.8620492272467084,3.076453086241801,0.3006993006993006,0.3006993006993006,3.3255813953488382,0.285747734336629,3.4995903023396724,Miss Cut: DataGolf core; ARG weakness tag,Tier 1 - core,0.0116594401355237,85.76741150316663,0.0138713867344285,72.09084564833158,0.0167013183234396,59.87551285676285,Winner: DG anchor + total SG overlay,Tier 4 - speculative,0.0664675472893483,15.044936074544353,0.072217616537892,13.8470368857342,0.0862939885211602,11.588292732057337,Top 5: DG anchor + total SG overlay,Tier 3 - semi-core,0.1278538239980408,7.821432075549995,0.1379188472165804,7.250640649784821,0.1811495209615673,5.520301652976273,Top 10: DG anchor + putting overlay,Tier 2 - current-price / early value,0.2454379029062157,4.074350327146129,0.2613266780007979,3.826628064345374,0.2443977580930844,4.091690561331284,0.2602191979195358,3.842914004789213,0.2726894161440532,3.6671756980539776,Top 20: DG anchor + OTT overlay,Tier 3 - experimental,0.267,-0.213,0.09,0.317,0.462,-0.024,-1.99,0,-0.04,0.0295958769121721,2.74291038187271
"Smotherman, Austin",22985,0.1461,0.1304440180660636,0.5617977528089888,0.6405,0.6011488764044943,1.56128024980484,1.6634814423692463,0.5138352956895677,1.9461489087821393,Make Cut: DG anchor + putting overlay,Tier 2 - candidate,0.3595,0.3988511235955057,2.7816411682892905,2.5072011606369413,0.4382022471910112,0.4382022471910112,2.2820512820512824,0.4879691117991304,2.049310039959341,Miss Cut: DataGolf core; ARG weakness tag,Tier 1 - core,0.0142151290717415,70.34758495354887,0.0095992312025374,104.1750093211282,0.004124082716483,242.4781627204571,Winner: DG anchor + total SG overlay,Tier 4 - speculative,0.0694382542765037,14.401283707651846,0.0489508136461883,20.428669628004563,0.0217875751665412,45.89771887675138,Top 5: DG anchor + total SG overlay,Tier 3 - semi-core,0.1322089557794074,7.563784118138826,0.097408737241463,10.266019541154051,0.0418887126449777,23.87277948776719,Top 10: DG anchor + putting overlay,Tier 2 - current-price / early value,0.244815518754115,4.084708375878607,0.192340357057155,5.199116895175797,0.2446766604598816,4.0870265194908715,0.192231262445714,5.202067485159439,0.1507489123370575,6.633547031928912,Top 20: DG anchor + OTT overlay,Tier 3 - experimental,0.331,0.163,-0.294,-0.473,-0.272,0.051,-3.112,0,-0.04,-0.0682799096696818,2.80470994580395
"Nakajima, Keita",21074,0.1109,0.1356137007079894,0.7246376811594204,0.6518,0.6882188405797103,1.5342129487572873,1.4530261902706203,0.7464835703059741,1.3396142122593706,Make Cut: DG anchor + putting overlay,Tier 2 - candidate,0.3481999999999999,0.3117811594202897,2.871912693854107,3.2073778988420916,0.2753623188405796,0.2753623188405796,3.6315789473684226,0.2791036063511236,3.5828988850182024,Miss Cut: DataGolf core; ARG weakness tag,Tier 1 - core,0.0148891008530856,67.16322294188507,0.0183195504265428,54.586492392909456,0.0233420551290131,42.841129218182786,Winner: DG anchor + total SG overlay,Tier 4 - speculative,0.0669070422774619,14.946109795931838,0.0823017224975573,12.150413984709486,0.1130595388984925,8.844897208521457,Top 5: DG anchor + total SG overlay,Tier 3 - semi-core,0.1297346572933102,7.708040556496426,0.1530921808315071,6.532012246272705,0.2040412355299061,4.900970126959612,Top 10: DG anchor + putting overlay,Tier 2 - current-price / early value,0.2445562056183009,4.089039562385027,0.2778479415651654,3.599090906942939,0.2438999165255259,4.1000424036444585,0.2771023110339827,3.60877538793736,0.3451855030463221,2.896993040480629,Top 20: DG anchor + OTT overlay,Tier 3 - experimental,-0.006,0.374,-0.038,0.245,0.574,0.024,4.234,0,-0.04,0.133568503539947,2.75112946992888
"Ventura, Kristoffer",15651,0.1079,0.1052296882982481,0.6756756756756757,0.6361,0.6558878378378379,1.5720798616569722,1.5246509270495736,0.6794960174771696,1.4716789712952203,Make Cut: DG anchor + putting overlay,Tier 2 - candidate,0.3639,0.3441121621621621,2.748007694421545,2.9060292252290467,0.3243243243243243,0.3243243243243243,3.083333333333333,0.3407510810425279,2.9346935509067205,Miss Cut: DataGolf core; ARG weakness tag,Tier 1 - core,0.0126539838958497,79.02649538916975,0.0133853252812582,74.7086812600791,0.0142988012848684,69.93593239583237,Winner: DG anchor + total SG overlay,Tier 4 - speculative,0.0616475782737107,16.221237362481173,0.0650574176842339,15.371037394285336,0.0730433241309414,13.690505078976765,Top 5: DG anchor + total SG overlay,Tier 3 - semi-core,0.1220600657539129,8.1926877052165,0.1267455544618529,7.889823073052816,0.1306935441994345,7.651487348709661,Top 10: DG anchor + putting overlay,Tier 2 - current-price / early value,0.230772498738046,4.333271969010129,0.2388874294273905,4.186072085906674,0.2301643643267482,4.3447212296529525,0.2382579104550013,4.197132418773837,0.2828352812454969,3.53562679873737,Top 20: DG anchor + OTT overlay,Tier 3 - experimental,-0.004,0.478,-0.116,0.022,0.38,0.007,7.541,0,-0.04,-0.0033515585087592,2.77337651780155
"Cole, Eric",21756,0.10025,0.1079133400827477,0.7407407407407407,0.6395,0.6901203703703703,1.563721657544957,1.449022580601881,0.773862976930938,1.292218428598172,Make Cut: DG anchor + putting overlay,Tier 2 - candidate,0.3605,0.3098796296296296,2.773925104022191,3.227059491439328,0.2592592592592593,0.2592592592592593,3.857142857142856,0.2217696813728682,4.5091826520626554,Miss Cut: DataGolf core; ARG weakness tag,Tier 1 - core,0.0132653161295892,75.38455851567886,0.0187076580647946,53.45404521167026,0.0265072954514781,37.72546323447101,Winner: DG anchor + total SG overlay,Tier 4 - speculative,0.0639446643600994,15.638521368547307,0.0848397206480632,11.786931785740492,0.1262357481275345,7.921686327629726,Top 5: DG anchor + total SG overlay,Tier 3 - semi-core,0.1216850732648903,8.217934814594297,0.1563266657209491,6.396861312100454,0.244034876832135,4.097774928654452,Top 10: DG anchor + putting overlay,Tier 2 - current-price / early value,0.2302030022519827,4.343991999311065,0.2819652096199753,3.5465368275319196,0.2311016857015181,4.327099549120385,0.2830659661902692,3.532745435485618,0.3320308793436717,3.011768068008339,Top 20: DG anchor + OTT overlay,Tier 3 - experimental,0.134,-0.167,0.278,0.405,0.65,-0.024,-2.501,0,-0.04,0.0483167004137388,2.76652560455973
"Roy, Kevin",18424,0.09715,0.0974641082895805,0.6896551724137931,0.6384,0.6640275862068965,1.5664160401002507,1.5059615304723528,0.6960023350338912,1.4367767889044596,Make Cut: DG anchor + putting overlay,Tier 2 - candidate,0.3616,0.3359724137931035,2.765486725663717,2.9764348468675585,0.3103448275862068,0.3103448275862068,3.2222222222222228,0.2960025045960543,3.3783497925622954,Miss Cut: DataGolf core; ARG weakness tag,Tier 1 - core,0.0122663398421458,81.52391119672932,0.0136415032544062,73.30570402327143,0.0153302229918372,65.23062322918994,Winner: DG anchor + total SG overlay,Tier 4 - speculative,0.0589212145858983,16.97181578872833,0.065160541155383,15.34671109644994,0.0770784921835359,12.97378778010918,Top 5: DG anchor + total SG overlay,Tier 3 - semi-core,0.118045719949038,8.47129400737031,0.127675153930563,7.83237747685706,0.1394231229482294,7.172411425408396,Top 10: DG anchor + putting overlay,Tier 2 - current-price / early value,0.2271491328378977,4.402394090201692,0.2444208131583203,4.091304611413199,0.2271205634168086,4.402947865908615,0.2443900714114917,4.091819255276743,0.2827726008002406,3.536410519159285,Top 20: DG anchor + OTT overlay,Tier 3 - experimental,0.053,0.218,0.084,0.051,0.406,0.019,1.761,0,-0.04,0.0115705414479027,2.74230999737121
"Li, Haotong",15310,0.0712999999999999,0.081505971277541,0.6134969325153374,0.62335,0.6184234662576686,1.6042351808775168,1.61701496557271,0.6012320822667928,1.6632512294250068,Make Cut: DG anchor + putting overlay,Tier 2 - candidate,0.37665,0.3815765337423313,2.65498473383778,2.620706232095692,0.3865030674846625,0.3865030674846625,2.587301587301587,0.4323300437647165,2.313047669072525,Miss Cut: DataGolf core; ARG weakness tag,Tier 1 - core,0.013432493686592,74.44634059260149,0.0105245801766293,95.01566648906156,0.0066824901274332,149.6448151707338,Winner: DG anchor + total SG overlay,Tier 4 - speculative,0.0591389857143252,16.909319426453568,0.0501727206710154,19.931149569445132,0.0348256360541724,28.71447913957598,Top 5: DG anchor + total SG overlay,Tier 3 - semi-core,0.1204534165195715,8.301964600875538,0.103505364464692,9.661334996227394,0.0759823566557563,13.160950041738952,Top 10: DG anchor + putting overlay,Tier 2 - current-price / early value,0.226372915351272,4.41748960315442,0.202662418520347,4.934313955695744,0.2276990914092982,4.391761046610678,0.2038496897399905,4.905575285768136,0.1956745891815516,5.110525613891419,Top 20: DG anchor + OTT overlay,Tier 3 - experimental,0.099,0.235,-0.279,-0.14,-0.085,-0.027,5.7,0,-0.04,0.0610298563877055,2.80885089187812
"Dahmen, Joel",14509,0.09245,0.0937700832911247,0.5813953488372093,0.6352,0.6082976744186046,1.5743073047858942,1.6439319794470273,0.5464781809531069,1.8298992253559152,Make Cut: DG anchor + putting overlay,Tier 2 - candidate,0.3648,0.3917023255813954,2.7412280701754383,2.552959057661252,0.4186046511627906,0.4186046511627906,2.3888888888888893,0.4431891992194864,2.256372677315082,Miss Cut: DataGolf core; ARG weakness tag,Tier 1 - core,0.0105088605914914,95.15779482407932,0.007537763629079,132.66534335757342,0.0038520928113795,259.5991449234755,Winner: DG anchor + total SG overlay,Tier 4 - speculative,0.0558787646261045,17.895885971910616,0.0418264524188723,23.90831500566835,0.0219651712210532,45.52661984448888,Top 5: DG anchor + total SG overlay,Tier 3 - semi-core,0.1129719857153164,8.85175199557834,0.0875319314098467,11.424402316884173,0.0457892544712146,21.839185012908413,Top 10: DG anchor + putting overlay,Tier 2 - current-price / early value,0.2212001252534116,4.520793100159318,0.1807318665172598,5.533058553924138,0.2220650800186589,4.5031843814253705,0.1814385789976304,5.511507009835321,0.1474053795660779,6.784012923705585,Top 20: DG anchor + OTT overlay,Tier 3 - experimental,0.231,0.064,-0.153,-0.353,-0.211,0.084,-9.24,0,-0.04,0.0166004164556239,2.70658462887754
"Bezuidenhout, Christiaan",18103,0.0984,0.0950246137124301,0.6993006993006994,0.6362,0.6677503496503496,1.5718327569946555,1.4975656703491422,0.7288240698794447,1.3720732359531027,Make Cut: DG anchor + putting overlay,Tier 2 - candidate,0.3638,0.3322496503496503,2.7487630566245187,3.0097849582313407,0.3006993006993006,0.3006993006993006,3.3255813953488382,0.2714879227035071,3.683405103408977,Miss Cut: DataGolf core; ARG weakness tag,Tier 1 - core,0.0095857093445078,104.32196137607208,0.0101928546722539,98.1079424905479,0.0110354077833716,90.61740350971112,Winner: DG anchor + total SG overlay,Tier 4 - speculative,0.0537130382065243,18.617453664695773,0.0576352525688706,17.350492197549777,0.0667103872354783,14.9901693190618,Top 5: DG anchor + total SG overlay,Tier 3 - semi-core,0.1081239435907342,9.248645274955509,0.1161891493169196,8.606655663450827,0.1536887958305851,6.506655183259579,Top 10: DG anchor + putting overlay,Tier 2 - current-price / early value,0.2189769035531547,4.566691663704426,0.2336568143283773,4.27978102361105,0.2181848768975616,4.583269079962415,0.2328116912939102,4.295316933794198,0.2364056174712986,4.230017927223779,Top 20: DG anchor + OTT overlay,Tier 3 - experimental,0.246,-0.352,0.19,0.321,0.406,0.019,-10.063,0,-0.04,-0.0068769314378491,2.61272569270169
"Finau, Tony",11676,0.053,0.056587718328896,0.6451612903225806,0.61695,0.6310556451612903,1.6208768943998704,1.5846463107772562,0.6291412263564623,1.589468243547299,Make Cut: DG anchor + putting overlay,Tier 2 - candidate,0.38305,0.3689443548387097,2.610625244746117,2.71043583371039,0.3548387096774194,0.3548387096774194,2.818181818181818,0.314935976177332,3.1752485446023697,Miss Cut: DataGolf core; ARG weakness tag,Tier 1 - core,0.0123216502330765,81.15796026376226,0.0111024917832049,90.06987075754762,0.0093077729923096,107.43708520031932,Winner: DG anchor + total SG overlay,Tier 4 - speculative,0.0588667811096214,16.9875094433617,0.056188770845816,17.797150301508385,0.0508383827113104,19.67017726898542,Top 5: DG anchor + total SG overlay,Tier 3 - semi-core,0.1131853606858197,8.83506483471659,0.1103522162699458,9.061893216116106,0.0915735046204055,10.920189241912754,Top 10: DG anchor + putting overlay,Tier 2 - current-price / early value,0.2185116610492996,4.576414801836981,0.2143808848453293,4.66459498346355,0.2179527932688716,4.588149502476789,0.2138325819826612,4.676555792985214,0.2168112723187155,4.612306312791644,Top 20: DG anchor + OTT overlay,Tier 3 - experimental,0.087,-0.003,0.241,-0.182,0.143,-0.058,9.25,0,-0.04,0.0279385916444804,2.81125579246719
"Pendrith, Taylor",17780,0.0639499999999999,0.0566902667435468,0.6289308176100629,0.6195,0.6242154088050315,1.6142050040355125,1.602011078057738,0.6161457511566607,1.6229926086851174,Make Cut: DG anchor + putting overlay,Tier 2 - candidate,0.3804999999999999,0.3757845911949685,2.628120893561104,2.661099000414228,0.3710691823899371,0.3710691823899371,2.694915254237288,0.3686402562476363,2.712671725489047,Miss Cut: DataGolf core; ARG weakness tag,Tier 1 - core,0.0112747122525562,88.69405955555736,0.0098373561262781,101.65332912252092,0.0078239490657517,127.8126930014608,Winner: DG anchor + total SG overlay,Tier 4 - speculative,0.0562041665539424,17.79227522287412,0.0521119642293521,19.189451305248404,0.0448293431269099,22.306818040341167,Top 5: DG anchor + total SG overlay,Tier 3 - semi-core,0.1096143637612398,9.122891979541867,0.1034924993409373,9.662535994088618,0.0851024979672723,11.750536398879472,Top 10: DG anchor + putting overlay,Tier 2 - current-price / early value,0.2144807740793465,4.662422561147849,0.2048493345423337,4.881636556126288,0.2142180344415349,4.668141048941064,0.2045983934489205,4.887623911131332,0.2113098517807288,4.73238702111095,Top 20: DG anchor + OTT overlay,Tier 3 - experimental,0.052,0.199,0.003,-0.147,0.107,-0.037,8.891,0,-0.04,-0.0262986662822656,2.77156388229798
"Bauchou, Zach",19846,0.08665,0.077452454690961,0.6666666666666666,0.6279,0.6472833333333333,1.5926102882624622,1.5449185055488324,0.6855844566493502,1.4586094977813375,Make Cut: DG anchor + putting overlay,Tier 2 - candidate,0.3721,0.3527166666666667,2.6874496103198067,2.8351367953503757,0.3333333333333333,0.3333333333333333,2.9999999999999996,0.3278862287087941,3.0498383660026502,Miss Cut: DataGolf core; ARG weakness tag,Tier 1 - core,0.0095316499986221,104.9136298693882,0.0100991583326444,99.018152509562,0.0105564285722326,94.72900736811484,Winner: DG anchor + total SG overlay,Tier 4 - speculative,0.0535508660124541,18.673834327299833,0.055692856948026,17.955624020746956,0.0595692193992063,16.787193286828998,Top 5: DG anchor + total SG overlay,Tier 3 - semi-core,0.1074855469802982,9.303576416495297,0.1117431276267531,8.949096210553746,0.1301687857482581,7.682333320170668,Top 10: DG anchor + putting overlay,Tier 2 - current-price / early value,0.2143257837576241,4.665794205753964,0.2216728458171666,4.511152443203573,0.213968237901512,4.673590855388043,0.2213030433321602,4.518690682888941,0.2339493524779964,4.2744294412785475,Top 20: DG anchor + OTT overlay,Tier 3 - experimental,0.139,-0.042,0.023,0.184,0.303,-0.002,-2.634,0,-0.04,-0.0359877265451947,2.6960725089983
"Blair, Zac",17639,0.07985,0.085316923803256,0.6535947712418301,0.63965,0.646622385620915,1.5633549597436096,1.5464976503090848,0.665923461971328,1.5016740768371606,Make Cut: DG anchor + putting overlay,Tier 2 - candidate,0.3603499999999999,0.353377614379085,2.7750797835437773,2.829834033933039,0.3464052287581699,0.3464052287581699,2.8867924528301887,0.330411290449125,3.026530959764447,Miss Cut: DataGolf core; ARG weakness tag,Tier 1 - core,0.0104543463630547,95.65399550314856,0.008343839848194,119.848896694301,0.0057350815131882,174.3654379977724,Winner: DG anchor + total SG overlay,Tier 4 - speculative,0.0519850907565018,19.236284585593975,0.0450268145581451,22.20898835090046,0.0348648660376176,28.68216957785079,Top 5: DG anchor + total SG overlay,Tier 3 - semi-core,0.1037127956697009,9.6420118032952,0.0950949793459319,10.515802273453868,0.0921858908234788,10.847646977939814,Top 10: DG anchor + putting overlay,Tier 2 - current-price / early value,0.2138091729409493,4.677067808854881,0.2032794063761951,4.919337466724834,0.2137314188863291,4.6787692947092605,0.2032054815868649,4.921127088653494,0.1787947682081744,5.59300481787968,Top 20: DG anchor + OTT overlay,Tier 3 - experimental,0.309,-0.44,0.089,0.11,0.067,0.063,-19.123,0,-0.04,0.03733461901628,2.58731845738087
"Hodges, Lee",25157,0.07295,0.0718990813457112,0.6493506493506493,0.6288,0.6390753246753247,1.5903307888040712,1.564760774495619,0.6544773845340095,1.5279366768524842,Make Cut: DG anchor + putting overlay,Tier 2 - candidate,0.3712,0.3609246753246753,2.693965517241379,2.770661216500187,0.3506493506493506,0.3506493506493506,2.8518518518518516,0.3665298103000752,2.728291047272001,Miss Cut: DataGolf core; ARG weakness tag,Tier 1 - core,0.00872417799856,114.62397949297434,0.0085537556659466,116.90771154255656,0.0079656915394512,125.5383785635373,Winner: DG anchor + total SG overlay,Tier 4 - speculative,0.0516615695389991,19.35674833195115,0.0498706591081239,20.051870536379177,0.0463996277287736,21.55189705067124,Top 5: DG anchor + total SG overlay,Tier 3 - semi-core,0.1107329330181404,9.0307370422147,0.1051194746120783,9.512985140862748,0.0999709856615549,10.00290227592066,Top 10: DG anchor + putting overlay,Tier 2 - current-price / early value,0.21349922389566,4.683857775936055,0.209675381375162,4.769277124674682,0.2134626800088379,4.684659632112728,0.2096394920015777,4.7700936042741136,0.2216783587981771,4.511040254093685,Top 20: DG anchor + OTT overlay,Tier 3 - experimental,0.064,0.181,-0.109,0.034,0.171,0.063,-5.107,0,-0.04,0.0047454067285561,2.70007005396181
"McGreevy, Max",23505,0.0768,0.062678966534757,0.6289308176100629,0.623,0.6259654088050315,1.6051364365971108,1.5975323651014532,0.6157431867318434,1.6240536989254593,Make Cut: DG anchor + putting overlay,Tier 2 - candidate,0.377,0.3740345911949685,2.6525198938992043,2.6735495153140585,0.3710691823899371,0.3710691823899371,2.694915254237288,0.358950819520423,2.7858969686600856,Miss Cut: DataGolf core; ARG weakness tag,Tier 1 - core,0.0093696396332344,106.72769062034808,0.0080598198166172,124.07225257545616,0.0061792174942418,161.8327888493753,Winner: DG anchor + total SG overlay,Tier 4 - speculative,0.0512304413953253,19.51964442943972,0.045271970036287,22.088722871977215,0.0356963937325618,28.01403434453412,Top 5: DG anchor + total SG overlay,Tier 3 - semi-core,0.1059967912239692,9.434247852720546,0.0949643623073263,10.53026604615921,0.0730243983297839,13.694053259897071,Top 10: DG anchor + putting overlay,Tier 2 - current-price / early value,0.2117430940472417,4.722704201993436,0.1961500388211753,5.098138170197727,0.2112754519873757,4.733157546669229,0.1957168345714223,5.109422509258257,0.1851534694704359,5.400924988660142,Top 20: DG anchor + OTT overlay,Tier 3 - experimental,0.169,-0.029,0.062,-0.151,0.051,0.05,-6.321,0,-0.04,-0.060605167326215,2.70326246337748
"Castillo, Ricky",27819,0.06115,0.0618245369390427,0.6993006993006994,0.623,0.6611503496503497,1.6051364365971108,1.5125152705868663,0.7136875221545812,1.401173439296035,Make Cut: DG anchor + putting overlay,Tier 2 - candidate,0.377,0.3388496503496503,2.6525198938992043,2.9511613748697263,0.3006993006993006,0.3006993006993006,3.3255813953488382,0.2835803090154161,3.5263379304154627,Miss Cut: DataGolf core; ARG weakness tag,Tier 1 - core,0.0093696396332344,106.72769062034808,0.0110764864832838,90.28133618987874,0.0129117247257285,77.44898696665625,Winner: DG anchor + total SG overlay,Tier 4 - speculative,0.053010555241314,18.864167625632508,0.0601571989169533,16.623114406980523,0.0714746831351515,13.990967936284504,Top 5: DG anchor + total SG overlay,Tier 3 - semi-core,0.106794192803959,9.363805032317524,0.120157661045669,8.322399015572747,0.1451002213300906,6.891788247001258,Top 10: DG anchor + putting overlay,Tier 2 - current-price / early value,0.2117430940472417,4.722704201993436,0.2348738795753284,4.2576041312387884,0.2120331398360233,4.716243888919223,0.2351956099248925,4.251780040959694,0.2718712186114772,3.678212078157009,Top 20: DG anchor + OTT overlay,Tier 3 - experimental,0.02,0.101,0.105,0.144,0.37,-0.008,2.975,0,-0.04,0.0133726846952135,2.70098214711212
"Hoge, Tom",15575,0.0550499999999999,0.0570890959630576,0.5649717514124294,0.6218,0.5933858757062147,1.608234158893535,1.6852440223823255,0.5530270475906578,1.8082298223145583,Make Cut: DG anchor + putting overlay,Tier 2 - candidate,0.3782,0.4066141242937853,2.6441036488630356,2.459334145700959,0.4350282485875706,0.4350282485875706,2.2987012987012987,0.4473284346788784,2.235493929014071,Miss Cut: DataGolf core; ARG weakness tag,Tier 1 - core,0.0109458913427919,91.35848042731708,0.0074729456713959,133.8160404173251,0.0033247853521901,300.7712962105258,Winner: DG anchor + total SG overlay,Tier 4 - speculative,0.0550658751750056,18.160067316135187,0.0409062576933229,24.446137495565345,0.0206265047208467,48.481311474421574,Top 5: DG anchor + total SG overlay,Tier 3 - semi-core,0.1076451260627508,9.289784280776988,0.0845521960603834,11.827013922687993,0.0541209127846247,18.477145867430593,Top 10: DG anchor + putting overlay,Tier 2 - current-price / early value,0.2113299485379635,4.731936987247972,0.1733099057842257,5.770010637735963,0.2107456958495321,4.7450553899519665,0.1728307650893704,5.786006903822374,0.1282734632053758,7.795844713406714,Top 20: DG anchor + OTT overlay,Tier 3 - experimental,0.291,-0.334,-0.082,-0.133,-0.258,-0.001,-7.301,0,-0.04,0.0201954798152883,2.76059767210327
"Coody, Pierceson",28309,0.03555,0.0379511049128128,0.6756756756756757,0.60785,0.6417628378378378,1.6451427161306242,1.5582080186648053,0.6946776791897592,1.43951652681047,Make Cut: DG anchor + putting overlay,Tier 2 - candidate,0.39215,0.3582371621621621,2.5500446257809513,2.791446855944367,0.3243243243243243,0.3243243243243243,3.083333333333333,0.3281163950907165,3.0476989719563488,Miss Cut: DataGolf core; ARG weakness tag,Tier 1 - core,0.0106179661009056,94.17999553744148,0.0118089830504528,84.68129691842124,0.0127849612294091,78.216897341832,Winner: DG anchor + total SG overlay,Tier 4 - speculative,0.0523087611832431,19.11725640943575,0.0591258226911887,16.91308390283128,0.067099956414511,14.903139337714077,Top 5: DG anchor + total SG overlay,Tier 3 - semi-core,0.1031820394443878,9.691609173309386,0.1159919881981624,8.621285103688242,0.1446106768582331,6.915118729306101,Top 10: DG anchor + putting overlay,Tier 2 - current-price / early value,0.201370045965165,4.96598188279199,0.22356258548952,4.4730203750791615,0.2031583080321349,4.922269779101642,0.2255479278938902,4.433647470574208,0.2634923294574404,3.7951768920905953,Top 20: DG anchor + OTT overlay,Tier 3 - experimental,-0.043,0.176,-0.036,0.188,0.284,-0.036,11.549,0,-0.04,0.0220055245640642,2.79786743022106
"Eckroat, Austin",26653,0.0302,0.0279057674644369,0.6329113924050632,0.60585,0.6193806962025317,1.650573574317075,1.614515928783498,0.6552500783118004,1.5261348805580006,Make Cut: DG anchor + putting overlay,Tier 2 - candidate,0.39415,0.3806193037974683,2.5371051630090067,2.6272971182042593,0.3670886075949368,0.3670886075949368,2.724137931034482,0.3888241788996504,2.571856520934324,Miss Cut: DataGolf core; ARG weakness tag,Tier 1 - core,0.0085634766600213,116.7750015211126,0.0079150716633439,126.34124396259996,0.0066747703443718,149.817888617426,Winner: DG anchor + total SG overlay,Tier 4 - speculative,0.0456509537921807,21.90534735708595,0.0444904868167252,22.476715171030015,0.0395460411991735,25.28698119145483,Top 5: DG anchor + total SG overlay,Tier 3 - semi-core,0.0975127645917862,10.25506767433228,0.094306793250679,10.60368999444056,0.1047476625934946,9.546752407075717,Top 10: DG anchor + putting overlay,Tier 2 - current-price / early value,0.2013184770010316,4.9672539495461985,0.1951264543354708,5.124881725574492,0.2008147478793647,4.97971394312498,0.1946382185862211,5.137737116911693,0.1909203137520755,5.23778732785122,Top 20: DG anchor + OTT overlay,Tier 3 - experimental,0.083,-0.089,-0.142,0.21,0.062,-0.007,-0.035,0,-0.04,-0.0014711626778152,2.73655453080363
"Dou, Zecheng",16757,0.03275,0.0174318305861895,0.6451612903225806,0.60685,0.6260056451612903,1.6478536705940512,1.59742968410828,0.6497355845193036,1.5390876286079267,Make Cut: DG anchor + putting overlay,Tier 2 - candidate,0.39315,0.3739943548387097,2.543558438255119,2.67383715037962,0.3548387096774194,0.3548387096774194,2.818181818181818,0.3450430562233773,2.898189028770399,Miss Cut: DataGolf core; ARG weakness tag,Tier 1 - core,0.009261773764826,107.97067876973615,0.009455886882413,105.75422616993214,0.0091649313085172,109.1115651975121,Winner: DG anchor + total SG overlay,Tier 4 - speculative,0.0481129180694841,20.784438777041338,0.0499278250761081,20.02891170355682,0.0498668449269648,20.05340425015065,Top 5: DG anchor + total SG overlay,Tier 3 - semi-core,0.0968252225548643,10.327887441037046,0.1007635643290101,9.924222179505582,0.1046885934335275,9.552139036378922,Top 10: DG anchor + putting overlay,Tier 2 - current-price / early value,0.1970911398468166,5.073794797560261,0.2030433707915218,4.925056139984825,0.1971093130498475,5.073327000774982,0.2030620928325245,4.924602056695782,0.2201253786618531,4.542865552709193,Top 20: DG anchor + OTT overlay,Tier 3 - experimental,0.006,0.087,0.049,0.028,0.17,-0.032,6.067,0,-0.04,-0.0665908470690524,2.7689391049282
"Clanton, Luke",32330,0.01645,0.0134809833514489,0.5494505494505494,0.60765,0.5785502747252746,1.6456841932033242,1.728458257970496,0.5365823808615794,1.8636467309909064,Make Cut: DG anchor + putting overlay,Tier 2 - candidate,0.39235,0.4214497252747253,2.5487447432139674,2.3727622537851745,0.4505494505494506,0.4505494505494506,2.219512195121951,0.4705231377209574,2.1252939968980815,Miss Cut: DataGolf core; ARG weakness tag,Tier 1 - core,0.0093156925060908,107.34575012498188,0.0069911795863787,143.03737840583412,0.0038656218701303,258.6905894047755,Winner: DG anchor + total SG overlay,Tier 4 - speculative,0.0489177783556266,20.44246557417457,0.0384920703947445,25.9793767844853,0.0215179226661992,46.47288753253208,Top 5: DG anchor + total SG overlay,Tier 3 - semi-core,0.0997888884743632,10.021155814927328,0.0804814714460838,12.425220141134226,0.0535231639772206,18.68349936161469,Top 10: DG anchor + putting overlay,Tier 2 - current-price / early value,0.1966273235983457,5.0857631670902395,0.1650924736191613,6.057211319680267,0.197676815768089,5.0587621826789375,0.1659736495166718,6.025052789476387,0.132873254635813,7.525969035234819,Top 20: DG anchor + OTT overlay,Tier 3 - experimental,0.146,-0.149,-0.125,-0.141,-0.269,-0.009,0.292,0,-0.04,-0.004845083242755,2.78621177180023
"Glover, Lucas",7399,0.0422999999999999,0.0227884396705904,0.5102040816326531,0.6029,0.5565520408163265,1.658649859014762,1.796777168462527,0.453238133266624,2.206345685859877,Make Cut: DG anchor + putting overlay,Tier 2 - candidate,0.3971,0.4434479591836735,2.5182573659027954,2.255056042744817,0.4897959183673469,0.4897959183673469,2.0416666666666665,0.5035097215146839,1.9860589721917352,Miss Cut: DataGolf core; ARG weakness tag,Tier 1 - core,0.0089388650851008,111.87102506634588,0.005636099209217,177.42767876843556,0.0018072059408237,553.3403678078714,Winner: DG anchor + total SG overlay,Tier 4 - speculative,0.0455975400405636,21.931007662044887,0.0313726985917103,31.87484803313128,0.0117037108143835,85.44298606310602,Top 5: DG anchor + total SG overlay,Tier 3 - semi-core,0.0928113313839589,10.774546438333232,0.0672499267549905,14.869904671320574,0.02586424413542,38.66341481947816,Top 10: DG anchor + putting overlay,Tier 2 - current-price / early value,0.1945147871973794,5.140997321634332,0.1476883416552627,6.771015157948088,0.1940332149699352,5.15375679444855,0.1473227005403468,6.787820182037273,0.1027439506764576,9.732933115926372,Top 20: DG anchor + OTT overlay,Tier 3 - experimental,0.221,-0.059,-0.089,-0.556,-0.483,0.076,-11.148,0,-0.04,-0.0875578016470479,2.71244714390631
"Taylor, Nick",13126,0.0218,0.0267855910283982,0.6993006993006994,0.6145,0.6569003496503497,1.6273393002441008,1.522300909920771,0.7296640914803677,1.3704936445086198,Make Cut: DG anchor + putting overlay,Tier 2 - candidate,0.3854999999999999,0.3430996503496503,2.594033722438392,2.914605127055383,0.3006993006993006,0.3006993006993006,3.3255813953488382,0.2712073223571494,3.687216079966724,Miss Cut: DataGolf core; ARG weakness tag,Tier 1 - core,0.0063966609093926,156.33156332104932,0.0088899971213629,112.4859756812479,0.011615592456207,86.09117475240195,Winner: DG anchor + total SG overlay,Tier 4 - speculative,0.0417642280387629,23.943935922193067,0.0527218566841241,18.96746554263755,0.0688140816382947,14.531909402733422,Top 5: DG anchor + total SG overlay,Tier 3 - semi-core,0.0905446327105378,11.044276950097084,0.1105044865693139,9.049406327703718,0.1621924484520396,6.165515161426891,Top 10: DG anchor + putting overlay,Tier 2 - current-price / early value,0.192248418312335,5.201603262999839,0.2246468627641335,4.451430960110684,0.1920397230489552,5.207255999557328,0.2244029973705788,4.456268462174777,0.2578532243692568,3.878175277606602,Top 20: DG anchor + OTT overlay,Tier 3 - experimental,0.0,-0.122,0.192,0.331,0.402,0.035,-7.426,0,-0.04,0.034927955141991,2.6378594151539
"Shipley, Neal",32055,0.0095999999999999,-0.0020674834326187,0.5882352941176471,0.59195,0.5900926470588235,1.689331869245713,1.6946491453236407,0.5582819124517203,1.791209741344574,Make Cut: DG anchor + putting overlay,Tier 2 - candidate,0.40805,0.4099073529411765,2.4506800637176815,2.439575657340073,0.4117647058823529,0.4117647058823529,2.428571428571429,0.4541242083422012,2.2020407228465984,Miss Cut: DataGolf core; ARG weakness tag,Tier 1 - core,0.0093156925060908,107.34575012498188,0.007899512919712,126.59008348535562,0.0055723364641035,179.45793590209377,Winner: DG anchor + total SG overlay,Tier 4 - speculative,0.0499386762725689,20.02455961271234,0.0431719508707722,23.16318766769024,0.0297216176421612,33.64554419748208,Top 5: DG anchor + total SG overlay,Tier 3 - semi-core,0.0984122719624794,10.161334354533134,0.0869201968278005,11.50480597715536,0.0579049985504965,17.269666264268043,Top 10: DG anchor + putting overlay,Tier 2 - current-price / early value,0.1917849384115914,5.21417379426267,0.1750515685391967,5.7126023396704655,0.1926978318216775,5.189471985992035,0.1758848113614339,5.68553925867455,0.1867937881871349,5.353497082023806,Top 20: DG anchor + OTT overlay,Tier 3 - experimental,-0.124,0.536,-0.255,-0.307,-0.151,0.035,5.212,0,-0.04,-0.0483374171630939,2.81582021150764
"Hossler, Beau",15470,0.00425,0.0108189612405664,0.7092198581560284,0.6035,0.6563599290780142,1.657000828500414,1.5235543117397423,0.7432816427265565,1.3453850364603808,Make Cut: DG anchor + putting overlay,Tier 2 - candidate,0.3964999999999999,0.3436400709219858,2.5220680958385877,2.91002151558461,0.2907801418439716,0.2907801418439716,3.439024390243903,0.2587540431924819,3.8646739106454087,Miss Cut: DataGolf core; ARG weakness tag,Tier 1 - core,0.0086705807321887,115.33252856842572,0.0131602903660943,75.98616536428092,0.0186742165424389,53.54976995834889,Winner: DG anchor + total SG overlay,Tier 4 - speculative,0.0465062003558453,21.50250917831242,0.0645180971716696,15.499527168930628,0.0939527433162967,10.643648761095234,Top 5: DG anchor + total SG overlay,Tier 3 - semi-core,0.096666598173644,10.344834916024263,0.126733921173069,7.89054730370404,0.2003079404659501,4.992313323544893,Top 10: DG anchor + putting overlay,Tier 2 - current-price / early value,0.1892106461700208,5.285114871926499,0.2383298138706409,4.195866156060414,0.1900986831979889,5.2604257072022635,0.2394483857051014,4.176265365311648,0.2990391066712638,3.3440442326471644,Top 20: DG anchor + OTT overlay,Tier 3 - experimental,-0.123,0.048,0.215,0.384,0.524,-0.005,-0.175,0,-0.04,0.0428448062028322,2.73546028159514
"Echavarria, Nico",22833,-0.01475,-0.008608030658999,0.6493506493506493,0.59415,0.6217503246753247,1.6830766641420518,1.6083626502683304,0.6806208034971676,1.4692468917520556,Make Cut: DG anchor + putting overlay,Tier 2 - candidate,0.40585,0.3782496753246753,2.4639645189109274,2.643756400165149,0.3506493506493506,0.3506493506493506,2.8518518518518516,0.3439440485145779,2.9074496399015763,Miss Cut: DataGolf core; ARG weakness tag,Tier 1 - core,0.0081362895135102,122.90614761673768,0.0091598114234217,109.17255320813564,0.0095869848066076,104.30808227741916,Winner: DG anchor + total SG overlay,Tier 4 - speculative,0.04314559408469,23.177337598761795,0.0490253472467702,20.39761176940731,0.0521209171833517,19.186155080160713,Top 5: DG anchor + total SG overlay,Tier 3 - semi-core,0.090702671210785,11.02503362526212,0.1002046668343485,9.979575119521442,0.1353408409045793,7.38875267300164,Top 10: DG anchor + putting overlay,Tier 2 - current-price / early value,0.1846823767317706,5.4147018123574515,0.2011197929904273,4.972161044575046,0.1855082188336383,5.390596741682851,0.2020191381012585,4.9500260688112006,0.2140864165021643,4.671010969955165,Top 20: DG anchor + OTT overlay,Tier 3 - experimental,0.003,-0.202,0.03,0.311,0.142,0.011,-5.324,0,-0.04,0.0407098467050048,2.77567243482061
"Hubbard, Mark",16333,0.00025,-0.0037650897756371,0.5405405405405405,0.597,0.5687702702702702,1.6750418760469012,1.7581790966760915,0.5034146467547471,1.986434058775367,Make Cut: DG anchor + putting overlay,Tier 2 - candidate,0.403,0.4312297297297298,2.4813895781637716,2.318949578515245,0.4594594594594595,0.4594594594594595,2.176470588235294,0.4579289181549629,2.1837450319344116,Miss Cut: DataGolf core; ARG weakness tag,Tier 1 - core,0.0081895786646288,122.10640387631274,0.0059031226656477,169.40186688298763,0.0029188807984606,342.59706683719077,Winner: DG anchor + total SG overlay,Tier 4 - speculative,0.0428265225207161,23.35001632496027,0.0327124146995115,30.56943393466251,0.0165653123564183,60.367107995554534,Top 5: DG anchor + total SG overlay,Tier 3 - semi-core,0.0879129750071745,11.374885219370524,0.0695879521500519,14.370303610080496,0.0372108493464635,26.87388268644932,Top 10: DG anchor + putting overlay,Tier 2 - current-price / early value,0.1839622662787657,5.435897373022454,0.1510307587139719,6.621167823793034,0.1832704674639571,5.456416485632989,0.1504628003929994,6.646161027098143,0.1193057848520706,8.381823238830522,Top 20: DG anchor + OTT overlay,Tier 3 - experimental,0.109,-0.09,-0.003,-0.369,-0.352,0.009,-4.764,0,-0.04,-0.0100754488781858,2.74713522974769
"Fishburn, Patrick",25094,-0.01085,-0.0105024221942759,0.6172839506172839,0.58945,0.6033669753086419,1.6964967342437864,1.65736614850103,0.6188009129696759,1.6160286435275584,Make Cut: DG anchor + putting overlay,Tier 2 - candidate,0.4105499999999999,0.3966330246913581,2.4357569114602367,2.5212222325111604,0.3827160493827161,0.3827160493827161,2.6129032258064515,0.3908470673904402,2.5585454860303227,Miss Cut: DataGolf core; ARG weakness tag,Tier 1 - core,0.008029806513535,124.5360019963626,0.0079982365901008,125.0275593544798,0.0072198547123751,138.50694229150514,Winner: DG anchor + total SG overlay,Tier 4 - speculative,0.0414459273118006,24.1278230422239,0.0418281091585458,23.907368038310956,0.0376727512271101,26.544384666028293,Top 5: DG anchor + total SG overlay,Tier 3 - semi-core,0.087387173941564,11.443326919677045,0.0877703186650137,11.393373240635295,0.0860438239699198,11.62198463366286,Top 10: DG anchor + putting overlay,Tier 2 - current-price / early value,0.1816481830700852,5.505147274796415,0.1823336302901326,5.484451762457544,0.1823520932169228,5.483896468412992,0.1830401966333888,5.46328084427761,0.1967967874796177,5.08138376041108,Top 20: DG anchor + OTT overlay,Tier 3 - experimental,-0.084,0.167,-0.06,-0.004,0.019,-0.008,3.305,0,-0.04,0.0117378890286205,2.76995097082225
"Jaeger, Stephan",16394,-0.0434999999999999,-0.0487859480713925,0.6211180124223602,0.5775,0.5993090062111801,1.7316017316017316,1.6685883069269734,0.6491183569442397,1.5405511018168627,Make Cut: DG anchor + putting overlay,Tier 2 - candidate,0.4225,0.4006909937888199,2.366863905325444,2.4956887364606946,0.3788819875776398,0.3788819875776398,2.6393442622950816,0.3400753848141362,2.9405244973744193,Miss Cut: DataGolf core; ARG weakness tag,Tier 1 - core,0.0085634766600213,116.7750015211126,0.0087400716633439,114.41553782608231,0.0082814944829409,120.7511521090668,Winner: DG anchor + total SG overlay,Tier 4 - speculative,0.0424013677283597,23.58414488906118,0.0447236501340211,22.359534541642947,0.0437232128220326,22.871146364982792,Top 5: DG anchor + total SG overlay,Tier 3 - semi-core,0.0870192196540266,11.49171417505037,0.0917355471767006,10.9008997141948,0.1154473686001869,8.661955764995938,Top 10: DG anchor + putting overlay,Tier 2 - current-price / early value,0.1774850033154553,5.634278847901514,0.1857120505959896,5.384680190600374,0.1769976995483063,5.649790943904778,0.1852021586041601,5.399505100463431,0.1812511126260447,5.517207511234366,Top 20: DG anchor + OTT overlay,Tier 3 - experimental,0.018,-0.41,0.226,0.265,0.098,-0.089,5.804,0,-0.04,-0.0164297403569626,2.80340570323881
"Ford, David",31343,-0.0135,-0.0318885406676564,0.5780346820809249,0.5876,0.5828173410404625,1.7018379850238257,1.7158034423182589,0.5656506753772423,1.7678755520500042,Make Cut: DG anchor + putting overlay,Tier 2 - candidate,0.4124,0.4171826589595375,2.4248302618816684,2.3970315604536903,0.4219653179190751,0.4219653179190751,2.3698630136986303,0.4495788965098188,2.22430369344118,Miss Cut: DataGolf core; ARG weakness tag,Tier 1 - core,0.0074464804179153,134.2916309286357,0.0068065735422909,146.91679944200206,0.0054428601394933,183.7269329674677,Winner: DG anchor + total SG overlay,Tier 4 - speculative,0.0424013677283597,23.58414488906118,0.0391004598983309,25.575146752754343,0.0305733850492045,32.708187150052474,Top 5: DG anchor + total SG overlay,Tier 3 - semi-core,0.0857583325785425,11.66067447829796,0.0803279244061543,12.448970982292485,0.0657758070541971,15.203158194258764,Top 10: DG anchor + putting overlay,Tier 2 - current-price / early value,0.1765088642453958,5.665437847980965,0.1656958778297684,6.035153155876174,0.177326433565837,5.639317161525858,0.1664633626063338,6.00732788490451,0.1762399711196167,5.67408172872024,Top 20: DG anchor + OTT overlay,Tier 3 - experimental,-0.144,0.386,-0.17,-0.138,-0.066,0.051,1.714,0,-0.04,-0.0819427033382823,2.77420708993527
"McCarthy, Denny",19870,0.0022,-0.000557333660586,0.684931506849315,0.59895,0.6419407534246575,1.669588446447951,1.5577761571689446,0.7337962754590017,1.3627760639347528,Make Cut: DG anchor + putting overlay,Tier 2 - candidate,0.40105,0.3580592465753425,2.493454681461164,2.792833894291237,0.3150684931506849,0.3150684931506849,3.1739130434782603,0.2989645306792041,3.3448783965380273,Miss Cut: DataGolf core; ARG weakness tag,Tier 1 - core,0.0068672826853311,145.6180043579753,0.0087169746759989,114.7186996829728,0.0105424294637577,94.85479636717074,Winner: DG anchor + total SG overlay,Tier 4 - speculative,0.0389061387966826,25.702884709938488,0.0471059463824683,21.22874237321713,0.057772009095153,17.309420524963155,Top 5: DG anchor + total SG overlay,Tier 3 - semi-core,0.0820344006980128,12.190007990443249,0.0991523440478999,10.085490258474431,0.1684397033759225,5.936842561211396,Top 10: DG anchor + putting overlay,Tier 2 - current-price / early value,0.1759951699323663,5.681974115450399,0.2048828650551031,4.880837642186672,0.1763664172932917,5.670013687112732,0.2053150486370717,4.87056358819399,0.2220290959396706,4.5039142089364645,Top 20: DG anchor + OTT overlay,Tier 3 - experimental,0.051,-0.357,0.095,0.539,0.329,-0.012,-7.007,0,-0.04,-0.0037866683029305,2.62858952617496
"Greyserman, Max",23465,-0.0481,-0.0563965113555712,0.6451612903225806,0.5734,0.6092806451612903,1.7439832577607255,1.6412797746681702,0.6746610417965672,1.482225796434135,Make Cut: DG anchor + putting overlay,Tier 2 - candidate,0.4266,0.3907193548387097,2.344116268166901,2.5593817854577576,0.3548387096774194,0.3548387096774194,2.818181818181818,0.3418429339749337,2.9253200830335926,Miss Cut: DataGolf core; ARG weakness tag,Tier 1 - core,0.0073936515080421,135.251167696001,0.0094134924206877,106.2304992993177,0.0110465316585753,90.52615163816652,Winner: DG anchor + total SG overlay,Tier 4 - speculative,0.0394871178713815,25.32471484136234,0.0480038929303997,20.831643830426156,0.0559945576394291,17.858878472429254,Top 5: DG anchor + total SG overlay,Tier 3 - semi-core,0.0830300260709382,12.043835794362286,0.0977245359431171,10.232844703218376,0.1364623989573798,7.328025944438521,Top 10: DG anchor + putting overlay,Tier 2 - current-price / early value,0.1739408305603865,5.749081436361389,0.1960020254524282,5.101988092682799,0.1740525648807722,5.745390771374212,0.1961279312161158,5.098712834012854,0.226974933478799,4.405772851976215,Top 20: DG anchor + OTT overlay,Tier 3 - experimental,-0.17,0.038,0.069,0.29,0.226,-0.067,8.879,0,-0.04,-0.0314825567778562,2.81073033263216
"Blanchet, Chandler",24956,-0.0385,-0.057914502263802,0.5263157894736842,0.5706,0.5484578947368421,1.752541184717841,1.8232940205552408,0.5030582672761567,1.98784130000401,Make Cut: DG anchor + putting overlay,Tier 2 - candidate,0.4294,0.4515421052631578,2.328830926874709,2.2146328954576715,0.4736842105263158,0.4736842105263158,2.111111111111111,0.5285008518793596,1.8921445375990975,Miss Cut: DataGolf core; ARG weakness tag,Tier 1 - core,0.0079234517320223,126.20762185734544,0.0055450591993444,180.34072568931663,0.0025253833927846,395.97947894056335,Winner: DG anchor + total SG overlay,Tier 4 - speculative,0.0395399657032363,25.290866651362567,0.0304863981955335,32.80151343514588,0.0153907896720719,64.97392410050236,Top 5: DG anchor + total SG overlay,Tier 3 - semi-core,0.0821391713083247,12.174459323996752,0.0657166811050078,15.216836626337132,0.039806452119918,25.12155559574792,Top 10: DG anchor + putting overlay,Tier 2 - current-price / early value,0.1714765565363895,5.831700963669555,0.1419806612324528,7.043212725730201,0.1696495757217808,5.894503394691442,0.1404679416551728,7.119062102118974,0.1243038067475743,8.044805916770637,Top 20: DG anchor + OTT overlay,Tier 3 - experimental,-0.082,0.25,-0.321,-0.238,-0.39,0.075,-6.079,0,-0.04,-0.0870725113190103,2.78237035415848
"Moore, Taylor",21944,-0.04605,-0.0676350920253949,0.6172839506172839,0.57355,0.595416975308642,1.743527155435446,1.6794952805664252,0.6257009069396661,1.5982076882244731,Make Cut: DG anchor + putting overlay,Tier 2 - candidate,0.42645,0.404583024691358,2.3449407902450465,2.471680567326977,0.3827160493827161,0.3827160493827161,2.6129032258064515,0.3645037508073245,2.74345599403337,Miss Cut: DataGolf core; ARG weakness tag,Tier 1 - core,0.0076051709291964,131.4894838406551,0.0081775854645982,122.28548442925133,0.0081827114759823,122.20887940814784,Winner: DG anchor + total SG overlay,Tier 4 - speculative,0.0380095276786801,26.309193012174905,0.0407129817325579,24.56219017729927,0.0408432630819711,24.483841998447357,Top 5: DG anchor + total SG overlay,Tier 3 - semi-core,0.0795744903564193,12.566841402576816,0.0856380859115504,11.677047535051518,0.094385634093725,10.594832673444769,Top 10: DG anchor + putting overlay,Tier 2 - current-price / early value,0.1693724717579663,5.904147171147166,0.1780272972746951,5.617116112575734,0.1692482906160349,5.908479171991458,0.177896770555441,5.62123751250646,0.1988560647418269,5.028762895908109,Top 20: DG anchor + OTT overlay,Tier 3 - experimental,-0.172,0.129,0.098,0.065,0.12,-0.04,6.714,0,-0.04,-0.0979254601269749,2.78800763080951
"Vilips, Karl",24304,-0.0505,-0.0607500934166678,0.5586592178770949,0.5723,0.5654796089385474,1.7473353136466887,1.768410362094371,0.563071061625215,1.775974771485608,Make Cut: DG anchor + putting overlay,Tier 2 - candidate,0.4276999999999999,0.4345203910614525,2.3380874444704234,2.301387968369415,0.441340782122905,0.441340782122905,2.2658227848101262,0.4426206415139566,2.2592710466,Miss Cut: DataGolf core; ARG weakness tag,Tier 1 - core,0.0071826808336408,139.2237833144963,0.005858007083487,170.7065194268651,0.0037977287461869,263.31527784969774,Winner: DG anchor + total SG overlay,Tier 4 - speculative,0.038167640410291,26.200204918362555,0.0331605860781613,30.156282450585884,0.0220047187872853,45.44479798477657,Top 5: DG anchor + total SG overlay,Tier 3 - semi-core,0.0809347681902246,12.355629383525931,0.0721617914238946,13.857749097798498,0.063235696781663,15.813852790343214,Top 10: DG anchor + putting overlay,Tier 2 - current-price / early value,0.1690646205367023,5.9148980834988425,0.1543400782873691,6.479198475836445,0.1678989312560686,5.955964058370714,0.1532759137432994,6.524182277423974,0.1348792231471111,7.41404032931975,Top 20: DG anchor + OTT overlay,Tier 3 - experimental,0.027,-0.263,-0.019,0.023,-0.233,-0.059,2.573,0,-0.04,-0.041250467083339,2.77995474186882
"Skinns, David",10873,-0.06555,-0.0649707399126674,0.5405405405405405,0.5705,0.5555202702702702,1.7528483786152498,1.8001143315859254,0.5221196784569735,1.9152697001486552,Make Cut: DG anchor + putting overlay,Tier 2 - candidate,0.4295,0.4444797297297298,2.3282887077997674,2.24982138242403,0.4594594594594595,0.4594594594594595,2.176470588235294,0.4565201119663518,2.190483997939845,Miss Cut: DataGolf core; ARG weakness tag,Tier 1 - core,0.0069197592716358,144.5136977667728,0.0053432129691512,187.15331127047625,0.0030011541463335,333.2051441681759,Winner: DG anchor + total SG overlay,Tier 4 - speculative,0.0391173300673959,25.564116934286737,0.0311520419576998,32.100624458514176,0.0166261510229232,60.14621174926513,Top 5: DG anchor + total SG overlay,Tier 3 - semi-core,0.0821391713083247,12.174459323996752,0.067479806313133,14.819248226048613,0.0442692322703889,22.589052231404647,Top 10: DG anchor + putting overlay,Tier 2 - current-price / early value,0.1688080903226772,5.923886693395421,0.1445668316572501,6.917215993021657,0.1684540519041375,5.936336874633754,0.1442636340299599,6.931753845825937,0.1174571775183927,8.513741102312874,Top 20: DG anchor + OTT overlay,Tier 3 - experimental,0.015,-0.22,0.005,-0.193,-0.393,-0.027,-0.822,0,-0.04,0.0128963004366629,2.78038002363233
"Svensson, Jesper",26850,-0.0949,-0.0879829481982684,0.5747126436781609,0.55395,0.5643313218390804,1.8052170773535516,1.7720086787689429,0.5540163903827051,1.8050007497236984,Make Cut: DG anchor + putting overlay,Tier 2 - candidate,0.4460499999999999,0.4356686781609196,2.241901132160072,2.2953222256446852,0.4252873563218391,0.4252873563218391,2.3513513513513513,0.4340359726711993,2.303956498917988,Miss Cut: DataGolf core; ARG weakness tag,Tier 1 - core,0.0070248208315059,142.35238506227222,0.0067624104157529,147.87626578690228,0.005371000152625,186.1850626668215,Winner: DG anchor + total SG overlay,Tier 4 - speculative,0.0409688159195968,24.408808933178474,0.0384721824306978,25.992806667554063,0.0274718354103026,36.400916977865016,Top 5: DG anchor + total SG overlay,Tier 3 - semi-core,0.0816677632596932,12.244733540945958,0.0787763587823237,12.694163775241472,0.0625976221855668,15.975047694871872,Top 10: DG anchor + putting overlay,Tier 2 - current-price / early value,0.1635773755888868,6.113314854208593,0.1604065123425804,6.234160854169677,0.1635579493943818,6.114040948194656,0.1603874627148588,6.234901301343154,0.1719596359187919,5.8153181975347445,Top 20: DG anchor + OTT overlay,Tier 3 - experimental,-0.225,0.227,-0.062,-0.217,-0.277,-0.042,12.597,0,-0.04,0.0445852590086578,2.91308799562119
"Fisk, Steven",26657,-0.0556,-0.0770930229372107,0.6211180124223602,0.56855,0.5948340062111801,1.758860258552458,1.6811412756468676,0.6204273794492969,1.6117921824913963,Make Cut: DG anchor + putting overlay,Tier 2 - candidate,0.43145,0.4051659937888199,2.31776567389037,2.4681242140998108,0.3788819875776398,0.3788819875776398,2.6393442622950816,0.3717802989325904,2.6897606002014527,Miss Cut: DataGolf core; ARG weakness tag,Tier 1 - core,0.0061365442656287,162.95816614590018,0.0065016054661476,153.80816403067894,0.0061982749356708,161.33521187403832,Winner: DG anchor + total SG overlay,Tier 4 - speculative,0.0354864688148017,28.179755084081215,0.03789879357046,26.38606419333209,0.0357418595385599,27.978398799344912,Top 5: DG anchor + total SG overlay,Tier 3 - semi-core,0.0761795933609366,13.126875005252783,0.0807258378383844,12.387607571221864,0.0818218100151217,12.221680256342246,Top 10: DG anchor + putting overlay,Tier 2 - current-price / early value,0.1618861206551838,6.177181811218964,0.1701373187727144,5.877605261523458,0.1626679163891169,6.147493754133459,0.1709589619714086,5.849356994617462,0.1928188599585544,5.186214669119741,Top 20: DG anchor + OTT overlay,Tier 3 - experimental,-0.187,0.187,0.031,-0.026,0.006,-0.007,6.903,0,-0.04,-0.0974651146860538,2.76544694745421
"Chatfield, Davis",30620,-0.0543999999999999,-0.0462536668837331,0.5649717514124294,0.58145,0.5732108757062147,1.7198383351964914,1.7445586648508145,0.5734325751830667,1.7438841866992871,Make Cut: DG anchor + putting overlay,Tier 2 - candidate,0.41855,0.4267891242937853,2.3892008123282764,2.3430775131740194,0.4350282485875706,0.4350282485875706,2.2987012987012987,0.4336880921874858,2.3058046047704126,Miss Cut: DataGolf core; ARG weakness tag,Tier 1 - core,0.0059809514468458,167.19747834223946,0.0047238090567562,211.69356931769863,0.0028562814679322,350.10555200077175,Winner: DG anchor + total SG overlay,Tier 4 - speculative,0.0325075850068056,30.762051373260856,0.0271756909521762,36.79759244244416,0.0165911662042664,60.2730385367876,Top 5: DG anchor + total SG overlay,Tier 3 - semi-core,0.0718570392003936,13.916521069163696,0.062190928811356,16.07951543919377,0.0540881703999344,18.48833104551105,Top 10: DG anchor + putting overlay,Tier 2 - current-price / early value,0.1617323956419569,6.1830531603192185,0.1424126687343244,7.021847205641045,0.161216821308042,6.202826677057904,0.1419586822801431,7.044303201029909,0.1136770886354642,8.796847385903462,Top 20: DG anchor + OTT overlay,Tier 3 - experimental,0.086,-0.43,-0.004,0.062,-0.286,0.089,-20.593,0,-0.04,0.050731665581334,2.62925758396532
"Pavon, Matthieu",19960,-0.09035,-0.0762445255747349,0.5988023952095809,0.56555,0.5821761976047904,1.7681902572716826,1.7176930353975906,0.5961528144732525,1.6774222577202422,Make Cut: DG anchor + putting overlay,Tier 2 - candidate,0.43445,0.4178238023952095,2.3017608470479916,2.393353356767655,0.4011976047904191,0.4011976047904191,2.492537313432836,0.426375581167453,2.3453500720231535,Miss Cut: DataGolf core; ARG weakness tag,Tier 1 - core,0.006344559315751,157.61535990646172,0.0063389463245421,157.75492468335776,0.0054929747969219,182.05071695584112,Winner: DG anchor + total SG overlay,Tier 4 - speculative,0.0349101017627687,28.64500386723277,0.0356572201935536,28.044810968769408,0.0301808141003859,33.133632402156216,Top 5: DG anchor + total SG overlay,Tier 3 - semi-core,0.0744071832176705,13.43956264376522,0.0760344931841119,13.151925634311445,0.0734120752580488,13.621737248060713,Top 10: DG anchor + putting overlay,Tier 2 - current-price / early value,0.1599904771685696,6.250372007743792,0.1630106631828343,6.134568012145257,0.1589841904186156,6.289933592559962,0.1619853804699809,6.1733966182542,0.188428888898108,5.307041854610442,Top 20: DG anchor + OTT overlay,Tier 3 - experimental,-0.301,0.382,-0.158,-0.045,-0.122,0.03,1.644,0,-0.04,0.0805273721263255,2.76039303785346
"Crowe, Trace",27780,-0.07005,-0.0859775464031934,0.5464480874316939,0.561,0.553724043715847,1.7825311942959,1.8059537261364924,0.5397026674415376,1.852872072581193,Make Cut: DG anchor + putting overlay,Tier 2 - candidate,0.4389999999999999,0.4462759562841529,2.2779043280182236,2.2407660236198783,0.453551912568306,0.453551912568306,2.2048192771084336,0.4761982497018233,2.099965719374569,Miss Cut: DataGolf core; ARG weakness tag,Tier 1 - core,0.0069722720614447,143.4252695803123,0.005777802697389,173.0761765977044,0.003774070656364,264.9658925472775,Winner: DG anchor + total SG overlay,Tier 4 - speculative,0.038062226519385,26.27276676761673,0.0326235239739782,30.65272779230221,0.0206303220954132,48.47234063409667,Top 5: DG anchor + total SG overlay,Tier 3 - semi-core,0.0778498801942484,12.845234925279684,0.0687508840605682,14.545267506946082,0.0546738071668061,18.2902938686722,Top 10: DG anchor + putting overlay,Tier 2 - current-price / early value,0.1595806940425301,6.266422175939955,0.1460239860789665,6.848189991603311,0.1597910192426432,6.258173987121869,0.1462164437210243,6.839176049911073,0.138402276588888,7.22531467434176,Top 20: DG anchor + OTT overlay,Tier 3 - experimental,-0.105,0.04,-0.14,-0.083,-0.288,-0.033,4.868,0,-0.04,-0.0696377320159673,2.79891492430549
"Griffin, Lanto",15330,-0.071,-0.053987518134176,0.5649717514124294,0.57045,0.5677108757062147,1.7530020159523183,1.7614600015474973,0.5515542895437083,1.813058150317865,Make Cut: DG anchor + putting overlay,Tier 2 - candidate,0.42955,0.4322891242937853,2.3280176929344663,2.313266616720147,0.4350282485875706,0.4350282485875706,2.2987012987012987,0.4378754154172061,2.2837546132778512,Miss Cut: DataGolf core; ARG weakness tag,Tier 1 - core,0.0062924965897338,158.91943455821465,0.0050295816282002,198.8236942796843,0.0030219152517355,330.9159644452891,Winner: DG anchor + total SG overlay,Tier 4 - speculative,0.0325075850068056,30.762051373260856,0.0286907246222099,34.85446997828297,0.0180511460219884,55.398144737285946,Top 5: DG anchor + total SG overlay,Tier 3 - semi-core,0.0709215272636989,14.10009116529345,0.0636391859502717,15.71358880645345,0.0490466854464783,20.3887376057499,Top 10: DG anchor + putting overlay,Tier 2 - current-price / early value,0.1568666584326613,6.374840963602684,0.1431392985894141,6.986201622158533,0.1557298791575044,6.421375303249318,0.1421019985683469,7.037198702867144,0.1276674467351577,7.83285031206483,Top 20: DG anchor + OTT overlay,Tier 3 - experimental,-0.015,-0.181,-0.028,-0.147,-0.371,-0.003,-4.797,0,-0.04,0.0950624093291197,2.71307954359978
"Putnam, Andrew",14704,-0.0566,-0.0624315686922109,0.6097560975609756,0.57425,0.5920030487804878,1.7414018284719197,1.6891804899653409,0.6409511251086708,1.560181363018052,Make Cut: DG anchor + putting overlay,Tier 2 - candidate,0.4257499999999999,0.4079969512195122,2.348796241926013,2.450998707247633,0.3902439024390244,0.3902439024390244,2.5625,0.3384301951114966,2.9548190866082376,Miss Cut: DataGolf core; ARG weakness tag,Tier 1 - core,0.0042956295646592,232.79474753296827,0.0044228147823296,226.1003567219863,0.0040898166106518,244.5097409491463,Winner: DG anchor + total SG overlay,Tier 4 - speculative,0.025894055395436,38.61890247505438,0.0282533339146492,35.39405307072468,0.0269741512930137,37.07252877531676,Top 5: DG anchor + total SG overlay,Tier 3 - semi-core,0.0637730901970962,15.68059501130356,0.0673991848893129,14.836974685113196,0.0875373452225779,11.423695766159424,Top 10: DG anchor + putting overlay,Tier 2 - current-price / early value,0.1539493162881404,6.4956443075612125,0.1566959920416542,6.3817841603387775,0.1536734968431646,6.507302954266574,0.1564152515837104,6.3932384462190335,0.1370553400085636,7.296322784194449,Top 20: DG anchor + OTT overlay,Tier 3 - experimental,0.117,-0.723,0.304,0.294,-0.008,0.072,-22.763,0,-0.04,-0.0191578434610548,2.6119904986195
"Salinda, Isaiah",27183,-0.0991,-0.1357301071506588,0.4784688995215311,0.54505,0.5117594497607656,1.8346940647647003,1.9540430576660075,0.4341795284616541,2.3031947257926,Make Cut: DG anchor + putting overlay,Tier 2 - candidate,0.4549499999999999,0.4882405502392344,2.1980437410704474,2.0481707213995377,0.5215311004784688,0.5215311004784688,1.9174311926605507,0.5627783426557235,1.7768985126205266,Miss Cut: DataGolf core; ARG weakness tag,Tier 1 - core,0.0070774053614535,141.29471874628166,0.00527203601406,189.6800396152621,0.0026162743000052,382.2229190563074,Winner: DG anchor + total SG overlay,Tier 4 - speculative,0.0322472159403283,31.010428988674366,0.0262573050601112,38.084639596892515,0.0132313152134514,75.57827652562942,Top 5: DG anchor + total SG overlay,Tier 3 - semi-core,0.0722730442153727,13.836417309612878,0.0580869869669012,17.21555983907057,0.0300239451596827,33.306748819366916,Top 10: DG anchor + putting overlay,Tier 2 - current-price / early value,0.1498575221411064,6.673005036466545,0.1240012317248988,8.064436022849641,0.1498357798400216,6.67397333979702,0.1239832408220964,8.065606233304548,0.1107268394926252,9.031234022231832,Top 20: DG anchor + OTT overlay,Tier 3 - experimental,-0.202,0.322,-0.246,-0.439,-0.566,-0.006,9.554,0,-0.04,-0.173150535753294,2.86773628957509
"Lebioda, Hank",21943,-0.1086,-0.120891168439096,0.5,0.5452,0.5226,1.834189288334556,1.9135093761959436,0.4792826937233893,2.0864513012796886,Make Cut: DG anchor + putting overlay,Tier 2 - candidate,0.4548,0.4774,2.198768689533861,2.0946795140343526,0.5,0.5,2.0,0.5021843110789765,1.9913007593794263,Miss Cut: DataGolf core; ARG weakness tag,Tier 1 - core,0.0048517052941883,206.11309619276724,0.0036008526470941,277.712002685526,0.0017816889404961,561.2652002664082,Winner: DG anchor + total SG overlay,Tier 4 - speculative,0.0313631317202944,31.884570996235087,0.0241189302781366,41.461208621946334,0.0110997532282074,90.0920929898452,Top 5: DG anchor + total SG overlay,Tier 3 - semi-core,0.0661511028962305,15.116905935320126,0.0527671134971773,18.951197701073664,0.0323820921237143,30.881265984283665,Top 10: DG anchor + putting overlay,Tier 2 - current-price / early value,0.1460755058933228,6.845774682651366,0.1209738710877795,8.266247835240325,0.146865961457561,6.808929653103887,0.1216284946603215,8.221757597121906,0.0916610417594525,10.90976036061553,Top 20: DG anchor + OTT overlay,Tier 3 - experimental,-0.021,-0.293,-0.024,-0.214,-0.551,-0.028,-3.757,0,-0.04,-0.0514558421954804,2.75469309340455
"Phillips, Chandler",27164,-0.11385,-0.1049424969750932,0.6369426751592356,0.5522,0.5945713375796178,1.8109380659181455,1.6818839671464858,0.6648795561841189,1.5040318065112523,Make Cut: DG anchor + putting overlay,Tier 2 - candidate,0.4478,0.4054286624203822,2.233139794551139,2.4665251687684493,0.3630573248407643,0.3630573248407643,2.7543859649122804,0.3228477577137427,3.097435172173825,Miss Cut: DataGolf core; ARG weakness tag,Tier 1 - core,0.0055678540335446,179.60240946966266,0.0068922603501056,145.0902823171319,0.0076772216396353,130.25545528570913,Winner: DG anchor + total SG overlay,Tier 4 - speculative,0.0283094275475487,35.323921627182045,0.0364649729127835,27.42357720631763,0.0419004719673575,23.86607961788708,Top 5: DG anchor + total SG overlay,Tier 3 - semi-core,0.0617608665155025,16.19148267210581,0.0775952827369758,12.88738135525188,0.1123417185547894,8.901412697477088,Top 10: DG anchor + putting overlay,Tier 2 - current-price / early value,0.1428579246649063,6.999961691629237,0.1681890084206241,5.9456917511464145,0.1430379300304585,6.991152624951017,0.1684009317284394,5.9382094251864554,0.1917144761730498,5.216090198099368,Top 20: DG anchor + OTT overlay,Tier 3 - experimental,-0.222,-0.171,0.24,0.27,0.117,0.012,-4.348,0,-0.04,0.0545375151245338,2.69683029385124
"Springer, Hayden",21995,-0.1654999999999999,-0.1418990734989283,0.6024096385542169,0.5346,0.5685048192771085,1.8705574261129816,1.7590000402662658,0.6320601475790141,1.582127909551503,Make Cut: DG anchor + putting overlay,Tier 2 - candidate,0.4654,0.4314951807228915,2.1486892995272884,2.317522986756613,0.3975903614457831,0.3975903614457831,2.5151515151515156,0.3990040730404331,2.50624008015744,Miss Cut: DataGolf core; ARG weakness tag,Tier 1 - core,0.0053110638217127,188.28619530267983,0.0058805319108563,170.0526440735483,0.0055436903224214,180.385256361724,Winner: DG anchor + total SG overlay,Tier 4 - speculative,0.0282578725419086,35.38836826859205,0.0324969755927436,30.77209437986264,0.0299914080750584,33.34288265150258,Top 5: DG anchor + total SG overlay,Tier 3 - semi-core,0.0626375404345203,15.964866964171025,0.0706971343068742,14.144844905018514,0.0955163014461607,10.469417103253994,Top 10: DG anchor + putting overlay,Tier 2 - current-price / early value,0.1396424529825593,7.161146045786627,0.1532778502725911,6.524099850184407,0.1387761305721379,7.205850140634849,0.1523269357485605,6.564827127164538,0.16774337960593,5.961487137967789,Top 20: DG anchor + OTT overlay,Tier 3 - experimental,-0.297,-0.111,-0.02,0.276,-0.151,-0.052,5.852,0,-0.04,0.128004632505358,2.78725593242734
"Ewart, A.J.",21883,-0.13165,-0.1476558972743623,0.5555555555555556,0.5414,0.5484777777777778,1.847063169560399,1.8232279237485565,0.5825808966275483,1.7164998127964934,Make Cut: DG anchor + putting overlay,Tier 2 - candidate,0.4586,0.4515222222222221,2.1805494984736153,2.214730418091887,0.4444444444444444,0.4444444444444444,2.25,0.4345358493427211,2.30130609824851,Miss Cut: DataGolf core; ARG weakness tag,Tier 1 - core,0.0048517052941883,206.11309619276724,0.0042841859804274,233.4165707484578,0.0030912028691798,323.498664539386,Winner: DG anchor + total SG overlay,Tier 4 - speculative,0.0288253583965806,34.69167620544213,0.0272449840924702,36.70400381244385,0.0198127441422674,50.47256416473139,Top 5: DG anchor + total SG overlay,Tier 3 - semi-core,0.0613485570831405,16.300301874170955,0.0592014042630709,16.891491214572188,0.0676644104458095,14.778817895721865,Top 10: DG anchor + putting overlay,Tier 2 - current-price / early value,0.1372450101527635,7.286239396878094,0.1326690730570123,7.537551721419406,0.138207788487426,7.235482247015177,0.1335997510399632,7.485043888299416,0.1174805968021141,8.512043922320322,Top 20: DG anchor + OTT overlay,Tier 3 - experimental,-0.083,-0.458,0.045,0.24,-0.256,-0.042,-2.495,0,-0.04,-0.0700294863718116,2.74953119483005
"Hughes, Mackenzie",15556,-0.1257,-0.124544697588297,0.6535947712418301,0.5478,0.600697385620915,1.8254837531945969,1.664731733377436,0.6945050196012639,1.4398744023104828,Make Cut: DG anchor + putting overlay,Tier 2 - candidate,0.4522,0.399302614379085,2.21141088014153,2.504366272569987,0.3464052287581699,0.3464052287581699,2.8867924528301887,0.296090469740138,3.37734612288482,Miss Cut: DataGolf core; ARG weakness tag,Tier 1 - core,0.0043962718530857,227.46546014849113,0.0073814692598762,135.47438386497748,0.0100862315603558,99.14505670586864,Winner: DG anchor + total SG overlay,Tier 4 - speculative,0.0274339473443429,36.4511890122223,0.0414861938501416,24.104404554735613,0.0556591409270975,17.96650080010759,Top 5: DG anchor + total SG overlay,Tier 3 - semi-core,0.0596494484405913,16.764614361790173,0.0852451883857596,11.730867383091518,0.1478320408161184,6.764433437294252,Top 10: DG anchor + putting overlay,Tier 2 - current-price / early value,0.1370410284799824,7.297084756964373,0.1788143191224727,5.592393298855918,0.1377223494268043,7.260985629144185,0.1797033225294169,5.564727384694309,0.2159709228747273,4.630252937243983,Top 20: DG anchor + OTT overlay,Tier 3 - experimental,-0.26,-0.224,0.314,0.419,0.248,-0.051,1.874,0,-0.04,0.015776512058515,2.72637307684282
"Dumont De Chassart, Adrien",22002,-0.11865,-0.1373665618416019,0.5813953488372093,0.54705,0.5642226744186047,1.8279864729001003,1.7723498989657511,0.6089717863189117,1.6421122003775577,Make Cut: DG anchor + putting overlay,Tier 2 - candidate,0.4529499999999999,0.4357773255813952,2.207749199690915,2.2947499589746743,0.4186046511627906,0.4186046511627906,2.3888888888888893,0.3884385114096288,2.5744100304860025,Miss Cut: DataGolf core; ARG weakness tag,Tier 1 - core,0.0039450940548452,253.47938125120655,0.0044558803607559,224.42254258154,0.0043091600135975,232.063788962236,Winner: DG anchor + total SG overlay,Tier 4 - speculative,0.0275882953960905,36.24725578883374,0.0291757316927542,34.275061565922854,0.0255246722968022,39.17778016391154,Top 5: DG anchor + total SG overlay,Tier 3 - semi-core,0.0602155174398631,16.607014977471433,0.0643271328180556,15.54553974647716,0.0815750727857423,12.2586467391394,Top 10: DG anchor + putting overlay,Tier 2 - current-price / early value,0.1368880480279025,7.305239678749494,0.1431479314144212,6.985780305165179,0.1370944841426569,7.294239489310351,0.1433638078420719,6.975261155881056,0.1377315313953205,7.2605015704775315,Top 20: DG anchor + OTT overlay,Tier 3 - experimental,-0.088,-0.447,0.165,0.25,-0.121,-0.08,4.64,0,-0.04,-0.0835828092080095,2.76170138234226
"Streelman, Kevin",8480,-0.184,-0.1701456759178358,0.4926108374384237,0.5249,0.5087554187192118,1.9051247856734617,1.9655810301097,0.4788072540854902,2.0885230778509714,Make Cut: DG anchor + putting overlay,Tier 2 - candidate,0.4750999999999999,0.4912445812807882,2.104820037886761,2.0356458638032584,0.5073891625615763,0.5073891625615763,1.9708737864077672,0.5272868151645924,1.8965010526346089,Miss Cut: DataGolf core; ARG weakness tag,Tier 1 - core,0.0034492603924645,289.91722462723976,0.0028162968628989,355.0762042076247,0.0016137466461692,619.6759586604468,Winner: DG anchor + total SG overlay,Tier 4 - speculative,0.02319031733051,43.121445288907736,0.0193555125012339,51.664868080152914,0.0097672261289112,102.3832136987152,Top 5: DG anchor + total SG overlay,Tier 3 - semi-core,0.0552857266723447,18.087851244618346,0.0461261676938517,21.6796679628187,0.0320542487330135,31.197112380614723,Top 10: DG anchor + putting overlay,Tier 2 - current-price / early value,0.1261412297656293,7.927622093569265,0.1079569014897262,9.262955736972176,0.1263565746393127,7.914111338127987,0.1081412025731844,9.247169221400611,0.089607156301499,11.159822956944694,Top 20: DG anchor + OTT overlay,Tier 3 - experimental,-0.224,-0.134,-0.124,-0.149,-0.632,0.025,-7.754,0,-0.04,0.079271620410821,2.74952130761607
"Peterson, Paul",16341,-0.17185,-0.1581327617470124,0.5291005291005292,0.53305,0.5310752645502645,1.875996623206078,1.882972276720211,0.5330317059137475,1.876061008952092,Make Cut: DG anchor + putting overlay,Tier 2 - candidate,0.46695,0.4689247354497354,2.141556911874934,2.132538389217028,0.4708994708994708,0.4708994708994708,2.123595505617978,0.4536702305842343,2.204244256256808,Miss Cut: DataGolf core; ARG weakness tag,Tier 1 - core,0.0026696172647904,374.5855307384293,0.0023598086323952,423.7631756542032,0.0015679120043837,637.7908946446427,Winner: DG anchor + total SG overlay,Tier 4 - speculative,0.0212659274061515,47.02357818219253,0.0184387176713297,54.23370636857759,0.0104239383191398,95.9330312002952,Top 5: DG anchor + total SG overlay,Tier 3 - semi-core,0.0507884769869105,19.68950555965135,0.0447279827815745,22.35736864958605,0.0384514440321702,26.006825625673603,Top 10: DG anchor + putting overlay,Tier 2 - current-price / early value,0.1248187769108887,8.011615117122366,0.1116541390058199,8.956228662046067,0.1246154053158762,8.024690025002855,0.1114722170153843,8.97084517357351,0.0880062124159121,11.362834197136664,Top 20: DG anchor + OTT overlay,Tier 3 - experimental,-0.085,-0.542,0.086,0.018,-0.523,0.088,-22.905,0,-0.04,0.078586191264938,2.61486711668137
"Simpson, Webb",11049,-0.1874499999999999,-0.1984597751139311,0.5181347150259068,0.5197,0.5189173575129534,1.924187030979411,1.9270891318663157,0.5184644523353731,1.9287725426412483,Make Cut: DG anchor + putting overlay,Tier 2 - candidate,0.4802999999999999,0.4810826424870466,2.082032063293775,2.0786449389034556,0.4818652849740932,0.4818652849740932,2.0752688172043015,0.4697094485269708,2.128975695796717,Miss Cut: DataGolf core; ARG weakness tag,Tier 1 - core,0.0035479376916084,281.8538787660178,0.0031406355124708,318.40689441012285,0.0020998857390921,476.21638710319576,Winner: DG anchor + total SG overlay,Tier 4 - speculative,0.0215689507136258,46.36294149294261,0.0203495117324743,49.14122820962681,0.0128777109578467,77.65355219365847,Top 5: DG anchor + total SG overlay,Tier 3 - semi-core,0.0501259715542195,19.949738009932332,0.0473958348030838,21.098900444621663,0.0431980027729162,23.149218385322357,Top 10: DG anchor + putting overlay,Tier 2 - current-price / early value,0.1208030751082307,8.27793497064601,0.1133941424260953,8.818797678652139,0.1203128998600724,8.311660687781862,0.1129340299508656,8.854726962591092,0.0993627817534308,10.064130475750009,Top 20: DG anchor + OTT overlay,Tier 3 - experimental,-0.181,-0.368,0.057,-0.016,-0.509,-0.021,-2.44,0,-0.04,-0.0450488755696555,2.74345305325133
"Martin, Ben",14007,-0.229,-0.2026651930290626,0.4291845493562232,0.5171,0.4731422746781116,1.9338619222587508,2.1135291719183633,0.3932637608323799,2.542822653893676,Make Cut: DG anchor + putting overlay,Tier 2 - candidate,0.4829,0.5268577253218885,2.070822116380203,1.8980456239662065,0.5708154506437768,0.5708154506437768,1.7518796992481205,0.5857507294408834,1.707210848810261,Miss Cut: DataGolf core; ARG weakness tag,Tier 1 - core,0.0036468651486109,274.208110047853,0.0023317659076387,428.8595166110079,0.000671815827039,1488.5031875586951,Winner: DG anchor + total SG overlay,Tier 4 - speculative,0.0220746892345956,45.30075098102818,0.015081355860684,66.30703560327268,0.0041825271523721,239.08990033282947,Top 5: DG anchor + total SG overlay,Tier 3 - semi-core,0.0526256451573261,19.002142339736935,0.0370039064253719,27.02417384004474,0.0154137563539842,64.87711217399092,Top 10: DG anchor + putting overlay,Tier 2 - current-price / early value,0.11993944052297,8.337540976010189,0.089429271786349,11.182021054460217,0.1195425139210322,8.365224782378117,0.0891333152868927,11.219149616294512,0.0553239550340973,18.075352699995474,Top 20: DG anchor + OTT overlay,Tier 3 - experimental,-0.173,-0.349,-0.098,-0.368,-0.988,0.013,-8.011,0,-0.04,0.141674034854687,2.74366607968713
"Gordon, Will",26660,-0.24205,-0.2267561012915488,0.4524886877828054,0.5054,0.4789443438914027,1.9786307874950535,2.087925273060001,0.4264106437776268,2.3451572201408277,Make Cut: DG anchor + putting overlay,Tier 2 - candidate,0.4946,0.5210556561085973,2.021835826930853,1.9191807790137148,0.5475113122171946,0.5475113122171946,1.8264462809917352,0.585189871445907,1.7088470747608226,Miss Cut: DataGolf core; ARG weakness tag,Tier 1 - core,0.0037460371963926,266.94876414013646,0.0028646852648629,349.0784877018007,0.0013475921446187,742.0642840589749,Winner: DG anchor + total SG overlay,Tier 4 - speculative,0.0234444316482818,42.654051716936706,0.0180390917260168,55.43516354305988,0.0068655343261513,145.6550870616026,Top 5: DG anchor + total SG overlay,Tier 3 - semi-core,0.0548247991858432,18.239920890731092,0.0424642288978759,23.549232517678423,0.0236341538746103,42.31164802029476,Top 10: DG anchor + putting overlay,Tier 2 - current-price / early value,0.1172481006821176,8.528922807126696,0.0954339752078586,10.478448559037426,0.1172962969245058,8.525418331352945,0.0954732044915266,10.47414303652866,0.0741432721801359,13.487400415380034,Top 20: DG anchor + OTT overlay,Tier 3 - experimental,-0.304,-0.101,-0.228,-0.268,-0.9,-0.021,4.865,0,-0.04,0.0864694935422555,2.86070224967739
"Nyholm, Pontus",25475,-0.241,-0.2505084159159754,0.5050505050505051,0.4959,0.5004752525252525,2.016535591853196,1.998100795102837,0.5002755584316251,1.9988983733984969,Make Cut: DG anchor + putting overlay,Tier 2 - candidate,0.5041,0.4995247474747475,1.9837333862328903,2.001902818739832,0.4949494949494949,0.4949494949494949,2.0204081632653064,0.5106143980439454,1.9584249951250616,Miss Cut: DataGolf core; ARG weakness tag,Tier 1 - core,0.0039950031230276,250.3126954359275,0.0035725015615138,279.91590284323235,0.0023801915273088,420.1342574858373,Winner: DG anchor + total SG overlay,Tier 4 - speculative,0.0222772263225459,44.888891710362394,0.0215231568120666,46.46158594353433,0.0135894276378869,73.58661649678517,Top 5: DG anchor + total SG overlay,Tier 3 - semi-core,0.0496166887083317,20.154509017690213,0.0473607691978407,21.11452193317824,0.0419528319562707,23.836293126584224,Top 10: DG anchor + putting overlay,Tier 2 - current-price / early value,0.1159284758107011,8.62600834701643,0.1094480780004405,9.13675249734376,0.1157615922498417,8.638443723560366,0.109290523224893,9.149924169932335,0.1071010245410109,9.33697884110419,Top 20: DG anchor + OTT overlay,Tier 3 - experimental,-0.417,0.019,-0.1,-0.064,-0.562,-0.085,11.368,0,-0.04,-0.0375420795798771,2.85294545624277
"Power, Seamus",10104,-0.2020499999999999,-0.1965364252840739,0.5780346820809249,0.51675,0.5473923410404624,1.9351717464925011,1.8268432439139328,0.5962967298425181,1.6770174142395513,Make Cut: DG anchor + putting overlay,Tier 2 - candidate,0.4832499999999999,0.4526076589595376,2.0693222969477496,2.2094190856133933,0.4219653179190751,0.4219653179190751,2.3698630136986303,0.3998652409900207,2.500842527657853,Miss Cut: DataGolf core; ARG weakness tag,Tier 1 - core,0.00291128359322,343.4910986785519,0.00378064179661,264.50535485712123,0.0038122275909033,262.3138247008559,Winner: DG anchor + total SG overlay,Tier 4 - speculative,0.0222772263225459,44.888891710362394,0.0248059874998973,40.312847855951674,0.0205891581489824,48.569251484885065,Top 5: DG anchor + total SG overlay,Tier 3 - semi-core,0.0495148675401549,20.195954259375384,0.0553054199505636,18.08141048189994,0.0678512915747207,14.738112964272126,Top 10: DG anchor + putting overlay,Tier 2 - current-price / early value,0.1157254953030517,8.64113821575175,0.1267725673804078,7.888141895866863,0.1169476921437541,8.55083141590159,0.1281114342475084,7.805704509310403,0.1322353806340864,7.562272632368624,Top 20: DG anchor + OTT overlay,Tier 3 - experimental,-0.286,-0.289,0.117,0.158,-0.302,0.007,-4.068,0,-0.04,0.0375678735796304,2.73160927262632
"Hadwin, Adam",13965,-0.2538,-0.2372410467668944,0.4761904761904761,0.5008,0.4884952380952381,1.996805111821086,2.0471028620447633,0.4665547754842067,2.1433710521174394,Make Cut: DG anchor + putting overlay,Tier 2 - candidate,0.4992,0.5115047619047619,2.003205128205128,1.9550160125121023,0.5238095238095238,0.5238095238095238,1.909090909090909,0.5406461173384555,1.8496387339705609,Miss Cut: DataGolf core; ARG weakness tag,Tier 1 - core,0.0030084720964165,332.39464018666405,0.0026792360482082,373.2407231041638,0.0016690981404177,599.1259445952712,Winner: DG anchor + total SG overlay,Tier 4 - speculative,0.0201073327596354,49.73310045415138,0.0168464639988653,59.35963772975464,0.0079749073365839,125.39330650434188,Top 5: DG anchor + total SG overlay,Tier 3 - semi-core,0.0472778390918085,21.151558937753205,0.0401641666599013,24.89781522090856,0.0295836825307021,33.80241790257836,Top 10: DG anchor + putting overlay,Tier 2 - current-price / early value,0.1113639512483301,8.979566446687068,0.0965524393618163,10.357066135353085,0.1114035201370161,8.976377037010062,0.0965867455505124,10.3533874580858,0.079672470903468,12.551386804754808,Top 20: DG anchor + OTT overlay,Tier 3 - experimental,-0.322,-0.22,-0.107,-0.11,-0.759,-0.005,-5.105,0,-0.04,0.0927947661655277,2.79680879902064
"Kang, Jeffrey",21889,-0.22705,-0.2488226296478147,0.4347826086956522,0.49025,0.4625163043478261,2.039775624681285,2.1620859429162307,0.4050609098611863,2.46876451332393,Make Cut: DG anchor + putting overlay,Tier 2 - candidate,0.5097499999999999,0.5374836956521739,1.9617459538989703,1.8605215527265744,0.5652173913043478,0.5652173913043478,1.7692307692307694,0.5621306336315051,1.778945924970765,Miss Cut: DataGolf core; ARG weakness tag,Tier 1 - core,0.0033017263483578,302.871859897588,0.0023841965075122,419.42851474245856,0.0010128471371809,987.3158182420814,Winner: DG anchor + total SG overlay,Tier 4 - speculative,0.0224292187700625,44.58470044149523,0.016758475125772,59.67130019259033,0.0061958963212141,161.39714871859616,Top 5: DG anchor + total SG overlay,Tier 3 - semi-core,0.0506355474606632,19.748971822154388,0.0394721237784316,25.334334823565257,0.0215261888976627,46.45504156607016,Top 10: DG anchor + putting overlay,Tier 2 - current-price / early value,0.1105530441198887,9.045431611232292,0.0907208654942878,11.022822528770565,0.1111839361044897,8.994105039240637,0.0912385813774827,10.960275630138147,0.0666792813124475,14.997162241659046,Top 20: DG anchor + OTT overlay,Tier 3 - experimental,-0.201,-0.346,0.006,-0.306,-0.848,-0.057,-2.91,0,-0.04,-0.0988631482390733,2.84062203707694
"Hardy, Nick",19865,-0.25215,-0.2360382089003768,0.4672897196261682,0.49875,0.4830198598130841,2.0050125313283207,2.070308248582105,0.4448248828316288,2.248075677858406,Make Cut: DG anchor + putting overlay,Tier 2 - candidate,0.50125,0.5169801401869158,1.9950124688279305,1.934310280542782,0.5327102803738317,0.5327102803738317,1.8771929824561409,0.5594941030529509,1.787328936164604,Miss Cut: DataGolf core; ARG weakness tag,Tier 1 - core,0.0029598415791789,337.85592007170516,0.0022715874562561,440.2207791938272,0.0010989462760022,909.9625903804672,Winner: DG anchor + total SG overlay,Tier 4 - speculative,0.0205601223743233,48.63784280043268,0.0159903257374262,62.53781295145503,0.0064384875040506,155.31598055768106,Top 5: DG anchor + total SG overlay,Tier 3 - semi-core,0.04783654555114,20.904519514916508,0.0383075966692689,26.104482842752144,0.0232738234529011,42.96672620309615,Top 10: DG anchor + putting overlay,Tier 2 - current-price / early value,0.1085771860610627,9.210037911993869,0.0911908223752607,10.966015811162276,0.1088506734183032,9.18689768833208,0.0914205164566856,10.93846369237908,0.0745768420663265,13.408988263550077,Top 20: DG anchor + OTT overlay,Tier 3 - experimental,-0.346,-0.089,-0.164,-0.232,-0.832,-0.03,2.409,0,-0.04,0.090558955498116,2.75657819758686
"Campos, Rafael",12909,-0.27615,-0.2631345977217704,0.3875968992248061,0.48875,0.4381734496124031,2.0460358056265986,2.2822012627295747,0.3582688659735585,2.791199836141507,Make Cut: DG anchor + putting overlay,Tier 2 - candidate,0.51125,0.5618265503875969,1.9559902200489,1.7799087624287475,0.6124031007751938,0.6124031007751938,1.6329113924050631,0.6550772366787189,1.5265375500911318,Miss Cut: DataGolf core; ARG weakness tag,Tier 1 - core,0.0031547893596023,316.9783735184334,0.0020773946798011,481.37217723871265,0.0006313664968764,1583.866114130617,Winner: DG anchor + total SG overlay,Tier 4 - speculative,0.0204594380276375,48.877197831590216,0.0137027315799563,72.97814995243361,0.003316301657973,301.5407231111849,Top 5: DG anchor + total SG overlay,Tier 3 - semi-core,0.0472270660566351,21.174298627841743,0.0326037067897413,30.671359132534224,0.0135504656647559,73.7982018286612,Top 10: DG anchor + putting overlay,Tier 2 - current-price / early value,0.1082733003568214,9.235887302820156,0.0784632116146596,12.744826262160869,0.1085771387475054,9.210041925358576,0.0786833964235306,12.709161595125876,0.0465439373851574,21.485075311202458,Top 20: DG anchor + OTT overlay,Tier 3 - experimental,-0.268,-0.281,-0.271,-0.314,-1.133,-0.044,0.801,0,-0.04,0.0750770113911483,2.83914005122194
"Van Rooyen, Erik",17550,-0.2635499999999999,-0.2476565234289823,0.5714285714285714,0.49675,0.5340892857142857,2.0130850528434827,1.8723461165535455,0.5992089691182453,1.6688668753932894,Make Cut: DG anchor + putting overlay,Tier 2 - candidate,0.50325,0.4659107142857143,1.987083954297069,2.1463339848990075,0.4285714285714286,0.4285714285714286,2.333333333333333,0.419959465435456,2.381182190912402,Miss Cut: DataGolf core; ARG weakness tag,Tier 1 - core,0.0030571741841839,327.0994518969233,0.0037952537587586,263.48699285053436,0.0036818212628675,271.60471098511863,Winner: DG anchor + total SG overlay,Tier 4 - speculative,0.0202078880149601,49.48562656620471,0.0239409016794377,41.76952118970845,0.0205124931684867,48.75077796668311,Top 5: DG anchor + total SG overlay,Tier 3 - semi-core,0.046516569315746,21.497716076441097,0.0544429825294458,18.367840142834627,0.0744550174287475,13.430928291125408,Top 10: DG anchor + putting overlay,Tier 2 - current-price / early value,0.1077668794151537,9.279288826279071,0.1235005893866013,8.097127349486888,0.1078275993568987,9.274063467648007,0.1235701742964894,8.092567690328242,0.1379995796983877,7.24639888168937,Top 20: DG anchor + OTT overlay,Tier 3 - experimental,-0.457,-0.164,0.038,0.25,-0.332,-0.038,2.306,0,-0.04,0.0894673828550881,2.78766309100958
"Ramey, Chad",19840,-0.208,-0.2195570241642248,0.5555555555555556,0.50695,0.5312527777777778,1.972581122398659,1.8823430988596137,0.5724083603652456,1.7470045325017869,Make Cut: DG anchor + putting overlay,Tier 2 - candidate,0.49305,0.4687472222222222,2.0281918669506136,2.1333459753835577,0.4444444444444444,0.4444444444444444,2.25,0.4260125542190983,2.347348664015427,Miss Cut: DataGolf core; ARG weakness tag,Tier 1 - core,0.0030571741841839,327.0994518969233,0.0032952537587586,303.46676559947633,0.0028948381402781,345.4424570708137,Winner: DG anchor + total SG overlay,Tier 4 - speculative,0.0182040465846883,54.93284118714091,0.0207029855939314,48.302212039075336,0.0174538165245028,57.29405935923155,Top 5: DG anchor + total SG overlay,Tier 3 - semi-core,0.0446924163591834,22.375160742332955,0.0490043190502025,20.406364569121926,0.0585326057200353,17.08449483323971,Top 10: DG anchor + putting overlay,Tier 2 - current-price / early value,0.1072098964383496,9.327497117535634,0.1159802857635748,8.622154993120938,0.1077091685594279,9.284260693631255,0.1165204012305246,8.582188092723728,0.1218619144486518,8.20600927307246,Top 20: DG anchor + OTT overlay,Tier 3 - experimental,-0.322,-0.218,0.094,0.142,-0.304,-0.007,-3.311,0,-0.04,-0.0477851208211238,2.73239387496353
"Higgs, Harry",14140,-0.28045,-0.2715317901420215,0.4545454545454545,0.4924,0.4734727272727272,2.0308692120227456,2.112054068584156,0.4356447940214249,2.295448066230811,Make Cut: DG anchor + putting overlay,Tier 2 - candidate,0.5076,0.5265272727272727,1.970055161544523,1.8992368521012464,0.5454545454545454,0.5454545454545454,1.8333333333333337,0.5767782421725645,1.733768590564852,Miss Cut: DataGolf core; ARG weakness tag,Tier 1 - core,0.0028143891975668,355.31688398482726,0.0021571945987834,463.5650397808196,0.0010130273357064,987.1401933124042,Winner: DG anchor + total SG overlay,Tier 4 - speculative,0.0198058910478303,50.490028324655825,0.0158709286287732,63.008285361894096,0.0064179918752466,155.81197661792984,Top 5: DG anchor + total SG overlay,Tier 3 - semi-core,0.0436302595042643,22.91987284426448,0.0361167267662291,27.688001918685693,0.0237737325703195,42.06323079651594,Top 10: DG anchor + putting overlay,Tier 2 - current-price / early value,0.1070073780455593,9.34515000988288,0.0894069782335688,11.184809281749535,0.1066796765549558,9.373856692233703,0.0891331765521089,11.219167078774325,0.071041550313639,14.076269388620211,Top 20: DG anchor + OTT overlay,Tier 3 - experimental,-0.364,-0.165,-0.191,-0.199,-0.919,-0.023,1.674,0,-0.04,0.0545910492898923,2.82576300845315
"Walker, Danny",25003,-0.28725,-0.3010637020376991,0.4273504273504274,0.48075,0.4540502136752137,2.080083203328133,2.2023995802264045,0.4033977375114119,2.478943005900499,Make Cut: DG anchor + putting overlay,Tier 2 - candidate,0.51925,0.5459497863247863,1.9258545979778527,1.8316702836936336,0.5726495726495726,0.5726495726495726,1.746268656716418,0.5928873796342885,1.686660965218776,Miss Cut: DataGolf core; ARG weakness tag,Tier 1 - core,0.0041450685323686,241.25053474774825,0.0030392009328509,329.0338553107554,0.0012878762979732,776.472089418637,Winner: DG anchor + total SG overlay,Tier 4 - speculative,0.0220746892345956,45.30075098102818,0.0174588492469274,57.277543660329584,0.0067438906528991,148.28235679801645,Top 5: DG anchor + total SG overlay,Tier 3 - semi-core,0.0485990129130684,20.576549605827395,0.0388330247438025,25.751277594197507,0.0231402245684523,43.21479236477796,Top 10: DG anchor + putting overlay,Tier 2 - current-price / early value,0.1063492704658626,9.402979405683777,0.0877279962700423,11.398869716821324,0.1061217942307651,9.423135061450894,0.0875403500904612,11.423303641882102,0.0669872564057178,14.928212523638202,Top 20: DG anchor + OTT overlay,Tier 3 - experimental,-0.345,-0.238,-0.129,-0.251,-0.963,-0.069,4.612,0,-0.04,-0.0590685101884958,2.95794932993575
"Lipsky, David",15980,-0.23695,-0.2536932555610851,0.5076142131979695,0.4889,0.4982571065989847,2.045408058907752,2.0069959600291982,0.511665477240581,1.9544019373615236,Make Cut: DG anchor + putting overlay,Tier 2 - candidate,0.5111,0.5017428934010153,1.9565642731363728,1.9930526433998843,0.4923857868020305,0.4923857868020305,2.0309278350515463,0.4694170516841795,2.1303018209760154,Miss Cut: DataGolf core; ARG weakness tag,Tier 1 - core,0.0020509333393468,487.5828876615191,0.0022504666696734,444.3522818958804,0.0018540304982385,539.3654532382723,Winner: DG anchor + total SG overlay,Tier 4 - speculative,0.0183537903230925,54.48465861254893,0.0172186378864139,58.076603189909186,0.0105434475810059,94.84563681062988,Top 5: DG anchor + total SG overlay,Tier 3 - semi-core,0.0444899895232589,22.47696640785248,0.0414362145603492,24.133478663780014,0.0381995403026095,26.17832550020732,Top 10: DG anchor + putting overlay,Tier 2 - current-price / early value,0.1057925028090609,9.452465661057715,0.0998908202037867,10.01092991287793,0.1056961719241118,9.461080584053548,0.0997998631808123,10.020053816990211,0.0864330775574952,11.569644726983144,Top 20: DG anchor + OTT overlay,Tier 3 - experimental,-0.258,-0.435,0.118,0.019,-0.557,0.021,-9.898,0,-0.04,-0.0737162778054252,2.73342038633238
"Svensson, Adam",13997,-0.2461999999999999,-0.2628898625911897,0.4424778761061947,0.48955,0.4660139380530973,2.042692268409764,2.145858564183247,0.4196430162315335,2.3829778200056135,Make Cut: DG anchor + putting overlay,Tier 2 - candidate,0.5104500000000001,0.5339860619469027,1.9590557351356643,1.8727080560006,0.5575221238938053,0.5575221238938053,1.7936507936507935,0.551266295244434,1.8140053339495303,Miss Cut: DataGolf core; ARG weakness tag,Tier 1 - core,0.0034985674138782,285.8312794068678,0.0023659503736057,422.6631340859316,0.0008405121729387,1189.7507641128493,Winner: DG anchor + total SG overlay,Tier 4 - speculative,0.0221759406506498,45.09391577807531,0.0159393426798222,62.73784434447901,0.0052967159353336,188.7962300053011,Top 5: DG anchor + total SG overlay,Tier 3 - semi-core,0.0458573717338156,21.806744743344957,0.0348622897630117,28.6842891501918,0.0191898249400958,52.11094958508798,Top 10: DG anchor + putting overlay,Tier 2 - current-price / early value,0.1052358204843696,9.50246784219758,0.0839943377498623,11.90556443195052,0.1060244703131925,9.431784917633024,0.0846238013658025,11.81700637244254,0.0566427531272794,17.654509090561746,Top 20: DG anchor + OTT overlay,Tier 3 - experimental,-0.186,-0.49,0.024,-0.238,-0.89,0.006,-9.098,0,-0.04,-0.0734493129559488,2.76935196715793
"Garnett, Brice",11451,-0.2348,-0.2458546583269137,0.4807692307692307,0.5005,0.4906346153846153,1.9980019980019983,2.038176615842904,0.473456948569582,2.1121244561331727,Make Cut: DG anchor + putting overlay,Tier 2 - candidate,0.4995,0.5093653846153847,2.0020020020020017,1.9632272435534408,0.5192307692307693,0.5192307692307693,1.9259259259259256,0.5350268616644359,1.869065035144331,Miss Cut: DataGolf core; ARG weakness tag,Tier 1 - core,0.0024776988829077,403.6002949746759,0.0021138494414538,473.0705888458216,0.0012656696568585,790.0955787168446,Winner: DG anchor + total SG overlay,Tier 4 - speculative,0.0183038656510117,54.63326813397604,0.0150958746244476,66.24326346619927,0.0071994085691949,138.9002985993643,Top 5: DG anchor + total SG overlay,Tier 3 - semi-core,0.0424181577287332,23.574809787710773,0.036735423260711,27.22168172401356,0.028301024400753,35.3344100142676,Top 10: DG anchor + putting overlay,Tier 2 - current-price / early value,0.1040721259716383,9.608720785357258,0.0910441097307409,10.983686950835784,0.1043821015449381,9.580186499401758,0.0913152817649996,10.951069532627685,0.0760519052564167,13.148914502909545,Top 20: DG anchor + OTT overlay,Tier 3 - experimental,-0.293,-0.219,-0.101,-0.088,-0.701,0.064,-11.924,0,-0.04,-0.0452732916345684,2.72810454260569
"VanDerLaan, John",25319,-0.2762,-0.2940891939469998,0.4878048780487805,0.4763,0.4820524390243902,2.099517111064455,2.074463106179623,0.4711470692369717,2.122479508616093,Make Cut: DG anchor + putting overlay,Tier 2 - candidate,0.5237,0.5179475609756097,1.9094901661256445,1.9306973820214404,0.5121951219512195,0.5121951219512195,1.9523809523809523,0.5136688622463889,1.9467794789561048,Miss Cut: DataGolf core; ARG weakness tag,Tier 1 - core,0.0030084720964165,332.39464018666405,0.0027625693815415,361.9818588744282,0.0018462409664446,541.6411065375231,Winner: DG anchor + total SG overlay,Tier 4 - speculative,0.0191539378730229,52.20858533787116,0.0177140558773484,56.452345353541254,0.0101103070868485,98.90896403144804,Top 5: DG anchor + total SG overlay,Tier 3 - semi-core,0.0436808055052324,22.893350716259363,0.0410725302778687,24.34717299457038,0.0326261207758928,30.650288058116036,Top 10: DG anchor + putting overlay,Tier 2 - current-price / early value,0.1008865671411594,9.912122379987522,0.0958371310888022,10.434369107662508,0.1018719104890888,9.81624861258597,0.0967731573832727,10.333443973926292,0.0942901119553848,10.60556594177308,Top 20: DG anchor + OTT overlay,Tier 3 - experimental,-0.472,0.012,-0.02,-0.176,-0.656,-0.013,3.053,0,-0.04,-0.079445969734999,2.85325226186993
"Lower, Justin",17723,-0.28855,-0.2858924364819173,0.4424778761061947,0.48315,0.4628139380530973,2.069750595053296,2.1606955145012785,0.4329604909326389,2.3096795687890666,Make Cut: DG anchor + putting overlay,Tier 2 - candidate,0.51685,0.5371860619469027,1.9347973299796848,1.8615523946688763,0.5575221238938053,0.5575221238938053,1.7936507936507935,0.5713575382515205,1.7502175661499446,Miss Cut: DataGolf core; ARG weakness tag,Tier 1 - core,0.0027660548525756,361.52573007321905,0.0020830274262878,480.0704913339014,0.0009571274168557,1044.7929736304982,Winner: DG anchor + total SG overlay,Tier 4 - speculative,0.0173075219534739,57.77834647202505,0.0133844752624512,74.71342584534457,0.0051929053285272,192.57042767687017,Top 5: DG anchor + total SG overlay,Tier 3 - semi-core,0.0421154362170882,23.744263144881113,0.0335376676034936,29.817219605809132,0.0223282672134282,44.78627877574837,Top 10: DG anchor + putting overlay,Tier 2 - current-price / early value,0.100229591096043,9.97709348172208,0.0830740043369178,12.03745994889527,0.1001768262832194,9.982348584020864,0.0830302709020967,12.043800280732878,0.0619115333242604,16.152079367224182,Top 20: DG anchor + OTT overlay,Tier 3 - experimental,-0.329,-0.35,-0.091,-0.11,-0.88,0.027,-11.062,0,-0.04,0.0232878175904133,2.7843298571505
"Silverman, Ben",17381,-0.2687,-0.2728208134806105,0.495049504950495,0.49065,0.4928497524752475,2.0381127076327323,2.0290159322951533,0.5061216146800627,1.9758097085660633,Make Cut: DG anchor + putting overlay,Tier 2 - candidate,0.50935,0.5071502475247525,1.963286541670757,1.971802251661512,0.504950495049505,0.504950495049505,1.9803921568627452,0.5089080318545307,1.9649915847385289,Miss Cut: DataGolf core; ARG weakness tag,Tier 1 - core,0.0025255558487695,395.9524397321042,0.0022127779243847,451.92063287508904,0.0014157893935631,706.319742573613,Winner: DG anchor + total SG overlay,Tier 4 - speculative,0.017506458676741,57.12177536674451,0.0160751539415451,62.20780240340765,0.0093449518267355,107.00964740546227,Top 5: DG anchor + total SG overlay,Tier 3 - semi-core,0.0396981640282808,25.190081820600124,0.0378509272291106,26.419432051083636,0.0378237796709068,26.438394277375114,Top 10: DG anchor + putting overlay,Tier 2 - current-price / early value,0.1001285289693717,9.987163601553457,0.0949529350502314,10.53153332723192,0.1000766962505928,9.992336252747515,0.0949037815389359,10.53698792381347,0.0858730279319554,11.645100028292772,Top 20: DG anchor + OTT overlay,Tier 3 - experimental,-0.366,-0.29,-0.034,0.085,-0.606,0.027,-9.898,0,-0.04,-0.0106040674030528,2.73712811404024
"Wu, Dylan",25002,-0.2191,-0.2352309234571275,0.4464285714285714,0.4979,0.4721642857142857,2.008435428800964,2.1179069028637127,0.4367881368874886,2.2894394685851736,Make Cut: DG anchor + putting overlay,Tier 2 - candidate,0.5021,0.5278357142857143,1.991635132443736,1.8945288712667632,0.5535714285714286,0.5535714285714286,1.8064516129032255,0.560279927558884,1.7848221055445583,Miss Cut: DataGolf core; ARG weakness tag,Tier 1 - core,0.0022397000607838,446.4883568606208,0.0017448500303919,573.1151575103511,0.0008765783684834,1140.7993123650374,Winner: DG anchor + total SG overlay,Tier 4 - speculative,0.0189536646047996,52.76024562272624,0.0141074506886431,70.88452918038725,0.0053128614550818,188.22248772241008,Top 5: DG anchor + total SG overlay,Tier 3 - semi-core,0.0413591728046847,24.178433275791463,0.0325802691917751,30.69342349855254,0.0212723355627103,47.00941262664951,Top 10: DG anchor + putting overlay,Tier 2 - current-price / early value,0.1000274698136164,9.997253773021791,0.0825958439272812,12.107146709226884,0.1006880935622281,9.931660880856496,0.0831413418403711,12.027710617420274,0.0587858197865823,17.010905072523045,Top 20: DG anchor + OTT overlay,Tier 3 - experimental,-0.145,-0.493,-0.05,-0.111,-0.799,-0.008,-7.296,0,-0.04,-0.0706546172856375,2.71336440981179
"Kanaya, Takumi",19729,-0.2706,-0.2576184297912631,0.5780346820809249,0.49245,0.5352423410404624,2.030663011473246,1.8683125816543045,0.6024262437292444,1.6599542440409385,Make Cut: DG anchor + putting overlay,Tier 2 - candidate,0.50755,0.4647576589595376,1.970249236528421,2.1516590006041434,0.4219653179190751,0.4219653179190751,2.3698630136986303,0.3807865392207394,2.6261432508786937,Miss Cut: DataGolf core; ARG weakness tag,Tier 1 - core,0.0017244413421404,579.8979504624822,0.0027038873377368,369.8378945170827,0.0030452933177654,328.37559330204857,Winner: DG anchor + total SG overlay,Tier 4 - speculative,0.0158210100105922,63.20708977053262,0.0199433720687881,50.14197180651422,0.0183889181728633,54.380578052476494,Top 5: DG anchor + total SG overlay,Tier 3 - semi-core,0.0395976215309868,25.254042069609103,0.0478842532396859,20.883692077110897,0.0654792634461383,15.272010517078828,Top 10: DG anchor + putting overlay,Tier 2 - current-price / early value,0.0996737862052946,10.032728143188368,0.1169719086311003,8.549061152398103,0.0988960613011192,10.111626154202384,0.1160592116232435,8.616291512010642,0.1292403873614697,7.737519365390953,Top 20: DG anchor + OTT overlay,Tier 3 - experimental,-0.448,-0.276,0.23,0.218,-0.275,0.051,-10.737,0,-0.04,0.0749078510436844,2.65650329100181
"Schenk, Adam",19477,-0.30215,-0.3061570871980993,0.4132231404958678,0.47135,0.4422865702479339,2.1215657154980376,2.2609775364407447,0.3922586385545647,2.549338374509491,Make Cut: DG anchor + putting overlay,Tier 2 - candidate,0.5286500000000001,0.5577134297520661,1.8916107065165984,1.793035538779395,0.5867768595041323,0.5867768595041323,1.704225352112676,0.6066356947255483,1.648435805368189,Miss Cut: DataGolf core; ARG weakness tag,Tier 1 - core,0.0035479376916084,281.8538787660178,0.0023989688458042,416.8457634408157,0.0008103647613375,1234.0121976052417,Winner: DG anchor + total SG overlay,Tier 4 - speculative,0.0205097756244154,48.75723744191371,0.0147504036852235,67.79475472944262,0.0044982926503114,222.30656778872773,Top 5: DG anchor + total SG overlay,Tier 3 - semi-core,0.0441358681023622,22.65730896423622,0.0328441155086125,30.446854315129112,0.0175255969903524,57.05939720914984,Top 10: DG anchor + putting overlay,Tier 2 - current-price / early value,0.0996232629563692,10.037816171891077,0.0781142821757985,12.801756249253753,0.100260596283329,9.97400810557793,0.0786140132011112,12.720378457741234,0.0525576822504988,19.0267142153231,Top 20: DG anchor + OTT overlay,Tier 3 - experimental,-0.309,-0.388,-0.128,-0.224,-1.049,-0.041,-1.887,0,-0.04,-0.0100354359904968,2.87996579974254
"Norlander, Henrik",11657,-0.2224,-0.2569831786795496,0.3745318352059925,0.4876,0.4310659176029963,2.050861361771944,2.319830817431921,0.3423702148892057,2.920814827083044,Make Cut: DG anchor + putting overlay,Tier 2 - candidate,0.5124,0.5689340823970037,1.95160031225605,1.7576728674556663,0.6254681647940075,0.6254681647940075,1.598802395209581,0.6463799809200618,1.5470776161362438,Miss Cut: DataGolf core; ARG weakness tag,Tier 1 - core,0.0025255558487695,395.9524397321042,0.001521111257718,657.4141075651232,0.0003291533174905,3038.09789196069,Winner: DG anchor + total SG overlay,Tier 4 - speculative,0.0173572403327659,57.61284517748259,0.0113262788965416,88.29025041095687,0.0025670375614047,389.5540973123787,Top 5: DG anchor + total SG overlay,Tier 3 - semi-core,0.0416111743468952,24.032006202550583,0.0282329750402104,35.41957581784287,0.0108717483262498,91.98152587707486,Top 10: DG anchor + putting overlay,Tier 2 - current-price / early value,0.0976534418985818,10.240294459242428,0.070029088072908,14.279780410090298,0.0977334586528933,10.231910481665892,0.0700864695663407,14.268089207338996,0.0374898114319594,26.67391383962838,Top 20: DG anchor + OTT overlay,Tier 3 - experimental,-0.064,-0.554,-0.139,-0.348,-1.104,0.016,-12.258,0,-0.04,-0.162915893397748,2.74924763897047
"Riley, Davis",19872,-0.3422,-0.3392371580308612,0.4672897196261682,0.4561,0.4616948598130841,2.1925016443762333,2.165932712365148,0.4985239872052964,2.0059215316918975,Make Cut: DG anchor + putting overlay,Tier 2 - candidate,0.5439,0.5383051401869159,1.8385732671446957,1.8576824283208029,0.5327102803738317,0.5327102803738317,1.8771929824561409,0.5313522171866971,1.8819908295379104,Miss Cut: DataGolf core; ARG weakness tag,Tier 1 - core,0.0029598415791789,337.85592007170516,0.0027215874562561,367.43261646848487,0.0017996196250485,555.6729800459992,Winner: DG anchor + total SG overlay,Tier 4 - speculative,0.0182040465846883,54.93284118714091,0.0176679855939314,56.59954807431334,0.0104221112344148,95.94984907644223,Top 5: DG anchor + total SG overlay,Tier 3 - semi-core,0.0416615850400786,24.002927373934433,0.040606058272805,24.62686708672057,0.048458581591645,20.63617974679668,Top 10: DG anchor + putting overlay,Tier 2 - current-price / early value,0.094574767638232,10.573644799479773,0.0919540472598419,10.87499712953601,0.0948002467762925,10.548495747693323,0.0921732782432754,10.849131321560163,0.0797746318751341,12.535313250523457,Top 20: DG anchor + OTT overlay,Tier 3 - experimental,-0.426,-0.54,-0.004,0.275,-0.695,-0.079,1.791,0,-0.04,0.024814209845694,2.9482422884447
"Tosti, Alejandro",17032,-0.37645,-0.4020399402881868,0.3846153846153846,0.43315,0.4088826923076922,2.308669052291354,2.445689237556381,0.332917772608857,3.003744714989709,Make Cut: DG anchor + putting overlay,Tier 2 - candidate,0.5668500000000001,0.5911173076923077,1.7641351327511685,1.6917115892003731,0.6153846153846154,0.6153846153846154,1.625,0.6221325376960642,1.607374537431023,Miss Cut: DataGolf core; ARG weakness tag,Tier 1 - core,0.0032526799296491,307.43879558658523,0.0023763399648245,420.8152094407153,0.0009359301120131,1068.4558463975682,Winner: DG anchor + total SG overlay,Tier 4 - speculative,0.0164639494164271,60.73876775898227,0.0129432048669437,77.26061746530401,0.0044104290082566,226.7353126255819,Top 5: DG anchor + total SG overlay,Tier 3 - semi-core,0.0375397320978532,26.638442634415792,0.0297924057314663,33.56560087874389,0.0136692287430452,73.15701703424871,Top 10: DG anchor + putting overlay,Tier 2 - current-price / early value,0.0866646055947464,11.538735948053734,0.0702615992647947,14.232525454356692,0.0863528772558117,11.580390043490963,0.0700088717357255,14.283903956842366,0.0559355201766177,17.877727727255873,Top 20: DG anchor + OTT overlay,Tier 3 - experimental,-0.579,0.008,-0.052,-0.548,-1.171,-0.061,8.517,0,-0.04,-0.117949701440934,2.9991025354307
"List, Luke",7960,-0.4095,-0.3941328376231979,0.4081632653061224,0.43975,0.4239566326530611,2.274019329164298,2.3587318206160384,0.385268877490616,2.5955898813143996,Make Cut: DG anchor + putting overlay,Tier 2 - candidate,0.56025,0.5760433673469388,1.7849174475680498,1.735980408221107,0.5918367346938775,0.5918367346938775,1.6896551724137931,0.6241777137006033,1.6021078261048998,Miss Cut: DataGolf core; ARG weakness tag,Tier 1 - core,0.0021923676115477,456.1278841799871,0.0016545171391071,604.4059480336562,0.0006964593534135,1435.833972361422,Winner: DG anchor + total SG overlay,Tier 4 - speculative,0.0149339870311192,66.96135452081315,0.0118190900764061,84.60888220119824,0.0040707886498029,245.65264523089616,Top 5: DG anchor + total SG overlay,Tier 3 - semi-core,0.0353883056479974,28.25792254500285,0.0286400153873612,34.91618235796393,0.0175075814680886,57.11811204892654,Top 10: DG anchor + putting overlay,Tier 2 - current-price / early value,0.0864633394787033,11.565595384461282,0.0714078855143174,14.004055613710864,0.0865939811659916,11.548146724921954,0.0715157791800667,13.982928123905904,0.0565252707660976,17.691202296721663,Top 20: DG anchor + OTT overlay,Tier 3 - experimental,-0.611,-0.115,-0.203,-0.244,-1.172,-0.051,5.27,0,-0.04,0.08683581188401,2.9109998071303
"Dunlap, Nick",28270,-0.3364,-0.3590677669752328,0.4115226337448559,0.44885,0.430186316872428,2.227915784783335,2.3245741688630943,0.4190747414896613,2.38620919133746,Make Cut: DG anchor + putting overlay,Tier 2 - candidate,0.55115,0.569813683127572,1.8143880976140796,1.7549596115544954,0.5884773662551441,0.5884773662551441,1.699300699300699,0.5663729991375283,1.7656208921025511,Miss Cut: DataGolf core; ARG weakness tag,Tier 1 - core,0.0023822379685614,419.77334472755183,0.0018911189842807,528.7874577497031,0.000918251378559,1089.0264075282705,Winner: DG anchor + total SG overlay,Tier 4 - speculative,0.014540990651174,68.77110535238933,0.0117230647700314,85.30192570089491,0.0045463003215496,219.95907205249085,Top 5: DG anchor + total SG overlay,Tier 3 - semi-core,0.0359879780247459,27.787057092020664,0.0291292857295446,34.329712348069705,0.0228307252962569,43.80062337152063,Top 10: DG anchor + putting overlay,Tier 2 - current-price / early value,0.0844514337681864,11.841125193267096,0.0714220085900724,14.001286434543074,0.0845719125446473,11.824256658167435,0.0715238995328707,13.981340594278183,0.0457057187696155,21.879100185265745,Top 20: DG anchor + OTT overlay,Tier 3 - experimental,-0.193,-0.989,0.116,0.054,-1.012,-0.092,-5.069,0,-0.04,-0.103338834876164,2.84881804805435
"Stanger, Jimmy",23048,-0.3545,-0.3628530069138947,0.4484304932735426,0.4495,0.4489652466367713,2.2246941045606228,2.227343892408303,0.4387810942875875,2.2790407631933576,Make Cut: DG anchor + putting overlay,Tier 2 - candidate,0.5505,0.5510347533632287,1.8165304268846505,1.8147675693711176,0.5515695067264574,0.5515695067264574,1.8130081300813008,0.5691038973048779,1.757148395461232,Miss Cut: DataGolf core; ARG weakness tag,Tier 1 - core,0.001632139410132,612.6927600621548,0.0019494030383993,512.9775527697545,0.0015993121984641,625.2687880204451,Winner: DG anchor + total SG overlay,Tier 4 - speculative,0.0137085038205194,72.94742103825808,0.0138368114340692,72.27098560711643,0.0081052662572386,123.37657619907624,Top 5: DG anchor + total SG overlay,Tier 3 - semi-core,0.0324981519586181,30.770980493701902,0.0327611896757977,30.523922052157545,0.0295357412512654,33.85728468748538,Top 10: DG anchor + putting overlay,Tier 2 - current-price / early value,0.079176902431204,12.62994597280298,0.0793392114922262,12.60410812247587,0.0804139770967806,12.435649076235457,0.0805788221047927,12.410208710912904,0.0843376459745496,11.857101160990052,Top 20: DG anchor + OTT overlay,Tier 3 - experimental,-0.644,0.088,-0.112,-0.111,-0.78,-0.032,6.847,0,-0.04,-0.0317650345694737,2.85238590195647
"Rozo, Marcelo",16591,-0.3587,-0.3770087151416565,0.33003300330033,0.44535,0.387691501650165,2.2454249466711573,2.5793704420747248,0.2876812129253103,3.4760698824626632,Make Cut: DG anchor + putting overlay,Tier 2 - candidate,0.55465,0.612308498349835,1.802938790228072,1.6331636792482702,0.66996699669967,0.66996699669967,1.4926108374384237,0.7223016334791831,1.384463157286796,Miss Cut: DataGolf core; ARG weakness tag,Tier 1 - core,0.0022397000607838,446.4883568606208,0.0013615166970585,734.4750175744554,0.0002798504174389,3573.3375320703894,Winner: DG anchor + total SG overlay,Tier 4 - speculative,0.0136108056869949,73.47103639540586,0.0087017421292117,114.91951670723554,0.0015549922890078,643.0900056990412,Top 5: DG anchor + total SG overlay,Tier 3 - semi-core,0.0324981519586181,30.770980493701902,0.0217146825024155,46.05179006825258,0.0071135689004067,140.57641304954922,Top 10: DG anchor + putting overlay,Tier 2 - current-price / early value,0.078925984148725,12.6700985839548,0.0549192177699632,18.208562332199257,0.079502684120051,12.578191680798785,0.0553205040086435,18.076480283761605,0.0309828679904928,32.275901646898895,Top 20: DG anchor + OTT overlay,Tier 3 - experimental,-0.445,-0.117,-0.361,-0.486,-1.408,0.051,-9.631,0,-0.04,-0.0815435757082825,2.83313906826577
"Sargent, Gordon",30814,-0.45495,-0.430231773976611,0.4761904761904761,0.42815,0.452170238095238,2.3356300362022657,2.211556435497587,0.4804479435378643,2.0813909466160294,Make Cut: DG anchor + putting overlay,Tier 2 - candidate,0.57185,0.547829761904762,1.748710326134476,1.8253845802810655,0.5238095238095238,0.5238095238095238,1.909090909090909,0.5167808028837633,1.9350563999663983,Miss Cut: DataGolf core; ARG weakness tag,Tier 1 - core,0.0021923676115477,456.1278841799871,0.0027128504724405,368.6159669170363,0.002325077184586,430.0932487873667,Winner: DG anchor + total SG overlay,Tier 4 - speculative,0.013171811234485,75.91970323579362,0.0161587958288827,61.88579957255035,0.0114958435971057,86.98796147955267,Top 5: DG anchor + total SG overlay,Tier 3 - semi-core,0.0328959577678087,30.3988717111796,0.0377070972192727,26.520206373480363,0.0423787675637872,23.596722073024655,Top 10: DG anchor + putting overlay,Tier 2 - current-price / early value,0.078875803277859,12.678159314298949,0.0865294681892093,11.556756570066442,0.0782184552094718,12.784706592861792,0.0858083347565345,11.653879577517936,0.1007796360041634,9.922639529663392,Top 20: DG anchor + OTT overlay,Tier 3 - experimental,-0.892,0.123,0.028,0.021,-0.72,-0.073,16.864,0,-0.04,0.133591130116945,2.93772087873672
"Davis, Cam",17786,-0.4216499999999999,-0.4372384663072163,0.3663003663003663,0.4266,0.3964501831501831,2.344116268166901,2.5223850120436957,0.3582510427796369,2.79133869992699,Make Cut: DG anchor + putting overlay,Tier 2 - candidate,0.5734,0.6035498168498169,1.7439832577607255,1.6568640600695153,0.6336996336996337,0.6336996336996337,1.578034682080925,0.646986906345705,1.5456263336891538,Miss Cut: DataGolf core; ARG weakness tag,Tier 1 - core,0.0022397000607838,446.4883568606208,0.0017781833637252,562.3716993421014,0.0007950908946115,1257.7178367619915,Winner: DG anchor + total SG overlay,Tier 4 - speculative,0.013269273189186,75.36207791810033,0.010607126673958,94.27623811216792,0.0035107589715213,284.8386938869404,Top 5: DG anchor + total SG overlay,Tier 3 - semi-core,0.0314056153885598,31.841439425010293,0.0251312474489696,39.79110078123072,0.0169883770078894,58.863774893599306,Top 10: DG anchor + putting overlay,Tier 2 - current-price / early value,0.0778222206463589,12.849800374422848,0.0627064726691667,15.947317038161309,0.0779723956087204,12.825051637738309,0.0628274784962263,15.916602479280852,0.0410655692846649,24.351300065221025,Top 20: DG anchor + OTT overlay,Tier 3 - experimental,-0.44,-0.641,-0.093,-0.101,-1.275,-0.07,0.649,0,-0.04,-0.0679423315360819,2.97481233801758
"Champ, Cameron",23542,-0.4519500000000001,-0.4591579237469172,0.4115226337448559,0.4091,0.4103113168724279,2.4443901246638964,2.437173821142533,0.3923098779563712,2.549005406667864,Make Cut: DG anchor + putting overlay,Tier 2 - candidate,0.5909,0.589688683127572,1.6923337282112032,1.6958100581076645,0.5884773662551441,0.5884773662551441,1.699300699300699,0.6435129934209676,1.5539701765521756,Miss Cut: DataGolf core; ARG weakness tag,Tier 1 - core,0.0017707628547816,564.7283583454774,0.0015520480940574,644.3099307481666,0.0008324245514647,1201.310074577136,Winner: DG anchor + total SG overlay,Tier 4 - speculative,0.0119097922588047,83.96452081359456,0.0106971348860161,93.48297564306247,0.0044444331927845,225.00056961672172,Top 5: DG anchor + total SG overlay,Tier 3 - semi-core,0.028091866205989,35.59749262178974,0.0255763118908733,39.09867866276845,0.0190246092151846,52.563497556724776,Top 10: DG anchor + putting overlay,Tier 2 - current-price / early value,0.0690090621433247,14.490850461394505,0.0634989635142198,15.748288549246343,0.0690340571720046,14.485603786959947,0.0635219627894582,15.74258659661496,0.063234163789298,15.814236167210032,Top 20: DG anchor + OTT overlay,Tier 3 - experimental,-0.805,0.182,-0.34,-0.207,-1.169,-0.041,15.194,0,-0.04,-0.0260396187345853,2.93298471584768
"Villegas, Camilo",9171,-0.43725,-0.444577889039928,0.3773584905660377,0.41545,0.3964042452830189,2.407028523288001,2.5226773222018215,0.3798712221237511,2.63247106324424,Make Cut: DG anchor + putting overlay,Tier 2 - candidate,0.58455,0.6035957547169811,1.710717646052519,1.656737961102606,0.6226415094339622,0.6226415094339622,1.6060606060606062,0.6123028222807284,1.6331788187341072,Miss Cut: DataGolf core; ARG weakness tag,Tier 1 - core,0.0012678972124081,788.707467934802,0.000908948606204,1100.1722134502072,0.0003358331813384,2977.6688414606624,Winner: DG anchor + total SG overlay,Tier 4 - speculative,0.0099877838015099,100.1223114029383,0.0074822516891147,133.64960730401705,0.0022400507914436,446.41844900112466,Top 5: DG anchor + total SG overlay,Tier 3 - semi-core,0.0255840959731314,39.08678270477896,0.0195003629817557,51.28109671269125,0.0132186847860713,75.65049142057701,Top 10: DG anchor + putting overlay,Tier 2 - current-price / early value,0.0646145085403485,15.476400309932718,0.0524230239750064,19.075587865300683,0.06497089635797,15.391506906266176,0.0527121684338845,18.970951674171257,0.0321917707326117,31.063839523029248,Top 20: DG anchor + OTT overlay,Tier 3 - experimental,-0.397,-0.898,0.05,0.006,-1.239,-0.059,-11.937,0,-0.04,-0.0266394451996403,2.79089293050379
"Hirata, Kensei",20954,-0.47025,-0.4689476350037017,0.3875968992248061,0.4098,0.3986984496124031,2.440214738897023,2.508161245603427,0.3737666531018638,2.6754660740894582,Make Cut: DG anchor + putting overlay,Tier 2 - candidate,0.5902000000000001,0.6013015503875969,1.694340901389359,1.663059074694558,0.6124031007751938,0.6124031007751938,1.6329113924050631,0.6230118063081715,1.6051060186576176,Miss Cut: DataGolf core; ARG weakness tag,Tier 1 - core,0.0010891465605988,918.1500783973436,0.000836239946966,1195.8290244660948,0.0003609237994472,2770.6679402456107,Winner: DG anchor + total SG overlay,Tier 4 - speculative,0.0088473151520071,113.02864008106812,0.0071875927611887,139.1286392016751,0.0025467296905831,392.6604396601757,Top 5: DG anchor + total SG overlay,Tier 3 - semi-core,0.0238710202783619,41.89179969431199,0.0198986029722738,50.25478428779005,0.0136872053117266,73.06093371327164,Top 10: DG anchor + putting overlay,Tier 2 - current-price / early value,0.0645646193384979,15.488358953333591,0.0554826854277497,18.023640930326145,0.0659460547734299,15.163909401945082,0.0566698022799879,17.646082388982208,0.0444089734889898,22.51797151420142,Top 20: DG anchor + OTT overlay,Tier 3 - experimental,-0.686,-0.279,-0.075,-0.157,-1.197,0.051,-10.172,0,-0.04,0.0165118249814915,2.81882367181531
"Paul, Jeremy",22087,-0.5161,-0.49510998589463,0.3448275862068966,0.40005,0.3724387931034483,2.499687539057618,2.6850049417978883,0.3307544371843238,3.023391034487368,Make Cut: DG anchor + putting overlay,Tier 2 - candidate,0.59995,0.6275612068965517,1.6668055671305944,1.593470069549474,0.6551724137931034,0.6551724137931034,1.5263157894736843,0.6622413083495255,1.5100235932008763,Miss Cut: DataGolf core; ARG weakness tag,Tier 1 - core,0.0010448570239291,957.0687444292954,0.0008057618452978,1241.0614945788602,0.0003272849649673,3055.441303574306,Winner: DG anchor + total SG overlay,Tier 4 - speculative,0.0090840599512228,110.08293707544064,0.0069505683353997,143.87312687898063,0.0019673145554538,508.3071221263321,Top 5: DG anchor + total SG overlay,Tier 3 - semi-core,0.0243108804972026,41.13384540370998,0.0186629005660616,53.58223907694688,0.0110879598327495,90.18791690121236,Top 10: DG anchor + putting overlay,Tier 2 - current-price / early value,0.0635670721790229,15.731415113531034,0.0495705577484081,20.173265047277248,0.0642060450046336,15.574857475302082,0.0500688383560534,19.97250251521159,0.0315230740219491,31.722794525169437,Top 20: DG anchor + OTT overlay,Tier 3 - experimental,-0.651,-0.543,-0.056,-0.167,-1.416,-0.074,0.416,0,-0.04,0.11495007052685,2.88212652632732
"Kizzire, Patton",13470,-0.4621,-0.4860524075251162,0.3676470588235294,0.4,0.3838235294117647,2.5,2.6053639846743297,0.3536306618217076,2.827809089993946,Make Cut: DG anchor + putting overlay,Tier 2 - candidate,0.6,0.6161764705882353,1.6666666666666667,1.6229116945107398,0.6323529411764706,0.6323529411764706,1.5813953488372094,0.6013925926811127,1.662807311180582,Miss Cut: DataGolf core; ARG weakness tag,Tier 1 - core,0.0011782134644353,848.7426346627407,0.0009807733988843,1019.6035099825614,0.0004696978086742,2129.0284551731625,Winner: DG anchor + total SG overlay,Tier 4 - speculative,0.0095589134903637,104.6144000579238,0.0075773337293088,131.9725428130529,0.0024404545780989,409.7597263125282,Top 5: DG anchor + total SG overlay,Tier 3 - semi-core,0.0234316183844946,42.677376508561146,0.0190084820517951,52.60809344350356,0.0124804843998201,80.12509514569905,Top 10: DG anchor + putting overlay,Tier 2 - current-price / early value,0.0595317391324964,16.797762245352114,0.0502150997804784,19.914328645599127,0.0595554243322551,16.791081773191237,0.0502350782774371,19.9064087145883,0.0331496104419211,30.16626701396752,Top 20: DG anchor + OTT overlay,Tier 3 - experimental,-0.454,-0.854,0.173,-0.162,-1.297,-0.046,-7.333,0,-0.04,-0.109762037625581,2.83183134571503
"Malnati, Peter",14926,-0.5121000000000001,-0.5218703993818904,0.4081632653061224,0.3886,0.3983816326530612,2.573340195573855,2.510155885803276,0.4312763163812791,2.318699084593202,Make Cut: DG anchor + putting overlay,Tier 2 - candidate,0.6113999999999999,0.6016183673469389,1.635590448151783,1.6621832947186668,0.5918367346938775,0.5918367346938775,1.6896551724137931,0.5629843875579962,1.7762481910690364,Miss Cut: DataGolf core; ARG weakness tag,Tier 1 - core,0.0015861641872725,630.4517577839841,0.0013430820936362,744.5561255995749,0.0007039683390182,1420.5184304092904,Winner: DG anchor + total SG overlay,Tier 4 - speculative,0.0086110387363966,116.13000830820236,0.0084541007174046,118.28579211757815,0.0040579553481243,246.4295228044379,Top 5: DG anchor + total SG overlay,Tier 3 - semi-core,0.0205145765927925,48.745826923443985,0.0208069648235728,48.060830038366326,0.0245016892650975,40.81351245542458,Top 10: DG anchor + putting overlay,Tier 2 - current-price / early value,0.0547594682582972,18.26168207629517,0.0548019399788544,18.247529200350463,0.0543793340125707,18.389338857457005,0.0544215108990842,18.375087047001244,0.0449143838950978,22.264582373780385,Top 20: DG anchor + OTT overlay,Tier 3 - experimental,-0.62,-0.828,0.155,0.204,-1.09,-0.079,-6.396,0,-0.04,-0.0388519969094514,2.86097105844953
"Whaley, Vince",25908,-0.46205,-0.4717273018119624,0.4587155963302752,0.4037,0.4312077981651376,2.477086945751796,2.3190675220976287,0.5008575566124148,1.9965756467039653,Make Cut: DG anchor + putting overlay,Tier 2 - candidate,0.5963,0.5687922018348623,1.6770082173402647,1.7581113045750412,0.5412844036697249,0.5412844036697249,1.847457627118644,0.5107424155371579,1.9579341162575663,Miss Cut: DataGolf core; ARG weakness tag,Tier 1 - core,0.0010891465605988,918.1500783973436,0.0011195732802994,893.1974508471386,0.0007986221523947,1252.156601218045,Winner: DG anchor + total SG overlay,Tier 4 - speculative,0.00743708493387,134.46128542189834,0.0087581059589985,114.17993852569792,0.0056862443624652,175.86300135129036,Top 5: DG anchor + total SG overlay,Tier 3 - semi-core,0.0177169434603965,56.44314450939832,0.0222678861121126,44.90772024633483,0.0358855818685377,27.866344864167836,Top 10: DG anchor + putting overlay,Tier 2 - current-price / early value,0.0534690181332492,18.70241936195493,0.0606445367935273,16.48953150396114,0.0536606546916971,18.635628017313948,0.060861890893631,16.430642974069126,0.0562870094753546,17.76608864675698,Top 20: DG anchor + OTT overlay,Tier 3 - experimental,-0.579,-0.79,0.161,0.378,-0.83,-0.09,-1.89,0,-0.04,-0.0383865090598121,2.73370318173114
"Merritt, Troy",13367,-0.5193500000000001,-0.5073913592015902,0.3802281368821293,0.39095,0.3855890684410646,2.557871850620284,2.593434518366915,0.3916311915806646,2.5534227648311028,Make Cut: DG anchor + putting overlay,Tier 2 - candidate,0.60905,0.6144109315589353,1.641901321730564,1.6275752084402462,0.6197718631178707,0.6197718631178707,1.6134969325153374,0.624827586972446,1.6004414991428644,Miss Cut: DataGolf core; ARG weakness tag,Tier 1 - core,0.0008694630547803,1150.1351259284952,0.0007680648607234,1301.9733763865188,0.0004021237443051,2486.796699180231,Winner: DG anchor + total SG overlay,Tier 4 - speculative,0.0072504680463548,137.9221304895961,0.0060165733088916,166.20756511387248,0.0021069441799505,474.6210220070744,Top 5: DG anchor + total SG overlay,Tier 3 - semi-core,0.0203209051166829,49.2104064389842,0.0172783614087503,57.87585849972835,0.0150989886551061,66.22960138868802,Top 10: DG anchor + putting overlay,Tier 2 - current-price / early value,0.0531713499415386,18.807120772737395,0.0475813245989189,21.016649040971004,0.0530010184682998,18.867561962004658,0.0474289004621141,21.084191078787356,0.0357151205258649,27.999345523020075,Top 20: DG anchor + OTT overlay,Tier 3 - experimental,-0.641,-0.688,-0.042,0.094,-1.278,0.001,-12.074,0,-0.04,0.0697932039920496,2.80881381513434
"Lamprecht, Christo",24343,-0.7311,-0.7746348334344776,0.3012048192771084,0.3041,0.3026524096385542,3.288391976323578,3.3041203973702387,0.2866478704052722,3.4886008348367183,Make Cut: DG anchor + putting overlay,Tier 2 - candidate,0.6959,0.6973475903614458,1.436988072998994,1.434005098492826,0.6987951807228916,0.6987951807228916,1.4310344827586206,0.7090452355772751,1.4103472526486152,Miss Cut: DataGolf core; ARG weakness tag,Tier 1 - core,0.000654756769549,1527.2847055690097,0.0006023783847745,1660.0861273837504,0.0002942022717788,3399.022019624449,Winner: DG anchor + total SG overlay,Tier 4 - speculative,0.0046342646949308,215.78396268427036,0.0044706144903225,223.68289687350153,0.0015380006414627,650.1947873369672,Top 5: DG anchor + total SG overlay,Tier 3 - semi-core,0.011824516004285,84.57005763598396,0.0111834782402377,89.4176193236586,0.0088511583118651,112.97956321258872,Top 10: DG anchor + putting overlay,Tier 2 - current-price / early value,0.0330603203682099,30.24774076180994,0.0310703124855072,32.185064133695114,0.0330921799428122,30.218619677764835,0.0311002543290079,32.154077886986144,0.028393558961872,35.2192552311895,Top 20: DG anchor + OTT overlay,Tier 3 - experimental,-1.187,-0.207,-0.081,-0.184,-1.66,-0.111,14.538,0,-0.04,-0.207674167172388,3.04872490159199
