player_name,dg_id,skill_pred,custom_pred,p_make_cut,p_make_cut_model,p_make_cut_anchored,make_cut_fair_odds_dec_model,make_cut_fair_odds_dec_anchored,make_cut_strategy_prob,make_cut_strategy_fair_odds_dec,make_cut_strategy_name,make_cut_strategy_tier,p_miss_cut_model,p_miss_cut_anchored,miss_cut_fair_odds_dec_model,miss_cut_fair_odds_dec_anchored,p_miss_cut_dg,miss_cut_strategy_prob,miss_cut_strategy_fair_odds_dec,miss_cut_arg_overlay_prob,miss_cut_arg_overlay_fair_odds_dec,miss_cut_strategy_name,miss_cut_strategy_tier,win_prob_model,win_fair_odds_dec,win_prob_anchored,win_fair_odds_dec_anchored,win_strategy_prob,win_strategy_fair_odds_dec,win_strategy_name,win_strategy_tier,top5_prob_model,top5_fair_odds_dec,top5_prob_anchored,top5_fair_odds_dec_anchored,top5_strategy_prob,top5_strategy_fair_odds_dec,top5_strategy_name,top5_strategy_tier,top10_prob_model,top10_fair_odds_dec,top10_prob_anchored,top10_fair_odds_dec_anchored,top10_strategy_prob,top10_strategy_fair_odds_dec,top10_strategy_name,top10_strategy_tier,top20_prob_model,top20_fair_odds_dec,top20_prob_anchored,top20_fair_odds_dec_anchored,top20_prob_dh,top20_fair_odds_dec_dh,top20_prob_anchored_dh,top20_fair_odds_dec_anchored_dh,top20_strategy_prob,top20_strategy_fair_odds_dec,top20_strategy_name,top20_strategy_tier,sg_app,sg_ott,sg_arg,sg_putt,sg_total,driving_acc,driving_dist,total_fit_adjustment,total_course_history_adjustment,timing_adjustment,std_deviation
"Koivun, Jackson",32319,0.37665000000000004,0.39563335051092985,0.8264462809917356,0.74685,0.7866481404958678,1.338956952533976,1.2712163780996732,0.8410687430082395,1.1889634566888232,Make Cut: DG anchor + putting overlay,Tier 2 - candidate,0.25315,0.21335185950413216,3.9502271380604386,4.6870929661648075,0.17355371900826444,0.17355371900826444,5.761904761904763,0.16776059044751593,5.960875538959497,Miss Cut: DataGolf core; ARG weakness tag,Tier 1 - core,0.03457943956582275,28.91891865674911,0.047848053116244724,20.899491930644373,0.07730033331856102,12.93655482543546,Winner: DG anchor + total SG overlay,Tier 4 - speculative,0.13610778481926733,7.3471183248472105,0.16934959406908517,5.904944771181771,0.2796889774597872,3.5754001072272388,Top 5: DG anchor + total SG overlay,Tier 3 - semi-core,0.23387100752743106,4.275861341567567,0.27710385238268903,3.6087553146643696,0.35494104472898047,2.8173692923103952,Top 10: DG anchor + putting overlay,Tier 2 - current-price / early value,0.3827993142288784,2.6123348784321303,0.43414617596595817,2.303371664566754,0.3822425175692436,2.6161401571944416,0.4335146932762412,2.3067268895607813,0.5350678394693018,1.8689218940757746,Top 20: DG anchor + OTT overlay,Tier 3 - experimental,0.408,0.499,0.046,0.229,1.182,0.055,1.786,0,-0.04,0.104916752554649,2.73194471848048
"Thompson, Davis",27364,0.38734999999999997,0.39101391629049415,0.7575757575757576,0.74605,0.7518128787878788,1.340392735071376,1.3301182092175177,0.7543660995970302,1.3256163029253083,Make Cut: DG anchor + putting overlay,Tier 2 - candidate,0.25395,0.24818712121212116,3.9377830281551485,4.029217934903712,0.24242424242424243,0.24242424242424243,4.125,0.24012672043014596,4.1644678201937335,Miss Cut: DataGolf core; ARG weakness tag,Tier 1 - core,0.033123965540929785,30.18962203557256,0.03007031610379824,33.25538702513633,0.031137912285302296,32.11519098767645,Winner: DG anchor + total SG overlay,Tier 4 - speculative,0.1344289272199133,7.438875104344858,0.12434458927133216,8.042167382272673,0.14621134282266018,6.839414649333332,Top 5: DG anchor + total SG overlay,Tier 3 - semi-core,0.22887152299088048,4.369263536730367,0.21726533160126024,4.6026671288508485,0.19297217949922682,5.182094137067082,Top 10: DG anchor + putting overlay,Tier 2 - current-price / early value,0.37833391382489795,2.643167750652203,0.365760064187119,2.734032766049632,0.3782807304713409,2.6435393596549095,0.3657086483713544,2.7344171499727894,0.3830880448209724,2.6103659811867206,Top 20: DG anchor + OTT overlay,Tier 3 - experimental,0.585,0.284,0.006,-0.06,0.814,0.016,3.218,0,-0.04,0.028319581452471,2.71029521767033
"Conners, Corey",17576,0.3547,0.36877653781691655,0.7633587786259541,0.72945,0.746404389312977,1.3708958804578792,1.339756322870024,0.7631361678341729,1.3103821338176922,Make Cut: DG anchor + putting overlay,Tier 2 - candidate,0.27054999999999996,0.25359561068702297,3.696174459434486,3.943285916072727,0.23664122137404586,0.23664122137404586,4.225806451612902,0.23552950822518684,4.2457525069169355,Miss Cut: DataGolf core; ARG weakness tag,Tier 1 - core,0.031614009412427875,31.631546222254464,0.03043200470621394,32.860142131740965,0.03365317211042626,29.714880865277628,Winner: DG anchor + total SG overlay,Tier 4 - speculative,0.12813275370558266,7.804405751692126,0.12471084504663432,8.018548824892177,0.15424493005984688,6.4831952636109405,Top 5: DG anchor + total SG overlay,Tier 3 - semi-core,0.22033123802106203,4.538621073351421,0.21765358648287353,4.594456797883672,0.20698710968940232,4.831218724202514,Top 10: DG anchor + putting overlay,Tier 2 - current-price / early value,0.36667862043121274,2.7271838178730015,0.36611455969991835,2.7313855008105623,0.3648776681003663,2.7406445705658578,0.3643163777691775,2.7448669920449666,0.40013318428374395,2.4991678752914335,Top 20: DG anchor + OTT overlay,Tier 3 - experimental,0.494,0.342,-0.003,-0.022,0.811,0.052,0.591,0,-0.04,0.0803826890845828,2.71343250875023
"Ghim, Doug",24550,0.352,0.3540836664521582,0.7751937984496123,0.73425,0.7547218992248061,1.3619339462036093,1.3249913657297148,0.7703458436863859,1.2981182519459509,Make Cut: DG anchor + putting overlay,Tier 2 - candidate,0.26575000000000004,0.24527810077519385,3.7629350893697078,4.07700482366559,0.22480620155038766,0.22480620155038766,4.448275862068964,0.20695440908833582,4.831982098884218,Miss Cut: DataGolf core; ARG weakness tag,Tier 1 - core,0.027481236353236006,36.388464738132015,0.029665618176618003,33.70905652619048,0.03802203936751355,26.300535600791868,Winner: DG anchor + total SG overlay,Tier 4 - speculative,0.1216296554299286,8.221679132981714,0.1262687033763398,7.919618822880696,0.17463506379479235,5.726226900086145,Top 5: DG anchor + total SG overlay,Tier 3 - semi-core,0.21291527353364215,4.696703920782803,0.22130590576634007,4.5186322368451535,0.2123045975773929,4.710213586568529,Top 10: DG anchor + putting overlay,Tier 2 - current-price / early value,0.36116971767526174,2.7687814095730174,0.37354254260062736,2.6770712461234947,0.3607388366478706,2.772088553847985,0.37309690060282624,2.6802688480774393,0.43037196890611557,2.323571403922329,Top 20: DG anchor + OTT overlay,Tier 3 - experimental,0.419,0.465,0.137,-0.084,0.937,0.041,2.204,0,-0.04,0.0204183322607913,2.69855949214037
"James, Ben",29827,0.30055000000000004,0.31451840778208284,0.7633587786259541,0.71635,0.7398543893129771,1.3959656592447824,1.3516173107097358,0.7686284510370722,1.3010187154154256,Make Cut: DG anchor + putting overlay,Tier 2 - candidate,0.28364999999999996,0.2601456106870229,3.5254715318173813,3.844001047563644,0.23664122137404586,0.23664122137404586,4.225806451612902,0.23159180579225155,4.317942064396897,Miss Cut: DataGolf core; ARG weakness tag,Tier 1 - core,0.02813651324293281,35.541006498066174,0.029151589954799755,34.30344628030664,0.03488475104280433,28.66582016804359,Winner: DG anchor + total SG overlay,Tier 4 - speculative,0.11423720641347444,8.753715460973043,0.11939356683107571,8.375660653599976,0.15929311146800243,6.277735369623138,Top 5: DG anchor + total SG overlay,Tier 3 - semi-core,0.20077167488416764,4.980782277066403,0.2088030124198838,4.789202935392002,0.21897376423733828,4.566757134047044,Top 10: DG anchor + putting overlay,Tier 2 - current-price / early value,0.34146291936238155,2.9285756762910418,0.35334890690172627,2.8300639409594126,0.33972894055964836,2.943523146284394,0.35155457000657925,2.8445086063915634,0.4040776259953071,2.474772013265624,Top 20: DG anchor + OTT overlay,Tier 3 - experimental,0.35,0.401,0.028,0.05,0.829,0.041,1.169,0,-0.04,0.0798420389104141,2.72719299088722
"Hisatsune, Ryo",22760,0.29695000000000005,0.3049922716188657,0.7352941176470588,0.70965,0.7224720588235294,1.4091453533431972,1.3841365735699123,0.7308908832137022,1.368193287078687,Make Cut: DG anchor + putting overlay,Tier 2 - candidate,0.29035,0.2775279411764706,3.4441191665231616,3.603240797164037,0.26470588235294124,0.26470588235294124,3.777777777777777,0.26530200122191144,3.76928932082782,Miss Cut: DataGolf core; ARG weakness tag,Tier 1 - core,0.027064978238947515,36.948117643817746,0.025124155786140405,39.802332405200424,0.025484918513062678,39.238893366970544,Winner: DG anchor + total SG overlay,Tier 4 - speculative,0.10870167838223299,9.199489970004432,0.105619519746672,9.4679468567789,0.12286948886864785,8.138717017607505,Top 5: DG anchor + total SG overlay,Tier 3 - semi-core,0.1887793588573415,5.297189301059598,0.18725671826945978,5.340262337402571,0.17270429621698505,5.790243913467003,Top 10: DG anchor + putting overlay,Tier 2 - current-price / early value,0.3277505059993247,3.051101315468481,0.3275931991738583,3.052566422385606,0.3275084930743675,3.053355931667181,0.3273513024051976,3.0548221212274065,0.36027546830208995,2.775653875943346,Top 20: DG anchor + OTT overlay,Tier 3 - experimental,0.4,0.343,-0.016,-0.072,0.654,0.028,2.415,0,-0.04,0.0502113580943283,2.75129850770498
"Bridgeman, Jacob",29433,0.2585,0.2706345362180913,0.8,0.69985,0.749925,1.4288776166321355,1.3334666800013335,0.8317083257588619,1.2023445828651367,Make Cut: DG anchor + putting overlay,Tier 2 - candidate,0.30015000000000003,0.25007500000000005,3.331667499583541,3.9988003598920314,0.19999999999999996,0.19999999999999996,5.000000000000001,0.18751224425509466,5.3329850750417345,Miss Cut: DataGolf core; ARG weakness tag,Tier 1 - core,0.02229258356145822,44.85796799833044,0.03237962511406246,30.88361883367514,0.05179597018269899,19.306521269371306,Winner: DG anchor + total SG overlay,Tier 4 - speculative,0.09560468954263324,10.459737956202112,0.12754650903298112,7.840277304190418,0.2155882048765828,4.63847268718837,Top 5: DG anchor + total SG overlay,Tier 3 - semi-core,0.17929299703167834,5.577462681508499,0.22414432922679467,4.4614111070736735,0.3469859292007821,2.8819612435101187,Top 10: DG anchor + putting overlay,Tier 2 - current-price / early value,0.314942920617039,3.1751785308931253,0.37340051124124696,2.678089530932428,0.31505027649579936,3.1740965636427023,0.3735277937975125,2.6771769506986,0.45417539349653757,2.2017925548571657,Top 20: DG anchor + OTT overlay,Tier 3 - experimental,0.297,0.149,0.101,0.478,1.025,0.023,0.406,0,-0.04,0.0706726810904565,2.7265668190901
"Novak, Andrew",23475,0.23665000000000003,0.2340438059676105,0.6944444444444444,0.68525,0.6898472222222223,1.459321415541773,1.4495963276893031,0.6719939359976498,1.4881086665096,Make Cut: DG anchor + putting overlay,Tier 2 - candidate,0.31475,0.3101527777777777,3.1771247021445594,3.2242174555550585,0.3055555555555556,0.3055555555555556,3.2727272727272725,0.2739365321459609,3.6504806137619226,Miss Cut: DataGolf core; ARG weakness tag,Tier 1 - core,0.022175840728009964,45.09411896780605,0.01953792036400498,51.182520010794796,0.017747046805999728,56.347403088041155,Winner: DG anchor + total SG overlay,Tier 4 - speculative,0.09645130293121482,10.367926296580563,0.08831747175180271,11.32278789422647,0.09027768523086527,11.076934432276598,Top 5: DG anchor + total SG overlay,Tier 3 - semi-core,0.16694330982361102,5.990057349746929,0.157681837437613,6.34188449507161,0.11967699630704519,8.355824685258511,Top 10: DG anchor + putting overlay,Tier 2 - current-price / early value,0.2985505424889972,3.3495166066792663,0.28702968561008957,3.4839601969199534,0.2995350813549923,3.338507114012651,0.2879762318090063,3.472508802959917,0.2970043038925077,3.366954575721979,Top 20: DG anchor + OTT overlay,Tier 3 - experimental,0.344,0.213,0.205,-0.263,0.499,-0.006,1.715,0,-0.04,-0.0030309701619476,2.78544819727786
"Suber, Jackson",29279,0.2149,0.2133878595554489,0.7092198581560284,0.67505,0.6921349290780142,1.4813717502407229,1.4448049910327307,0.7091412695684794,1.410156259285983,Make Cut: DG anchor + putting overlay,Tier 2 - candidate,0.32494999999999996,0.3078650709219858,3.07739652254193,3.248176212407688,0.2907801418439716,0.2907801418439716,3.439024390243903,0.2788300145731038,3.58641447381849,Miss Cut: DataGolf core; ARG weakness tag,Tier 1 - core,0.02095345970495624,47.72481557131419,0.019493396519144772,51.299423321014594,0.01900182333138422,52.626528652561326,Winner: DG anchor + total SG overlay,Tier 4 - speculative,0.0878985140769341,11.376756598237138,0.0857499154078754,11.661819084525401,0.09452653888937972,10.579039619447576,Top 5: DG anchor + total SG overlay,Tier 3 - semi-core,0.16367314942322822,6.109737629684064,0.1599167458367851,6.253253808832654,0.15055151532895342,6.64224466831178,Top 10: DG anchor + putting overlay,Tier 2 - current-price / early value,0.28827943300087105,3.4688565520974173,0.286956387364294,3.484850116719967,0.28813541865250525,3.4705903379619287,0.28681303396337504,3.4865918964048763,0.30323332901501193,3.297790527341715,Top 20: DG anchor + OTT overlay,Tier 3 - experimental,0.316,0.144,0.071,-0.02,0.511,-0.009,3.02,0,-0.04,0.0024392977772445,2.8034512326938
"Kirk, Chris",12423,0.2284,0.2195819311297797,0.6493506493506493,0.67455,0.6619503246753247,1.4824697946779335,1.5106873774712368,0.6179698498908792,1.6182019238909138,Make Cut: DG anchor + putting overlay,Tier 2 - candidate,0.32545,0.33804967532467534,3.072668612690121,2.9581451277524917,0.35064935064935066,0.35064935064935066,2.8518518518518516,0.34154628202494286,2.9278608862940887,Miss Cut: DataGolf core; ARG weakness tag,Tier 1 - core,0.017497623792311286,57.15061724206316,0.014298811896155644,69.93588049569757,0.010688430851420338,93.55910272527183,Winner: DG anchor + total SG overlay,Tier 4 - speculative,0.08431537767414243,11.86023270707209,0.06923440510691246,14.443685887901974,0.05338105938211644,18.73323631218561,Top 5: DG anchor + total SG overlay,Tier 3 - semi-core,0.1551338817301074,6.446045111794082,0.1320640074327452,7.5720858350391875,0.08235489031314193,12.142569751445874,Top 10: DG anchor + putting overlay,Tier 2 - current-price / early value,0.28619521763937317,3.4941184840484403,0.25087620879609906,3.9860296231308054,0.28475652876500346,3.511771984077156,0.2496150667916446,4.0061684290664505,0.226011065371151,4.424562126450842,Top 20: DG anchor + OTT overlay,Tier 3 - experimental,0.437,0.069,0.045,-0.337,0.215,0.011,-0.784,0,-0.04,-0.0340903443511015,2.72032338675369
"Poston, J.T.",21554,0.18045,0.19245303648316453,0.7407407407407407,0.6755,0.7081203703703703,1.4803849000740192,1.4121892856675864,0.7576125584527202,1.3199358812666862,Make Cut: DG anchor + putting overlay,Tier 2 - candidate,0.3245,0.29187962962962966,3.081664098613251,3.4260698537575736,0.2592592592592593,0.2592592592592593,3.8571428571428563,0.2501424701191431,3.9977217764088566,Miss Cut: DataGolf core; ARG weakness tag,Tier 1 - core,0.01545287633010792,64.71287148345516,0.01765977149838731,56.62587424142606,0.02168133636155053,46.12261824291376,Winner: DG anchor + total SG overlay,Tier 4 - speculative,0.07590675178535458,13.17405865064219,0.08528488803793943,11.725406728037735,0.11250542154099326,8.88846054086054,Top 5: DG anchor + total SG overlay,Tier 3 - semi-core,0.1448353492697475,6.904391814857004,0.16142341655499076,6.194888085888942,0.1985638500070503,5.036163430375134,Top 10: DG anchor + putting overlay,Tier 2 - current-price / early value,0.2710980684780429,3.688702046510498,0.2978602559027065,3.357279060173243,0.2713686550674068,3.685023975048276,0.2981575541874351,3.353931456559224,0.34585724120104533,2.891366381479647,Top 20: DG anchor + OTT overlay,Tier 3 - experimental,0.203,0.176,0.056,0.192,0.627,0.045,-4.969,0,-0.04,0.0700151824158226,2.68263660874495
"Penge, Marco",22465,0.17325000000000002,0.19013184839747144,0.7246376811594204,0.6636,0.6941188405797102,1.5069318866787222,1.4406754888900952,0.7297945284819845,1.3702486946292387,Make Cut: DG anchor + putting overlay,Tier 2 - candidate,0.33640000000000003,0.3058811594202898,2.9726516052318663,3.26924352547641,0.2753623188405796,0.2753623188405796,3.6315789473684226,0.2822554465438015,3.54289000352316,Miss Cut: DataGolf core; ARG weakness tag,Tier 1 - core,0.020257832983160664,49.36362151031903,0.02351224982491368,42.53102138019968,0.028790751427354037,34.733376185864394,Winner: DG anchor + total SG overlay,Tier 4 - speculative,0.08342133496022118,11.987341133738058,0.09572464565471359,10.446630469723331,0.12505208351124616,7.996668043600154,Top 5: DG anchor + total SG overlay,Tier 3 - semi-core,0.15025064164225663,6.655545620769975,0.17012205401848632,5.878132648758961,0.1911309803506452,5.232014182972427,Top 10: DG anchor + putting overlay,Tier 2 - current-price / early value,0.26995374953583606,3.704338249494294,0.297179880168699,3.3649653517335483,0.27061186462877607,3.695329476302877,0.2979043693257987,3.3567819171741142,0.36954586985714727,2.7060240191199076,Top 20: DG anchor + OTT overlay,Tier 3 - experimental,0.081,0.522,-0.06,0.042,0.586,-0.056,18.081,0,-0.04,0.0944092419873571,2.84553531235012
"Keefer, Johnny",32457,0.19670000000000004,0.1835779084045772,0.6666666666666666,0.66425,0.6654583333333333,1.5054572826496049,1.5027236866821114,0.6592619918286455,1.5168476453893895,Make Cut: DG anchor + putting overlay,Tier 2 - candidate,0.33575,0.33454166666666674,2.9784065524944157,2.9891642794868596,0.33333333333333337,0.33333333333333337,2.9999999999999996,0.35956314542769297,2.781152664605046,Miss Cut: DataGolf core; ARG weakness tag,Tier 1 - core,0.01812689220443751,55.16665453304772,0.015955112768885407,62.67583404049221,0.013854566455506343,72.17836828106311,Winner: DG anchor + total SG overlay,Tier 4 - speculative,0.08107786396560161,12.333822711760927,0.0742096107947296,13.475343547698818,0.07097832854943804,14.088807392857623,Top 5: DG anchor + total SG overlay,Tier 3 - semi-core,0.1492208732123124,6.701475326291609,0.1400136555631252,7.142160498403312,0.11909575960646386,8.396604575212143,Top 10: DG anchor + putting overlay,Tier 2 - current-price / early value,0.26995374953583606,3.704338249494294,0.25734016582394803,3.885907187469995,0.26964804438831563,3.7085379286486377,0.25704874474351697,3.8903127148035646,0.2759390984302257,3.6239880672541274,Top 20: DG anchor + OTT overlay,Tier 3 - experimental,0.223,0.405,-0.175,-0.097,0.355,-0.016,10.926,0,-0.04,-0.0556104579771143,2.80419772647731
"Kohles, Ben",16395,0.18685,0.1890889392656255,0.684931506849315,0.68145,0.6831907534246575,1.4674590945777386,1.4637200444930791,0.6765272839096604,1.4781369854309294,Make Cut: DG anchor + putting overlay,Tier 2 - candidate,0.31855,0.3168092465753425,3.1392246115209543,3.156473527240258,0.31506849315068497,0.31506849315068497,3.1739130434782603,0.31895752606894767,3.135213682914741,Miss Cut: DataGolf core; ARG weakness tag,Tier 1 - core,0.013823307792832718,72.34158531277822,0.01141998722974966,87.56577217485393,0.008832110849408529,113.22321662968805,Winner: DG anchor + total SG overlay,Tier 4 - speculative,0.06866714991325491,14.563004307929907,0.060738386464563955,16.464052771362653,0.05353912148220009,18.67793068536744,Top 5: DG anchor + total SG overlay,Tier 3 - semi-core,0.13484750685774385,7.415784120168724,0.12329911494235843,8.110358297928528,0.10061951728621231,9.938429709968684,Top 10: DG anchor + putting overlay,Tier 2 - current-price / early value,0.26704157644707566,3.7447352330103834,0.24922680616393084,4.012409481114332,0.26730442542358285,3.7410529152869585,0.24947212006519642,4.00846395075595,0.24355663877183606,4.105821155369123,Top 20: DG anchor + OTT overlay,Tier 3 - experimental,0.326,0.089,-0.037,-0.11,0.269,0.104,-11.823,0,-0.04,0.0211946963281276,2.61313069272053
"Meissner, Mac",28159,0.20079999999999998,0.1893876654480306,0.7633587786259541,0.6791,0.7212293893129771,1.4725371815638344,1.3865214241374328,0.7857862915723401,1.2726106458271538,Make Cut: DG anchor + putting overlay,Tier 2 - candidate,0.32089999999999996,0.2787706106870229,3.1162355874104084,3.587178711326585,0.23664122137404586,0.23664122137404586,4.225806451612902,0.206138601289643,4.851105002866063,Miss Cut: DataGolf core; ARG weakness tag,Tier 1 - core,0.014945392338079502,66.91025416924592,0.02039769616903975,49.025144394386594,0.02999681637980277,33.33687106453445,Winner: DG anchor + total SG overlay,Tier 4 - speculative,0.07142399484489556,14.000897067877556,0.09185588360570879,10.886618915915045,0.14525046542650222,6.8846595228709075,Top 5: DG anchor + total SG overlay,Tier 3 - semi-core,0.13932353817873874,7.177538074844868,0.1720368498188249,5.812708155567357,0.2409591355143861,4.150081290195766,Top 10: DG anchor + putting overlay,Tier 2 - current-price / early value,0.2623632396389233,3.8115095749551173,0.3089173183339101,3.237112135354922,0.2621217402448978,3.815021215202179,0.30863296696942677,3.2400945687019242,0.37102252952105447,2.6952541164841928,Top 20: DG anchor + OTT overlay,Tier 3 - experimental,0.234,0.08,0.238,0.283,0.835,0.007,0.467,0,-0.04,-0.0470616727598469,2.64999890199609
"Parry, John",13764,0.14795,0.15919511873212455,0.6756756756756757,0.66935,0.6725128378378378,1.4939867035183387,1.4869604619222583,0.658779400241532,1.5179588184350699,Make Cut: DG anchor + putting overlay,Tier 2 - candidate,0.33065,0.3274871621621622,3.024345985180705,3.0535548123404874,0.32432432432432434,0.32432432432432434,3.083333333333333,0.30494365941065044,3.2792942864680334,Miss Cut: DataGolf core; ARG weakness tag,Tier 1 - core,0.013321020821434645,75.0693218939284,0.011577177077383972,86.37684241294893,0.009535444880627556,104.87187672088847,Winner: DG anchor + total SG overlay,Tier 4 - speculative,0.0663577071131694,15.069839563542411,0.06072133461719075,16.468676228945913,0.0549016057720086,18.214403494002113,Top 5: DG anchor + total SG overlay,Tier 3 - semi-core,0.1322627741770515,7.560706375789196,0.12287373034711926,8.138436077223277,0.09555171178515533,10.465537260582677,Top 10: DG anchor + putting overlay,Tier 2 - current-price / early value,0.25649277174372337,3.8987453455380696,0.2430159017644657,4.114957057292545,0.2559551333398385,3.9069347309095503,0.24250651243292604,4.123600599289416,0.24023719271741473,4.162552803288357,Top 20: DG anchor + OTT overlay,Tier 3 - experimental,0.255,0.064,0.115,-0.198,0.237,0.045,-6.722,0,-0.04,0.0662255936606228,2.63968500481542
"Brown, Blades",32152,0.14950000000000002,0.15479252968190385,0.6896551724137931,0.65485,0.6722525862068967,1.5270672673131251,1.487536114427433,0.6913920821437692,1.4463573214482637,Make Cut: DG anchor + putting overlay,Tier 2 - candidate,0.34514999999999996,0.32774741379310335,2.8972910328842536,3.051130101765711,0.31034482758620685,0.31034482758620685,3.2222222222222228,0.3222072512336839,3.103592474009036,Miss Cut: DataGolf core; ARG weakness tag,Tier 1 - core,0.017269304237594055,57.906212447347514,0.015684652118797028,63.75659418047057,0.014145733027575812,70.69269567371245,Winner: DG anchor + total SG overlay,Tier 4 - speculative,0.07175535267905611,13.936242561203091,0.07090310954058626,14.10375379132817,0.07354258697990299,13.597563548767607,Top 5: DG anchor + total SG overlay,Tier 3 - semi-core,0.13899969338092605,7.194260474082621,0.13827109729171352,7.232169409130227,0.13455891035747677,7.4316891935535425,Top 10: DG anchor + putting overlay,Tier 2 - current-price / early value,0.2537407086875757,3.941031004336296,0.2558508494110844,3.9085271841066493,0.2534217546841806,3.945991145259887,0.2555292429447283,3.9134464160577616,0.2822940175908621,3.5424059232078116,Top 20: DG anchor + OTT overlay,Tier 3 - experimental,0.163,0.275,-0.089,-0.0,0.349,0.006,6.091,0,-0.04,0.0364626484095191,2.76734138282702
"Yu, Kevin",17881,0.16215,0.1652278503490422,0.7194244604316548,0.6588,0.6891122302158275,1.5179113539769276,1.451142435371962,0.7302929618858564,1.369313484026563,Make Cut: DG anchor + putting overlay,Tier 2 - candidate,0.34119999999999995,0.31088776978417254,2.930832356389215,3.2165948525225985,0.28057553956834524,0.28057553956834524,3.564102564102565,0.27238748111981137,3.671240674824346,Miss Cut: DataGolf core; ARG weakness tag,Tier 1 - core,0.014047083825246113,71.18915302568,0.016306875245956406,61.32382721502506,0.019918848170283426,50.203706130552376,Winner: DG anchor + total SG overlay,Tier 4 - speculative,0.07275010471922297,13.745684681272591,0.08016272521915933,12.474625797290066,0.10167933045316446,9.834840527993249,Top 5: DG anchor + total SG overlay,Tier 3 - semi-core,0.13808236530984233,7.242054390914474,0.15084596419282767,6.6292791149632055,0.17275650839406767,5.788493928801465,Top 10: DG anchor + putting overlay,Tier 2 - current-price / early value,0.2530658067471085,3.9515413514529496,0.27490838220028324,3.6375755151454587,0.2529788681969149,3.9528993355350743,0.2748139398238446,3.6388256019363454,0.32314945210936963,3.094543386883265,Top 20: DG anchor + OTT overlay,Tier 3 - experimental,0.143,0.272,0.046,0.109,0.57,-0.004,6.919,0,-0.04,0.0253892517452111,2.72026126085045
"Grillo, Emiliano",12808,0.13764999999999997,0.14512727334423176,0.6756756756756757,0.66215,0.6689128378378378,1.5102318205844596,1.4949630855229996,0.6807917724571461,1.468877916063457,Make Cut: DG anchor + putting overlay,Tier 2 - candidate,0.33785,0.33108716216216216,2.9598934438360223,3.0203526873996194,0.32432432432432434,0.32432432432432434,3.083333333333333,0.33377258140357,2.9960519698617283,Miss Cut: DataGolf core; ARG weakness tag,Tier 1 - core,0.013321020821434645,75.0693218939284,0.012327177077383972,81.1215733920662,0.011270718220511691,88.72549028686478,Winner: DG anchor + total SG overlay,Tier 4 - speculative,0.0668520936788794,14.958394643606058,0.06361692767157055,15.71908667395274,0.06264805780826421,15.962186777769272,Top 5: DG anchor + total SG overlay,Tier 3 - semi-core,0.1322627741770515,7.560706375789196,0.12656774452738326,7.900907168205462,0.12149886643057067,8.230529464004835,Top 10: DG anchor + putting overlay,Tier 2 - current-price / early value,0.2511452193538139,3.9817600453353563,0.24506707895762644,4.080515441949287,0.25108449929636756,3.9827229590132927,0.2450078284285867,4.081502237760021,0.2566064135942752,3.897018729941478,Top 20: DG anchor + OTT overlay,Tier 3 - experimental,0.175,0.18,-0.072,0.036,0.319,0.074,-5.782,0,-0.04,0.047386366721159,2.68599505588962
"Horschel, Billy",11276,0.13745000000000004,0.14928783762146847,0.6535947712418301,0.65515,0.654372385620915,1.5263680073265664,1.528181845649139,0.6561049292352739,1.5241464519487067,Make Cut: DG anchor + putting overlay,Tier 2 - candidate,0.34485,0.34562761437908496,2.899811512251704,2.8932873369984793,0.3464052287581699,0.3464052287581699,2.8867924528301887,0.3638415380755777,2.7484492432864513,Miss Cut: DataGolf core; ARG weakness tag,Tier 1 - core,0.013544050714728365,73.83315531390903,0.011655358690697483,85.79744532428094,0.0092698286546776,107.87685913648417,Winner: DG anchor + total SG overlay,Tier 4 - speculative,0.06883233281776885,14.528056206484596,0.06064001561523362,16.4907609250151,0.050486037085278795,19.80745682832748,Top 5: DG anchor + total SG overlay,Tier 3 - semi-core,0.12914337086218738,7.743332029540477,0.11820715308843618,8.459724930959586,0.10555458158132114,9.473771626194948,Top 10: DG anchor + putting overlay,Tier 2 - current-price / early value,0.2498477671014111,4.00243721047188,0.23129679141830106,4.323449512066497,0.24884572116085643,4.0185541279755,0.2303691465023873,4.340859074153999,0.22034876811837614,4.538259998180604,Top 20: DG anchor + OTT overlay,Tier 3 - experimental,0.263,0.016,-0.119,0.007,0.168,0.004,-2.521,0,-0.04,0.0691891881073421,2.72655816286977
"Hoey, Rico",23504,0.1335,0.12803090663277913,0.6622516556291391,0.64535,0.6538008278145695,1.5495467575734099,1.5295177941922387,0.6477462608368969,1.5438143922405456,Make Cut: DG anchor + putting overlay,Tier 2 - candidate,0.35465,0.3461991721854305,2.819681376004511,2.8885106619041307,0.3377483443708609,0.3377483443708609,2.960784313725491,0.3403423725774652,2.938217749458717,Miss Cut: DataGolf core; ARG weakness tag,Tier 1 - core,0.014945392338079502,66.91025416924592,0.012572696169039752,79.5374346564183,0.009976899164239763,100.23154324184249,Winner: DG anchor + total SG overlay,Tier 4 - speculative,0.06784167803297021,14.740201436556632,0.061692174995321106,16.20951117505328,0.05614942513449892,17.80962133814594,Top 5: DG anchor + total SG overlay,Tier 3 - semi-core,0.1319936945937205,7.5761194735704755,0.12248596826848127,8.164200472400767,0.09718073685190126,10.290105142173923,Top 10: DG anchor + putting overlay,Tier 2 - current-price / early value,0.24875805880307617,4.019970266738687,0.2367894607294696,4.223160933427241,0.24970346160326967,4.0047502488724245,0.23768937697864392,4.2071716149512595,0.25036013617666825,3.9942461099092212,Top 20: DG anchor + OTT overlay,Tier 3 - experimental,0.126,0.336,-0.028,-0.17,0.265,0.005,5.869,0,-0.04,-0.0173454668361043,2.76889892993656
"Mouw, William",29770,0.15510000000000002,0.1380720651384873,0.6211180124223602,0.64365,0.6323840062111801,1.5536394002951914,1.5813176648652578,0.6037619374319173,1.6562819515477722,Make Cut: DG anchor + putting overlay,Tier 2 - candidate,0.35634999999999994,0.36761599378881993,2.8062298302230957,2.720229850974488,0.3788819875776398,0.3788819875776398,2.6393442622950816,0.39492358558140095,2.5321354219141257,Miss Cut: DataGolf core; ARG weakness tag,Tier 1 - core,0.015114382243958169,66.16214833389837,0.011940524455312384,83.74841521764952,0.008089221604453864,123.62128878375734,Winner: DG anchor + total SG overlay,Tier 4 - speculative,0.07009970637513203,14.265394988227103,0.05780467491676276,17.299638851701427,0.04184684844245504,23.896662167406287,Top 5: DG anchor + total SG overlay,Tier 3 - semi-core,0.13333940185186874,7.4996586613680325,0.11331317104377947,8.825099419498567,0.07874831921230165,12.698683730684442,Top 10: DG anchor + putting overlay,Tier 2 - current-price / early value,0.2479278981405116,4.033430717156551,0.2184136022479603,4.578469425474341,0.2470410368282249,4.047910472037608,0.21763231633635582,4.594905833996072,0.19850227304084728,5.037725687877754,Top 20: DG anchor + OTT overlay,Tier 3 - experimental,0.303,0.073,-0.107,-0.191,0.077,-0.006,3.986,0,-0.04,-0.0751396743075635,2.77535901986885
"Hojgaard, Rasmus",23838,0.10155,0.130578841656819,0.7299270072992701,0.64695,0.688438503649635,1.5457145065306437,1.4525625668795061,0.7663603553144305,1.3048691690082395,Make Cut: DG anchor + putting overlay,Tier 2 - candidate,0.35305,0.311561496350365,2.83245999150262,3.2096392260083855,0.27007299270072993,0.27007299270072993,3.7027027027027026,0.2770264035220296,3.609764222060798,Miss Cut: DataGolf core; ARG weakness tag,Tier 1 - core,0.016586002229821848,60.291804266249706,0.020726334448244274,48.24779810907229,0.026728831209024834,37.412784426666434,Winner: DG anchor + total SG overlay,Tier 4 - speculative,0.07065127003083467,14.154027232115789,0.08900310615538834,11.235562928041237,0.12408584421214942,8.0589369911551,Top 5: DG anchor + total SG overlay,Tier 3 - semi-core,0.13177845327738744,7.588493984635312,0.16196634142205873,6.174122297386207,0.2502916439877015,3.9953391334516017,Top 10: DG anchor + putting overlay,Tier 2 - current-price / early value,0.2454897703288565,4.073489492700272,0.28793745390355924,3.4729764622248016,0.24518271233594116,4.078590984138528,0.2875773024538172,3.477325892785272,0.35114891434878853,2.8477946510372005,Top 20: DG anchor + OTT overlay,Tier 3 - experimental,0.041,0.166,-0.061,0.436,0.582,-0.069,15.454,0,-0.04,0.155144208284095,2.80532157357121
"Kim, Michael",17543,0.1343,0.13821917538243442,0.6993006993006994,0.6506,0.6749503496503497,1.5370427297878881,1.4815904614584443,0.7284876026828192,1.3727069566006003,Make Cut: DG anchor + putting overlay,Tier 2 - candidate,0.34940000000000004,0.3250496503496503,2.8620492272467084,3.076453086241801,0.3006993006993006,0.3006993006993006,3.3255813953488382,0.28574773433662903,3.4995903023396724,Miss Cut: DataGolf core; ARG weakness tag,Tier 1 - core,0.011659440135523723,85.76741150316663,0.01387138673442851,72.09084564833158,0.016701318323439653,59.87551285676285,Winner: DG anchor + total SG overlay,Tier 4 - speculative,0.06646754728934838,15.044936074544351,0.07221761653789209,13.8470368857342,0.0862939885211602,11.588292732057337,Top 5: DG anchor + total SG overlay,Tier 3 - semi-core,0.1278538239980408,7.821432075549995,0.1379188472165804,7.250640649784821,0.1811495209615673,5.520301652976273,Top 10: DG anchor + putting overlay,Tier 2 - current-price / early value,0.24543790290621578,4.074350327146129,0.2613266780007979,3.826628064345374,0.24439775809308442,4.091690561331284,0.2602191979195358,3.8429140047892125,0.27268941614405323,3.6671756980539776,Top 20: DG anchor + OTT overlay,Tier 3 - experimental,0.267,-0.213,0.09,0.317,0.462,-0.024,-1.99,0,-0.04,0.0295958769121721,2.74291038187271
"Smotherman, Austin",22985,0.1461,0.13044401806606365,0.5617977528089888,0.6405,0.6011488764044943,1.5612802498048401,1.6634814423692463,0.5138352956895677,1.9461489087821393,Make Cut: DG anchor + putting overlay,Tier 2 - candidate,0.35950000000000004,0.3988511235955057,2.7816411682892905,2.5072011606369413,0.4382022471910112,0.4382022471910112,2.2820512820512824,0.4879691117991304,2.049310039959341,Miss Cut: DataGolf core; ARG weakness tag,Tier 1 - core,0.014215129071741535,70.34758495354887,0.009599231202537417,104.17500932112819,0.0041240827164830424,242.47816272045714,Winner: DG anchor + total SG overlay,Tier 4 - speculative,0.06943825427650378,14.401283707651846,0.04895081364618839,20.428669628004563,0.021787575166541253,45.89771887675138,Top 5: DG anchor + total SG overlay,Tier 3 - semi-core,0.1322089557794074,7.563784118138826,0.09740873724146304,10.266019541154051,0.041888712644977795,23.87277948776719,Top 10: DG anchor + putting overlay,Tier 2 - current-price / early value,0.24481551875411506,4.084708375878607,0.19234035705715502,5.199116895175797,0.24467666045988168,4.0870265194908715,0.19223126244571406,5.202067485159439,0.15074891233705756,6.633547031928912,Top 20: DG anchor + OTT overlay,Tier 3 - experimental,0.331,0.163,-0.294,-0.473,-0.272,0.051,-3.112,0,-0.04,-0.0682799096696818,2.80470994580395
"Nakajima, Keita",21074,0.1109,0.1356137007079894,0.7246376811594204,0.6518,0.6882188405797103,1.5342129487572873,1.4530261902706205,0.7464835703059741,1.3396142122593706,Make Cut: DG anchor + putting overlay,Tier 2 - candidate,0.34819999999999995,0.3117811594202897,2.871912693854107,3.2073778988420916,0.2753623188405796,0.2753623188405796,3.6315789473684226,0.2791036063511236,3.5828988850182024,Miss Cut: DataGolf core; ARG weakness tag,Tier 1 - core,0.01488910085308561,67.16322294188507,0.018319550426542805,54.586492392909456,0.023342055129013183,42.841129218182786,Winner: DG anchor + total SG overlay,Tier 4 - speculative,0.06690704227746197,14.946109795931838,0.08230172249755734,12.150413984709486,0.11305953889849256,8.844897208521457,Top 5: DG anchor + total SG overlay,Tier 3 - semi-core,0.1297346572933102,7.708040556496426,0.1530921808315071,6.532012246272705,0.2040412355299061,4.900970126959612,Top 10: DG anchor + putting overlay,Tier 2 - current-price / early value,0.24455620561830094,4.089039562385027,0.27784794156516546,3.599090906942939,0.24389991652552592,4.1000424036444585,0.27710231103398275,3.6087753879373596,0.3451855030463221,2.896993040480629,Top 20: DG anchor + OTT overlay,Tier 3 - experimental,-0.006,0.374,-0.038,0.245,0.574,0.024,4.234,0,-0.04,0.133568503539947,2.75112946992888
"Ventura, Kristoffer",15651,0.1079,0.10522968829824815,0.6756756756756757,0.6361,0.6558878378378379,1.5720798616569722,1.5246509270495736,0.6794960174771696,1.4716789712952203,Make Cut: DG anchor + putting overlay,Tier 2 - candidate,0.3639,0.3441121621621621,2.7480076944215446,2.9060292252290467,0.32432432432432434,0.32432432432432434,3.083333333333333,0.34075108104252794,2.9346935509067205,Miss Cut: DataGolf core; ARG weakness tag,Tier 1 - core,0.012653983895849768,79.02649538916975,0.013385325281258234,74.7086812600791,0.014298801284868438,69.93593239583237,Winner: DG anchor + total SG overlay,Tier 4 - speculative,0.061647578273710785,16.221237362481173,0.06505741768423394,15.371037394285336,0.07304332413094146,13.690505078976763,Top 5: DG anchor + total SG overlay,Tier 3 - semi-core,0.12206006575391294,8.1926877052165,0.12674555446185298,7.889823073052816,0.1306935441994345,7.6514873487096615,Top 10: DG anchor + putting overlay,Tier 2 - current-price / early value,0.230772498738046,4.333271969010129,0.2388874294273905,4.186072085906674,0.23016436432674828,4.3447212296529525,0.23825791045500133,4.197132418773837,0.2828352812454969,3.53562679873737,Top 20: DG anchor + OTT overlay,Tier 3 - experimental,-0.004,0.478,-0.116,0.022,0.38,0.007,7.541,0,-0.04,-0.0033515585087592,2.77337651780155
"Cole, Eric",21756,0.10025000000000003,0.10791334008274779,0.7407407407407407,0.6395,0.6901203703703703,1.563721657544957,1.449022580601881,0.773862976930938,1.292218428598172,Make Cut: DG anchor + putting overlay,Tier 2 - candidate,0.36050000000000004,0.30987962962962967,2.773925104022191,3.227059491439328,0.2592592592592593,0.2592592592592593,3.8571428571428563,0.22176968137286823,4.5091826520626554,Miss Cut: DataGolf core; ARG weakness tag,Tier 1 - core,0.013265316129589257,75.38455851567886,0.01870765806479463,53.45404521167026,0.026507295451478164,37.72546323447101,Winner: DG anchor + total SG overlay,Tier 4 - speculative,0.0639446643600994,15.638521368547307,0.0848397206480632,11.786931785740492,0.12623574812753452,7.921686327629726,Top 5: DG anchor + total SG overlay,Tier 3 - semi-core,0.12168507326489034,8.217934814594297,0.15632666572094917,6.396861312100454,0.244034876832135,4.097774928654452,Top 10: DG anchor + putting overlay,Tier 2 - current-price / early value,0.2302030022519827,4.343991999311065,0.28196520961997534,3.5465368275319196,0.2311016857015181,4.327099549120385,0.28306596619026925,3.532745435485618,0.3320308793436717,3.011768068008339,Top 20: DG anchor + OTT overlay,Tier 3 - experimental,0.134,-0.167,0.278,0.405,0.65,-0.024,-2.501,0,-0.04,0.0483167004137388,2.76652560455973
"Roy, Kevin",18424,0.09715000000000001,0.09746410828958055,0.6896551724137931,0.6384,0.6640275862068965,1.5664160401002507,1.5059615304723528,0.6960023350338912,1.4367767889044596,Make Cut: DG anchor + putting overlay,Tier 2 - candidate,0.36160000000000003,0.3359724137931035,2.765486725663717,2.9764348468675585,0.31034482758620685,0.31034482758620685,3.2222222222222228,0.2960025045960543,3.3783497925622954,Miss Cut: DataGolf core; ARG weakness tag,Tier 1 - core,0.012266339842145839,81.52391119672932,0.01364150325440627,73.30570402327143,0.01533022299183724,65.23062322918994,Winner: DG anchor + total SG overlay,Tier 4 - speculative,0.05892121458589838,16.97181578872833,0.06516054115538304,15.34671109644994,0.07707849218353598,12.97378778010918,Top 5: DG anchor + total SG overlay,Tier 3 - semi-core,0.11804571994903806,8.47129400737031,0.12767515393056303,7.83237747685706,0.1394231229482294,7.172411425408396,Top 10: DG anchor + putting overlay,Tier 2 - current-price / early value,0.22714913283789775,4.402394090201692,0.24442081315832037,4.091304611413199,0.22712056341680867,4.402947865908615,0.2443900714114917,4.091819255276743,0.2827726008002406,3.536410519159285,Top 20: DG anchor + OTT overlay,Tier 3 - experimental,0.053,0.218,0.084,0.051,0.406,0.019,1.761,0,-0.04,0.0115705414479027,2.74230999737121
"Li, Haotong",15310,0.07129999999999999,0.08150597127754108,0.6134969325153374,0.62335,0.6184234662576686,1.6042351808775168,1.61701496557271,0.6012320822667928,1.6632512294250068,Make Cut: DG anchor + putting overlay,Tier 2 - candidate,0.37665000000000004,0.38157653374233136,2.65498473383778,2.620706232095692,0.38650306748466257,0.38650306748466257,2.5873015873015874,0.4323300437647165,2.3130476690725246,Miss Cut: DataGolf core; ARG weakness tag,Tier 1 - core,0.013432493686592039,74.44634059260149,0.01052458017662932,95.01566648906156,0.006682490127433236,149.6448151707338,Winner: DG anchor + total SG overlay,Tier 4 - speculative,0.05913898571432525,16.909319426453568,0.05017272067101543,19.931149569445132,0.03482563605417245,28.71447913957598,Top 5: DG anchor + total SG overlay,Tier 3 - semi-core,0.12045341651957159,8.301964600875538,0.103505364464692,9.661334996227394,0.07598235665575631,13.160950041738953,Top 10: DG anchor + putting overlay,Tier 2 - current-price / early value,0.22637291535127205,4.41748960315442,0.20266241852034703,4.934313955695744,0.22769909140929823,4.391761046610678,0.20384968973999054,4.905575285768136,0.1956745891815516,5.110525613891419,Top 20: DG anchor + OTT overlay,Tier 3 - experimental,0.099,0.235,-0.279,-0.14,-0.085,-0.027,5.7,0,-0.04,0.0610298563877055,2.80885089187812
"Dahmen, Joel",14509,0.09245,0.09377008329112478,0.5813953488372093,0.6352,0.6082976744186046,1.5743073047858942,1.6439319794470273,0.5464781809531069,1.8298992253559154,Make Cut: DG anchor + putting overlay,Tier 2 - candidate,0.3648,0.3917023255813954,2.7412280701754383,2.5529590576612518,0.41860465116279066,0.41860465116279066,2.3888888888888893,0.44318919921948646,2.256372677315082,Miss Cut: DataGolf core; ARG weakness tag,Tier 1 - core,0.010508860591491488,95.15779482407933,0.0075377636290790435,132.66534335757342,0.003852092811379558,259.5991449234755,Winner: DG anchor + total SG overlay,Tier 4 - speculative,0.055878764626104575,17.895885971910616,0.04182645241887239,23.90831500566835,0.02196517122105327,45.526619844488884,Top 5: DG anchor + total SG overlay,Tier 3 - semi-core,0.11297198571531644,8.85175199557834,0.08753193140984677,11.424402316884173,0.045789254471214624,21.839185012908413,Top 10: DG anchor + putting overlay,Tier 2 - current-price / early value,0.2212001252534116,4.520793100159318,0.1807318665172598,5.533058553924138,0.2220650800186589,4.5031843814253705,0.18143857899763047,5.511507009835321,0.14740537956607797,6.784012923705585,Top 20: DG anchor + OTT overlay,Tier 3 - experimental,0.231,0.064,-0.153,-0.353,-0.211,0.084,-9.24,0,-0.04,0.0166004164556239,2.70658462887754
"Bezuidenhout, Christiaan",18103,0.09840000000000002,0.09502461371243019,0.6993006993006994,0.6362,0.6677503496503496,1.5718327569946557,1.4975656703491422,0.7288240698794447,1.3720732359531027,Make Cut: DG anchor + putting overlay,Tier 2 - candidate,0.3638,0.33224965034965037,2.7487630566245187,3.0097849582313407,0.3006993006993006,0.3006993006993006,3.3255813953488382,0.27148792270350713,3.683405103408977,Miss Cut: DataGolf core; ARG weakness tag,Tier 1 - core,0.009585709344507838,104.32196137607208,0.01019285467225392,98.1079424905479,0.011035407783371698,90.61740350971112,Winner: DG anchor + total SG overlay,Tier 4 - speculative,0.05371303820652431,18.617453664695773,0.0576352525688706,17.350492197549777,0.06671038723547838,14.9901693190618,Top 5: DG anchor + total SG overlay,Tier 3 - semi-core,0.10812394359073423,9.248645274955509,0.11618914931691962,8.606655663450827,0.15368879583058515,6.506655183259579,Top 10: DG anchor + putting overlay,Tier 2 - current-price / early value,0.21897690355315477,4.566691663704426,0.23365681432837737,4.27978102361105,0.2181848768975616,4.583269079962415,0.23281169129391024,4.295316933794198,0.2364056174712986,4.230017927223779,Top 20: DG anchor + OTT overlay,Tier 3 - experimental,0.246,-0.352,0.19,0.321,0.406,0.019,-10.063,0,-0.04,-0.0068769314378491,2.61272569270169
"Finau, Tony",11676,0.053,0.05658771832889608,0.6451612903225806,0.61695,0.6310556451612903,1.6208768943998704,1.5846463107772562,0.6291412263564623,1.5894682435472993,Make Cut: DG anchor + putting overlay,Tier 2 - candidate,0.38305,0.3689443548387097,2.610625244746117,2.71043583371039,0.3548387096774194,0.3548387096774194,2.818181818181818,0.314935976177332,3.1752485446023697,Miss Cut: DataGolf core; ARG weakness tag,Tier 1 - core,0.012321650233076504,81.15796026376226,0.011102491783204903,90.06987075754762,0.009307772992309622,107.43708520031932,Winner: DG anchor + total SG overlay,Tier 4 - speculative,0.05886678110962142,16.9875094433617,0.05618877084581601,17.797150301508385,0.05083838271131044,19.67017726898542,Top 5: DG anchor + total SG overlay,Tier 3 - semi-core,0.11318536068581977,8.83506483471659,0.11035221626994589,9.061893216116106,0.0915735046204055,10.920189241912754,Top 10: DG anchor + putting overlay,Tier 2 - current-price / early value,0.21851166104929962,4.576414801836981,0.2143808848453293,4.66459498346355,0.21795279326887168,4.588149502476789,0.21383258198266122,4.676555792985214,0.21681127231871553,4.612306312791644,Top 20: DG anchor + OTT overlay,Tier 3 - experimental,0.087,-0.003,0.241,-0.182,0.143,-0.058,9.25,0,-0.04,0.0279385916444804,2.81125579246719
"Pendrith, Taylor",17780,0.06394999999999999,0.05669026674354687,0.6289308176100629,0.6195,0.6242154088050315,1.6142050040355125,1.602011078057738,0.6161457511566607,1.6229926086851174,Make Cut: DG anchor + putting overlay,Tier 2 - candidate,0.38049999999999995,0.37578459119496854,2.6281208935611042,2.661099000414228,0.37106918238993714,0.37106918238993714,2.694915254237288,0.3686402562476363,2.712671725489047,Miss Cut: DataGolf core; ARG weakness tag,Tier 1 - core,0.011274712252556291,88.69405955555736,0.009837356126278146,101.65332912252093,0.007823949065751793,127.8126930014608,Winner: DG anchor + total SG overlay,Tier 4 - speculative,0.05620416655394241,17.79227522287412,0.05211196422935216,19.189451305248404,0.04482934312690999,22.306818040341167,Top 5: DG anchor + total SG overlay,Tier 3 - semi-core,0.10961436376123987,9.122891979541867,0.10349249934093738,9.662535994088618,0.08510249796727234,11.750536398879472,Top 10: DG anchor + putting overlay,Tier 2 - current-price / early value,0.2144807740793465,4.662422561147849,0.20484933454233373,4.881636556126288,0.21421803444153498,4.668141048941064,0.20459839344892053,4.887623911131332,0.21130985178072886,4.73238702111095,Top 20: DG anchor + OTT overlay,Tier 3 - experimental,0.052,0.199,0.003,-0.147,0.107,-0.037,8.891,0,-0.04,-0.0262986662822656,2.77156388229798
"Bauchou, Zach",19846,0.08665000000000002,0.07745245469096107,0.6666666666666666,0.6279,0.6472833333333333,1.5926102882624622,1.5449185055488324,0.6855844566493502,1.4586094977813377,Make Cut: DG anchor + putting overlay,Tier 2 - candidate,0.3721,0.3527166666666667,2.6874496103198067,2.8351367953503757,0.33333333333333337,0.33333333333333337,2.9999999999999996,0.32788622870879414,3.0498383660026502,Miss Cut: DataGolf core; ARG weakness tag,Tier 1 - core,0.009531649998622162,104.91362986938819,0.01009915833264443,99.018152509562,0.0105564285722326,94.72900736811485,Winner: DG anchor + total SG overlay,Tier 4 - speculative,0.05355086601245414,18.673834327299833,0.05569285694802602,17.955624020746956,0.05956921939920632,16.787193286828998,Top 5: DG anchor + total SG overlay,Tier 3 - semi-core,0.10748554698029825,9.303576416495297,0.11174312762675312,8.949096210553746,0.1301687857482581,7.682333320170668,Top 10: DG anchor + putting overlay,Tier 2 - current-price / early value,0.21432578375762418,4.665794205753964,0.2216728458171666,4.511152443203573,0.21396823790151207,4.673590855388043,0.22130304333216022,4.518690682888941,0.2339493524779964,4.2744294412785475,Top 20: DG anchor + OTT overlay,Tier 3 - experimental,0.139,-0.042,0.023,0.184,0.303,-0.002,-2.634,0,-0.04,-0.0359877265451947,2.6960725089983
"Blair, Zac",17639,0.07985000000000002,0.08531692380325602,0.6535947712418301,0.63965,0.646622385620915,1.5633549597436096,1.5464976503090848,0.665923461971328,1.5016740768371606,Make Cut: DG anchor + putting overlay,Tier 2 - candidate,0.36034999999999995,0.353377614379085,2.7750797835437773,2.829834033933039,0.3464052287581699,0.3464052287581699,2.8867924528301887,0.33041129044912504,3.026530959764447,Miss Cut: DataGolf core; ARG weakness tag,Tier 1 - core,0.010454346363054787,95.65399550314855,0.008343839848194043,119.84889669430099,0.00573508151318827,174.3654379977724,Winner: DG anchor + total SG overlay,Tier 4 - speculative,0.051985090756501824,19.236284585593978,0.04502681455814511,22.20898835090046,0.034864866037617646,28.68216957785079,Top 5: DG anchor + total SG overlay,Tier 3 - semi-core,0.10371279566970097,9.6420118032952,0.09509497934593199,10.515802273453867,0.09218589082347885,10.847646977939814,Top 10: DG anchor + putting overlay,Tier 2 - current-price / early value,0.2138091729409493,4.677067808854881,0.20327940637619515,4.919337466724834,0.21373141888632918,4.6787692947092605,0.20320548158686497,4.921127088653494,0.1787947682081744,5.59300481787968,Top 20: DG anchor + OTT overlay,Tier 3 - experimental,0.309,-0.44,0.089,0.11,0.067,0.063,-19.123,0,-0.04,0.03733461901628,2.58731845738087
"Hodges, Lee",25157,0.07295,0.07189908134571121,0.6493506493506493,0.6288,0.6390753246753247,1.5903307888040712,1.5647607744956187,0.6544773845340095,1.5279366768524842,Make Cut: DG anchor + putting overlay,Tier 2 - candidate,0.3712,0.3609246753246753,2.6939655172413794,2.770661216500187,0.35064935064935066,0.35064935064935066,2.8518518518518516,0.3665298103000752,2.728291047272001,Miss Cut: DataGolf core; ARG weakness tag,Tier 1 - core,0.008724177998560005,114.62397949297434,0.008553755665946652,116.90771154255657,0.007965691539451272,125.5383785635373,Winner: DG anchor + total SG overlay,Tier 4 - speculative,0.05166156953899915,19.35674833195115,0.049870659108123924,20.051870536379177,0.04639962772877364,21.55189705067124,Top 5: DG anchor + total SG overlay,Tier 3 - semi-core,0.11073293301814044,9.0307370422147,0.10511947461207832,9.512985140862748,0.09997098566155496,10.002902275920661,Top 10: DG anchor + putting overlay,Tier 2 - current-price / early value,0.21349922389566003,4.683857775936055,0.209675381375162,4.769277124674682,0.21346268000883797,4.684659632112728,0.20963949200157772,4.7700936042741136,0.2216783587981771,4.511040254093685,Top 20: DG anchor + OTT overlay,Tier 3 - experimental,0.064,0.181,-0.109,0.034,0.171,0.063,-5.107,0,-0.04,0.0047454067285561,2.70007005396181
"McGreevy, Max",23505,0.07680000000000001,0.062678966534757,0.6289308176100629,0.623,0.6259654088050315,1.6051364365971108,1.5975323651014532,0.6157431867318434,1.6240536989254593,Make Cut: DG anchor + putting overlay,Tier 2 - candidate,0.377,0.3740345911949685,2.6525198938992043,2.6735495153140585,0.37106918238993714,0.37106918238993714,2.694915254237288,0.358950819520423,2.7858969686600856,Miss Cut: DataGolf core; ARG weakness tag,Tier 1 - core,0.009369639633234467,106.72769062034808,0.008059819816617233,124.07225257545615,0.006179217494241805,161.8327888493753,Winner: DG anchor + total SG overlay,Tier 4 - speculative,0.05123044139532533,19.51964442943972,0.04527197003628701,22.088722871977215,0.035696393732561844,28.01403434453412,Top 5: DG anchor + total SG overlay,Tier 3 - semi-core,0.10599679122396925,9.434247852720546,0.09496436230732633,10.53026604615921,0.07302439832978393,13.694053259897073,Top 10: DG anchor + putting overlay,Tier 2 - current-price / early value,0.21174309404724176,4.722704201993436,0.19615003882117538,5.098138170197727,0.21127545198737577,4.733157546669229,0.19571683457142233,5.109422509258257,0.1851534694704359,5.400924988660142,Top 20: DG anchor + OTT overlay,Tier 3 - experimental,0.169,-0.029,0.062,-0.151,0.051,0.05,-6.321,0,-0.04,-0.060605167326215,2.70326246337748
"Castillo, Ricky",27819,0.06115000000000001,0.06182453693904271,0.6993006993006994,0.623,0.6611503496503497,1.6051364365971108,1.5125152705868665,0.7136875221545812,1.4011734392960353,Make Cut: DG anchor + putting overlay,Tier 2 - candidate,0.377,0.3388496503496503,2.6525198938992043,2.9511613748697263,0.3006993006993006,0.3006993006993006,3.3255813953488382,0.28358030901541614,3.5263379304154627,Miss Cut: DataGolf core; ARG weakness tag,Tier 1 - core,0.009369639633234467,106.72769062034808,0.011076486483283883,90.28133618987874,0.012911724725728503,77.44898696665625,Winner: DG anchor + total SG overlay,Tier 4 - speculative,0.053010555241314046,18.864167625632508,0.06015719891695333,16.623114406980523,0.07147468313515154,13.990967936284504,Top 5: DG anchor + total SG overlay,Tier 3 - semi-core,0.10679419280395909,9.363805032317524,0.12015766104566905,8.322399015572747,0.14510022133009065,6.891788247001258,Top 10: DG anchor + putting overlay,Tier 2 - current-price / early value,0.21174309404724176,4.722704201993436,0.2348738795753284,4.2576041312387884,0.21203313983602332,4.716243888919223,0.23519560992489255,4.251780040959694,0.2718712186114772,3.678212078157009,Top 20: DG anchor + OTT overlay,Tier 3 - experimental,0.02,0.101,0.105,0.144,0.37,-0.008,2.975,0,-0.04,0.0133726846952135,2.70098214711212
"Hoge, Tom",15575,0.055049999999999995,0.057089095963057654,0.5649717514124294,0.6218,0.5933858757062147,1.608234158893535,1.6852440223823257,0.5530270475906578,1.8082298223145585,Make Cut: DG anchor + putting overlay,Tier 2 - candidate,0.3782,0.4066141242937853,2.6441036488630356,2.459334145700959,0.4350282485875706,0.4350282485875706,2.2987012987012987,0.4473284346788784,2.235493929014071,Miss Cut: DataGolf core; ARG weakness tag,Tier 1 - core,0.010945891342791975,91.35848042731708,0.007472945671395987,133.8160404173251,0.003324785352190147,300.7712962105258,Winner: DG anchor + total SG overlay,Tier 4 - speculative,0.05506587517500565,18.160067316135187,0.04090625769332293,24.446137495565345,0.020626504720846785,48.481311474421574,Top 5: DG anchor + total SG overlay,Tier 3 - semi-core,0.10764512606275083,9.289784280776988,0.08455219606038346,11.827013922687993,0.05412091278462471,18.477145867430593,Top 10: DG anchor + putting overlay,Tier 2 - current-price / early value,0.2113299485379635,4.731936987247972,0.17330990578422575,5.770010637735963,0.2107456958495321,4.7450553899519665,0.1728307650893704,5.786006903822374,0.12827346320537586,7.795844713406714,Top 20: DG anchor + OTT overlay,Tier 3 - experimental,0.291,-0.334,-0.082,-0.133,-0.258,-0.001,-7.301,0,-0.04,0.0201954798152883,2.76059767210327
"Coody, Pierceson",28309,0.03555,0.03795110491281284,0.6756756756756757,0.60785,0.6417628378378378,1.6451427161306242,1.5582080186648053,0.6946776791897592,1.43951652681047,Make Cut: DG anchor + putting overlay,Tier 2 - candidate,0.39215,0.35823716216216217,2.5500446257809513,2.791446855944367,0.32432432432432434,0.32432432432432434,3.083333333333333,0.32811639509071655,3.0476989719563488,Miss Cut: DataGolf core; ARG weakness tag,Tier 1 - core,0.010617966100905662,94.17999553744147,0.011808983050452831,84.68129691842124,0.01278496122940918,78.216897341832,Winner: DG anchor + total SG overlay,Tier 4 - speculative,0.052308761183243194,19.11725640943575,0.0591258226911887,16.91308390283128,0.06709995641451108,14.903139337714075,Top 5: DG anchor + total SG overlay,Tier 3 - semi-core,0.10318203944438782,9.691609173309386,0.11599198819816242,8.621285103688242,0.1446106768582331,6.915118729306101,Top 10: DG anchor + putting overlay,Tier 2 - current-price / early value,0.20137004596516508,4.96598188279199,0.22356258548952004,4.4730203750791615,0.20315830803213492,4.922269779101642,0.2255479278938902,4.433647470574208,0.26349232945744044,3.7951768920905953,Top 20: DG anchor + OTT overlay,Tier 3 - experimental,-0.043,0.176,-0.036,0.188,0.284,-0.036,11.549,0,-0.04,0.0220055245640642,2.79786743022106
"Eckroat, Austin",26653,0.030200000000000005,0.027905767464436963,0.6329113924050632,0.60585,0.6193806962025317,1.650573574317075,1.614515928783498,0.6552500783118004,1.5261348805580006,Make Cut: DG anchor + putting overlay,Tier 2 - candidate,0.39415,0.38061930379746833,2.5371051630090067,2.6272971182042593,0.3670886075949368,0.3670886075949368,2.724137931034482,0.3888241788996504,2.571856520934324,Miss Cut: DataGolf core; ARG weakness tag,Tier 1 - core,0.008563476660021304,116.7750015211126,0.007915071663343952,126.34124396259995,0.00667477034437185,149.817888617426,Winner: DG anchor + total SG overlay,Tier 4 - speculative,0.045650953792180766,21.905347357085954,0.04449048681672528,22.476715171030015,0.03954604119917357,25.28698119145483,Top 5: DG anchor + total SG overlay,Tier 3 - semi-core,0.0975127645917862,10.25506767433228,0.09430679325067906,10.60368999444056,0.10474766259349466,9.546752407075715,Top 10: DG anchor + putting overlay,Tier 2 - current-price / early value,0.20131847700103167,4.9672539495461985,0.19512645433547082,5.124881725574492,0.2008147478793647,4.97971394312498,0.19463821858622118,5.137737116911693,0.1909203137520755,5.23778732785122,Top 20: DG anchor + OTT overlay,Tier 3 - experimental,0.083,-0.089,-0.142,0.21,0.062,-0.007,-0.035,0,-0.04,-0.0014711626778152,2.73655453080363
"Dou, Zecheng",16757,0.03275,0.01743183058618952,0.6451612903225806,0.60685,0.6260056451612903,1.6478536705940512,1.59742968410828,0.6497355845193036,1.5390876286079267,Make Cut: DG anchor + putting overlay,Tier 2 - candidate,0.39315,0.3739943548387097,2.543558438255119,2.67383715037962,0.3548387096774194,0.3548387096774194,2.818181818181818,0.34504305622337733,2.898189028770399,Miss Cut: DataGolf core; ARG weakness tag,Tier 1 - core,0.00926177376482602,107.97067876973615,0.009455886882413011,105.75422616993214,0.009164931308517251,109.1115651975121,Winner: DG anchor + total SG overlay,Tier 4 - speculative,0.04811291806948419,20.784438777041338,0.04992782507610814,20.02891170355682,0.049866844926964846,20.053404250150646,Top 5: DG anchor + total SG overlay,Tier 3 - semi-core,0.09682522255486431,10.327887441037046,0.10076356432901015,9.924222179505582,0.1046885934335275,9.552139036378922,Top 10: DG anchor + putting overlay,Tier 2 - current-price / early value,0.19709113984681662,5.073794797560261,0.2030433707915218,4.925056139984825,0.19710931304984755,5.073327000774982,0.2030620928325245,4.924602056695782,0.22012537866185317,4.542865552709193,Top 20: DG anchor + OTT overlay,Tier 3 - experimental,0.006,0.087,0.049,0.028,0.17,-0.032,6.067,0,-0.04,-0.0665908470690524,2.7689391049282
"Clanton, Luke",32330,0.01645,0.013480983351448999,0.5494505494505494,0.60765,0.5785502747252746,1.6456841932033242,1.728458257970496,0.5365823808615794,1.8636467309909066,Make Cut: DG anchor + putting overlay,Tier 2 - candidate,0.39235,0.42144972527472535,2.5487447432139674,2.3727622537851745,0.4505494505494506,0.4505494505494506,2.219512195121951,0.4705231377209574,2.1252939968980815,Miss Cut: DataGolf core; ARG weakness tag,Tier 1 - core,0.009315692506090899,107.34575012498189,0.0069911795863787495,143.03737840583412,0.003865621870130308,258.6905894047755,Winner: DG anchor + total SG overlay,Tier 4 - speculative,0.04891777835562667,20.44246557417457,0.03849207039474453,25.9793767844853,0.021517922666199236,46.472887532532084,Top 5: DG anchor + total SG overlay,Tier 3 - semi-core,0.09978888847436326,10.021155814927328,0.08048147144608384,12.425220141134226,0.05352316397722064,18.683499361614686,Top 10: DG anchor + putting overlay,Tier 2 - current-price / early value,0.1966273235983457,5.0857631670902395,0.16509247361916135,6.057211319680267,0.197676815768089,5.0587621826789375,0.16597364951667187,6.025052789476387,0.132873254635813,7.5259690352348185,Top 20: DG anchor + OTT overlay,Tier 3 - experimental,0.146,-0.149,-0.125,-0.141,-0.269,-0.009,0.292,0,-0.04,-0.004845083242755,2.78621177180023
"Glover, Lucas",7399,0.04229999999999999,0.022788439670590407,0.5102040816326531,0.6029,0.5565520408163265,1.658649859014762,1.7967771684625273,0.45323813326662404,2.206345685859877,Make Cut: DG anchor + putting overlay,Tier 2 - candidate,0.3971,0.4434479591836735,2.5182573659027954,2.255056042744817,0.4897959183673469,0.4897959183673469,2.0416666666666665,0.5035097215146839,1.9860589721917354,Miss Cut: DataGolf core; ARG weakness tag,Tier 1 - core,0.00893886508510084,111.87102506634587,0.00563609920921707,177.42767876843556,0.0018072059408237788,553.3403678078714,Winner: DG anchor + total SG overlay,Tier 4 - speculative,0.045597540040563656,21.931007662044887,0.03137269859171038,31.87484803313128,0.011703710814383587,85.44298606310602,Top 5: DG anchor + total SG overlay,Tier 3 - semi-core,0.09281133138395893,10.774546438333232,0.06724992675499052,14.869904671320574,0.02586424413542003,38.66341481947816,Top 10: DG anchor + putting overlay,Tier 2 - current-price / early value,0.19451478719737947,5.140997321634332,0.14768834165526273,6.771015157948088,0.19403321496993525,5.15375679444855,0.14732270054034688,6.787820182037273,0.10274395067645761,9.732933115926372,Top 20: DG anchor + OTT overlay,Tier 3 - experimental,0.221,-0.059,-0.089,-0.556,-0.483,0.076,-11.148,0,-0.04,-0.0875578016470479,2.71244714390631
"Taylor, Nick",13126,0.021800000000000007,0.026785591028398205,0.6993006993006994,0.6145,0.6569003496503497,1.6273393002441008,1.522300909920771,0.7296640914803677,1.3704936445086198,Make Cut: DG anchor + putting overlay,Tier 2 - candidate,0.38549999999999995,0.3430996503496503,2.594033722438392,2.914605127055383,0.3006993006993006,0.3006993006993006,3.3255813953488382,0.2712073223571494,3.6872160799667237,Miss Cut: DataGolf core; ARG weakness tag,Tier 1 - core,0.006396660909392663,156.33156332104932,0.00888999712136298,112.4859756812479,0.011615592456207016,86.09117475240195,Winner: DG anchor + total SG overlay,Tier 4 - speculative,0.041764228038762986,23.943935922193067,0.052721856684124144,18.96746554263755,0.0688140816382947,14.531909402733422,Top 5: DG anchor + total SG overlay,Tier 3 - semi-core,0.09054463271053786,11.044276950097085,0.11050448656931393,9.049406327703718,0.16219244845203967,6.165515161426891,Top 10: DG anchor + putting overlay,Tier 2 - current-price / early value,0.19224841831233505,5.201603262999839,0.22464686276413354,4.451430960110684,0.19203972304895525,5.207255999557328,0.22440299737057884,4.456268462174777,0.25785322436925684,3.878175277606602,Top 20: DG anchor + OTT overlay,Tier 3 - experimental,0.0,-0.122,0.192,0.331,0.402,0.035,-7.426,0,-0.04,0.034927955141991,2.6378594151539
"Shipley, Neal",32055,0.009599999999999994,-0.0020674834326187864,0.5882352941176471,0.59195,0.5900926470588235,1.6893318692457133,1.6946491453236407,0.5582819124517203,1.791209741344574,Make Cut: DG anchor + putting overlay,Tier 2 - candidate,0.40805,0.40990735294117653,2.4506800637176815,2.439575657340073,0.4117647058823529,0.4117647058823529,2.428571428571429,0.45412420834220124,2.2020407228465984,Miss Cut: DataGolf core; ARG weakness tag,Tier 1 - core,0.009315692506090899,107.34575012498189,0.007899512919712099,126.59008348535562,0.00557233646410358,179.45793590209377,Winner: DG anchor + total SG overlay,Tier 4 - speculative,0.049938676272568934,20.02455961271234,0.04317195087077222,23.16318766769024,0.029721617642161267,33.64554419748208,Top 5: DG anchor + total SG overlay,Tier 3 - semi-core,0.09841227196247941,10.161334354533134,0.08692019682780056,11.504805977155359,0.05790499855049654,17.269666264268043,Top 10: DG anchor + putting overlay,Tier 2 - current-price / early value,0.19178493841159142,5.21417379426267,0.1750515685391967,5.7126023396704655,0.19269783182167752,5.189471985992035,0.1758848113614339,5.68553925867455,0.18679378818713496,5.353497082023806,Top 20: DG anchor + OTT overlay,Tier 3 - experimental,-0.124,0.536,-0.255,-0.307,-0.151,0.035,5.212,0,-0.04,-0.0483374171630939,2.81582021150764
"Hossler, Beau",15470,0.004250000000000004,0.010818961240566444,0.7092198581560284,0.6035,0.6563599290780142,1.657000828500414,1.5235543117397423,0.7432816427265565,1.3453850364603808,Make Cut: DG anchor + putting overlay,Tier 2 - candidate,0.39649999999999996,0.3436400709219858,2.5220680958385877,2.91002151558461,0.2907801418439716,0.2907801418439716,3.439024390243903,0.2587540431924819,3.8646739106454087,Miss Cut: DataGolf core; ARG weakness tag,Tier 1 - core,0.008670580732188744,115.33252856842573,0.013160290366094372,75.98616536428092,0.018674216542438966,53.54976995834889,Winner: DG anchor + total SG overlay,Tier 4 - speculative,0.04650620035584531,21.50250917831242,0.06451809717166965,15.499527168930628,0.09395274331629672,10.643648761095234,Top 5: DG anchor + total SG overlay,Tier 3 - semi-core,0.09666659817364402,10.344834916024263,0.126733921173069,7.89054730370404,0.2003079404659501,4.992313323544893,Top 10: DG anchor + putting overlay,Tier 2 - current-price / early value,0.18921064617002087,5.285114871926499,0.23832981387064092,4.195866156060414,0.19009868319798892,5.2604257072022635,0.23944838570510144,4.176265365311648,0.2990391066712638,3.3440442326471644,Top 20: DG anchor + OTT overlay,Tier 3 - experimental,-0.123,0.048,0.215,0.384,0.524,-0.005,-0.175,0,-0.04,0.0428448062028322,2.73546028159514
"Echavarria, Nico",22833,-0.01475,-0.00860803065899904,0.6493506493506493,0.59415,0.6217503246753247,1.6830766641420518,1.6083626502683304,0.6806208034971676,1.4692468917520556,Make Cut: DG anchor + putting overlay,Tier 2 - candidate,0.40585000000000004,0.37824967532467535,2.4639645189109274,2.643756400165149,0.35064935064935066,0.35064935064935066,2.8518518518518516,0.34394404851457794,2.9074496399015763,Miss Cut: DataGolf core; ARG weakness tag,Tier 1 - core,0.008136289513510205,122.90614761673768,0.009159811423421753,109.17255320813564,0.00958698480660767,104.30808227741915,Winner: DG anchor + total SG overlay,Tier 4 - speculative,0.04314559408469,23.177337598761795,0.0490253472467702,20.39761176940731,0.052120917183351746,19.186155080160713,Top 5: DG anchor + total SG overlay,Tier 3 - semi-core,0.09070267121078508,11.02503362526212,0.10020466683434853,9.979575119521442,0.1353408409045793,7.38875267300164,Top 10: DG anchor + putting overlay,Tier 2 - current-price / early value,0.18468237673177063,5.4147018123574515,0.20111979299042732,4.972161044575046,0.18550821883363833,5.390596741682851,0.20201913810125857,4.9500260688112006,0.21408641650216434,4.671010969955165,Top 20: DG anchor + OTT overlay,Tier 3 - experimental,0.003,-0.202,0.03,0.311,0.142,0.011,-5.324,0,-0.04,0.0407098467050048,2.77567243482061
"Hubbard, Mark",16333,0.0002500000000000002,-0.00376508977563716,0.5405405405405405,0.597,0.5687702702702702,1.6750418760469012,1.7581790966760915,0.5034146467547471,1.986434058775367,Make Cut: DG anchor + putting overlay,Tier 2 - candidate,0.403,0.43122972972972984,2.4813895781637716,2.318949578515245,0.45945945945945954,0.45945945945945954,2.176470588235294,0.4579289181549629,2.1837450319344116,Miss Cut: DataGolf core; ARG weakness tag,Tier 1 - core,0.008189578664628815,122.10640387631274,0.005903122665647707,169.40186688298763,0.002918880798460603,342.59706683719077,Winner: DG anchor + total SG overlay,Tier 4 - speculative,0.04282652252071612,23.35001632496027,0.03271241469951151,30.56943393466251,0.01656531235641834,60.367107995554534,Top 5: DG anchor + total SG overlay,Tier 3 - semi-core,0.08791297500717454,11.374885219370524,0.06958795215005192,14.370303610080496,0.03721084934646352,26.87388268644932,Top 10: DG anchor + putting overlay,Tier 2 - current-price / early value,0.18396226627876577,5.435897373022454,0.1510307587139719,6.621167823793034,0.18327046746395714,5.456416485632989,0.15046280039299945,6.646161027098143,0.1193057848520706,8.381823238830522,Top 20: DG anchor + OTT overlay,Tier 3 - experimental,0.109,-0.09,-0.003,-0.369,-0.352,0.009,-4.764,0,-0.04,-0.0100754488781858,2.74713522974769
"Fishburn, Patrick",25094,-0.010850000000000002,-0.010502422194275902,0.6172839506172839,0.58945,0.6033669753086419,1.6964967342437864,1.65736614850103,0.6188009129696759,1.6160286435275584,Make Cut: DG anchor + putting overlay,Tier 2 - candidate,0.41054999999999997,0.3966330246913581,2.4357569114602367,2.5212222325111604,0.3827160493827161,0.3827160493827161,2.6129032258064515,0.3908470673904402,2.5585454860303227,Miss Cut: DataGolf core; ARG weakness tag,Tier 1 - core,0.008029806513535,124.53600199636259,0.0079982365901008,125.0275593544798,0.007219854712375177,138.50694229150514,Winner: DG anchor + total SG overlay,Tier 4 - speculative,0.04144592731180063,24.1278230422239,0.04182810915854582,23.907368038310956,0.037672751227110106,26.544384666028293,Top 5: DG anchor + total SG overlay,Tier 3 - semi-core,0.08738717394156405,11.443326919677043,0.08777031866501372,11.393373240635295,0.0860438239699198,11.62198463366286,Top 10: DG anchor + putting overlay,Tier 2 - current-price / early value,0.18164818307008523,5.505147274796415,0.1823336302901326,5.484451762457544,0.18235209321692286,5.483896468412992,0.1830401966333888,5.46328084427761,0.19679678747961774,5.08138376041108,Top 20: DG anchor + OTT overlay,Tier 3 - experimental,-0.084,0.167,-0.06,-0.004,0.019,-0.008,3.305,0,-0.04,0.0117378890286205,2.76995097082225
"Jaeger, Stephan",16394,-0.043499999999999976,-0.0487859480713925,0.6211180124223602,0.5775,0.5993090062111801,1.7316017316017316,1.6685883069269734,0.6491183569442397,1.5405511018168627,Make Cut: DG anchor + putting overlay,Tier 2 - candidate,0.4225,0.4006909937888199,2.366863905325444,2.4956887364606946,0.3788819875776398,0.3788819875776398,2.6393442622950816,0.3400753848141362,2.9405244973744193,Miss Cut: DataGolf core; ARG weakness tag,Tier 1 - core,0.008563476660021304,116.7750015211126,0.008740071663343951,114.41553782608231,0.008281494482940948,120.75115210906681,Winner: DG anchor + total SG overlay,Tier 4 - speculative,0.042401367728359785,23.58414488906118,0.044723650134021145,22.359534541642947,0.043723212822032606,22.871146364982792,Top 5: DG anchor + total SG overlay,Tier 3 - semi-core,0.08701921965402666,11.49171417505037,0.09173554717670068,10.9008997141948,0.11544736860018691,8.661955764995938,Top 10: DG anchor + putting overlay,Tier 2 - current-price / early value,0.17748500331545533,5.634278847901514,0.18571205059598966,5.384680190600374,0.17699769954830635,5.649790943904778,0.18520215860416014,5.399505100463431,0.18125111262604474,5.517207511234366,Top 20: DG anchor + OTT overlay,Tier 3 - experimental,0.018,-0.41,0.226,0.265,0.098,-0.089,5.804,0,-0.04,-0.0164297403569626,2.80340570323881
"Ford, David",31343,-0.013500000000000007,-0.031888540667656465,0.5780346820809249,0.5876,0.5828173410404625,1.7018379850238257,1.7158034423182587,0.5656506753772423,1.7678755520500042,Make Cut: DG anchor + putting overlay,Tier 2 - candidate,0.4124,0.41718265895953754,2.4248302618816684,2.3970315604536903,0.4219653179190751,0.4219653179190751,2.3698630136986303,0.4495788965098188,2.22430369344118,Miss Cut: DataGolf core; ARG weakness tag,Tier 1 - core,0.007446480417915341,134.2916309286357,0.006806573542290971,146.91679944200206,0.00544286013949337,183.72693296746766,Winner: DG anchor + total SG overlay,Tier 4 - speculative,0.042401367728359785,23.58414488906118,0.03910045989833094,25.575146752754343,0.030573385049204593,32.708187150052474,Top 5: DG anchor + total SG overlay,Tier 3 - semi-core,0.08575833257854258,11.66067447829796,0.08032792440615438,12.448970982292483,0.0657758070541971,15.203158194258764,Top 10: DG anchor + putting overlay,Tier 2 - current-price / early value,0.17650886424539589,5.665437847980965,0.16569587782976844,6.035153155876174,0.17732643356583708,5.639317161525858,0.16646336260633385,6.00732788490451,0.17623997111961673,5.67408172872024,Top 20: DG anchor + OTT overlay,Tier 3 - experimental,-0.144,0.386,-0.17,-0.138,-0.066,0.051,1.714,0,-0.04,-0.0819427033382823,2.77420708993527
"McCarthy, Denny",19870,0.0022000000000000144,-0.0005573336605860856,0.684931506849315,0.59895,0.6419407534246575,1.6695884464479507,1.5577761571689446,0.7337962754590017,1.3627760639347528,Make Cut: DG anchor + putting overlay,Tier 2 - candidate,0.40105,0.3580592465753425,2.4934546814611642,2.792833894291237,0.31506849315068497,0.31506849315068497,3.1739130434782603,0.2989645306792041,3.3448783965380273,Miss Cut: DataGolf core; ARG weakness tag,Tier 1 - core,0.006867282685331151,145.6180043579753,0.008716974675998926,114.71869968297281,0.010542429463757726,94.85479636717074,Winner: DG anchor + total SG overlay,Tier 4 - speculative,0.038906138796682685,25.702884709938488,0.047105946382468344,21.22874237321713,0.05777200909515304,17.309420524963155,Top 5: DG anchor + total SG overlay,Tier 3 - semi-core,0.08203440069801286,12.190007990443249,0.09915234404789994,10.085490258474431,0.16843970337592257,5.936842561211396,Top 10: DG anchor + putting overlay,Tier 2 - current-price / early value,0.17599516993236636,5.681974115450399,0.20488286505510317,4.880837642186672,0.17636641729329178,5.670013687112732,0.20531504863707178,4.87056358819399,0.22202909593967063,4.5039142089364645,Top 20: DG anchor + OTT overlay,Tier 3 - experimental,0.051,-0.357,0.095,0.539,0.329,-0.012,-7.007,0,-0.04,-0.0037866683029305,2.62858952617496
"Greyserman, Max",23465,-0.04810000000000002,-0.05639651135557126,0.6451612903225806,0.5734,0.6092806451612903,1.7439832577607255,1.6412797746681702,0.6746610417965672,1.482225796434135,Make Cut: DG anchor + putting overlay,Tier 2 - candidate,0.4266,0.3907193548387097,2.344116268166901,2.5593817854577576,0.3548387096774194,0.3548387096774194,2.818181818181818,0.3418429339749337,2.9253200830335926,Miss Cut: DataGolf core; ARG weakness tag,Tier 1 - core,0.007393651508042153,135.251167696001,0.009413492420687727,106.2304992993177,0.01104653165857536,90.52615163816651,Winner: DG anchor + total SG overlay,Tier 4 - speculative,0.03948711787138153,25.32471484136234,0.048003892930399764,20.831643830426156,0.055994557639429135,17.858878472429254,Top 5: DG anchor + total SG overlay,Tier 3 - semi-core,0.08303002607093826,12.043835794362286,0.09772453594311714,10.232844703218376,0.13646239895737988,7.328025944438521,Top 10: DG anchor + putting overlay,Tier 2 - current-price / early value,0.17394083056038653,5.749081436361389,0.19600202545242829,5.101988092682799,0.17405256488077223,5.745390771374212,0.1961279312161158,5.098712834012854,0.22697493347879905,4.405772851976215,Top 20: DG anchor + OTT overlay,Tier 3 - experimental,-0.17,0.038,0.069,0.29,0.226,-0.067,8.879,0,-0.04,-0.0314825567778562,2.81073033263216
"Blanchet, Chandler",24956,-0.03850000000000001,-0.05791450226380207,0.5263157894736842,0.5706,0.5484578947368421,1.752541184717841,1.8232940205552408,0.5030582672761567,1.98784130000401,Make Cut: DG anchor + putting overlay,Tier 2 - candidate,0.4294,0.45154210526315786,2.328830926874709,2.2146328954576715,0.4736842105263158,0.4736842105263158,2.111111111111111,0.5285008518793596,1.8921445375990975,Miss Cut: DataGolf core; ARG weakness tag,Tier 1 - core,0.007923451732022307,126.20762185734543,0.005545059199344454,180.34072568931666,0.002525383392784605,395.97947894056335,Winner: DG anchor + total SG overlay,Tier 4 - speculative,0.039539965703236354,25.290866651362567,0.030486398195533525,32.80151343514588,0.015390789672071973,64.97392410050236,Top 5: DG anchor + total SG overlay,Tier 3 - semi-core,0.0821391713083247,12.174459323996752,0.0657166811050078,15.216836626337132,0.039806452119918095,25.121555595747918,Top 10: DG anchor + putting overlay,Tier 2 - current-price / early value,0.17147655653638957,5.831700963669555,0.1419806612324528,7.043212725730201,0.16964957572178085,5.894503394691442,0.14046794165517282,7.119062102118974,0.12430380674757437,8.044805916770637,Top 20: DG anchor + OTT overlay,Tier 3 - experimental,-0.082,0.25,-0.321,-0.238,-0.39,0.075,-6.079,0,-0.04,-0.0870725113190103,2.78237035415848
"Moore, Taylor",21944,-0.04605,-0.06763509202539499,0.6172839506172839,0.57355,0.595416975308642,1.743527155435446,1.6794952805664252,0.6257009069396661,1.5982076882244733,Make Cut: DG anchor + putting overlay,Tier 2 - candidate,0.42645,0.404583024691358,2.3449407902450465,2.471680567326977,0.3827160493827161,0.3827160493827161,2.6129032258064515,0.3645037508073245,2.7434559940333694,Miss Cut: DataGolf core; ARG weakness tag,Tier 1 - core,0.007605170929196476,131.4894838406551,0.00817758546459824,122.28548442925133,0.008182711475982395,122.20887940814785,Winner: DG anchor + total SG overlay,Tier 4 - speculative,0.038009527678680134,26.309193012174905,0.04071298173255797,24.56219017729927,0.040843263081971164,24.483841998447357,Top 5: DG anchor + total SG overlay,Tier 3 - semi-core,0.07957449035641934,12.566841402576815,0.08563808591155042,11.677047535051518,0.09438563409372501,10.594832673444767,Top 10: DG anchor + putting overlay,Tier 2 - current-price / early value,0.1693724717579663,5.904147171147166,0.17802729727469513,5.617116112575734,0.16924829061603497,5.908479171991458,0.17789677055544106,5.62123751250646,0.19885606474182693,5.028762895908109,Top 20: DG anchor + OTT overlay,Tier 3 - experimental,-0.172,0.129,0.098,0.065,0.12,-0.04,6.714,0,-0.04,-0.0979254601269749,2.78800763080951
"Vilips, Karl",24304,-0.0505,-0.0607500934166678,0.5586592178770949,0.5723,0.5654796089385474,1.7473353136466887,1.768410362094371,0.563071061625215,1.775974771485608,Make Cut: DG anchor + putting overlay,Tier 2 - candidate,0.42769999999999997,0.43452039106145257,2.3380874444704234,2.301387968369415,0.44134078212290506,0.44134078212290506,2.2658227848101262,0.4426206415139566,2.2592710466,Miss Cut: DataGolf core; ARG weakness tag,Tier 1 - core,0.007182680833640855,139.2237833144963,0.005858007083487077,170.7065194268651,0.0037977287461869466,263.31527784969774,Winner: DG anchor + total SG overlay,Tier 4 - speculative,0.03816764041029101,26.200204918362555,0.03316058607816136,30.156282450585884,0.02200471878728534,45.44479798477657,Top 5: DG anchor + total SG overlay,Tier 3 - semi-core,0.08093476819022467,12.355629383525933,0.07216179142389469,13.857749097798498,0.06323569678166308,15.813852790343214,Top 10: DG anchor + putting overlay,Tier 2 - current-price / early value,0.16906462053670238,5.9148980834988425,0.15434007828736918,6.479198475836445,0.1678989312560686,5.955964058370714,0.15327591374329944,6.524182277423974,0.13487922314711115,7.41404032931975,Top 20: DG anchor + OTT overlay,Tier 3 - experimental,0.027,-0.263,-0.019,0.023,-0.233,-0.059,2.573,0,-0.04,-0.041250467083339,2.77995474186882
"Skinns, David",10873,-0.06555,-0.06497073991266741,0.5405405405405405,0.5705,0.5555202702702702,1.7528483786152498,1.8001143315859254,0.5221196784569735,1.9152697001486554,Make Cut: DG anchor + putting overlay,Tier 2 - candidate,0.4295,0.4444797297297298,2.3282887077997674,2.24982138242403,0.45945945945945954,0.45945945945945954,2.176470588235294,0.45652011196635184,2.190483997939845,Miss Cut: DataGolf core; ARG weakness tag,Tier 1 - core,0.006919759271635801,144.5136977667728,0.0053432129691512,187.15331127047622,0.0030011541463335818,333.2051441681759,Winner: DG anchor + total SG overlay,Tier 4 - speculative,0.03911733006739593,25.564116934286737,0.031152041957699862,32.100624458514176,0.016626151022923204,60.14621174926513,Top 5: DG anchor + total SG overlay,Tier 3 - semi-core,0.0821391713083247,12.174459323996752,0.067479806313133,14.819248226048611,0.044269232270388946,22.589052231404647,Top 10: DG anchor + putting overlay,Tier 2 - current-price / early value,0.16880809032267724,5.923886693395421,0.14456683165725012,6.917215993021657,0.16845405190413754,5.936336874633754,0.1442636340299599,6.931753845825937,0.11745717751839274,8.513741102312874,Top 20: DG anchor + OTT overlay,Tier 3 - experimental,0.015,-0.22,0.005,-0.193,-0.393,-0.027,-0.822,0,-0.04,0.0128963004366629,2.78038002363233
"Svensson, Jesper",26850,-0.0949,-0.08798294819826843,0.5747126436781609,0.55395,0.5643313218390804,1.8052170773535516,1.7720086787689429,0.5540163903827051,1.8050007497236986,Make Cut: DG anchor + putting overlay,Tier 2 - candidate,0.44604999999999995,0.4356686781609196,2.241901132160072,2.2953222256446852,0.4252873563218391,0.4252873563218391,2.3513513513513513,0.4340359726711993,2.303956498917988,Miss Cut: DataGolf core; ARG weakness tag,Tier 1 - core,0.007024820831505906,142.35238506227222,0.006762410415752953,147.87626578690228,0.005371000152625035,186.1850626668215,Winner: DG anchor + total SG overlay,Tier 4 - speculative,0.04096881591959685,24.408808933178474,0.038472182430697874,25.992806667554063,0.027471835410302674,36.400916977865016,Top 5: DG anchor + total SG overlay,Tier 3 - semi-core,0.08166776325969326,12.244733540945958,0.07877635878232378,12.694163775241472,0.06259762218556685,15.975047694871872,Top 10: DG anchor + putting overlay,Tier 2 - current-price / early value,0.16357737558888685,6.113314854208593,0.1604065123425804,6.234160854169677,0.16355794939438184,6.114040948194656,0.16038746271485885,6.234901301343154,0.17195963591879193,5.8153181975347445,Top 20: DG anchor + OTT overlay,Tier 3 - experimental,-0.225,0.227,-0.062,-0.217,-0.277,-0.042,12.597,0,-0.04,0.0445852590086578,2.91308799562119
"Fisk, Steven",26657,-0.05560000000000001,-0.07709302293721078,0.6211180124223602,0.56855,0.5948340062111801,1.758860258552458,1.6811412756468676,0.6204273794492969,1.6117921824913963,Make Cut: DG anchor + putting overlay,Tier 2 - candidate,0.43145,0.4051659937888199,2.31776567389037,2.4681242140998108,0.3788819875776398,0.3788819875776398,2.6393442622950816,0.37178029893259046,2.6897606002014527,Miss Cut: DataGolf core; ARG weakness tag,Tier 1 - core,0.0061365442656287445,162.95816614590018,0.006501605466147672,153.80816403067894,0.006198274935670864,161.33521187403832,Winner: DG anchor + total SG overlay,Tier 4 - speculative,0.03548646881480178,28.179755084081215,0.03789879357046004,26.386064193332086,0.03574185953855994,27.978398799344912,Top 5: DG anchor + total SG overlay,Tier 3 - semi-core,0.07617959336093663,13.126875005252785,0.08072583783838447,12.387607571221865,0.08182181001512177,12.221680256342246,Top 10: DG anchor + putting overlay,Tier 2 - current-price / early value,0.1618861206551838,6.177181811218964,0.1701373187727144,5.877605261523458,0.16266791638911693,6.147493754133459,0.17095896197140867,5.849356994617462,0.19281885995855444,5.186214669119741,Top 20: DG anchor + OTT overlay,Tier 3 - experimental,-0.187,0.187,0.031,-0.026,0.006,-0.007,6.903,0,-0.04,-0.0974651146860538,2.76544694745421
"Chatfield, Davis",30620,-0.05439999999999999,-0.04625366688373319,0.5649717514124294,0.58145,0.5732108757062147,1.7198383351964914,1.7445586648508145,0.5734325751830667,1.7438841866992871,Make Cut: DG anchor + putting overlay,Tier 2 - candidate,0.41855,0.42678912429378535,2.3892008123282764,2.3430775131740194,0.4350282485875706,0.4350282485875706,2.2987012987012987,0.43368809218748583,2.3058046047704126,Miss Cut: DataGolf core; ARG weakness tag,Tier 1 - core,0.0059809514468458815,167.19747834223946,0.004723809056756241,211.69356931769866,0.002856281467932264,350.10555200077175,Winner: DG anchor + total SG overlay,Tier 4 - speculative,0.03250758500680566,30.762051373260856,0.027175690952176278,36.79759244244416,0.016591166204266452,60.2730385367876,Top 5: DG anchor + total SG overlay,Tier 3 - semi-core,0.07185703920039367,13.916521069163695,0.06219092881135604,16.07951543919377,0.054088170399934465,18.488331045511046,Top 10: DG anchor + putting overlay,Tier 2 - current-price / early value,0.16173239564195693,6.1830531603192185,0.14241266873432445,7.021847205641045,0.161216821308042,6.202826677057904,0.1419586822801431,7.044303201029909,0.11367708863546427,8.796847385903462,Top 20: DG anchor + OTT overlay,Tier 3 - experimental,0.086,-0.43,-0.004,0.062,-0.286,0.089,-20.593,0,-0.04,0.050731665581334,2.62925758396532
"Pavon, Matthieu",19960,-0.09035000000000001,-0.0762445255747349,0.5988023952095809,0.56555,0.5821761976047904,1.7681902572716826,1.7176930353975906,0.5961528144732525,1.6774222577202422,Make Cut: DG anchor + putting overlay,Tier 2 - candidate,0.43445,0.41782380239520955,2.3017608470479916,2.393353356767655,0.4011976047904191,0.4011976047904191,2.492537313432836,0.42637558116745305,2.3453500720231535,Miss Cut: DataGolf core; ARG weakness tag,Tier 1 - core,0.006344559315751073,157.61535990646172,0.006338946324542186,157.75492468335776,0.0054929747969219124,182.05071695584112,Winner: DG anchor + total SG overlay,Tier 4 - speculative,0.034910101762768736,28.64500386723277,0.03565722019355367,28.044810968769408,0.030180814100385915,33.133632402156216,Top 5: DG anchor + total SG overlay,Tier 3 - semi-core,0.07440718321767059,13.43956264376522,0.0760344931841119,13.151925634311443,0.07341207525804884,13.621737248060711,Top 10: DG anchor + putting overlay,Tier 2 - current-price / early value,0.15999047716856965,6.250372007743792,0.16301066318283433,6.134568012145257,0.1589841904186156,6.289933592559962,0.1619853804699809,6.1733966182542,0.188428888898108,5.307041854610442,Top 20: DG anchor + OTT overlay,Tier 3 - experimental,-0.301,0.382,-0.158,-0.045,-0.122,0.03,1.644,0,-0.04,0.0805273721263255,2.76039303785346
"Crowe, Trace",27780,-0.07005,-0.08597754640319347,0.5464480874316939,0.561,0.553724043715847,1.7825311942959,1.8059537261364924,0.5397026674415376,1.8528720725811927,Make Cut: DG anchor + putting overlay,Tier 2 - candidate,0.43899999999999995,0.44627595628415295,2.2779043280182236,2.2407660236198783,0.45355191256830607,0.45355191256830607,2.2048192771084336,0.47619824970182334,2.099965719374569,Miss Cut: DataGolf core; ARG weakness tag,Tier 1 - core,0.006972272061444799,143.4252695803123,0.00577780269738905,173.0761765977044,0.0037740706563640877,264.9658925472775,Winner: DG anchor + total SG overlay,Tier 4 - speculative,0.03806222651938506,26.27276676761673,0.03262352397397823,30.65272779230221,0.020630322095413208,48.47234063409667,Top 5: DG anchor + total SG overlay,Tier 3 - semi-core,0.07784988019424849,12.845234925279685,0.0687508840605682,14.545267506946082,0.05467380716680611,18.2902938686722,Top 10: DG anchor + putting overlay,Tier 2 - current-price / early value,0.15958069404253014,6.266422175939955,0.14602398607896655,6.848189991603311,0.15979101924264325,6.258173987121869,0.14621644372102435,6.839176049911073,0.13840227658888807,7.22531467434176,Top 20: DG anchor + OTT overlay,Tier 3 - experimental,-0.105,0.04,-0.14,-0.083,-0.288,-0.033,4.868,0,-0.04,-0.0696377320159673,2.79891492430549
"Griffin, Lanto",15330,-0.07100000000000001,-0.05398751813417607,0.5649717514124294,0.57045,0.5677108757062147,1.7530020159523183,1.7614600015474973,0.5515542895437083,1.813058150317865,Make Cut: DG anchor + putting overlay,Tier 2 - candidate,0.42955,0.4322891242937853,2.3280176929344663,2.3132666167201474,0.4350282485875706,0.4350282485875706,2.2987012987012987,0.4378754154172061,2.2837546132778512,Miss Cut: DataGolf core; ARG weakness tag,Tier 1 - core,0.006292496589733866,158.91943455821465,0.005029581628200233,198.8236942796843,0.0030219152517355556,330.9159644452891,Winner: DG anchor + total SG overlay,Tier 4 - speculative,0.03250758500680566,30.762051373260856,0.02869072462220993,34.85446997828297,0.018051146021988457,55.398144737285946,Top 5: DG anchor + total SG overlay,Tier 3 - semi-core,0.07092152726369894,14.10009116529345,0.06363918595027176,15.71358880645345,0.04904668544647838,20.3887376057499,Top 10: DG anchor + putting overlay,Tier 2 - current-price / early value,0.15686665843266137,6.374840963602684,0.14313929858941418,6.986201622158533,0.15572987915750447,6.421375303249318,0.14210199856834696,7.037198702867144,0.1276674467351577,7.83285031206483,Top 20: DG anchor + OTT overlay,Tier 3 - experimental,-0.015,-0.181,-0.028,-0.147,-0.371,-0.003,-4.797,0,-0.04,0.0950624093291197,2.71307954359978
"Putnam, Andrew",14704,-0.0566,-0.06243156869221096,0.6097560975609756,0.57425,0.5920030487804878,1.7414018284719197,1.6891804899653409,0.6409511251086708,1.560181363018052,Make Cut: DG anchor + putting overlay,Tier 2 - candidate,0.42574999999999996,0.4079969512195122,2.348796241926013,2.450998707247633,0.3902439024390244,0.3902439024390244,2.5625,0.3384301951114966,2.9548190866082376,Miss Cut: DataGolf core; ARG weakness tag,Tier 1 - core,0.00429562956465923,232.79474753296827,0.004422814782329615,226.1003567219863,0.0040898166106518525,244.5097409491463,Winner: DG anchor + total SG overlay,Tier 4 - speculative,0.025894055395436037,38.61890247505438,0.02825333391464922,35.39405307072468,0.026974151293013747,37.07252877531676,Top 5: DG anchor + total SG overlay,Tier 3 - semi-core,0.06377309019709629,15.68059501130356,0.06739918488931294,14.836974685113196,0.08753734522257799,11.423695766159424,Top 10: DG anchor + putting overlay,Tier 2 - current-price / early value,0.15394931628814043,6.4956443075612125,0.15669599204165421,6.3817841603387775,0.1536734968431646,6.507302954266574,0.15641525158371042,6.3932384462190335,0.13705534000856365,7.296322784194449,Top 20: DG anchor + OTT overlay,Tier 3 - experimental,0.117,-0.723,0.304,0.294,-0.008,0.072,-22.763,0,-0.04,-0.0191578434610548,2.6119904986195
"Salinda, Isaiah",27183,-0.09910000000000002,-0.13573010715065884,0.47846889952153115,0.54505,0.5117594497607656,1.8346940647647003,1.9540430576660075,0.43417952846165414,2.3031947257926,Make Cut: DG anchor + putting overlay,Tier 2 - candidate,0.45494999999999997,0.4882405502392344,2.1980437410704474,2.0481707213995377,0.5215311004784688,0.5215311004784688,1.9174311926605507,0.5627783426557235,1.7768985126205266,Miss Cut: DataGolf core; ARG weakness tag,Tier 1 - core,0.007077405361453512,141.29471874628166,0.005272036014060056,189.6800396152621,0.00261627430000524,382.2229190563074,Winner: DG anchor + total SG overlay,Tier 4 - speculative,0.03224721594032834,31.010428988674366,0.026257305060111272,38.084639596892515,0.013231315213451434,75.57827652562942,Top 5: DG anchor + total SG overlay,Tier 3 - semi-core,0.07227304421537271,13.836417309612878,0.058086986966901205,17.21555983907057,0.030023945159682736,33.306748819366916,Top 10: DG anchor + putting overlay,Tier 2 - current-price / early value,0.14985752214110643,6.673005036466545,0.12400123172489885,8.064436022849641,0.1498357798400216,6.67397333979702,0.12398324082209644,8.065606233304548,0.11072683949262521,9.031234022231832,Top 20: DG anchor + OTT overlay,Tier 3 - experimental,-0.202,0.322,-0.246,-0.439,-0.566,-0.006,9.554,0,-0.04,-0.173150535753294,2.86773628957509
"Lebioda, Hank",21943,-0.1086,-0.12089116843909609,0.5,0.5452,0.5226,1.834189288334556,1.9135093761959436,0.4792826937233893,2.0864513012796886,Make Cut: DG anchor + putting overlay,Tier 2 - candidate,0.4548,0.47740000000000005,2.198768689533861,2.0946795140343526,0.5,0.5,2.0,0.5021843110789765,1.9913007593794263,Miss Cut: DataGolf core; ARG weakness tag,Tier 1 - core,0.0048517052941883425,206.11309619276724,0.0036008526470941715,277.712002685526,0.0017816889404961209,561.2652002664082,Winner: DG anchor + total SG overlay,Tier 4 - speculative,0.03136313172029442,31.884570996235087,0.024118930278136608,41.461208621946334,0.011099753228207448,90.09209298984521,Top 5: DG anchor + total SG overlay,Tier 3 - semi-core,0.06615110289623055,15.116905935320126,0.052767113497177325,18.951197701073664,0.03238209212371435,30.881265984283665,Top 10: DG anchor + putting overlay,Tier 2 - current-price / early value,0.14607550589332285,6.845774682651366,0.12097387108777957,8.266247835240325,0.14686596145756103,6.808929653103887,0.12162849466032158,8.221757597121906,0.09166104175945253,10.90976036061553,Top 20: DG anchor + OTT overlay,Tier 3 - experimental,-0.021,-0.293,-0.024,-0.214,-0.551,-0.028,-3.757,0,-0.04,-0.0514558421954804,2.75469309340455
"Phillips, Chandler",27164,-0.11385000000000003,-0.10494249697509328,0.6369426751592356,0.5522,0.5945713375796178,1.8109380659181455,1.6818839671464858,0.6648795561841189,1.5040318065112523,Make Cut: DG anchor + putting overlay,Tier 2 - candidate,0.4478,0.4054286624203822,2.233139794551139,2.4665251687684493,0.36305732484076436,0.36305732484076436,2.7543859649122804,0.32284775771374274,3.097435172173825,Miss Cut: DataGolf core; ARG weakness tag,Tier 1 - core,0.0055678540335446555,179.60240946966266,0.0068922603501056275,145.0902823171319,0.007677221639635343,130.25545528570913,Winner: DG anchor + total SG overlay,Tier 4 - speculative,0.028309427547548737,35.323921627182045,0.03646497291278352,27.42357720631763,0.04190047196735751,23.86607961788708,Top 5: DG anchor + total SG overlay,Tier 3 - semi-core,0.06176086651550259,16.19148267210581,0.0775952827369758,12.887381355251879,0.11234171855478942,8.901412697477088,Top 10: DG anchor + putting overlay,Tier 2 - current-price / early value,0.14285792466490635,6.999961691629237,0.16818900842062418,5.9456917511464145,0.14303793003045853,6.991152624951017,0.16840093172843945,5.9382094251864554,0.1917144761730498,5.216090198099368,Top 20: DG anchor + OTT overlay,Tier 3 - experimental,-0.222,-0.171,0.24,0.27,0.117,0.012,-4.348,0,-0.04,0.0545375151245338,2.69683029385124
"Springer, Hayden",21995,-0.16549999999999998,-0.14189907349892839,0.6024096385542169,0.5346,0.5685048192771085,1.8705574261129818,1.7590000402662658,0.6320601475790141,1.582127909551503,Make Cut: DG anchor + putting overlay,Tier 2 - candidate,0.46540000000000004,0.4314951807228915,2.1486892995272884,2.317522986756613,0.3975903614457831,0.3975903614457831,2.5151515151515156,0.3990040730404331,2.50624008015744,Miss Cut: DataGolf core; ARG weakness tag,Tier 1 - core,0.005311063821712728,188.28619530267986,0.005880531910856364,170.0526440735483,0.0055436903224214415,180.38525636172398,Winner: DG anchor + total SG overlay,Tier 4 - speculative,0.028257872541908688,35.38836826859205,0.03249697559274364,30.77209437986264,0.02999140807505843,33.34288265150258,Top 5: DG anchor + total SG overlay,Tier 3 - semi-core,0.06263754043452031,15.964866964171023,0.07069713430687426,14.144844905018514,0.09551630144616079,10.469417103253994,Top 10: DG anchor + putting overlay,Tier 2 - current-price / early value,0.13964245298255937,7.161146045786627,0.15327785027259117,6.524099850184407,0.1387761305721379,7.205850140634849,0.15232693574856057,6.564827127164538,0.16774337960593,5.961487137967789,Top 20: DG anchor + OTT overlay,Tier 3 - experimental,-0.297,-0.111,-0.02,0.276,-0.151,-0.052,5.852,0,-0.04,0.128004632505358,2.78725593242734
"Ewart, A.J.",21883,-0.13165000000000002,-0.14765589727436235,0.5555555555555556,0.5414,0.5484777777777778,1.847063169560399,1.8232279237485565,0.5825808966275483,1.7164998127964934,Make Cut: DG anchor + putting overlay,Tier 2 - candidate,0.4586,0.45152222222222216,2.1805494984736153,2.214730418091887,0.4444444444444444,0.4444444444444444,2.25,0.43453584934272116,2.30130609824851,Miss Cut: DataGolf core; ARG weakness tag,Tier 1 - core,0.0048517052941883425,206.11309619276724,0.004284185980427471,233.41657074845781,0.0030912028691798504,323.498664539386,Winner: DG anchor + total SG overlay,Tier 4 - speculative,0.028825358396580698,34.69167620544213,0.027244984092470247,36.70400381244385,0.019812744142267455,50.47256416473139,Top 5: DG anchor + total SG overlay,Tier 3 - semi-core,0.06134855708314056,16.300301874170955,0.05920140426307098,16.891491214572188,0.06766441044580958,14.778817895721863,Top 10: DG anchor + putting overlay,Tier 2 - current-price / early value,0.13724501015276358,7.286239396878094,0.1326690730570123,7.537551721419406,0.13820778848742607,7.235482247015177,0.1335997510399632,7.485043888299416,0.11748059680211415,8.512043922320322,Top 20: DG anchor + OTT overlay,Tier 3 - experimental,-0.083,-0.458,0.045,0.24,-0.256,-0.042,-2.495,0,-0.04,-0.0700294863718116,2.74953119483005
"Hughes, Mackenzie",15556,-0.1257,-0.124544697588297,0.6535947712418301,0.5478,0.600697385620915,1.8254837531945967,1.664731733377436,0.6945050196012639,1.4398744023104828,Make Cut: DG anchor + putting overlay,Tier 2 - candidate,0.45220000000000005,0.399302614379085,2.21141088014153,2.504366272569987,0.3464052287581699,0.3464052287581699,2.8867924528301887,0.296090469740138,3.37734612288482,Miss Cut: DataGolf core; ARG weakness tag,Tier 1 - core,0.0043962718530857064,227.46546014849113,0.007381469259876203,135.47438386497748,0.010086231560355822,99.14505670586865,Winner: DG anchor + total SG overlay,Tier 4 - speculative,0.02743394734434298,36.4511890122223,0.04148619385014169,24.104404554735613,0.055659140927097596,17.96650080010759,Top 5: DG anchor + total SG overlay,Tier 3 - semi-core,0.059649448440591335,16.764614361790173,0.08524518838575967,11.730867383091518,0.14783204081611842,6.764433437294252,Top 10: DG anchor + putting overlay,Tier 2 - current-price / early value,0.1370410284799824,7.297084756964373,0.1788143191224727,5.592393298855918,0.1377223494268043,7.260985629144185,0.1797033225294169,5.564727384694309,0.21597092287472733,4.630252937243983,Top 20: DG anchor + OTT overlay,Tier 3 - experimental,-0.26,-0.224,0.314,0.419,0.248,-0.051,1.874,0,-0.04,0.015776512058515,2.72637307684282
"Dumont De Chassart, Adrien",22002,-0.11865,-0.1373665618416019,0.5813953488372093,0.54705,0.5642226744186047,1.8279864729001005,1.7723498989657511,0.6089717863189117,1.6421122003775577,Make Cut: DG anchor + putting overlay,Tier 2 - candidate,0.45294999999999996,0.43577732558139526,2.207749199690915,2.2947499589746743,0.41860465116279066,0.41860465116279066,2.3888888888888893,0.3884385114096288,2.5744100304860025,Miss Cut: DataGolf core; ARG weakness tag,Tier 1 - core,0.003945094054845299,253.47938125120658,0.00445588036075595,224.42254258154,0.004309160013597517,232.06378896223598,Winner: DG anchor + total SG overlay,Tier 4 - speculative,0.027588295396090593,36.24725578883374,0.029175731692754295,34.275061565922854,0.02552467229680221,39.17778016391154,Top 5: DG anchor + total SG overlay,Tier 3 - semi-core,0.06021551743986318,16.607014977471433,0.06432713281805569,15.545539746477159,0.08157507278574239,12.2586467391394,Top 10: DG anchor + putting overlay,Tier 2 - current-price / early value,0.13688804802790253,7.305239678749494,0.14314793141442128,6.985780305165179,0.13709448414265696,7.294239489310351,0.1433638078420719,6.975261155881056,0.13773153139532052,7.2605015704775315,Top 20: DG anchor + OTT overlay,Tier 3 - experimental,-0.088,-0.447,0.165,0.25,-0.121,-0.08,4.64,0,-0.04,-0.0835828092080095,2.76170138234226
"Streelman, Kevin",8480,-0.184,-0.1701456759178358,0.4926108374384237,0.5249,0.5087554187192118,1.9051247856734614,1.9655810301096999,0.4788072540854902,2.0885230778509714,Make Cut: DG anchor + putting overlay,Tier 2 - candidate,0.47509999999999997,0.4912445812807882,2.104820037886761,2.0356458638032584,0.5073891625615763,0.5073891625615763,1.9708737864077672,0.5272868151645924,1.8965010526346089,Miss Cut: DataGolf core; ARG weakness tag,Tier 1 - core,0.0034492603924645977,289.91722462723976,0.0028162968628989487,355.0762042076247,0.0016137466461692326,619.6759586604468,Winner: DG anchor + total SG overlay,Tier 4 - speculative,0.023190317330510097,43.121445288907736,0.0193555125012339,51.664868080152914,0.009767226128911295,102.38321369871521,Top 5: DG anchor + total SG overlay,Tier 3 - semi-core,0.05528572667234473,18.087851244618342,0.046126167693851715,21.6796679628187,0.032054248733013525,31.197112380614723,Top 10: DG anchor + putting overlay,Tier 2 - current-price / early value,0.12614122976562933,7.927622093569265,0.10795690148972627,9.262955736972176,0.1263565746393127,7.914111338127987,0.10814120257318446,9.247169221400611,0.089607156301499,11.159822956944694,Top 20: DG anchor + OTT overlay,Tier 3 - experimental,-0.224,-0.134,-0.124,-0.149,-0.632,0.025,-7.754,0,-0.04,0.079271620410821,2.74952130761607
"Peterson, Paul",16341,-0.17185000000000003,-0.15813276174701243,0.5291005291005292,0.53305,0.5310752645502645,1.875996623206078,1.882972276720211,0.5330317059137475,1.8760610089520922,Make Cut: DG anchor + putting overlay,Tier 2 - candidate,0.46695,0.46892473544973545,2.1415569118749334,2.132538389217028,0.4708994708994708,0.4708994708994708,2.123595505617978,0.4536702305842343,2.204244256256808,Miss Cut: DataGolf core; ARG weakness tag,Tier 1 - core,0.0026696172647904374,374.5855307384293,0.002359808632395219,423.76317565420317,0.0015679120043837708,637.7908946446427,Winner: DG anchor + total SG overlay,Tier 4 - speculative,0.02126592740615159,47.02357818219253,0.018438717671329742,54.23370636857759,0.010423938319139894,95.93303120029519,Top 5: DG anchor + total SG overlay,Tier 3 - semi-core,0.05078847698691055,19.68950555965135,0.044727982781574575,22.35736864958605,0.03845144403217027,26.006825625673603,Top 10: DG anchor + putting overlay,Tier 2 - current-price / early value,0.1248187769108887,8.011615117122366,0.1116541390058199,8.956228662046067,0.12461540531587627,8.024690025002855,0.11147221701538439,8.97084517357351,0.08800621241591217,11.362834197136664,Top 20: DG anchor + OTT overlay,Tier 3 - experimental,-0.085,-0.542,0.086,0.018,-0.523,0.088,-22.905,0,-0.04,0.078586191264938,2.61486711668137
"Simpson, Webb",11049,-0.18744999999999998,-0.1984597751139311,0.5181347150259068,0.5197,0.5189173575129534,1.924187030979411,1.9270891318663157,0.5184644523353731,1.9287725426412485,Make Cut: DG anchor + putting overlay,Tier 2 - candidate,0.48029999999999995,0.4810826424870466,2.082032063293775,2.0786449389034556,0.4818652849740932,0.4818652849740932,2.0752688172043015,0.46970944852697083,2.128975695796717,Miss Cut: DataGolf core; ARG weakness tag,Tier 1 - core,0.003547937691608475,281.8538787660178,0.0031406355124708875,318.40689441012285,0.002099885739092176,476.21638710319576,Winner: DG anchor + total SG overlay,Tier 4 - speculative,0.02156895071362589,46.36294149294261,0.020349511732474346,49.14122820962681,0.012877710957846747,77.65355219365847,Top 5: DG anchor + total SG overlay,Tier 3 - semi-core,0.05012597155421952,19.949738009932332,0.04739583480308381,21.098900444621663,0.04319800277291629,23.149218385322357,Top 10: DG anchor + putting overlay,Tier 2 - current-price / early value,0.12080307510823078,8.27793497064601,0.11339414242609538,8.818797678652139,0.12031289986007244,8.311660687781862,0.11293402995086564,8.854726962591092,0.09936278175343083,10.064130475750007,Top 20: DG anchor + OTT overlay,Tier 3 - experimental,-0.181,-0.368,0.057,-0.016,-0.509,-0.021,-2.44,0,-0.04,-0.0450488755696555,2.74345305325133
"Martin, Ben",14007,-0.229,-0.2026651930290626,0.4291845493562232,0.5171,0.4731422746781116,1.9338619222587508,2.1135291719183633,0.3932637608323799,2.542822653893676,Make Cut: DG anchor + putting overlay,Tier 2 - candidate,0.4829,0.5268577253218885,2.070822116380203,1.8980456239662065,0.5708154506437768,0.5708154506437768,1.7518796992481203,0.5857507294408834,1.707210848810261,Miss Cut: DataGolf core; ARG weakness tag,Tier 1 - core,0.0036468651486109825,274.208110047853,0.002331765907638791,428.8595166110079,0.0006718158270390453,1488.5031875586953,Winner: DG anchor + total SG overlay,Tier 4 - speculative,0.022074689234595626,45.30075098102818,0.015081355860684013,66.30703560327268,0.004182527152372106,239.08990033282947,Top 5: DG anchor + total SG overlay,Tier 3 - semi-core,0.05262564515732619,19.002142339736935,0.03700390642537195,27.02417384004474,0.015413756353984228,64.87711217399092,Top 10: DG anchor + putting overlay,Tier 2 - current-price / early value,0.11993944052297009,8.337540976010189,0.08942927178634905,11.182021054460217,0.11954251392103224,8.365224782378117,0.0891333152868927,11.219149616294512,0.055323955034097365,18.075352699995474,Top 20: DG anchor + OTT overlay,Tier 3 - experimental,-0.173,-0.349,-0.098,-0.368,-0.988,0.013,-8.011,0,-0.04,0.141674034854687,2.74366607968713
"Gordon, Will",26660,-0.24205,-0.22675610129154888,0.45248868778280543,0.5054,0.4789443438914027,1.9786307874950535,2.087925273060001,0.4264106437776268,2.3451572201408277,Make Cut: DG anchor + putting overlay,Tier 2 - candidate,0.49460000000000004,0.5210556561085973,2.021835826930853,1.9191807790137148,0.5475113122171946,0.5475113122171946,1.8264462809917354,0.585189871445907,1.7088470747608226,Miss Cut: DataGolf core; ARG weakness tag,Tier 1 - core,0.0037460371963926515,266.94876414013646,0.002864685264862976,349.0784877018007,0.0013475921446187348,742.0642840589749,Winner: DG anchor + total SG overlay,Tier 4 - speculative,0.023444431648281812,42.654051716936706,0.018039091726016806,55.43516354305988,0.006865534326151378,145.6550870616026,Top 5: DG anchor + total SG overlay,Tier 3 - semi-core,0.054824799185843286,18.239920890731092,0.04246422889787595,23.549232517678423,0.02363415387461038,42.31164802029476,Top 10: DG anchor + putting overlay,Tier 2 - current-price / early value,0.11724810068211762,8.528922807126696,0.09543397520785865,10.478448559037426,0.11729629692450581,8.525418331352945,0.0954732044915266,10.474143036528659,0.07414327218013592,13.487400415380034,Top 20: DG anchor + OTT overlay,Tier 3 - experimental,-0.304,-0.101,-0.228,-0.268,-0.9,-0.021,4.865,0,-0.04,0.0864694935422555,2.86070224967739
"Nyholm, Pontus",25475,-0.241,-0.2505084159159754,0.5050505050505051,0.4959,0.5004752525252525,2.016535591853196,1.9981007951028367,0.5002755584316251,1.9988983733984969,Make Cut: DG anchor + putting overlay,Tier 2 - candidate,0.5041,0.4995247474747475,1.9837333862328903,2.0019028187398322,0.4949494949494949,0.4949494949494949,2.0204081632653064,0.5106143980439454,1.9584249951250616,Miss Cut: DataGolf core; ARG weakness tag,Tier 1 - core,0.003995003123027652,250.31269543592754,0.003572501561513826,279.91590284323235,0.0023801915273088865,420.1342574858373,Winner: DG anchor + total SG overlay,Tier 4 - speculative,0.022277226322545956,44.888891710362394,0.021523156812066627,46.46158594353433,0.013589427637886948,73.58661649678517,Top 5: DG anchor + total SG overlay,Tier 3 - semi-core,0.049616688708331726,20.154509017690213,0.04736076919784071,21.11452193317824,0.041952831956270774,23.836293126584224,Top 10: DG anchor + putting overlay,Tier 2 - current-price / early value,0.1159284758107011,8.62600834701643,0.10944807800044055,9.13675249734376,0.11576159224984178,8.638443723560366,0.10929052322489302,9.149924169932337,0.10710102454101098,9.33697884110419,Top 20: DG anchor + OTT overlay,Tier 3 - experimental,-0.417,0.019,-0.1,-0.064,-0.562,-0.085,11.368,0,-0.04,-0.0375420795798771,2.85294545624277
"Power, Seamus",10104,-0.20204999999999998,-0.1965364252840739,0.5780346820809249,0.51675,0.5473923410404624,1.9351717464925011,1.8268432439139326,0.5962967298425181,1.6770174142395513,Make Cut: DG anchor + putting overlay,Tier 2 - candidate,0.48324999999999996,0.4526076589595376,2.0693222969477496,2.2094190856133933,0.4219653179190751,0.4219653179190751,2.3698630136986303,0.39986524099002074,2.500842527657853,Miss Cut: DataGolf core; ARG weakness tag,Tier 1 - core,0.002911283593220058,343.4910986785519,0.0037806417966100288,264.50535485712123,0.0038122275909033975,262.3138247008559,Winner: DG anchor + total SG overlay,Tier 4 - speculative,0.022277226322545956,44.888891710362394,0.024805987499897326,40.312847855951674,0.020589158148982465,48.569251484885065,Top 5: DG anchor + total SG overlay,Tier 3 - semi-core,0.04951486754015494,20.195954259375384,0.05530541995056367,18.08141048189994,0.06785129157472075,14.738112964272126,Top 10: DG anchor + putting overlay,Tier 2 - current-price / early value,0.11572549530305172,8.64113821575175,0.12677256738040785,7.888141895866863,0.1169476921437541,8.55083141590159,0.12811143424750845,7.805704509310403,0.13223538063408646,7.562272632368624,Top 20: DG anchor + OTT overlay,Tier 3 - experimental,-0.286,-0.289,0.117,0.158,-0.302,0.007,-4.068,0,-0.04,0.0375678735796304,2.73160927262632
"Hadwin, Adam",13965,-0.2538,-0.23724104676689448,0.47619047619047616,0.5008,0.4884952380952381,1.996805111821086,2.0471028620447633,0.46655477548420676,2.1433710521174394,Make Cut: DG anchor + putting overlay,Tier 2 - candidate,0.4992,0.5115047619047619,2.003205128205128,1.9550160125121026,0.5238095238095238,0.5238095238095238,1.909090909090909,0.5406461173384555,1.8496387339705607,Miss Cut: DataGolf core; ARG weakness tag,Tier 1 - core,0.003008472096416556,332.39464018666405,0.0026792360482082783,373.2407231041638,0.0016690981404177583,599.1259445952712,Winner: DG anchor + total SG overlay,Tier 4 - speculative,0.020107332759635475,49.73310045415138,0.016846463998865337,59.35963772975464,0.007974907336583983,125.39330650434187,Top 5: DG anchor + total SG overlay,Tier 3 - semi-core,0.04727783909180851,21.151558937753205,0.04016416665990136,24.89781522090856,0.029583682530702114,33.80241790257836,Top 10: DG anchor + putting overlay,Tier 2 - current-price / early value,0.11136395124833016,8.979566446687068,0.09655243936181633,10.357066135353083,0.11140352013701617,8.976377037010062,0.09658674555051244,10.3533874580858,0.07967247090346803,12.551386804754808,Top 20: DG anchor + OTT overlay,Tier 3 - experimental,-0.322,-0.22,-0.107,-0.11,-0.759,-0.005,-5.105,0,-0.04,0.0927947661655277,2.79680879902064
"Kang, Jeffrey",21889,-0.22705000000000003,-0.2488226296478147,0.4347826086956522,0.49025,0.4625163043478261,2.039775624681285,2.1620859429162307,0.4050609098611863,2.46876451332393,Make Cut: DG anchor + putting overlay,Tier 2 - candidate,0.5097499999999999,0.5374836956521739,1.9617459538989703,1.8605215527265742,0.5652173913043478,0.5652173913043478,1.7692307692307694,0.5621306336315051,1.778945924970765,Miss Cut: DataGolf core; ARG weakness tag,Tier 1 - core,0.003301726348357805,302.871859897588,0.0023841965075122023,419.42851474245856,0.0010128471371809913,987.3158182420814,Winner: DG anchor + total SG overlay,Tier 4 - speculative,0.022429218770062532,44.58470044149523,0.016758475125772016,59.67130019259033,0.006195896321214132,161.39714871859616,Top 5: DG anchor + total SG overlay,Tier 3 - semi-core,0.05063554746066327,19.748971822154388,0.039472123778431685,25.334334823565257,0.021526188897662727,46.45504156607016,Top 10: DG anchor + putting overlay,Tier 2 - current-price / early value,0.11055304411988875,9.045431611232292,0.09072086549428783,11.022822528770565,0.11118393610448972,8.994105039240637,0.0912385813774827,10.960275630138149,0.06667928131244755,14.997162241659046,Top 20: DG anchor + OTT overlay,Tier 3 - experimental,-0.201,-0.346,0.006,-0.306,-0.848,-0.057,-2.91,0,-0.04,-0.0988631482390733,2.84062203707694
"Hardy, Nick",19865,-0.25215,-0.2360382089003768,0.4672897196261682,0.49875,0.48301985981308415,2.0050125313283207,2.070308248582105,0.44482488283162885,2.248075677858406,Make Cut: DG anchor + putting overlay,Tier 2 - candidate,0.50125,0.5169801401869158,1.9950124688279303,1.934310280542782,0.5327102803738317,0.5327102803738317,1.8771929824561406,0.5594941030529509,1.7873289361646039,Miss Cut: DataGolf core; ARG weakness tag,Tier 1 - core,0.0029598415791789712,337.85592007170516,0.0022715874562561356,440.22077919382724,0.0010989462760022772,909.9625903804672,Winner: DG anchor + total SG overlay,Tier 4 - speculative,0.020560122374323395,48.63784280043268,0.015990325737426248,62.53781295145503,0.00643848750405063,155.31598055768106,Top 5: DG anchor + total SG overlay,Tier 3 - semi-core,0.047836545551140065,20.904519514916508,0.03830759666926893,26.104482842752144,0.02327382345290111,42.96672620309615,Top 10: DG anchor + putting overlay,Tier 2 - current-price / early value,0.10857718606106276,9.210037911993867,0.09119082237526073,10.966015811162277,0.10885067341830322,9.18689768833208,0.09142051645668563,10.93846369237908,0.07457684206632653,13.408988263550075,Top 20: DG anchor + OTT overlay,Tier 3 - experimental,-0.346,-0.089,-0.164,-0.232,-0.832,-0.03,2.409,0,-0.04,0.090558955498116,2.75657819758686
"Campos, Rafael",12909,-0.27615000000000006,-0.2631345977217704,0.38759689922480617,0.48875,0.4381734496124031,2.0460358056265986,2.2822012627295747,0.3582688659735585,2.791199836141507,Make Cut: DG anchor + putting overlay,Tier 2 - candidate,0.51125,0.5618265503875969,1.9559902200488999,1.7799087624287477,0.6124031007751938,0.6124031007751938,1.6329113924050633,0.6550772366787189,1.5265375500911318,Miss Cut: DataGolf core; ARG weakness tag,Tier 1 - core,0.003154789359602309,316.9783735184334,0.0020773946798011544,481.37217723871265,0.0006313664968764732,1583.866114130617,Winner: DG anchor + total SG overlay,Tier 4 - speculative,0.02045943802763754,48.877197831590216,0.013702731579956322,72.97814995243361,0.003316301657973001,301.5407231111849,Top 5: DG anchor + total SG overlay,Tier 3 - semi-core,0.047227066056635104,21.174298627841743,0.0326037067897413,30.671359132534224,0.013550465664755904,73.7982018286612,Top 10: DG anchor + putting overlay,Tier 2 - current-price / early value,0.10827330035682144,9.235887302820155,0.07846321161465966,12.744826262160867,0.10857713874750542,9.210041925358576,0.07868339642353062,12.709161595125876,0.046543937385157476,21.485075311202458,Top 20: DG anchor + OTT overlay,Tier 3 - experimental,-0.268,-0.281,-0.271,-0.314,-1.133,-0.044,0.801,0,-0.04,0.0750770113911483,2.83914005122194
"Van Rooyen, Erik",17550,-0.26354999999999995,-0.24765652342898234,0.5714285714285714,0.49675,0.5340892857142857,2.0130850528434827,1.8723461165535458,0.5992089691182453,1.6688668753932894,Make Cut: DG anchor + putting overlay,Tier 2 - candidate,0.50325,0.4659107142857143,1.987083954297069,2.1463339848990075,0.4285714285714286,0.4285714285714286,2.333333333333333,0.419959465435456,2.3811821909124014,Miss Cut: DataGolf core; ARG weakness tag,Tier 1 - core,0.003057174184183969,327.0994518969233,0.003795253758758634,263.48699285053436,0.00368182126286753,271.60471098511863,Winner: DG anchor + total SG overlay,Tier 4 - speculative,0.020207888014960117,49.48562656620471,0.023940901679437708,41.76952118970845,0.020512493168486717,48.75077796668311,Top 5: DG anchor + total SG overlay,Tier 3 - semi-core,0.046516569315746034,21.497716076441094,0.05444298252944586,18.367840142834627,0.0744550174287475,13.430928291125408,Top 10: DG anchor + putting overlay,Tier 2 - current-price / early value,0.10776687941515373,9.279288826279071,0.12350058938660137,8.097127349486888,0.1078275993568987,9.274063467648007,0.12357017429648948,8.092567690328242,0.13799957969838775,7.24639888168937,Top 20: DG anchor + OTT overlay,Tier 3 - experimental,-0.457,-0.164,0.038,0.25,-0.332,-0.038,2.306,0,-0.04,0.0894673828550881,2.78766309100958
"Ramey, Chad",19840,-0.20800000000000002,-0.2195570241642248,0.5555555555555556,0.50695,0.5312527777777778,1.9725811223986587,1.8823430988596137,0.5724083603652456,1.7470045325017867,Make Cut: DG anchor + putting overlay,Tier 2 - candidate,0.49305,0.4687472222222222,2.0281918669506136,2.1333459753835577,0.4444444444444444,0.4444444444444444,2.25,0.4260125542190983,2.347348664015427,Miss Cut: DataGolf core; ARG weakness tag,Tier 1 - core,0.003057174184183969,327.0994518969233,0.0032952537587586346,303.46676559947633,0.0028948381402781817,345.4424570708137,Winner: DG anchor + total SG overlay,Tier 4 - speculative,0.018204046584688348,54.932841187140916,0.020702985593931474,48.302212039075336,0.017453816524502803,57.29405935923155,Top 5: DG anchor + total SG overlay,Tier 3 - semi-core,0.04469241635918342,22.375160742332955,0.049004319050202555,20.406364569121926,0.0585326057200353,17.08449483323971,Top 10: DG anchor + putting overlay,Tier 2 - current-price / early value,0.10720989643834963,9.327497117535634,0.11598028576357482,8.622154993120938,0.10770916855942791,9.284260693631255,0.11652040123052466,8.582188092723728,0.12186191444865187,8.20600927307246,Top 20: DG anchor + OTT overlay,Tier 3 - experimental,-0.322,-0.218,0.094,0.142,-0.304,-0.007,-3.311,0,-0.04,-0.0477851208211238,2.73239387496353
"Higgs, Harry",14140,-0.28045,-0.2715317901420215,0.45454545454545453,0.4924,0.47347272727272727,2.0308692120227456,2.112054068584156,0.4356447940214249,2.2954480662308114,Make Cut: DG anchor + putting overlay,Tier 2 - candidate,0.5076,0.5265272727272727,1.970055161544523,1.8992368521012466,0.5454545454545454,0.5454545454545454,1.8333333333333335,0.5767782421725645,1.733768590564852,Miss Cut: DataGolf core; ARG weakness tag,Tier 1 - core,0.0028143891975668175,355.31688398482726,0.0021571945987834086,463.56503978081963,0.001013027335706435,987.1401933124042,Winner: DG anchor + total SG overlay,Tier 4 - speculative,0.01980589104783032,50.490028324655825,0.01587092862877326,63.008285361894096,0.006417991875246684,155.81197661792984,Top 5: DG anchor + total SG overlay,Tier 3 - semi-core,0.04363025950426432,22.91987284426448,0.036116726766229165,27.688001918685693,0.023773732570319568,42.06323079651594,Top 10: DG anchor + putting overlay,Tier 2 - current-price / early value,0.10700737804555936,9.345150009882879,0.08940697823356888,11.184809281749535,0.10667967655495586,9.373856692233705,0.08913317655210894,11.219167078774323,0.07104155031363905,14.076269388620211,Top 20: DG anchor + OTT overlay,Tier 3 - experimental,-0.364,-0.165,-0.191,-0.199,-0.919,-0.023,1.674,0,-0.04,0.0545910492898923,2.82576300845315
"Walker, Danny",25003,-0.28725,-0.30106370203769917,0.4273504273504274,0.48075,0.4540502136752137,2.080083203328133,2.2023995802264045,0.40339773751141195,2.478943005900499,Make Cut: DG anchor + putting overlay,Tier 2 - candidate,0.51925,0.5459497863247863,1.9258545979778527,1.8316702836936336,0.5726495726495726,0.5726495726495726,1.746268656716418,0.5928873796342885,1.686660965218776,Miss Cut: DataGolf core; ARG weakness tag,Tier 1 - core,0.004145068532368647,241.25053474774825,0.0030392009328509733,329.0338553107554,0.0012878762979732132,776.472089418637,Winner: DG anchor + total SG overlay,Tier 4 - speculative,0.022074689234595626,45.30075098102818,0.017458849246927463,57.277543660329584,0.00674389065289915,148.28235679801645,Top 5: DG anchor + total SG overlay,Tier 3 - semi-core,0.04859901291306849,20.576549605827395,0.03883302474380255,25.751277594197507,0.023140224568452303,43.21479236477796,Top 10: DG anchor + putting overlay,Tier 2 - current-price / early value,0.10634927046586264,9.402979405683775,0.08772799627004237,11.398869716821324,0.1061217942307651,9.423135061450894,0.08754035009046124,11.423303641882102,0.06698725640571782,14.928212523638202,Top 20: DG anchor + OTT overlay,Tier 3 - experimental,-0.345,-0.238,-0.129,-0.251,-0.963,-0.069,4.612,0,-0.04,-0.0590685101884958,2.95794932993575
"Lipsky, David",15980,-0.23695000000000002,-0.2536932555610851,0.5076142131979695,0.4889,0.49825710659898476,2.045408058907752,2.0069959600291982,0.511665477240581,1.9544019373615236,Make Cut: DG anchor + putting overlay,Tier 2 - candidate,0.5111,0.5017428934010153,1.9565642731363726,1.9930526433998845,0.4923857868020305,0.4923857868020305,2.0309278350515463,0.4694170516841795,2.1303018209760154,Miss Cut: DataGolf core; ARG weakness tag,Tier 1 - core,0.00205093333934681,487.5828876615191,0.002250466669673405,444.3522818958804,0.0018540304982385218,539.3654532382723,Winner: DG anchor + total SG overlay,Tier 4 - speculative,0.01835379032309252,54.48465861254893,0.017218637886413958,58.076603189909186,0.010543447581005904,94.84563681062987,Top 5: DG anchor + total SG overlay,Tier 3 - semi-core,0.044489989523258944,22.47696640785248,0.04143621456034927,24.133478663780014,0.03819954030260952,26.178325500207322,Top 10: DG anchor + putting overlay,Tier 2 - current-price / early value,0.1057925028090609,9.452465661057715,0.09989082020378676,10.01092991287793,0.10569617192411182,9.461080584053548,0.09979986318081238,10.020053816990211,0.08643307755749524,11.569644726983144,Top 20: DG anchor + OTT overlay,Tier 3 - experimental,-0.258,-0.435,0.118,0.019,-0.557,0.021,-9.898,0,-0.04,-0.0737162778054252,2.73342038633238
"Svensson, Adam",13997,-0.24619999999999997,-0.26288986259118974,0.4424778761061947,0.48955,0.4660139380530973,2.042692268409764,2.145858564183247,0.4196430162315335,2.3829778200056135,Make Cut: DG anchor + putting overlay,Tier 2 - candidate,0.5104500000000001,0.5339860619469027,1.9590557351356643,1.8727080560005998,0.5575221238938053,0.5575221238938053,1.7936507936507937,0.551266295244434,1.8140053339495303,Miss Cut: DataGolf core; ARG weakness tag,Tier 1 - core,0.0034985674138782604,285.8312794068678,0.0023659503736057803,422.66313408593163,0.0008405121729387255,1189.7507641128493,Winner: DG anchor + total SG overlay,Tier 4 - speculative,0.022175940650649827,45.09391577807531,0.015939342679822263,62.73784434447901,0.005296715935333674,188.79623000530114,Top 5: DG anchor + total SG overlay,Tier 3 - semi-core,0.04585737173381565,21.806744743344957,0.03486228976301173,28.684289150191802,0.019189824940095874,52.11094958508798,Top 10: DG anchor + putting overlay,Tier 2 - current-price / early value,0.10523582048436966,9.502467842197579,0.08399433774986234,11.90556443195052,0.10602447031319258,9.431784917633024,0.08462380136580251,11.81700637244254,0.05664275312727946,17.654509090561746,Top 20: DG anchor + OTT overlay,Tier 3 - experimental,-0.186,-0.49,0.024,-0.238,-0.89,0.006,-9.098,0,-0.04,-0.0734493129559488,2.76935196715793
"Garnett, Brice",11451,-0.2348,-0.2458546583269137,0.4807692307692307,0.5005,0.49063461538461534,1.9980019980019983,2.0381766158429038,0.47345694856958204,2.1121244561331727,Make Cut: DG anchor + putting overlay,Tier 2 - candidate,0.49950000000000006,0.5093653846153847,2.0020020020020017,1.9632272435534408,0.5192307692307693,0.5192307692307693,1.9259259259259258,0.5350268616644359,1.869065035144331,Miss Cut: DataGolf core; ARG weakness tag,Tier 1 - core,0.0024776988829077677,403.6002949746759,0.002113849441453884,473.0705888458216,0.0012656696568585423,790.0955787168446,Winner: DG anchor + total SG overlay,Tier 4 - speculative,0.01830386565101177,54.63326813397604,0.015095874624447687,66.24326346619927,0.007199408569194945,138.9002985993643,Top 5: DG anchor + total SG overlay,Tier 3 - semi-core,0.04241815772873325,23.574809787710773,0.036735423260711025,27.22168172401356,0.028301024400753043,35.3344100142676,Top 10: DG anchor + putting overlay,Tier 2 - current-price / early value,0.10407212597163831,9.608720785357258,0.0910441097307409,10.983686950835784,0.10438210154493817,9.580186499401758,0.09131528176499965,10.951069532627685,0.0760519052564167,13.148914502909543,Top 20: DG anchor + OTT overlay,Tier 3 - experimental,-0.293,-0.219,-0.101,-0.088,-0.701,0.064,-11.924,0,-0.04,-0.0452732916345684,2.72810454260569
"VanDerLaan, John",25319,-0.2762,-0.2940891939469998,0.48780487804878053,0.4763,0.48205243902439027,2.099517111064455,2.074463106179623,0.4711470692369717,2.122479508616093,Make Cut: DG anchor + putting overlay,Tier 2 - candidate,0.5237,0.5179475609756097,1.9094901661256443,1.9306973820214404,0.5121951219512195,0.5121951219512195,1.9523809523809523,0.5136688622463889,1.9467794789561046,Miss Cut: DataGolf core; ARG weakness tag,Tier 1 - core,0.003008472096416556,332.39464018666405,0.002762569381541578,361.9818588744282,0.0018462409664446752,541.6411065375231,Winner: DG anchor + total SG overlay,Tier 4 - speculative,0.019153937873022928,52.20858533787116,0.017714055877348416,56.452345353541254,0.010110307086848576,98.90896403144804,Top 5: DG anchor + total SG overlay,Tier 3 - semi-core,0.043680805505232484,22.893350716259363,0.04107253027786874,24.34717299457038,0.032626120775892845,30.650288058116036,Top 10: DG anchor + putting overlay,Tier 2 - current-price / early value,0.10088656714115941,9.912122379987522,0.09583713108880221,10.434369107662508,0.10187191048908881,9.81624861258597,0.0967731573832727,10.333443973926292,0.09429011195538482,10.60556594177308,Top 20: DG anchor + OTT overlay,Tier 3 - experimental,-0.472,0.012,-0.02,-0.176,-0.656,-0.013,3.053,0,-0.04,-0.079445969734999,2.85325226186993
"Lower, Justin",17723,-0.28855000000000003,-0.28589243648191737,0.4424778761061947,0.48315,0.46281393805309734,2.069750595053296,2.1606955145012785,0.4329604909326389,2.3096795687890666,Make Cut: DG anchor + putting overlay,Tier 2 - candidate,0.51685,0.5371860619469027,1.9347973299796846,1.8615523946688763,0.5575221238938053,0.5575221238938053,1.7936507936507937,0.5713575382515205,1.7502175661499446,Miss Cut: DataGolf core; ARG weakness tag,Tier 1 - core,0.0027660548525756993,361.52573007321905,0.0020830274262878495,480.0704913339014,0.0009571274168557534,1044.7929736304982,Winner: DG anchor + total SG overlay,Tier 4 - speculative,0.01730752195347399,57.77834647202505,0.013384475262451245,74.71342584534457,0.005192905328527299,192.57042767687017,Top 5: DG anchor + total SG overlay,Tier 3 - semi-core,0.042115436217088256,23.744263144881113,0.03353766760349363,29.817219605809132,0.022328267213428253,44.78627877574837,Top 10: DG anchor + putting overlay,Tier 2 - current-price / early value,0.100229591096043,9.977093481722079,0.0830740043369178,12.03745994889527,0.10017682628321949,9.982348584020864,0.08303027090209678,12.043800280732878,0.06191153332426047,16.152079367224182,Top 20: DG anchor + OTT overlay,Tier 3 - experimental,-0.329,-0.35,-0.091,-0.11,-0.88,0.027,-11.062,0,-0.04,0.0232878175904133,2.7843298571505
"Silverman, Ben",17381,-0.2687,-0.27282081348061055,0.49504950495049505,0.49065,0.49284975247524754,2.0381127076327323,2.0290159322951533,0.5061216146800627,1.9758097085660633,Make Cut: DG anchor + putting overlay,Tier 2 - candidate,0.50935,0.5071502475247525,1.963286541670757,1.971802251661512,0.504950495049505,0.504950495049505,1.9803921568627452,0.5089080318545307,1.9649915847385289,Miss Cut: DataGolf core; ARG weakness tag,Tier 1 - core,0.002525555848769579,395.9524397321042,0.0022127779243847896,451.92063287508904,0.0014157893935631844,706.319742573613,Winner: DG anchor + total SG overlay,Tier 4 - speculative,0.017506458676741093,57.12177536674451,0.016075153941545146,62.20780240340765,0.009344951826735533,107.00964740546227,Top 5: DG anchor + total SG overlay,Tier 3 - semi-core,0.03969816402828088,25.190081820600124,0.03785092722911064,26.419432051083636,0.03782377967090682,26.438394277375114,Top 10: DG anchor + putting overlay,Tier 2 - current-price / early value,0.10012852896937173,9.987163601553455,0.09495293505023142,10.53153332723192,0.1000766962505928,9.992336252747517,0.09490378153893597,10.53698792381347,0.08587302793195542,11.645100028292772,Top 20: DG anchor + OTT overlay,Tier 3 - experimental,-0.366,-0.29,-0.034,0.085,-0.606,0.027,-9.898,0,-0.04,-0.0106040674030528,2.73712811404024
"Wu, Dylan",25002,-0.21910000000000002,-0.2352309234571275,0.4464285714285714,0.4979,0.4721642857142857,2.008435428800964,2.1179069028637127,0.43678813688748863,2.2894394685851736,Make Cut: DG anchor + putting overlay,Tier 2 - candidate,0.5021,0.5278357142857143,1.9916351324437362,1.8945288712667632,0.5535714285714286,0.5535714285714286,1.8064516129032258,0.560279927558884,1.7848221055445583,Miss Cut: DataGolf core; ARG weakness tag,Tier 1 - core,0.0022397000607838192,446.4883568606208,0.0017448500303919095,573.1151575103511,0.0008765783684834622,1140.7993123650374,Winner: DG anchor + total SG overlay,Tier 4 - speculative,0.01895366460479961,52.76024562272624,0.014107450688643157,70.88452918038725,0.005312861455081801,188.22248772241008,Top 5: DG anchor + total SG overlay,Tier 3 - semi-core,0.041359172804684784,24.178433275791466,0.03258026919177519,30.69342349855254,0.021272335562710323,47.00941262664951,Top 10: DG anchor + putting overlay,Tier 2 - current-price / early value,0.10002746981361642,9.997253773021791,0.08259584392728121,12.107146709226884,0.10068809356222815,9.931660880856496,0.0831413418403711,12.027710617420274,0.05878581978658239,17.010905072523045,Top 20: DG anchor + OTT overlay,Tier 3 - experimental,-0.145,-0.493,-0.05,-0.111,-0.799,-0.008,-7.296,0,-0.04,-0.0706546172856375,2.71336440981179
"Kanaya, Takumi",19729,-0.2706,-0.25761842979126315,0.5780346820809249,0.49245,0.5352423410404624,2.030663011473246,1.8683125816543045,0.6024262437292444,1.6599542440409385,Make Cut: DG anchor + putting overlay,Tier 2 - candidate,0.50755,0.4647576589595376,1.970249236528421,2.1516590006041434,0.4219653179190751,0.4219653179190751,2.3698630136986303,0.38078653922073946,2.6261432508786937,Miss Cut: DataGolf core; ARG weakness tag,Tier 1 - core,0.0017244413421404173,579.8979504624822,0.0027038873377368587,369.8378945170827,0.0030452933177654695,328.37559330204857,Winner: DG anchor + total SG overlay,Tier 4 - speculative,0.015821010010592256,63.20708977053262,0.019943372068788177,50.14197180651422,0.01838891817286337,54.380578052476494,Top 5: DG anchor + total SG overlay,Tier 3 - semi-core,0.0395976215309868,25.254042069609106,0.0478842532396859,20.883692077110894,0.06547926344613834,15.272010517078828,Top 10: DG anchor + putting overlay,Tier 2 - current-price / early value,0.09967378620529463,10.032728143188368,0.11697190863110031,8.549061152398103,0.09889606130111928,10.111626154202385,0.11605921162324351,8.616291512010642,0.1292403873614697,7.737519365390953,Top 20: DG anchor + OTT overlay,Tier 3 - experimental,-0.448,-0.276,0.23,0.218,-0.275,0.051,-10.737,0,-0.04,0.0749078510436844,2.65650329100181
"Schenk, Adam",19477,-0.30215000000000003,-0.30615708719809936,0.4132231404958678,0.47135,0.4422865702479339,2.1215657154980376,2.2609775364407447,0.3922586385545647,2.549338374509491,Make Cut: DG anchor + putting overlay,Tier 2 - candidate,0.5286500000000001,0.5577134297520661,1.8916107065165986,1.793035538779395,0.5867768595041323,0.5867768595041323,1.704225352112676,0.6066356947255483,1.6484358053681887,Miss Cut: DataGolf core; ARG weakness tag,Tier 1 - core,0.003547937691608475,281.8538787660178,0.002398968845804238,416.8457634408157,0.0008103647613375524,1234.0121976052415,Winner: DG anchor + total SG overlay,Tier 4 - speculative,0.020509775624415486,48.757237441913716,0.014750403685223592,67.79475472944262,0.004498292650311458,222.30656778872773,Top 5: DG anchor + total SG overlay,Tier 3 - semi-core,0.044135868102362266,22.65730896423622,0.03284411550861258,30.446854315129112,0.017525596990352426,57.059397209149836,Top 10: DG anchor + putting overlay,Tier 2 - current-price / early value,0.0996232629563692,10.037816171891077,0.07811428217579855,12.801756249253751,0.100260596283329,9.97400810557793,0.07861401320111121,12.720378457741234,0.0525576822504988,19.0267142153231,Top 20: DG anchor + OTT overlay,Tier 3 - experimental,-0.309,-0.388,-0.128,-0.224,-1.049,-0.041,-1.887,0,-0.04,-0.0100354359904968,2.87996579974254
"Norlander, Henrik",11657,-0.22240000000000001,-0.2569831786795496,0.37453183520599254,0.4876,0.4310659176029963,2.0508613617719442,2.319830817431921,0.3423702148892057,2.920814827083044,Make Cut: DG anchor + putting overlay,Tier 2 - candidate,0.5124,0.5689340823970037,1.9516003122560501,1.7576728674556665,0.6254681647940075,0.6254681647940075,1.598802395209581,0.6463799809200618,1.5470776161362438,Miss Cut: DataGolf core; ARG weakness tag,Tier 1 - core,0.002525555848769579,395.9524397321042,0.0015211112577180896,657.4141075651232,0.0003291533174905804,3038.09789196069,Winner: DG anchor + total SG overlay,Tier 4 - speculative,0.017357240332765932,57.61284517748259,0.011326278896541666,88.29025041095687,0.0025670375614047568,389.5540973123787,Top 5: DG anchor + total SG overlay,Tier 3 - semi-core,0.041611174346895236,24.032006202550583,0.028232975040210467,35.41957581784287,0.010871748326249896,91.98152587707486,Top 10: DG anchor + putting overlay,Tier 2 - current-price / early value,0.09765344189858184,10.240294459242428,0.07002908807290802,14.279780410090298,0.09773345865289339,10.231910481665892,0.07008646956634079,14.268089207338996,0.0374898114319594,26.67391383962838,Top 20: DG anchor + OTT overlay,Tier 3 - experimental,-0.064,-0.554,-0.139,-0.348,-1.104,0.016,-12.258,0,-0.04,-0.162915893397748,2.74924763897047
"Riley, Davis",19872,-0.3422,-0.3392371580308612,0.4672897196261682,0.4561,0.4616948598130841,2.1925016443762333,2.165932712365148,0.4985239872052964,2.0059215316918975,Make Cut: DG anchor + putting overlay,Tier 2 - candidate,0.5439,0.5383051401869159,1.8385732671446955,1.8576824283208027,0.5327102803738317,0.5327102803738317,1.8771929824561406,0.5313522171866971,1.8819908295379104,Miss Cut: DataGolf core; ARG weakness tag,Tier 1 - core,0.0029598415791789712,337.85592007170516,0.0027215874562561354,367.43261646848487,0.0017996196250485651,555.6729800459992,Winner: DG anchor + total SG overlay,Tier 4 - speculative,0.018204046584688348,54.932841187140916,0.017667985593931474,56.59954807431334,0.01042211123441487,95.94984907644225,Top 5: DG anchor + total SG overlay,Tier 3 - semi-core,0.0416615850400786,24.002927373934433,0.04060605827280505,24.626867086720566,0.04845858159164505,20.636179746796678,Top 10: DG anchor + putting overlay,Tier 2 - current-price / early value,0.09457476763823204,10.573644799479771,0.09195404725984196,10.87499712953601,0.09480024677629256,10.548495747693325,0.09217327824327548,10.849131321560163,0.07977463187513416,12.535313250523455,Top 20: DG anchor + OTT overlay,Tier 3 - experimental,-0.426,-0.54,-0.004,0.275,-0.695,-0.079,1.791,0,-0.04,0.024814209845694,2.9482422884447
"Tosti, Alejandro",17032,-0.37645,-0.4020399402881868,0.3846153846153846,0.43315,0.40888269230769225,2.308669052291354,2.4456892375563806,0.332917772608857,3.003744714989709,Make Cut: DG anchor + putting overlay,Tier 2 - candidate,0.5668500000000001,0.5911173076923077,1.7641351327511685,1.6917115892003733,0.6153846153846154,0.6153846153846154,1.625,0.6221325376960642,1.6073745374310233,Miss Cut: DataGolf core; ARG weakness tag,Tier 1 - core,0.0032526799296491715,307.43879558658523,0.0023763399648245856,420.8152094407153,0.0009359301120131679,1068.4558463975682,Winner: DG anchor + total SG overlay,Tier 4 - speculative,0.016463949416427145,60.73876775898227,0.012943204866943721,77.26061746530401,0.00441042900825662,226.73531262558194,Top 5: DG anchor + total SG overlay,Tier 3 - semi-core,0.03753973209785321,26.638442634415792,0.029792405731466305,33.56560087874389,0.013669228743045202,73.15701703424871,Top 10: DG anchor + putting overlay,Tier 2 - current-price / early value,0.08666460559474648,11.538735948053734,0.0702615992647947,14.232525454356693,0.08635287725581177,11.580390043490965,0.07000887173572556,14.283903956842366,0.05593552017661778,17.877727727255873,Top 20: DG anchor + OTT overlay,Tier 3 - experimental,-0.579,0.008,-0.052,-0.548,-1.171,-0.061,8.517,0,-0.04,-0.117949701440934,2.9991025354307
"List, Luke",7960,-0.4095,-0.39413283762319795,0.4081632653061224,0.43975,0.42395663265306116,2.274019329164298,2.3587318206160384,0.385268877490616,2.5955898813143996,Make Cut: DG anchor + putting overlay,Tier 2 - candidate,0.56025,0.5760433673469388,1.7849174475680498,1.735980408221107,0.5918367346938775,0.5918367346938775,1.6896551724137931,0.6241777137006033,1.6021078261048998,Miss Cut: DataGolf core; ARG weakness tag,Tier 1 - core,0.0021923676115477345,456.1278841799871,0.0016545171391071673,604.4059480336562,0.0006964593534135187,1435.833972361422,Winner: DG anchor + total SG overlay,Tier 4 - speculative,0.014933987031119221,66.96135452081315,0.01181909007640616,84.60888220119824,0.0040707886498029386,245.65264523089616,Top 5: DG anchor + total SG overlay,Tier 3 - semi-core,0.03538830564799749,28.25792254500285,0.028640015387361294,34.91618235796393,0.017507581468088698,57.11811204892654,Top 10: DG anchor + putting overlay,Tier 2 - current-price / early value,0.08646333947870331,11.565595384461282,0.07140788551431745,14.004055613710863,0.08659398116599167,11.548146724921954,0.07151577918006677,13.982928123905905,0.05652527076609762,17.691202296721663,Top 20: DG anchor + OTT overlay,Tier 3 - experimental,-0.611,-0.115,-0.203,-0.244,-1.172,-0.051,5.27,0,-0.04,0.08683581188401,2.9109998071303
"Dunlap, Nick",28270,-0.3364,-0.3590677669752328,0.4115226337448559,0.44885,0.430186316872428,2.227915784783335,2.3245741688630943,0.41907474148966134,2.38620919133746,Make Cut: DG anchor + putting overlay,Tier 2 - candidate,0.55115,0.569813683127572,1.8143880976140796,1.7549596115544954,0.5884773662551441,0.5884773662551441,1.699300699300699,0.5663729991375283,1.7656208921025511,Miss Cut: DataGolf core; ARG weakness tag,Tier 1 - core,0.00238223796856143,419.77334472755183,0.0018911189842807149,528.7874577497031,0.0009182513785590095,1089.0264075282705,Winner: DG anchor + total SG overlay,Tier 4 - speculative,0.014540990651174066,68.77110535238933,0.011723064770031433,85.30192570089491,0.004546300321549642,219.95907205249085,Top 5: DG anchor + total SG overlay,Tier 3 - semi-core,0.035987978024745924,27.787057092020664,0.029129285729544662,34.329712348069705,0.022830725296256963,43.80062337152063,Top 10: DG anchor + putting overlay,Tier 2 - current-price / early value,0.08445143376818645,11.841125193267095,0.07142200859007243,14.001286434543074,0.0845719125446473,11.824256658167437,0.07152389953287072,13.981340594278185,0.045705718769615565,21.879100185265745,Top 20: DG anchor + OTT overlay,Tier 3 - experimental,-0.193,-0.989,0.116,0.054,-1.012,-0.092,-5.069,0,-0.04,-0.103338834876164,2.84881804805435
"Stanger, Jimmy",23048,-0.3545,-0.3628530069138947,0.4484304932735426,0.4495,0.4489652466367713,2.2246941045606228,2.227343892408303,0.4387810942875875,2.2790407631933576,Make Cut: DG anchor + putting overlay,Tier 2 - candidate,0.5505,0.5510347533632287,1.8165304268846503,1.8147675693711178,0.5515695067264574,0.5515695067264574,1.8130081300813008,0.5691038973048779,1.7571483954612321,Miss Cut: DataGolf core; ARG weakness tag,Tier 1 - core,0.0016321394101320127,612.6927600621548,0.0019494030383993065,512.9775527697545,0.0015993121984641619,625.2687880204451,Winner: DG anchor + total SG overlay,Tier 4 - speculative,0.013708503820519424,72.94742103825808,0.013836811434069212,72.27098560711643,0.008105266257238604,123.37657619907624,Top 5: DG anchor + total SG overlay,Tier 3 - semi-core,0.03249815195861817,30.770980493701906,0.03276118967579778,30.523922052157545,0.029535741251265447,33.85728468748538,Top 10: DG anchor + putting overlay,Tier 2 - current-price / early value,0.07917690243120404,12.62994597280298,0.07933921149222627,12.60410812247587,0.08041397709678069,12.435649076235457,0.08057882210479274,12.410208710912903,0.0843376459745496,11.857101160990052,Top 20: DG anchor + OTT overlay,Tier 3 - experimental,-0.644,0.088,-0.112,-0.111,-0.78,-0.032,6.847,0,-0.04,-0.0317650345694737,2.85238590195647
"Rozo, Marcelo",16591,-0.3587,-0.3770087151416565,0.33003300330033003,0.44535,0.387691501650165,2.2454249466711573,2.5793704420747248,0.28768121292531035,3.4760698824626632,Make Cut: DG anchor + putting overlay,Tier 2 - candidate,0.55465,0.612308498349835,1.8029387902280718,1.6331636792482702,0.66996699669967,0.66996699669967,1.4926108374384237,0.7223016334791831,1.384463157286796,Miss Cut: DataGolf core; ARG weakness tag,Tier 1 - core,0.0022397000607838192,446.4883568606208,0.0013615166970585596,734.4750175744554,0.0002798504174389036,3573.3375320703894,Winner: DG anchor + total SG overlay,Tier 4 - speculative,0.013610805686994909,73.47103639540586,0.008701742129211706,114.91951670723554,0.0015549922890078136,643.0900056990412,Top 5: DG anchor + total SG overlay,Tier 3 - semi-core,0.03249815195861817,30.770980493701906,0.021714682502415584,46.05179006825258,0.0071135689004067,140.57641304954922,Top 10: DG anchor + putting overlay,Tier 2 - current-price / early value,0.07892598414872502,12.6700985839548,0.05491921776996321,18.208562332199254,0.07950268412005107,12.578191680798785,0.05532050400864356,18.076480283761605,0.030982867990492876,32.275901646898895,Top 20: DG anchor + OTT overlay,Tier 3 - experimental,-0.445,-0.117,-0.361,-0.486,-1.408,0.051,-9.631,0,-0.04,-0.0815435757082825,2.83313906826577
"Sargent, Gordon",30814,-0.45495,-0.430231773976611,0.47619047619047616,0.42815,0.45217023809523804,2.3356300362022657,2.211556435497587,0.4804479435378643,2.0813909466160294,Make Cut: DG anchor + putting overlay,Tier 2 - candidate,0.57185,0.547829761904762,1.7487103261344759,1.8253845802810655,0.5238095238095238,0.5238095238095238,1.909090909090909,0.5167808028837633,1.9350563999663986,Miss Cut: DataGolf core; ARG weakness tag,Tier 1 - core,0.0021923676115477345,456.1278841799871,0.0027128504724405174,368.6159669170363,0.0023250771845860544,430.0932487873667,Winner: DG anchor + total SG overlay,Tier 4 - speculative,0.013171811234485084,75.91970323579362,0.016158795828882744,61.88579957255035,0.011495843597105784,86.98796147955267,Top 5: DG anchor + total SG overlay,Tier 3 - semi-core,0.032895957767808744,30.3988717111796,0.03770709721927272,26.520206373480363,0.04237876756378726,23.596722073024655,Top 10: DG anchor + putting overlay,Tier 2 - current-price / early value,0.07887580327785904,12.678159314298947,0.08652946818920931,11.556756570066442,0.07821845520947188,12.784706592861793,0.08580833475653452,11.653879577517936,0.10077963600416341,9.922639529663392,Top 20: DG anchor + OTT overlay,Tier 3 - experimental,-0.892,0.123,0.028,0.021,-0.72,-0.073,16.864,0,-0.04,0.133591130116945,2.93772087873672
"Davis, Cam",17786,-0.42164999999999997,-0.43723846630721636,0.3663003663003663,0.4266,0.3964501831501831,2.344116268166901,2.5223850120436957,0.3582510427796369,2.79133869992699,Make Cut: DG anchor + putting overlay,Tier 2 - candidate,0.5734,0.6035498168498169,1.7439832577607255,1.6568640600695153,0.6336996336996337,0.6336996336996337,1.578034682080925,0.646986906345705,1.5456263336891538,Miss Cut: DataGolf core; ARG weakness tag,Tier 1 - core,0.0022397000607838192,446.4883568606208,0.0017781833637252097,562.3716993421014,0.0007950908946115537,1257.7178367619917,Winner: DG anchor + total SG overlay,Tier 4 - speculative,0.013269273189186068,75.36207791810033,0.010607126673958083,94.27623811216792,0.0035107589715213513,284.8386938869404,Top 5: DG anchor + total SG overlay,Tier 3 - semi-core,0.03140561538855986,31.841439425010293,0.025131247448969683,39.79110078123072,0.016988377007889403,58.863774893599306,Top 10: DG anchor + putting overlay,Tier 2 - current-price / early value,0.0778222206463589,12.849800374422848,0.06270647266916679,15.947317038161309,0.07797239560872049,12.825051637738309,0.0628274784962263,15.916602479280852,0.04106556928466495,24.351300065221025,Top 20: DG anchor + OTT overlay,Tier 3 - experimental,-0.44,-0.641,-0.093,-0.101,-1.275,-0.07,0.649,0,-0.04,-0.0679423315360819,2.97481233801758
"Champ, Cameron",23542,-0.45195000000000013,-0.4591579237469172,0.4115226337448559,0.4091,0.41031131687242794,2.4443901246638964,2.437173821142533,0.3923098779563712,2.549005406667864,Make Cut: DG anchor + putting overlay,Tier 2 - candidate,0.5909,0.589688683127572,1.6923337282112032,1.6958100581076643,0.5884773662551441,0.5884773662551441,1.699300699300699,0.6435129934209676,1.5539701765521756,Miss Cut: DataGolf core; ARG weakness tag,Tier 1 - core,0.0017707628547816638,564.7283583454774,0.0015520480940574817,644.3099307481666,0.0008324245514647851,1201.310074577136,Winner: DG anchor + total SG overlay,Tier 4 - speculative,0.011909792258804765,83.96452081359456,0.010697134886016132,93.48297564306247,0.004444433192784599,225.00056961672172,Top 5: DG anchor + total SG overlay,Tier 3 - semi-core,0.02809186620598906,35.59749262178974,0.02557631189087333,39.09867866276845,0.01902460921518461,52.563497556724776,Top 10: DG anchor + putting overlay,Tier 2 - current-price / early value,0.06900906214332479,14.490850461394503,0.06349896351421985,15.748288549246345,0.06903405717200464,14.485603786959947,0.06352196278945826,15.742586596614961,0.06323416378929804,15.814236167210032,Top 20: DG anchor + OTT overlay,Tier 3 - experimental,-0.805,0.182,-0.34,-0.207,-1.169,-0.041,15.194,0,-0.04,-0.0260396187345853,2.93298471584768
"Villegas, Camilo",9171,-0.43725,-0.44457788903992806,0.37735849056603776,0.41545,0.3964042452830189,2.407028523288001,2.5226773222018215,0.37987122212375113,2.63247106324424,Make Cut: DG anchor + putting overlay,Tier 2 - candidate,0.58455,0.6035957547169811,1.710717646052519,1.656737961102606,0.6226415094339622,0.6226415094339622,1.6060606060606062,0.6123028222807284,1.6331788187341072,Miss Cut: DataGolf core; ARG weakness tag,Tier 1 - core,0.0012678972124081172,788.707467934802,0.0009089486062040587,1100.1722134502072,0.0003358331813384127,2977.6688414606624,Winner: DG anchor + total SG overlay,Tier 4 - speculative,0.00998778380150993,100.1223114029383,0.0074822516891147155,133.64960730401705,0.002240050791443614,446.41844900112466,Top 5: DG anchor + total SG overlay,Tier 3 - semi-core,0.025584095973131465,39.08678270477896,0.019500362981755733,51.28109671269125,0.013218684786071317,75.65049142057701,Top 10: DG anchor + putting overlay,Tier 2 - current-price / early value,0.06461450854034852,15.476400309932718,0.052423023975006464,19.075587865300683,0.06497089635797006,15.391506906266175,0.05271216843388458,18.970951674171257,0.032191770732611716,31.063839523029248,Top 20: DG anchor + OTT overlay,Tier 3 - experimental,-0.397,-0.898,0.05,0.006,-1.239,-0.059,-11.937,0,-0.04,-0.0266394451996403,2.79089293050379
"Hirata, Kensei",20954,-0.47025000000000006,-0.46894763500370173,0.38759689922480617,0.4098,0.3986984496124031,2.440214738897023,2.508161245603427,0.3737666531018638,2.6754660740894582,Make Cut: DG anchor + putting overlay,Tier 2 - candidate,0.5902000000000001,0.6013015503875969,1.6943409013893593,1.663059074694558,0.6124031007751938,0.6124031007751938,1.6329113924050633,0.6230118063081715,1.6051060186576176,Miss Cut: DataGolf core; ARG weakness tag,Tier 1 - core,0.0010891465605988159,918.1500783973437,0.000836239946966058,1195.8290244660948,0.00036092379944720237,2770.6679402456107,Winner: DG anchor + total SG overlay,Tier 4 - speculative,0.008847315152007179,113.02864008106813,0.00718759276118874,139.1286392016751,0.0025467296905831425,392.6604396601757,Top 5: DG anchor + total SG overlay,Tier 3 - semi-core,0.023871020278361986,41.89179969431199,0.019898602972273843,50.25478428779005,0.013687205311726647,73.06093371327164,Top 10: DG anchor + putting overlay,Tier 2 - current-price / early value,0.06456461933849796,15.488358953333591,0.05548268542774973,18.023640930326145,0.06594605477342996,15.163909401945082,0.056669802279987996,17.646082388982208,0.044408973488989874,22.51797151420142,Top 20: DG anchor + OTT overlay,Tier 3 - experimental,-0.686,-0.279,-0.075,-0.157,-1.197,0.051,-10.172,0,-0.04,0.0165118249814915,2.81882367181531
"Paul, Jeremy",22087,-0.5161,-0.49510998589463,0.3448275862068966,0.40005,0.3724387931034483,2.499687539057618,2.6850049417978883,0.33075443718432385,3.023391034487368,Make Cut: DG anchor + putting overlay,Tier 2 - candidate,0.59995,0.6275612068965517,1.6668055671305944,1.593470069549474,0.6551724137931034,0.6551724137931034,1.5263157894736843,0.6622413083495255,1.5100235932008763,Miss Cut: DataGolf core; ARG weakness tag,Tier 1 - core,0.001044857023929148,957.0687444292954,0.0008057618452978741,1241.0614945788602,0.0003272849649673137,3055.441303574306,Winner: DG anchor + total SG overlay,Tier 4 - speculative,0.00908405995122289,110.08293707544065,0.0069505683353997955,143.87312687898063,0.001967314555453868,508.30712212633205,Top 5: DG anchor + total SG overlay,Tier 3 - semi-core,0.02431088049720261,41.13384540370998,0.018662900566061603,53.58223907694688,0.011087959832749584,90.18791690121236,Top 10: DG anchor + putting overlay,Tier 2 - current-price / early value,0.06356707217902297,15.731415113531034,0.04957055774840813,20.173265047277248,0.06420604500463363,15.574857475302082,0.05006883835605344,19.97250251521159,0.03152307402194917,31.722794525169437,Top 20: DG anchor + OTT overlay,Tier 3 - experimental,-0.651,-0.543,-0.056,-0.167,-1.416,-0.074,0.416,0,-0.04,0.11495007052685,2.88212652632732
"Kizzire, Patton",13470,-0.46210000000000007,-0.48605240752511625,0.3676470588235294,0.4,0.3838235294117647,2.5,2.6053639846743297,0.35363066182170766,2.827809089993946,Make Cut: DG anchor + putting overlay,Tier 2 - candidate,0.6,0.6161764705882353,1.6666666666666667,1.6229116945107398,0.6323529411764706,0.6323529411764706,1.5813953488372094,0.6013925926811127,1.6628073111805821,Miss Cut: DataGolf core; ARG weakness tag,Tier 1 - core,0.0011782134644353803,848.7426346627407,0.0009807733988843402,1019.6035099825614,0.0004696978086742697,2129.0284551731625,Winner: DG anchor + total SG overlay,Tier 4 - speculative,0.00955891349036377,104.61440005792379,0.007577333729308834,131.9725428130529,0.002440454578098994,409.75972631252813,Top 5: DG anchor + total SG overlay,Tier 3 - semi-core,0.023431618384494618,42.677376508561146,0.01900848205179516,52.60809344350356,0.012480484399820121,80.12509514569905,Top 10: DG anchor + putting overlay,Tier 2 - current-price / early value,0.05953173913249645,16.797762245352114,0.050215099780478424,19.914328645599127,0.059555424332255184,16.791081773191237,0.05023507827743714,19.9064087145883,0.033149610441921176,30.16626701396752,Top 20: DG anchor + OTT overlay,Tier 3 - experimental,-0.454,-0.854,0.173,-0.162,-1.297,-0.046,-7.333,0,-0.04,-0.109762037625581,2.83183134571503
"Malnati, Peter",14926,-0.5121000000000001,-0.5218703993818904,0.4081632653061224,0.3886,0.3983816326530612,2.573340195573855,2.5101558858032758,0.4312763163812791,2.318699084593202,Make Cut: DG anchor + putting overlay,Tier 2 - candidate,0.6113999999999999,0.6016183673469389,1.635590448151783,1.6621832947186668,0.5918367346938775,0.5918367346938775,1.6896551724137931,0.5629843875579962,1.7762481910690364,Miss Cut: DataGolf core; ARG weakness tag,Tier 1 - core,0.0015861641872725759,630.4517577839841,0.001343082093636288,744.5561255995749,0.000703968339018222,1420.5184304092904,Winner: DG anchor + total SG overlay,Tier 4 - speculative,0.00861103873639669,116.13000830820236,0.008454100717404694,118.28579211757815,0.004057955348124349,246.4295228044379,Top 5: DG anchor + total SG overlay,Tier 3 - semi-core,0.020514576592792533,48.745826923443985,0.02080696482357282,48.060830038366326,0.02450168926509751,40.81351245542458,Top 10: DG anchor + putting overlay,Tier 2 - current-price / early value,0.0547594682582972,18.261682076295166,0.05480193997885445,18.247529200350463,0.05437933401257072,18.389338857457005,0.054421510899084244,18.375087047001244,0.0449143838950978,22.264582373780385,Top 20: DG anchor + OTT overlay,Tier 3 - experimental,-0.62,-0.828,0.155,0.204,-1.09,-0.079,-6.396,0,-0.04,-0.0388519969094514,2.86097105844953
"Whaley, Vince",25908,-0.46205,-0.47172730181196243,0.4587155963302752,0.4037,0.4312077981651376,2.477086945751796,2.3190675220976287,0.5008575566124148,1.9965756467039653,Make Cut: DG anchor + putting overlay,Tier 2 - candidate,0.5963,0.5687922018348623,1.6770082173402647,1.7581113045750412,0.5412844036697249,0.5412844036697249,1.8474576271186438,0.5107424155371579,1.9579341162575663,Miss Cut: DataGolf core; ARG weakness tag,Tier 1 - core,0.0010891465605988159,918.1500783973437,0.0011195732802994078,893.1974508471386,0.0007986221523947105,1252.1566012180447,Winner: DG anchor + total SG overlay,Tier 4 - speculative,0.007437084933870044,134.46128542189834,0.008758105958998522,114.17993852569793,0.005686244362465287,175.86300135129036,Top 5: DG anchor + total SG overlay,Tier 3 - semi-core,0.017716943460396515,56.443144509398316,0.02226788611211266,44.90772024633483,0.0358855818685377,27.866344864167836,Top 10: DG anchor + putting overlay,Tier 2 - current-price / early value,0.053469018133249245,18.70241936195493,0.06064453679352737,16.48953150396114,0.05366065469169712,18.635628017313948,0.060861890893631004,16.430642974069126,0.05628700947535461,17.76608864675698,Top 20: DG anchor + OTT overlay,Tier 3 - experimental,-0.579,-0.79,0.161,0.378,-0.83,-0.09,-1.89,0,-0.04,-0.0383865090598121,2.73370318173114
"Merritt, Troy",13367,-0.5193500000000001,-0.5073913592015902,0.3802281368821293,0.39095,0.38558906844106466,2.557871850620284,2.593434518366915,0.3916311915806646,2.5534227648311028,Make Cut: DG anchor + putting overlay,Tier 2 - candidate,0.60905,0.6144109315589353,1.641901321730564,1.6275752084402462,0.6197718631178707,0.6197718631178707,1.6134969325153374,0.624827586972446,1.6004414991428644,Miss Cut: DataGolf core; ARG weakness tag,Tier 1 - core,0.0008694630547803744,1150.1351259284952,0.0007680648607234872,1301.9733763865188,0.00040212374430513304,2486.796699180231,Winner: DG anchor + total SG overlay,Tier 4 - speculative,0.007250468046354846,137.9221304895961,0.006016573308891673,166.20756511387248,0.002106944179950577,474.6210220070744,Top 5: DG anchor + total SG overlay,Tier 3 - semi-core,0.020320905116682917,49.2104064389842,0.01727836140875031,57.87585849972835,0.015098988655106104,66.22960138868802,Top 10: DG anchor + putting overlay,Tier 2 - current-price / early value,0.05317134994153861,18.807120772737395,0.04758132459891895,21.016649040971004,0.053001018468299826,18.867561962004654,0.04742890046211412,21.084191078787356,0.03571512052586498,27.999345523020075,Top 20: DG anchor + OTT overlay,Tier 3 - experimental,-0.641,-0.688,-0.042,0.094,-1.278,0.001,-12.074,0,-0.04,0.0697932039920496,2.80881381513434
"Lamprecht, Christo",24343,-0.7311,-0.7746348334344776,0.30120481927710846,0.3041,0.3026524096385542,3.288391976323578,3.3041203973702387,0.2866478704052722,3.4886008348367183,Make Cut: DG anchor + putting overlay,Tier 2 - candidate,0.6959,0.6973475903614458,1.4369880729989941,1.434005098492826,0.6987951807228916,0.6987951807228916,1.4310344827586206,0.7090452355772751,1.4103472526486152,Miss Cut: DataGolf core; ARG weakness tag,Tier 1 - core,0.000654756769549026,1527.2847055690095,0.000602378384774513,1660.0861273837504,0.00029420227177889477,3399.022019624449,Winner: DG anchor + total SG overlay,Tier 4 - speculative,0.004634264694930896,215.78396268427036,0.004470614490322548,223.68289687350153,0.0015380006414627623,650.1947873369672,Top 5: DG anchor + total SG overlay,Tier 3 - semi-core,0.011824516004285033,84.57005763598396,0.011183478240237767,89.4176193236586,0.00885115831186516,112.97956321258873,Top 10: DG anchor + putting overlay,Tier 2 - current-price / early value,0.03306032036820997,30.24774076180994,0.031070312485507283,32.185064133695114,0.03309217994281222,30.218619677764835,0.03110025432900796,32.154077886986144,0.02839355896187206,35.2192552311895,Top 20: DG anchor + OTT overlay,Tier 3 - experimental,-1.187,-0.207,-0.081,-0.184,-1.66,-0.111,14.538,0,-0.04,-0.207674167172388,3.04872490159199
