player_name,dg_id,skill_pred,custom_pred,p_make_cut,p_make_cut_model,p_make_cut_anchored,make_cut_fair_odds_dec_model,make_cut_fair_odds_dec_anchored,make_cut_strategy_prob,make_cut_strategy_fair_odds_dec,make_cut_strategy_name,make_cut_strategy_tier,p_miss_cut_model,p_miss_cut_anchored,miss_cut_fair_odds_dec_model,miss_cut_fair_odds_dec_anchored,p_miss_cut_dg,miss_cut_strategy_prob,miss_cut_strategy_fair_odds_dec,miss_cut_arg_overlay_prob,miss_cut_arg_overlay_fair_odds_dec,miss_cut_strategy_name,miss_cut_strategy_tier,win_prob_model,win_fair_odds_dec,win_prob_anchored,win_fair_odds_dec_anchored,top5_prob_model,top5_fair_odds_dec,top5_prob_anchored,top5_fair_odds_dec_anchored,top10_prob_model,top10_fair_odds_dec,top10_prob_anchored,top10_fair_odds_dec_anchored,top10_strategy_prob,top10_strategy_fair_odds_dec,top10_strategy_name,top10_strategy_tier,top20_prob_model,top20_fair_odds_dec,top20_prob_anchored,top20_fair_odds_dec_anchored,top20_prob_dh,top20_fair_odds_dec_dh,top20_prob_anchored_dh,top20_fair_odds_dec_anchored_dh,top20_strategy_prob,top20_strategy_fair_odds_dec,top20_strategy_name,top20_strategy_tier,sg_app,sg_ott,sg_arg,sg_putt,sg_total,driving_acc,driving_dist,total_fit_adjustment,total_course_history_adjustment,timing_adjustment,std_deviation,market_odds_best_dec,market_book_best,market_prob_best,edge_prob,ev_per_unit,value_flag,bet_flag
"Niemann, Joaquin",18079,0.4608,0.500010442578798,0.8403361344537815,0.7733,0.8068180672268908,1.29315918789603,1.2394367957538353,0.8433716277403456,1.1857169094949405,Make Cut: DG anchor + putting overlay,Tier 2 - candidate,0.2267,0.1931819327731092,4.411116012351124,5.176467517666326,0.1596638655462184,0.1596638655462184,6.2631578947368425,0.1503817417938942,6.649743433418601,Miss Cut: DataGolf core; ARG weakness tag,Tier 1 - core,0.0694966720979767,14.389178212594055,0.0903316693823218,11.07031461765172,0.2258024864225944,4.428649196220443,0.2641779540698832,3.785327218241191,0.3417707568398033,2.9259378691335067,0.3878242635625367,2.578487459278705,0.4484559518832883,2.2298734040667885,Top 10: DG anchor + putting overlay,Tier 2 - current-price / early value,0.4907665857429832,2.037628536763717,0.5420690016418881,1.8447835920723596,0.4905186551463765,2.038658447560141,0.5417951535542568,1.8457160302004387,0.6724315000396665,1.487140325729848,Top 20: DG anchor + OTT overlay,Tier 3 - experimental,0.582,0.584,-0.012,-0.041,1.114,-0.012,11.994,0.1482451080988662,-0.06,0.136929658844557,2.81339828386255,,,,,,False,False
"Chacarra, Eugenio",26745,0.3232,0.3403130986475992,0.7874015748031495,0.7226,0.7550007874015747,1.383891502906172,1.3245019299140326,0.8049390724670639,1.2423300523045706,Make Cut: DG anchor + putting overlay,Tier 2 - candidate,0.2774,0.2449992125984252,3.6049026676279743,4.081645770997174,0.2125984251968504,0.2125984251968504,4.703703703703702,0.2063434228128858,4.846289677509176,Miss Cut: DataGolf core; ARG weakness tag,Tier 1 - core,0.0359105145176541,27.8469972773123,0.0431969239254937,23.14979653932777,0.1451270984556129,6.890511907435739,0.1642368101104425,6.088769011816177,0.2425398990353947,4.123032968913979,0.2714316384306363,3.6841688971182607,0.3502329738864689,2.855242294588056,Top 10: DG anchor + putting overlay,Tier 2 - current-price / early value,0.396298060441213,2.523353253070842,0.4288979781476795,2.3315568059303766,0.3954542969354231,2.528737221341403,0.4279848057206806,2.3365315465256,0.522238995981587,1.9148321126813324,Top 20: DG anchor + OTT overlay,Tier 3 - experimental,0.409,0.359,-0.055,0.14,0.853,-0.002,7.467,0.0932779509134193,-0.115533129272671,0.0678098000994543,2.72635470167468,,,,,,False,False
"Reed, Patrick",14838,0.3142500000000001,0.331475162255019,0.78125,0.72745,0.7543500000000001,1.3746649254244276,1.325644594684165,0.7965044365392069,1.255485787806753,Make Cut: DG anchor + putting overlay,Tier 2 - candidate,0.2725499999999999,0.2456499999999999,3.66905155017428,4.070832485243233,0.21875,0.21875,4.571428571428571,0.1784231610795447,5.604653532363881,Miss Cut: DataGolf core; ARG weakness tag,Tier 1 - core,0.031848051497109,31.399095171984836,0.0361240257485545,27.68240746368128,0.1363326318230361,7.335001067815006,0.1476981184608205,6.770566953872652,0.2329357093726695,4.293030049764153,0.2515477130918183,3.975388953884016,0.3100828704745067,3.224944346231516,Top 10: DG anchor + putting overlay,Tier 2 - current-price / early value,0.38775951778315,2.578917999787792,0.4109212844493505,2.433556103914248,0.3859935544684639,2.590716835614158,0.4090498360895269,2.4446898929477494,0.4623867733696905,2.1626916200746806,Top 20: DG anchor + OTT overlay,Tier 3 - experimental,0.548,-0.081,0.226,0.105,0.797,0.004,-4.196,-0.0356315786507268,0.0233978361841368,0.0980921415544237,2.65641553104765,,,,,,False,False
"Ayora, Angel",30445,0.221,0.2334363940499002,0.7518796992481203,0.68655,0.7192148496240601,1.456558153084262,1.3904051070729542,0.7548897825260403,1.324696694997994,Make Cut: DG anchor + putting overlay,Tier 2 - candidate,0.31345,0.2807851503759399,3.19030148349019,3.561441901970642,0.2481203007518797,0.2481203007518797,4.030303030303029,0.235550251277829,4.24537861698356,Miss Cut: DataGolf core; ARG weakness tag,Tier 1 - core,0.0269401321267269,37.11934281895791,0.0332533993966968,30.07211347238482,0.1173768980075567,8.519564045180509,0.1352518749297043,7.393612846548255,0.2029877407595487,4.926405881745147,0.2286864336035873,4.372799838810872,0.2625382008873305,3.808969500896194,Top 10: DG anchor + putting overlay,Tier 2 - current-price / early value,0.348144857687338,2.8723675732073577,0.3765410619235519,2.655752854393944,0.3468131037979074,2.883397394876732,0.3751006844120813,2.665950880807809,0.4672241951860841,2.140300117809019,Top 20: DG anchor + OTT overlay,Tier 3 - experimental,0.22,0.428,-0.015,-0.055,0.578,-0.028,11.526,0.1242580135821224,-0.0144919507559244,0.003675951147421,2.80042022576512,,,,,,False,False
"Lindell, Oliver",20085,0.25025,0.244923470817022,0.7246376811594204,0.6987,0.7116688405797102,1.4312294260770002,1.405147932548826,0.7505656809967111,1.3323284361630463,Make Cut: DG anchor + putting overlay,Tier 2 - candidate,0.3013,0.2883311594202897,3.318951211417192,3.468234241524818,0.2753623188405796,0.2753623188405796,3.631578947368423,0.2507414945988588,3.988171170471084,Miss Cut: DataGolf core; ARG weakness tag,Tier 1 - core,0.0265840247369422,37.616576492661714,0.0269253457018044,37.13972741798379,0.1153669174224974,8.667996184190255,0.1168545466742117,8.557647335605873,0.2064759294483361,4.843179554497258,0.208187772971476,4.803356055578781,0.2597373911243,3.8500425205296662,Top 10: DG anchor + putting overlay,Tier 2 - current-price / early value,0.3468843206215701,2.882805421150585,0.351772897062459,2.842743168534797,0.3467361252189613,2.884037535369317,0.351622613169507,2.8439581601025448,0.3684501028177747,2.7140717083598496,Top 20: DG anchor + OTT overlay,Tier 3 - experimental,0.533,-0.274,0.061,0.195,0.514,-0.01,-3.698,-0.0481197784272937,-0.0487743247251592,0.0096208244800469,2.72227429162037,,,,,,False,False
"Neergaard-Petersen, Rasmus",23841,0.2146,0.1981598700926247,0.6711409395973155,0.67345,0.6722954697986577,1.4848912317172769,1.4874412292254249,0.6718032525456904,1.4885310486525047,Make Cut: DG anchor + putting overlay,Tier 2 - candidate,0.32655,0.3277045302013422,3.062318174858368,3.051529374298238,0.3288590604026845,0.3288590604026845,3.0408163265306127,0.3209115500893702,3.116123429404493,Miss Cut: DataGolf core; ARG weakness tag,Tier 1 - core,0.0269995251385689,37.03768843591604,0.0226830959026178,44.08569290070281,0.1083812097462216,9.226691622482663,0.0974008628096187,10.266849503731969,0.190337399903348,5.253828204587183,0.176021242802342,5.681132481963674,0.1637421916826403,6.107161445219731,Top 10: DG anchor + putting overlay,Tier 2 - current-price / early value,0.320077805058671,3.1242403696710475,0.3039298540893495,3.2902328828349297,0.3205687697093936,3.119455463196037,0.3043960495340158,3.2851937517942447,0.3508013315427039,2.85061631779544,Top 20: DG anchor + OTT overlay,Tier 3 - experimental,0.137,0.613,-0.057,-0.083,0.609,0.047,4.521,0.0530097761560763,0.17735313324629,-0.153043820926487,2.79316689937429,,,,,,False,False
"Jarvis, Casey",26947,0.21145,0.1909587801426918,0.6711409395973155,0.67035,0.6707454697986577,1.4917580368464236,1.490878500156217,0.6819066808734855,1.4664763200722044,Make Cut: DG anchor + putting overlay,Tier 2 - candidate,0.32965,0.3292545302013423,3.0335204004246927,3.037163981885049,0.3288590604026845,0.3288590604026845,3.0408163265306127,0.324276161279593,3.0837912847308977,Miss Cut: DataGolf core; ARG weakness tag,Tier 1 - core,0.0256956617940715,38.91707510840285,0.0219061642303691,45.6492514839121,0.1048437088391367,9.53800672517523,0.0948372256918146,10.544382679957598,0.1864798212114493,5.36251050383677,0.1724066782824921,5.8002393524540725,0.1731829653048879,5.774239967767637,Top 10: DG anchor + putting overlay,Tier 2 - current-price / early value,0.3200254084672503,3.124751890137294,0.3017722304019011,3.313757527219112,0.3179561725211125,3.145087551126561,0.2998210167476963,3.3353232233266503,0.3227262145189829,3.0986017094721614,Top 20: DG anchor + OTT overlay,Tier 3 - experimental,0.288,0.237,-0.077,0.015,0.463,0.033,-1.966,-0.0261605763879459,0.0082793605429205,-0.0914456512282977,2.78729937633508,,,,,,False,False
"Du Plessis, Hennie",19421,0.2062999999999999,0.1731102251000241,0.5882352941176471,0.66175,0.6249926470588235,1.511144692104269,1.6000188237508677,0.5598163597678797,1.7863000652832592,Make Cut: DG anchor + putting overlay,Tier 2 - candidate,0.33825,0.3750073529411765,2.956393200295639,2.666614380110194,0.4117647058823529,0.4117647058823529,2.428571428571429,0.3950785082692435,2.531142492110723,Miss Cut: DataGolf core; ARG weakness tag,Tier 1 - core,0.0242212829681357,41.286004598333946,0.0171689748174012,58.24459588504217,0.0995540773720694,10.044792000458605,0.0759525479452939,13.166115252911146,0.179657524639367,5.5661459324196745,0.1419434131549595,7.045060970235377,0.0850658489309915,11.755598898580738,Top 10: DG anchor + putting overlay,Tier 2 - current-price / early value,0.3053643366429832,3.2747766520264943,0.2533313084175066,3.947399972971104,0.3048321136915676,3.2804942625297366,0.2528897744186966,3.954291953079729,0.2332002081730855,4.288160837565725,Top 20: DG anchor + OTT overlay,Tier 3 - experimental,0.316,0.27,-0.014,-0.336,0.235,-0.007,7.932,0.0784580336962281,0.0325318742283755,-0.213310859905087,2.80695337319535,,,,,,False,False
"Penge, Marco",22465,0.19975,0.1589206716010104,0.6211180124223602,0.6467,0.6339090062111801,1.5463120457708364,1.5775134762273129,0.6214916937144074,1.6090319631198928,Make Cut: DG anchor + putting overlay,Tier 2 - candidate,0.3532999999999999,0.3660909937888199,2.830455703368243,2.7315613248242085,0.3788819875776398,0.3788819875776398,2.6393442622950816,0.3839551567143741,2.6044708151788267,Miss Cut: DataGolf core; ARG weakness tag,Tier 1 - core,0.026465418292922,37.78515755662327,0.0208660424797943,47.92475626215892,0.1029644261376229,9.712092200304143,0.0876236783165267,11.41244032677626,0.1789980712404004,5.586652376030165,0.1564296940821087,6.392648185293439,0.1352388713515021,7.394323762144385,Top 10: DG anchor + putting overlay,Tier 2 - current-price / early value,0.3032192337244524,3.2979438267057306,0.2727161365115582,3.666816393013906,0.3031726057663485,3.298451050589604,0.2726741992095232,3.667380349512271,0.3008118360140447,3.3243372775840863,Top 20: DG anchor + OTT overlay,Tier 3 - experimental,0.106,0.653,-0.132,-0.086,0.54,-0.052,19.239,0.1950726034828417,0.0569854331660398,-0.315929302027879,2.90746885021243,,,,,,False,False
"Hillier, Daniel",21362,0.1691,0.1687057473079048,0.7246376811594204,0.65975,0.6921938405797101,1.5157256536566883,1.4446820260095108,0.7355390774562609,1.3595470732273438,Make Cut: DG anchor + putting overlay,Tier 2 - candidate,0.34025,0.3078061594202899,2.9390154298310063,3.2487978859271727,0.2753623188405796,0.2753623188405796,3.631578947368423,0.315360418501295,3.170974990305873,Miss Cut: DataGolf core; ARG weakness tag,Tier 1 - core,0.0225212018706138,44.4026036330157,0.0262272676019735,38.12825701769826,0.0945113707337362,10.580737452398896,0.1099678152971231,9.093569762189874,0.1728498641203427,5.785367579483736,0.1953651498053888,5.118620188893159,0.2391073345089061,4.182222189268529,Top 10: DG anchor + putting overlay,Tier 2 - current-price / early value,0.3014407029436179,3.3174020304319747,0.3310140439714389,3.0210198576537843,0.3020638315667441,3.310558549208629,0.3316983056635102,3.014787784338113,0.4236277511558619,2.3605630114446354,Top 20: DG anchor + OTT overlay,Tier 3 - experimental,0.144,0.49,-0.354,0.028,0.308,0.024,7.853,0.1071711052645731,0.113680804146403,-0.0839770171293632,2.76883026448553,,,,,,False,False
"Ancer, Abraham",18238,0.1921,0.1657028302360252,0.6622516556291391,0.6694,0.6658258278145696,1.4938751120406335,1.5018942765892478,0.6872131392093288,1.455152619972527,Make Cut: DG anchor + putting overlay,Tier 2 - candidate,0.3306,0.3341741721854304,3.0248033877797944,2.99245149156862,0.3377483443708609,0.3377483443708609,2.960784313725491,0.3319070081084598,3.0128920919718034,Miss Cut: DataGolf core; ARG weakness tag,Tier 1 - core,0.0184668452307208,54.151100932845374,0.016875089282027,59.25894573281197,0.0920256266894757,10.866538332570386,0.0846346618897114,11.815489985688297,0.1678635258598768,5.957220276873874,0.1576324285606039,6.343872318223762,0.1796893398138117,5.56516040982825,Top 10: DG anchor + putting overlay,Tier 2 - current-price / early value,0.2999762599141522,3.333597132940393,0.2868274216607426,3.4864170036810247,0.2997069900611204,3.336592182237945,0.286569954694196,3.489549353026621,0.2994567883076528,3.339379967478414,Top 20: DG anchor + OTT overlay,Tier 3 - experimental,0.323,0.025,-0.07,0.152,0.43,0.08,-12.505,-0.1019484420879822,-0.06,-0.0660116277758827,2.66139260833602,,,,,,False,False
"Brown, Dan",20766,0.1491,0.1026146002909807,0.5405405405405405,0.63465,0.5875952702702703,1.575671630032301,1.701851683625772,0.527329341947043,1.8963481082007096,Make Cut: DG anchor + putting overlay,Tier 2 - candidate,0.3653499999999999,0.4124047297297297,2.7371014096072264,2.4248024523272367,0.4594594594594595,0.4594594594594595,2.176470588235294,0.4857279718616361,2.0587655188300724,Miss Cut: DataGolf core; ARG weakness tag,Tier 1 - core,0.0193870181844304,51.58090792956957,0.0133601757588818,74.8493147131838,0.084430403297115,11.844074657335788,0.0610890243998802,16.369552629522104,0.1543175456654035,6.4801445337151335,0.116422557103986,8.589400755961945,0.0717146392952756,13.944154357140825,Top 10: DG anchor + putting overlay,Tier 2 - current-price / early value,0.2760524349102121,3.6225001975630335,0.2179032450108835,4.589192785770829,0.2762251958380768,3.620234558856824,0.2180396146350278,4.58632254360695,0.178133847061115,5.613756265292553,Top 20: DG anchor + OTT overlay,Tier 3 - experimental,0.318,0.074,-0.241,-0.202,-0.052,0.036,-6.071,-0.0498336899416558,0.165085302857538,-0.248781479288653,2.81410998933686,,,,,,False,False
"Ferguson, Ewen",21646,0.0946,0.1135220399767661,0.6802721088435374,0.6432,0.6617360544217687,1.554726368159204,1.5111765383160352,0.6884552790067275,1.4525271727783906,Make Cut: DG anchor + putting overlay,Tier 2 - candidate,0.3568,0.3382639455782312,2.802690582959641,2.956271317330588,0.3197278911564626,0.3197278911564626,3.127659574468085,0.3284852593794358,3.044276634784675,Miss Cut: DataGolf core; ARG weakness tag,Tier 1 - core,0.0150546680749891,66.42457973957838,0.0159273340374945,62.785146443585504,0.0785018251632337,12.738557325522535,0.0809173709149502,12.358285850031754,0.1508324818848878,6.629871679517803,0.1556462866143644,6.424824014450411,0.172216314170296,5.806650809000304,Top 10: DG anchor + putting overlay,Tier 2 - current-price / early value,0.2758437516977851,3.62524071632988,0.283465406276798,3.527767331945687,0.2746639337351912,3.640812925093104,0.2822529895516016,3.5429208441286657,0.3212628257834969,3.1127161929214697,Top 20: DG anchor + OTT overlay,Tier 3 - experimental,0.167,0.077,-0.156,-0.009,0.078,0.058,-4.831,-0.0236734397766553,0.13538456949587,0.0726007773981907,2.6932471826056,,,,,,False,False
"Perez, Victor",20730,0.12295,0.1000768231916964,0.6756756756756757,0.644,0.6598378378378378,1.5527950310559009,1.5155238797411323,0.702267214690722,1.4239593976210314,Make Cut: DG anchor + putting overlay,Tier 2 - candidate,0.356,0.3401621621621622,2.808988764044944,2.9397743524551085,0.3243243243243243,0.3243243243243243,3.083333333333333,0.2974423550998301,3.36199597284782,Miss Cut: DataGolf core; ARG weakness tag,Tier 1 - core,0.0146608519320413,68.2088602105379,0.016338759299354,61.20415765226053,0.07699690555124,12.987534925472014,0.0811148452720125,12.328199562565588,0.1481129385953298,6.751604616610659,0.1540997882009839,6.489301586162823,0.1978222766070765,5.055042420658442,Top 10: DG anchor + putting overlay,Tier 2 - current-price / early value,0.2712538902133948,3.686583072461384,0.2792722958554859,3.580734698143731,0.2708312287524387,3.692336384568412,0.2788371403025905,3.586322822400247,0.3309657471208165,3.021460706128473,Top 20: DG anchor + OTT overlay,Tier 3 - experimental,0.043,0.304,0.059,0.174,0.58,0.019,1.205,0.0373239375609104,0.0496816291333525,-0.145448260105311,2.70942163968142,,,,,,False,False
"Ortiz, Carlos",14735,0.11265,0.0747400715033399,0.625,0.63065,0.6278250000000001,1.585665583128518,1.592800541552184,0.6379836206628424,1.5674383598767556,Make Cut: DG anchor + putting overlay,Tier 2 - candidate,0.3693499999999999,0.3721749999999999,2.707459049681874,2.686908040572312,0.375,0.375,2.6666666666666665,0.3382715202808388,2.956205119395753,Miss Cut: DataGolf core; ARG weakness tag,Tier 1 - core,0.0175508232063435,56.97738437924444,0.0160420782698384,62.336062895301644,0.0767184544226482,13.034673437122686,0.0725395942748161,13.785574760888537,0.1455048329746598,6.872623950395885,0.1382323046547179,7.23419899927039,0.1452752417912878,6.883485359719223,Top 10: DG anchor + putting overlay,Tier 2 - current-price / early value,0.2620288946919445,3.8163730041133617,0.2517850098159098,3.971642317908999,0.2621705067145344,3.814311581160633,0.2519210855893078,3.969497025867225,0.2753282342271413,3.632028523362469,Top 20: DG anchor + OTT overlay,Tier 3 - experimental,0.082,0.217,0.104,0.029,0.432,-0.015,4.168,0.041026696314255,-0.06,-0.195062990640428,2.810191650024,,,,,,False,False
"Campillo, Jorge",14016,0.0629,0.0840285769402323,0.5847953216374269,0.63415,0.6094726608187134,1.576913979342427,1.6407626859860875,0.5799077687686548,1.7244121459578765,Make Cut: DG anchor + putting overlay,Tier 2 - candidate,0.36585,0.3905273391812865,2.7333606669400026,2.560640189996507,0.4152046783625731,0.4152046783625731,2.408450704225352,0.390566203771397,2.5603853849712808,Miss Cut: DataGolf core; ARG weakness tag,Tier 1 - core,0.0163551416414473,61.14285170516611,0.0120442374873903,83.02725689749545,0.0734384473412944,13.616845619742564,0.0580036052844038,17.24030765151219,0.1418145521472794,7.051462525238346,0.1158923179530566,8.62869962101423,0.0873850697380855,11.443602471191534,Top 10: DG anchor + putting overlay,Tier 2 - current-price / early value,0.2592684323952596,3.857006388172554,0.2222893187108573,4.498641706220484,0.2595495270314544,3.8528292131266784,0.2225303211907803,4.493769633948791,0.1903833280782502,5.252560768288417,Top 20: DG anchor + OTT overlay,Tier 3 - experimental,0.264,-0.288,0.029,-0.132,-0.127,-0.011,-3.747,-0.0408738395663818,0.29867082281703,0.0514120987800949,2.72183541288352,,,,,,False,False
"Ballester, Jose Luis",28473,0.0361499999999999,0.0338594245618905,0.6024096385542169,0.60535,0.6038798192771084,1.6519368960105725,1.6559586329562703,0.6047071006566662,1.6536931663512393,Make Cut: DG anchor + putting overlay,Tier 2 - candidate,0.3946499999999999,0.3961201807228915,2.533890789306981,2.524486377278406,0.3975903614457831,0.3975903614457831,2.515151515151516,0.4144709392253704,2.4127143916747453,Miss Cut: DataGolf core; ARG weakness tag,Tier 1 - core,0.0184668452307208,54.151100932845374,0.0159167559486937,62.82687271347309,0.0737160002167339,13.565575954472294,0.0693935857264525,14.410553792997096,0.1382921502700336,7.231068416011817,0.1302978345792763,7.67472462784158,0.1253147375252814,7.979907389569854,Top 10: DG anchor + putting overlay,Tier 2 - current-price / early value,0.2482872391641602,4.027593215690112,0.2362279807880036,4.233198779688266,0.2479876254075574,4.0324592743550856,0.2359429192078078,4.238313246939381,0.2635576148610452,3.794236795348248,Top 20: DG anchor + OTT overlay,Tier 3 - experimental,-0.049,0.358,-0.195,-0.069,0.045,-0.051,12.603,0.169344509926157,-0.0196831805817521,-0.0912043370081875,2.89084376823895,,,,,,False,False
"Clements, Todd",22608,0.0299,0.0315546650598101,0.5649717514124294,0.607,0.5859858757062146,1.6474464579901154,1.7065257738419488,0.560258692687015,1.7848897537028376,Make Cut: DG anchor + putting overlay,Tier 2 - candidate,0.393,0.4140141242937853,2.544529262086514,2.415376532638287,0.4350282485875706,0.4350282485875706,2.2987012987012987,0.4323680907129438,2.3128441286013315,Miss Cut: DataGolf core; ARG weakness tag,Tier 1 - core,0.0130397960173986,76.68831618728768,0.0102532313420326,97.53022892408076,0.0655343392904338,15.259175736375688,0.0530266934547407,18.858426480118336,0.1274324136381963,7.847297021613206,0.1056258526362439,9.467379197816433,0.0815323905201353,12.26506414960369,Top 10: DG anchor + putting overlay,Tier 2 - current-price / early value,0.2428278932925754,4.118143045433139,0.2079163356461767,4.809626895799847,0.2427653389661611,4.119204184001693,0.2078627748045842,4.810866211807858,0.1814638129746185,5.510740591237717,Top 20: DG anchor + OTT overlay,Tier 3 - experimental,0.183,-0.195,-0.09,-0.13,-0.233,-0.011,-2.507,-0.025642034893071,-0.0559228282705811,0.0350750498132316,2.81182042773623,,,,,,False,False
"Bradbury, Dan",29971,0.02495,0.031714562846071,0.6097560975609756,0.61265,0.6112030487804878,1.6322533257161511,1.6361174931886633,0.5831421196926823,1.7148478325095144,Make Cut: DG anchor + putting overlay,Tier 2 - candidate,0.3873499999999999,0.3887969512195122,2.5816445075513106,2.572036629565561,0.3902439024390244,0.3902439024390244,2.5625,0.4298743868165379,2.3262609512643064,Miss Cut: DataGolf core; ARG weakness tag,Tier 1 - core,0.013485247495079,74.15510915649946,0.0125176237475395,79.88736681724914,0.0686769141583438,14.560933790565564,0.0639368667713316,15.640428605556654,0.1292118787566281,7.739226529501288,0.1226872957996705,8.150803173890521,0.096024026723301,10.414060252665298,Top 10: DG anchor + putting overlay,Tier 2 - current-price / early value,0.241476604220749,4.141187935067352,0.2321969428908905,4.306688914805827,0.2421481853533833,4.12970263865753,0.2328427159520287,4.294744612951622,0.246397964635643,4.058475083098732,Top 20: DG anchor + OTT overlay,Tier 3 - experimental,0.136,0.057,-0.317,-0.324,-0.448,0.04,-2.066,0.0071087898716572,0.0336712700260266,0.0218506017880201,2.78329335444339,,,,,,False,False
"Wiesberger, Bernd",9531,0.00905,0.0257204388242533,0.6493506493506493,0.614,0.6316753246753246,1.6286644951140066,1.583091757643044,0.6312629776149088,1.5841258484352825,Make Cut: DG anchor + putting overlay,Tier 2 - candidate,0.386,0.3683246753246754,2.5906735751295336,2.7149959451359256,0.3506493506493506,0.3506493506493506,2.851851851851852,0.3167672045475947,3.1568924612262013,Miss Cut: DataGolf core; ARG weakness tag,Tier 1 - core,0.0116568346012759,85.78658222452084,0.0129284173006379,77.34898841412343,0.0581912058224907,17.184727242986646,0.065172431614949,15.343911148017114,0.1187712688626834,8.41954463883132,0.1282224901913227,7.798943839788829,0.1209644991544225,8.266888277058923,Top 10: DG anchor + putting overlay,Tier 2 - current-price / early value,0.236333336864399,4.23131164340886,0.246510881048287,4.056616063954265,0.2355139590108991,4.246032822002377,0.2456562172109393,4.070729458238474,0.2750338339178187,3.63591630075158,Top 20: DG anchor + OTT overlay,Tier 3 - experimental,0.085,-0.086,0.094,-0.256,-0.162,0.033,-7.809,-0.0605617050206298,0.223749942028933,0.0576955611243483,2.73517519011465,,,,,,False,False
"Rosenmueller, Thomas",22736,0.01925,0.0081195076874567,0.4672897196261682,0.5999,0.5335948598130841,1.666944490748458,1.874081021601849,0.4521136432048729,2.2118332747301217,Make Cut: DG anchor + putting overlay,Tier 2 - candidate,0.4001,0.4664051401869159,2.4993751562109474,2.144058703125016,0.5327102803738317,0.5327102803738317,1.8771929824561409,0.5464664628063978,1.8299384647768957,Miss Cut: DataGolf core; ARG weakness tag,Tier 1 - core,0.0129286471566307,77.34761324096668,0.0081226569116486,123.11242625130484,0.0627319797232923,15.94083280028704,0.0424637477981541,23.54949932241896,0.1244159407418175,8.037555268541963,0.0868827191406575,11.509768684622596,0.0442518189063979,22.59794116294322,Top 10: DG anchor + putting overlay,Tier 2 - current-price / early value,0.2329582119213815,4.292615365443647,0.1710072511719607,5.84770524727296,0.2322537224622499,4.305636049224304,0.1704901077542976,5.865442946643879,0.1216770889251498,8.21847406799117,Top 20: DG anchor + OTT overlay,Tier 3 - experimental,0.08,0.059,-0.176,-0.219,-0.256,-0.008,3.732,0.0440902628743814,0.0994256621741558,-0.102554008543446,2.83174783666114,,,,,,False,False
"An, Byeong Hun",14459,0.0243,-0.0013103804338241,0.5847953216374269,0.59565,0.5902226608187134,1.6788382439351968,1.6942758494105827,0.5681515485467566,1.760093768217027,Make Cut: DG anchor + putting overlay,Tier 2 - candidate,0.40435,0.4097773391812865,2.4731049833065413,2.4403496835572875,0.4152046783625731,0.4152046783625731,2.408450704225352,0.3666646907371299,2.727287424348483,Miss Cut: DataGolf core; ARG weakness tag,Tier 1 - core,0.0135410240266901,73.84965849177598,0.011845512013345,84.42015835815347,0.0646541933769206,15.466900873238126,0.0588507874652761,16.992126071210734,0.1217261523277594,8.215161498799398,0.1128554644237682,8.860891274569,0.0926400614528838,10.794466069181034,Top 10: DG anchor + putting overlay,Tier 2 - current-price / early value,0.2301553438130096,4.344891512979395,0.2159075939404893,4.631611059848272,0.2301306674620783,4.345357405113264,0.2158844451772733,4.632107696220775,0.2248014119110669,4.448370637438912,Top 20: DG anchor + OTT overlay,Tier 3 - experimental,0.017,0.089,0.161,-0.234,0.033,-0.064,6.578,0.0424042925234286,-0.06,-0.134254048430835,2.79606132921049,,,,,,False,False
"Waring, Paul",12426,0.0020999999999999,-0.0041497090893273,0.5181347150259068,0.59135,0.5547423575129534,1.6910459118965078,1.8026386239609435,0.4829567315143603,2.070578862964385,Make Cut: DG anchor + putting overlay,Tier 2 - candidate,0.4086499999999999,0.4452576424870466,2.4470818548880464,2.2458907036707223,0.4818652849740932,0.4818652849740932,2.075268817204301,0.4945466416700315,2.022053969718824,Miss Cut: DataGolf core; ARG weakness tag,Tier 1 - core,0.0125957238550561,79.39202315860432,0.0091811952608613,108.9182804185544,0.0655893776165407,15.246371231731484,0.0499011537553603,20.03961681732822,0.1202213343856496,8.317991187755158,0.0954109648118724,10.480975661149223,0.0546233608107973,18.30718551836766,Top 10: DG anchor + putting overlay,Tier 2 - current-price / early value,0.2246563185207905,4.451243599932205,0.1852497334038443,5.398118429784732,0.225052174593754,4.443414074114677,0.1855761530321263,5.388623396169244,0.1602473776254314,6.24035172879671,Top 20: DG anchor + OTT overlay,Tier 3 - experimental,0.103,0.005,-0.17,-0.388,-0.449,-0.011,0.156,-0.0088872001197434,0.178642407409119,-0.0714655472390447,2.84542352917875,,,,,,False,False
"Olesen, Jacob Skov",25611,-0.01745,-0.0221089629971749,0.6535947712418301,0.59,0.621797385620915,1.6949152542372885,1.6082409207967625,0.6881645378745594,1.45314084781027,Make Cut: DG anchor + putting overlay,Tier 2 - candidate,0.41,0.378202614379085,2.4390243902439024,2.64408537112244,0.3464052287581699,0.3464052287581699,2.8867924528301887,0.3271388981924254,3.056805551175369,Miss Cut: DataGolf core; ARG weakness tag,Tier 1 - core,0.0125957238550561,79.39202315860432,0.014222861927528,70.30933753666838,0.0592284170670771,16.883787369625015,0.0677786794330094,14.753902087873689,0.1148557666314665,8.706571984397295,0.1299717637871137,7.693978837110668,0.1898357330073624,5.26771216439645,Top 10: DG anchor + putting overlay,Tier 2 - current-price / early value,0.2211825346754618,4.521152637423595,0.2446961699813834,4.086700662605714,0.2209291657036796,4.526337646796919,0.2444158656749055,4.091387427893438,0.2894683585315429,3.4546090117515607,Top 20: DG anchor + OTT overlay,Tier 3 - experimental,-0.056,-0.047,0.008,0.243,0.148,-0.006,-0.254,-0.0069952137401327,-0.0459945116777471,-0.0082985801963718,2.76873766805527,,,,,,False,False
"Schaper, Jayden",26991,0.03995,-0.0061666003475312,0.7042253521126761,0.59285,0.648537676056338,1.6867673104495235,1.5419304643653895,0.7152338366260705,1.3981441436233495,Make Cut: DG anchor + putting overlay,Tier 2 - candidate,0.40715,0.3514623239436619,2.456097261451553,2.84525518632915,0.2957746478873239,0.2957746478873239,3.380952380952382,0.2722908929502636,3.672542952740836,Miss Cut: DataGolf core; ARG weakness tag,Tier 1 - core,0.0099084286032198,100.92417678369682,0.0155125476349432,64.46394386873102,0.0530260974351396,18.85863845106039,0.0779775605020818,12.824202162278493,0.1117501852734998,8.948531025273724,0.1496267714209289,6.683295980415212,0.2058680549110053,4.857480197363742,Top 10: DG anchor + putting overlay,Tier 2 - current-price / early value,0.2188502864995626,4.569333748630933,0.2729520671360803,3.6636469197408568,0.2185448375194141,4.5757200735119925,0.2725711083908592,3.668767412304126,0.3649681234548927,2.739965316789077,Top 20: DG anchor + OTT overlay,Tier 3 - experimental,-0.011,0.156,0.046,0.024,0.215,0.064,-7.224,-0.0376132851312972,0.0190769919718447,-0.216545607164969,2.71755171733988,,,,,,False,False
"Kobori, Kazuma",24369,-0.0231499999999999,-0.022659373496906,0.5847953216374269,0.5906,0.5876976608187134,1.693193362682018,1.7015551816335528,0.5938499020370701,1.6839271953564734,Make Cut: DG anchor + putting overlay,Tier 2 - candidate,0.4094,0.4123023391812865,2.442598925256473,2.425404624154477,0.4152046783625731,0.4152046783625731,2.408450704225352,0.398473510954622,2.509577104897895,Miss Cut: DataGolf core; ARG weakness tag,Tier 1 - core,0.0079216810788341,126.23583176958364,0.0074191738727503,134.7858962670852,0.0505382183265726,19.78700542108757,0.0467129385283656,21.407345191798765,0.103102210384718,9.69911310600011,0.0969889166401705,10.310456438131034,0.097980693958187,10.20609223717834,Top 10: DG anchor + putting overlay,Tier 2 - current-price / early value,0.2122720913517144,4.710934883771867,0.2003788857524472,4.990545766560572,0.2132464717022921,4.689409358181898,0.2012986734066063,4.967742623817915,0.1930138698442332,5.180974822208496,Top 20: DG anchor + OTT overlay,Tier 3 - experimental,0.1,-0.303,-0.014,-0.01,-0.226,0.101,-20.949,-0.1895304209653838,0.102958084310058,0.071478821920647,2.67195031397283,,,,,,False,False
"Schmid, Matti",20722,-0.03665,-0.0476047963586901,0.5813953488372093,0.58185,0.5816226744186046,1.7186560109993985,1.7193277428525449,0.608914911805867,1.6422655786738525,Make Cut: DG anchor + putting overlay,Tier 2 - candidate,0.41815,0.4183773255813954,2.391486308740882,2.390186893160035,0.4186046511627906,0.4186046511627906,2.3888888888888893,0.4086958981262709,2.446807038153927,Miss Cut: DataGolf core; ARG weakness tag,Tier 1 - core,0.0104520101310256,95.67537607255213,0.0099926717321794,100.07333642109892,0.054924881504721,18.206684704709744,0.0528829235565933,18.909695847844677,0.1095043542463791,9.13205695684074,0.105811988631126,9.45072494087722,0.12599643924072,7.93673222851536,Top 10: DG anchor + putting overlay,Tier 2 - current-price / early value,0.211133159531127,4.73634744168441,0.204357091626388,4.893395144946724,0.2105936644511529,4.748480931780117,0.2038349110000237,4.9059309570375005,0.2168540008794145,4.6113975114347445,Top 20: DG anchor + OTT overlay,Tier 3 - experimental,-0.092,0.015,-0.051,0.153,0.025,-0.049,6.757,0.0599520520502556,0.232136553345074,-0.142784146154847,2.86112421933462,,,,,,False,False
"Kimsey, Nathan",18027,-0.0269,-0.0438499551149576,0.625,0.5858,0.6053999999999999,1.7070672584499829,1.6518004625041296,0.6091144939941858,1.6417274746536328,Make Cut: DG anchor + putting overlay,Tier 2 - candidate,0.4142,0.3946,2.4142926122646062,2.534211860111505,0.375,0.375,2.6666666666666665,0.3564185897264586,2.8056897951576327,Miss Cut: DataGolf core; ARG weakness tag,Tier 1 - core,0.0100712251567164,99.29278557863474,0.0113106125783582,88.41254114860264,0.0520515265127093,19.21173243124449,0.0570255651442815,17.53599455735124,0.1039545600557493,9.619587630054074,0.1133738709369656,8.82037449842377,0.1098473187150806,9.103544917593997,Top 10: DG anchor + putting overlay,Tier 2 - current-price / early value,0.2076657004528756,4.815431714622148,0.2196606654436278,4.552476420757421,0.2065681247939437,4.8410179498774175,0.2184996927885868,4.576665473701912,0.2695699340421391,3.7096125113258376,Top 20: DG anchor + OTT overlay,Tier 3 - experimental,-0.149,0.313,-0.0,-0.232,-0.067,0.078,-2.47,0.0121845233329095,-0.0302460535793168,-0.083280523846414,2.77359730465133,,,,,,False,False
"Elvira, Manuel",26008,-0.0922,-0.0834843354668489,0.5025125628140703,0.56105,0.5317812814070352,1.7823723375813203,1.880472357646943,0.5082119829129496,1.9676828442104792,Make Cut: DG anchor + putting overlay,Tier 2 - candidate,0.4389499999999999,0.4682187185929648,2.2781637999772184,2.135753997629742,0.4974874371859297,0.4974874371859297,2.01010101010101,0.5011308479805854,1.995486815528749,Miss Cut: DataGolf core; ARG weakness tag,Tier 1 - core,0.0087758436405518,113.94915873149172,0.0064379218202759,155.32962777686188,0.0471993685609619,21.18672411281131,0.0367500847133814,27.210821629368404,0.097890379289398,10.21550848264314,0.078693036658796,12.707604668198092,0.0625659183485226,15.983142682083123,Top 10: DG anchor + putting overlay,Tier 2 - current-price / early value,0.1950007430608775,5.12818558690214,0.1622169123044798,6.164585343129996,0.1942384854631469,5.148310323855625,0.1615828066495803,6.188777263713889,0.1384305885622335,7.22383694518813,Top 20: DG anchor + OTT overlay,Tier 3 - experimental,-0.086,-0.114,-0.123,-0.041,-0.364,-0.018,-0.717,-0.0130636746445519,-0.0185904277329564,0.0547577669212705,2.8017054096386,,,,,,False,False
"Sullivan, Andy",15326,-0.07365,-0.0758654321769975,0.5649717514124294,0.5698,0.5673858757062147,1.7550017550017551,1.762468970090802,0.5743743194902018,1.7410249136618283,Make Cut: DG anchor + putting overlay,Tier 2 - candidate,0.4302,0.4326141242937853,2.3245002324500232,2.311528782451187,0.4350282485875706,0.4350282485875706,2.2987012987012987,0.4261441116148507,2.346624000530132,Miss Cut: DataGolf core; ARG weakness tag,Tier 1 - core,0.007550552625464,132.44063707701594,0.0070669429793986,141.50390103827988,0.0471456560543651,21.210861905217055,0.0427541871541667,23.389521975803536,0.0961919136318929,10.395884251006771,0.0890255497692894,11.232730408197527,0.0884728026813578,11.302908574079911,Top 10: DG anchor + putting overlay,Tier 2 - current-price / early value,0.1946392317788906,5.137710372470006,0.1822948360859153,5.485618909845046,0.1945479799960154,5.140120190507664,0.1822093716672072,5.488191912688393,0.1845012910536413,5.420016273540672,Top 20: DG anchor + OTT overlay,Tier 3 - experimental,-0.103,-0.042,-0.057,-0.008,-0.211,0.034,-8.091,-0.0927940694246103,0.114482610064326,0.006699221311236,2.76461248546509,,,,,,False,False
"Crocker, Sean",23610,-0.1243,-0.1002294721025187,0.4784688995215311,0.5555,0.5169844497607656,1.8001800180018002,1.934294156164174,0.427976073268424,2.3365792212706387,Make Cut: DG anchor + putting overlay,Tier 2 - candidate,0.4445,0.4830155502392343,2.249718785151856,2.0703267203399696,0.5215311004784688,0.5215311004784688,1.9174311926605507,0.5563189845927125,1.7975298842841243,Miss Cut: DataGolf core; ARG weakness tag,Tier 1 - core,0.010397533909205,96.17665195731512,0.0071654336212691,139.55889522606066,0.0527010918002328,18.97493895934015,0.0385164952748157,25.96290220241964,0.1005475652187097,9.945541672986447,0.077140655805603,12.963332882728302,0.0366648498193257,27.274078713746903,Top 10: DG anchor + putting overlay,Tier 2 - current-price / early value,0.1928835986364122,5.184473988817531,0.1556163432233751,6.4260602664630015,0.1939479964386688,5.1560212962355845,0.1564750875380454,6.390793676704987,0.1308548621204172,7.642054592360235,Top 20: DG anchor + OTT overlay,Tier 3 - experimental,-0.09,0.024,-0.286,-0.522,-0.874,0.002,2.001,0.0214363380418228,0.127412665307379,0.0777813041396501,2.8757670726257,,,,,,False,False
"Armitage, Marcus",17813,-0.0712999999999999,-0.0726717324726411,0.5988023952095809,0.5721,0.5854511976047905,1.7479461632581714,1.7080843016313223,0.626244971199841,1.596819209716081,Make Cut: DG anchor + putting overlay,Tier 2 - candidate,0.4278999999999999,0.4145488023952095,2.336994624912363,2.4122612204452865,0.4011976047904191,0.4011976047904191,2.492537313432836,0.3764931783046808,2.656090621622738,Miss Cut: DataGolf core; ARG weakness tag,Tier 1 - core,0.0084546044582288,118.2787444333601,0.0088356355624477,113.17804960744328,0.046233240536845,21.629459418987988,0.0486538394843917,20.55336250124315,0.0945481420189962,10.576622434305303,0.0984369007723281,10.15879199928156,0.1265567916759535,7.901590951835144,Top 10: DG anchor + putting overlay,Tier 2 - current-price / early value,0.1927803405504186,5.18725092581972,0.1979956995144883,5.050614747957317,0.1933216195858878,5.172727200103586,0.1985516219750164,5.036473588343836,0.2090678867678941,4.7831353511990775,Top 20: DG anchor + OTT overlay,Tier 3 - experimental,-0.035,-0.283,0.031,0.156,-0.131,-0.009,-4.052,-0.0630697502598498,0.0295468197588338,0.0172895078270108,2.76149917354354,,,,,,False,False
"LaCroix, Frederic",23733,-0.111,-0.090621454528366,0.5586592178770949,0.56155,0.5601046089385475,1.780785326328911,1.78538077359352,0.5332345158927528,1.8753474694446184,Make Cut: DG anchor + putting overlay,Tier 2 - candidate,0.43845,0.4398953910614525,2.2807617744326603,2.273267736647648,0.441340782122905,0.441340782122905,2.2658227848101262,0.445887914509058,2.2427160895379803,Miss Cut: DataGolf core; ARG weakness tag,Tier 1 - core,0.007233754461166,138.24079948641256,0.0071752105639163,139.36873226117365,0.0457507348322069,21.85757242299057,0.0433004533949394,23.0944463994197,0.0931707399494141,10.73298334372934,0.0882212285605656,11.335140264040636,0.0694070065685551,14.407767305340752,Top 10: DG anchor + putting overlay,Tier 2 - current-price / early value,0.1909735855331113,5.236326255321933,0.1809862224341101,5.525282458249329,0.1908041962830137,5.2409748814786665,0.1808256917491437,5.530187609553193,0.1899024412331599,5.2658617419889415,Top 20: DG anchor + OTT overlay,Tier 3 - experimental,-0.15,0.06,-0.128,-0.307,-0.524,0.018,0.085,0.0121785398050404,0.213012890656967,0.042550234791408,2.79769695225196,,,,,,False,False
"Lawrence, Thriston",18105,-0.0965,-0.0916550076667265,0.5434782608695652,0.56125,0.5523641304347826,1.7817371937639197,1.810399960643479,0.5060385789927025,1.976133918466364,Make Cut: DG anchor + putting overlay,Tier 2 - candidate,0.43875,0.4476358695652174,2.2792022792022792,2.233958598919444,0.4565217391304348,0.4565217391304348,2.1904761904761902,0.4812346100049375,2.077988530354747,Miss Cut: DataGolf core; ARG weakness tag,Tier 1 - core,0.0081877485400741,122.13369708480823,0.007168874270037,139.4919149551254,0.0463405148387993,21.57938908271977,0.0414782272967445,24.109034189088533,0.0945481420189962,10.576622434305303,0.085995093898646,11.628570359823104,0.0589636209948973,16.959609724215202,Top 10: DG anchor + putting overlay,Tier 2 - current-price / early value,0.1907671308543617,5.241993185730904,0.1755807355949759,5.69538563904168,0.19018827810819,5.257947597754383,0.175047963568061,5.712719986092192,0.1736186418856944,5.759750157810653,Top 20: DG anchor + OTT overlay,Tier 3 - experimental,-0.033,-0.057,-0.233,-0.408,-0.731,0.009,-3.838,-0.0375996174287595,0.182287791528944,-0.0025471775014889,2.818433470089,,,,,,False,False
"Bryant, Davis",32550,-0.0906999999999999,-0.084835604810317,0.5494505494505494,0.56915,0.5593002747252747,1.7570060616709129,1.7879483440110857,0.5617138273782593,1.780265949064127,Make Cut: DG anchor + putting overlay,Tier 2 - candidate,0.4308499999999999,0.4406997252747253,2.3209933851688525,2.269118727897131,0.4505494505494506,0.4505494505494506,2.219512195121951,0.4472985829315807,2.2356431210804018,Miss Cut: DataGolf core; ARG weakness tag,Tier 1 - core,0.0081877485400741,122.13369708480823,0.0071022076033703,140.8012910697577,0.046233240536845,21.629459418987988,0.0412373123078645,24.249883031520586,0.0927471549283287,10.782001892918007,0.0854434220408839,11.703651095827,0.0862454235858702,11.594818118138754,Top 10: DG anchor + putting overlay,Tier 2 - current-price / early value,0.190663905954897,5.244831186016704,0.178119507910941,5.614208189369104,0.1912460305768754,5.228866695866028,0.1786633326620932,5.597119370270029,0.1642440420436907,6.088500913378576,Top 20: DG anchor + OTT overlay,Tier 3 - experimental,0.048,-0.44,-0.087,0.016,-0.463,0.022,-9.306,-0.0890834912011942,0.0962079067871463,0.0498117448522252,2.73951650089583,,,,,,False,False
"Manassero, Matteo",11460,-0.0681,-0.0744374894502911,0.5376344086021505,0.5711,0.5543672043010752,1.7510068289266327,1.8038585115451795,0.5025131541571236,1.9899976582251304,Make Cut: DG anchor + putting overlay,Tier 2 - candidate,0.4288999999999999,0.4456327956989248,2.3315458148752626,2.244000014477419,0.4623655913978495,0.4623655913978495,2.1627906976744184,0.4107069762720374,2.4348259410564195,Miss Cut: DataGolf core; ARG weakness tag,Tier 1 - core,0.0084546044582288,118.2787444333601,0.0066106355624477,151.27138541422292,0.0440382331483259,22.70754134553676,0.0374777276852741,26.68251416942026,0.0923236793822809,10.831457397395743,0.0803191884766142,12.450324996637132,0.0528246197879522,18.930566921526083,Top 10: DG anchor + putting overlay,Tier 2 - current-price / early value,0.1900445907691589,5.26192298319434,0.1694321944438534,5.90206603463063,0.1899959207809664,5.263270894920072,0.1693888032435586,5.903577927533573,0.1404249601907762,7.121241114410404,Top 20: DG anchor + OTT overlay,Tier 3 - experimental,0.211,-0.649,0.169,-0.388,-0.657,0.004,-13.761,-0.1713665446349585,0.106858901524056,0.0272810996850097,2.70743308899999,,,,,,False,False
"Coussaud, Ugo",20727,-0.0962499999999999,-0.0912115193983457,0.5813953488372093,0.56235,0.5718726744186047,1.778251978305326,1.7486409907881184,0.5913837426444503,1.6909494257119215,Make Cut: DG anchor + putting overlay,Tier 2 - candidate,0.43765,0.4281273255813953,2.2849308808408546,2.3357537355084816,0.4186046511627906,0.4186046511627906,2.3888888888888893,0.4197162547072085,2.3825620017923628,Miss Cut: DataGolf core; ARG weakness tag,Tier 1 - core,0.0081344712974783,122.93361958385648,0.0085422356487391,117.06537271043328,0.0454292734044931,22.012238476636007,0.0463319948071046,21.58335733575317,0.0928000970781375,10.775850796341318,0.0945216809344511,10.579583330659124,0.10442892312055,9.575891143161805,Top 10: DG anchor + putting overlay,Tier 2 - current-price / early value,0.1883417776250076,5.309496451663639,0.1907297946289098,5.243019329757226,0.1887167875465464,5.298945647606222,0.1911095593641737,5.232600626190679,0.2099571193718894,4.762877310336576,Top 20: DG anchor + OTT overlay,Tier 3 - experimental,-0.141,-0.03,-0.11,-0.002,-0.283,-0.056,5.017,0.038499130225103,0.0390253576006325,-0.0038135015044387,2.80308786436959,,,,,,False,False
"Hill, Calum",25131,-0.1195499999999999,-0.1015168234663915,0.6329113924050632,0.55895,0.5959306962025316,1.789068789694964,1.678047474936821,0.689251224362387,1.4508497985260465,Make Cut: DG anchor + putting overlay,Tier 2 - candidate,0.44105,0.4040693037974684,2.2673166307674864,2.4748229835870674,0.3670886075949368,0.3670886075949368,2.724137931034482,0.3513075726841049,2.846508523456163,Miss Cut: DataGolf core; ARG weakness tag,Tier 1 - core,0.0086150879249333,116.07542589389595,0.0114742106291333,87.1519647252224,0.0461796102964895,21.65457858088546,0.0575326556773453,17.38143300055886,0.095131232115501,10.51179489387751,0.1136976092034935,8.79525969811926,0.2029569859652486,4.927152397558886,Top 10: DG anchor + putting overlay,Tier 2 - current-price / early value,0.1883417776250076,5.309496451663639,0.2174931698647847,4.597845535203238,0.1882348981044441,5.312511176568011,0.2173697476160723,4.600456185679722,0.252681822474161,3.957546254053391,Top 20: DG anchor + OTT overlay,Tier 3 - experimental,-0.156,-0.307,-0.015,0.445,-0.033,-0.026,-1.429,-0.031987798030239,0.155792391416748,0.0672116838289749,2.80888037059849,,,,,,False,False
"Pepperell, Eddie",15113,-0.0813,-0.0724093301848259,0.5714285714285714,0.5731,0.5722642857142857,1.7448961786773685,1.747444362619669,0.5865224225040839,1.7049646554527709,Make Cut: DG anchor + putting overlay,Tier 2 - candidate,0.4268999999999999,0.4277357142857143,2.34246896228625,2.337892223168512,0.4285714285714286,0.4285714285714286,2.333333333333333,0.4251682154068746,2.352010248562505,Miss Cut: DataGolf core; ARG weakness tag,Tier 1 - core,0.0076034714021964,131.51887435403935,0.0065517357010982,152.6313095676891,0.0456971462755148,21.883204565354102,0.0412379745927838,24.24949357660712,0.0914241593755548,10.938027834548317,0.0859715331509808,11.631757203210828,0.0908555195434686,11.006485957317793,Top 10: DG anchor + putting overlay,Tier 2 - current-price / early value,0.1872584024281526,5.340214308320187,0.1799564380281882,5.556900386322164,0.1872565180574368,5.340268047135598,0.1799546271367274,5.556956305659268,0.173766107587859,5.754862175838194,Top 20: DG anchor + OTT overlay,Tier 3 - experimental,0.032,-0.378,-0.086,0.042,-0.391,0.055,-15.906,-0.1632061930685563,0.0580824317515025,0.111535837672273,2.69083280361406,,,,,,False,False
"Kaneko, Kota",28268,-0.0628,-0.0808864079686371,0.6622516556291391,0.5719,0.6170758278145696,1.7485574401119075,1.620546381700919,0.68212467808387,1.4660076553879582,Make Cut: DG anchor + putting overlay,Tier 2 - candidate,0.4281,0.3829241721854304,2.33590282644242,2.6114830889175407,0.3377483443708609,0.3377483443708609,2.960784313725491,0.3252832903315044,3.074243374078253,Miss Cut: DataGolf core; ARG weakness tag,Tier 1 - core,0.0073919992492718,135.28139902050162,0.0102543329579692,97.51975131866924,0.0406281577743901,24.61347141440776,0.0545934439665601,18.317217734285546,0.0895737878932363,11.163980261635322,0.1128852958225202,8.858549669500034,0.1600415861927681,6.248375961454869,Top 10: DG anchor + putting overlay,Tier 2 - current-price / early value,0.1864330961668188,5.363854490219954,0.2239037432262294,4.4662049217712845,0.1862568673216874,5.3689295561536685,0.2236920946568463,4.47043066736017,0.2637670815184623,3.7912236593102135,Top 20: DG anchor + OTT overlay,Tier 3 - experimental,0.047,-0.383,-0.031,0.102,-0.265,0.065,-17.419,-0.1772206016530013,-0.06,0.0131782609833149,2.65290005750437,,,,,,False,False
"Del Rey, Alejandro",22259,-0.1222,-0.1144955126751025,0.5555555555555556,0.5444,0.5499777777777778,1.836884643644379,1.8182552830417391,0.5629184265415335,1.7764563262634958,Make Cut: DG anchor + putting overlay,Tier 2 - candidate,0.4556,0.4500222222222222,2.194907813871817,2.222112488272184,0.4444444444444444,0.4444444444444444,2.25,0.4279614507884521,2.336659056925936,Miss Cut: DataGolf core; ARG weakness tag,Tier 1 - core,0.0105065121771716,95.17906448276766,0.0093782560885858,106.6296324768836,0.0487589834173611,20.5090412045781,0.0464594354917493,21.524153046964763,0.0960858155628295,10.407363398462392,0.0922918877597697,10.835188490270562,0.0941393761754537,10.622547552644006,Top 10: DG anchor + putting overlay,Tier 2 - current-price / early value,0.186175209759356,5.371284400820964,0.180045639900213,5.554147273736991,0.1865417008536109,5.360731651014334,0.1804000647651998,5.543235260483706,0.2013645795942408,4.966116692494019,Top 20: DG anchor + OTT overlay,Tier 3 - experimental,-0.328,0.25,-0.017,-0.026,-0.121,-0.068,13.616,0.126344722346999,-0.033209293875265,-0.0163476010801957,2.89733663140171,,,,,,False,False
"De Leo, Gregorio",26506,-0.12065,-0.1168177314432485,0.5681818181818182,0.54775,0.557965909090909,1.825650387950708,1.7922241909533412,0.5652150838639495,1.769237991958307,Make Cut: DG anchor + putting overlay,Tier 2 - candidate,0.45225,0.4420340909090909,2.211166390270868,2.262268952929381,0.4318181818181817,0.4318181818181817,2.3157894736842106,0.4584182594917632,2.181413980125213,Miss Cut: DataGolf core; ARG weakness tag,Tier 1 - core,0.0079748304751898,125.39451504468448,0.0075457485709282,132.5249563512806,0.0430237525065189,23.24297490899896,0.0427549294038126,23.38911592053352,0.0888870553924797,11.25023205667588,0.0891406744615116,11.21822339847531,0.0881039269562081,11.350231874420851,Top 10: DG anchor + putting overlay,Tier 2 - current-price / early value,0.1805043654073332,5.540032218851666,0.1809323861807451,5.52692650060468,0.1810846151071301,5.52228028542567,0.1815140117969898,5.509216561851031,0.1962987653314618,5.094275546315548,Top 20: DG anchor + OTT overlay,Tier 3 - experimental,-0.13,-0.053,-0.244,-0.115,-0.542,-0.0,-1.251,0.0006388756522304,-0.0472683108138772,0.0306589826611116,2.80163551621111,,,,,,False,False
"Elvira Mijares, Ignacio",12988,-0.12675,-0.1222176238033335,0.5025125628140703,0.54895,0.5257312814070352,1.8216595318335,1.9021124201011224,0.5093900807727684,1.9631320627267683,Make Cut: DG anchor + putting overlay,Tier 2 - candidate,0.4510499999999999,0.4742687185929648,2.2170491076377346,2.1085092918772856,0.4974874371859297,0.4974874371859297,2.01010101010101,0.4895846996166628,2.042547491339056,Miss Cut: DataGolf core; ARG weakness tag,Tier 1 - core,0.0074448163534723,134.32164777759516,0.0054557415100694,183.29314139138188,0.0426504405097406,23.44641668523015,0.0327531534559285,30.531411314198,0.0864595034003796,11.56610853255964,0.0699642150840282,14.2930210651114,0.0567466682431132,17.622179961576148,Top 10: DG anchor + putting overlay,Tier 2 - current-price / early value,0.1775678667765611,5.631649566744693,0.150204161724759,6.657605145671299,0.1767969334771127,5.656206701851279,0.1495520314035954,6.686636019682704,0.1198669801286675,8.342581075510372,Top 20: DG anchor + OTT overlay,Tier 3 - experimental,0.013,-0.498,-0.063,-0.031,-0.579,-0.006,-8.983,-0.104166106753772,0.189525823244365,0.027363478549127,2.7580589821154,,,,,,False,False
"Norgaard, Niklas",15676,-0.1672,-0.1371767999793557,0.5524861878453039,0.54275,0.5476180939226519,1.842468908337172,1.826090136717149,0.5631094120460345,1.7758538191832771,Make Cut: DG anchor + putting overlay,Tier 2 - candidate,0.45725,0.4523819060773481,2.186987424822307,2.2105216556318688,0.4475138121546961,0.4475138121546961,2.234567901234568,0.5036974095501604,1.9853189256880928,Miss Cut: DataGolf core; ARG weakness tag,Tier 1 - core,0.0076564236826391,130.60928201602565,0.0074865451746528,133.57296011325593,0.0429170673586422,23.300753326022143,0.0420982592084216,23.753951322527648,0.0886230073273426,11.283751591799936,0.0866196682074608,11.54472212482876,0.0922195370109678,10.843689226948385,Top 10: DG anchor + putting overlay,Tier 2 - current-price / early value,0.177413353187927,5.636554306826833,0.1741678756264125,5.741586939631652,0.1766172502549219,5.661961096985951,0.1733863360515724,5.767467164786029,0.1954158281994314,5.11729274549578,Top 20: DG anchor + OTT overlay,Tier 3 - experimental,-0.319,0.191,-0.397,0.002,-0.523,-0.044,10.931,0.1059376755322776,0.0154652520847773,0.0932808493158883,2.84253968886135,,,,,,False,False
"Garcia, Sergio",5689,-0.1066,-0.1278128837696218,0.6134969325153374,0.5477,0.5805984662576686,1.8258170531312763,1.7223607331339412,0.6026418658689695,1.65936032100602,Make Cut: DG anchor + putting overlay,Tier 2 - candidate,0.4523,0.4194015337423313,2.2109219544550074,2.3843498879867524,0.3865030674846625,0.3865030674846625,2.5873015873015874,0.3671502089579642,2.723680868487514,Miss Cut: DataGolf core; ARG weakness tag,Tier 1 - core,0.0070232509953003,142.38420365001207,0.0089782921643168,111.37975705161185,0.039142792164618,25.54748766501945,0.0495659737037616,20.17513074547164,0.0843517166452037,11.85512328345555,0.1013241062783498,9.869319717983757,0.1099400435845402,9.095866868845045,Top 10: DG anchor + putting overlay,Tier 2 - current-price / early value,0.175816942863116,5.687733978963333,0.1996114914555155,5.009731617695244,0.1747020072998335,5.724032685461611,0.1983456637881735,5.041703362206931,0.24687756387893,4.050590844660168,Top 20: DG anchor + OTT overlay,Tier 3 - experimental,-0.186,0.056,0.003,-0.186,-0.312,0.026,-2.583,-0.0086096158174274,0.0531159050870939,-0.115038587211169,2.75797445075668,,,,,,False,False
"Fisher, Ross",9396,-0.1907,-0.1544954075698915,0.4310344827586207,0.5397,0.4853672413793103,1.852881230313137,2.060295616898687,0.3784386801429111,2.642436020605416,Make Cut: DG anchor + putting overlay,Tier 2 - candidate,0.4603,0.5146327586206897,2.172496198131653,1.943133201780982,0.5689655172413792,0.5689655172413792,1.7575757575757578,0.6073451501063972,1.646510225404477,Miss Cut: DataGolf core; ARG weakness tag,Tier 1 - core,0.0085080684395012,117.53549082388706,0.0055123675530839,181.4102543725601,0.0415319631303312,24.07784088755701,0.0290617454540545,34.40949551983932,0.0835094318964086,11.974695280414249,0.0606676419342553,16.48325150141299,0.0249498355446461,40.08042450662898,Top 10: DG anchor + putting overlay,Tier 2 - current-price / early value,0.1698984917043689,5.885867437481701,0.1290524773660409,7.748785768471743,0.1704321376050304,5.867437996450289,0.129457827200673,7.724523280078665,0.0991853948858314,10.082129542873345,Top 20: DG anchor + OTT overlay,Tier 3 - experimental,-0.228,0.084,-0.31,-0.553,-1.007,0.009,-0.533,-0.00323385777037,0.262513854471329,0.117011427417895,2.87408209889416,,,,,,False,False
"Couvra, Martin",27811,-0.14235,-0.1474991222429954,0.6060606060606061,0.5422,0.5741303030303031,1.844337882700111,1.7417648828531165,0.6049762023417223,1.6529575810242323,Make Cut: DG anchor + putting overlay,Tier 2 - candidate,0.4578,0.4258696969696969,2.18435998252512,2.3481360780435048,0.3939393939393939,0.3939393939393939,2.5384615384615388,0.38806072589524,2.5769162743615484,Miss Cut: DataGolf core; ARG weakness tag,Tier 1 - core,0.0070758237741868,141.32630092457563,0.0088629118870934,112.82973505087467,0.0384545654899331,26.004714583546296,0.0466361024900363,21.442615197392357,0.0806177706716956,12.404213012443089,0.0950899378250253,10.516359804967973,0.1094962614178249,9.13273190382379,Top 10: DG anchor + putting overlay,Tier 2 - current-price / early value,0.1678412963481793,5.958009272792702,0.1912349430458846,5.229169858147009,0.1676584928014165,5.964505485471899,0.1910266604204857,5.234871393337513,0.2331753300065082,4.288618354146164,Top 20: DG anchor + OTT overlay,Tier 3 - experimental,-0.215,-0.028,-0.072,-0.099,-0.413,0.007,-3.014,-0.0248654708104254,-0.0716858254606484,0.0046085805553975,2.77614314949323,,,,,,False,False
"Guillamoundeguy, Oihan",28239,-0.17005,-0.1654988091185038,0.5208333333333334,0.5303,0.5255666666666667,1.8857250612860643,1.902708187987569,0.5379037762754655,1.8590685622699377,Make Cut: DG anchor + putting overlay,Tier 2 - candidate,0.4697,0.4744333333333332,2.1290185224611453,2.1077776997119373,0.4791666666666666,0.4791666666666666,2.0869565217391304,0.474928177760708,2.105581531748678,Miss Cut: DataGolf core; ARG weakness tag,Tier 1 - core,0.0064995268928408,153.85735246383746,0.0057580967797537,173.66849468667198,0.0378729310098382,26.40408263464556,0.0349548947377233,28.608296706463783,0.07867575696199,12.710395662073148,0.0735494576656992,13.59629332068295,0.078276600012607,12.775209958518156,Top 10: DG anchor + putting overlay,Tier 2 - current-price / early value,0.166196068250954,6.016989514397009,0.1559114557270235,6.413896883567318,0.1663813585714836,6.010288704130054,0.1560852798367628,6.406754058075307,0.1593863196241149,6.274064187932358,Top 20: DG anchor + OTT overlay,Tier 3 - experimental,-0.299,-0.012,-0.082,0.056,-0.337,-0.017,2.009,0.0155161523255708,-0.06,0.0299978782446957,2.83446772693932,,,,,,False,False
"Jordan, Matthew",25601,-0.12905,-0.1468651709898206,0.5681818181818182,0.5417,0.5549409090909091,1.846040243677312,1.801993660258668,0.5518493273298148,1.812088826561795,Make Cut: DG anchor + putting overlay,Tier 2 - candidate,0.4583,0.4450590909090909,2.181976871045167,2.246892649597091,0.4318181818181817,0.4318181818181817,2.3157894736842106,0.3913725907844775,2.555109947775274,Miss Cut: DataGolf core; ARG weakness tag,Tier 1 - core,0.0062910904059739,158.9549562108364,0.0069288785363202,144.32349979266223,0.0362373639684847,27.595826254627383,0.0392412649568253,25.48337830343228,0.078518414360026,12.735865951326488,0.0831595595128653,12.025075720191774,0.0783304685525272,12.7664243362647,Top 10: DG anchor + putting overlay,Tier 2 - current-price / early value,0.1658876406454376,6.028176638773013,0.1722950092726578,5.803998642917708,0.1657321888061352,6.033830888275706,0.1721335531449447,5.809442620161054,0.1881022577239921,5.316257295897686,Top 20: DG anchor + OTT overlay,Tier 3 - experimental,-0.132,-0.179,0.113,-0.23,-0.429,-0.017,-1.755,-0.0201211339890877,0.0777708007265599,-0.0984579881361994,2.7704188703398,,,,,,False,False
"Stone, Brandon",15229,-0.18985,-0.1695315391170587,0.5235602094240838,0.5361,0.529830104712042,1.8653236336504384,1.887397471579104,0.5041764369518608,1.983432637284239,Make Cut: DG anchor + putting overlay,Tier 2 - candidate,0.4639,0.470169895287958,2.155636990730761,2.1268907474127934,0.4764397905759162,0.4764397905759162,2.098901098901099,0.5000817030331476,1.9996732412617697,Miss Cut: DataGolf core; ARG weakness tag,Tier 1 - core,0.0064995268928408,153.85735246383746,0.005966430113087,167.604410182657,0.0363427221474505,27.515825477870823,0.0338940065763707,29.50374125132644,0.0749045253150048,13.350328245117131,0.0716705046007443,13.952741166965554,0.0596248294005305,16.771536456439783,Top 10: DG anchor + putting overlay,Tier 2 - current-price / early value,0.1642429762010951,6.088540424253052,0.155385679441614,6.435599494068875,0.1652632619917439,6.05095160260093,0.1563509432505849,6.395868033858241,0.1622195146995018,6.164486448208264,Top 20: DG anchor + OTT overlay,Tier 3 - experimental,-0.275,0.038,-0.227,-0.254,-0.717,-0.018,4.674,0.0579716663181181,0.233751958827637,0.0141684815487381,2.79507227009892,,,,,,False,False
"Girrbach, Joel",15592,-0.15965,-0.1762449627976052,0.425531914893617,0.52405,0.4747909574468085,1.9082148649937984,2.10619007021007,0.3804727952503132,2.6283088107313946,Make Cut: DG anchor + putting overlay,Tier 2 - candidate,0.47595,0.5252090425531915,2.101061035823091,1.9040037755989765,0.574468085106383,0.574468085106383,1.7407407407407405,0.6000131493533531,1.666630141485601,Miss Cut: DataGolf core; ARG weakness tag,Tier 1 - core,0.0078154796603993,127.95119985622225,0.0051577398301996,193.8833739043569,0.0390368523795053,25.616819467878205,0.026662956613033,37.50521798888544,0.0802501575522437,12.461034725682492,0.0574268257097438,17.413464659432265,0.0242264375460568,41.27722031350681,Top 10: DG anchor + putting overlay,Tier 2 - current-price / early value,0.1623933021374028,6.157889437791521,0.1223429197999701,8.173746397707308,0.1627603556461925,6.144002303446633,0.1226194484338306,8.155313147894573,0.089641501212969,11.155547223871388,Top 20: DG anchor + OTT overlay,Tier 3 - experimental,-0.137,-0.046,-0.241,-0.487,-0.912,0.086,-9.917,-0.0754411828356265,0.106243883273743,-0.0718151933886486,2.86813833955781,,,,,,False,False
"Ravetto, David",23416,-0.17795,-0.157406668222556,0.5747126436781609,0.53505,0.5548813218390805,1.86898420708345,1.8021871716381312,0.5464311160726352,1.830056837149577,Make Cut: DG anchor + putting overlay,Tier 2 - candidate,0.46495,0.4451186781609195,2.150768899881708,2.2465918620437657,0.4252873563218391,0.4252873563218391,2.3513513513513518,0.428853259498556,2.3317999288830564,Miss Cut: DataGolf core; ARG weakness tag,Tier 1 - core,0.0064995268928408,153.85735246383746,0.007066430113087,141.51417108732113,0.0337681025447432,29.613745654645086,0.0382031484945938,26.17585302272956,0.073858843055193,13.539340160699824,0.0816438623645373,12.248318134865183,0.0729494218752596,13.70812782738645,Top 10: DG anchor + putting overlay,Tier 2 - current-price / early value,0.16234193102851,6.1598380262236905,0.170993496594286,5.848175631922929,0.1629297150830577,6.137615839383404,0.1716126049792406,5.8270777960684565,0.2036592333803298,4.91016284114415,Top 20: DG anchor + OTT overlay,Tier 3 - experimental,-0.312,0.157,-0.123,-0.333,-0.612,0.002,3.039,0.0511803224955671,0.0567422842514625,0.0629409265765705,2.78513407867879,,,,,,False,False
"Steinlechner, Maximilian",21677,-0.20775,-0.1824186238728442,0.5649717514124294,0.5272,0.5460858757062147,1.896813353566009,1.831213815421924,0.5709135712694982,1.7515786107105042,Make Cut: DG anchor + putting overlay,Tier 2 - candidate,0.4728,0.4539141242937853,2.1150592216582065,2.203059888378299,0.4350282485875706,0.4350282485875706,2.2987012987012987,0.444118047013434,2.2516536013897928,Miss Cut: DataGolf core; ARG weakness tag,Tier 1 - core,0.0069182129135295,144.54599945086466,0.0078341064567647,127.6469761444842,0.0372919574651549,26.81543335273796,0.0408351685473922,24.488695298010725,0.0782037827229858,12.787105241983095,0.0846578885356151,11.812248300751149,0.0959181911910337,10.425551061616336,Top 10: DG anchor + putting overlay,Tier 2 - current-price / early value,0.1616741497496119,6.185280711534407,0.1724331794530979,5.799347916518591,0.1619312213685598,6.175461356670515,0.1727073585761735,5.79014124380198,0.1964360015245073,5.09071652975608,Top 20: DG anchor + OTT overlay,Tier 3 - experimental,-0.3,-0.095,-0.152,-0.038,-0.586,-0.028,1.596,0.0026246269973575,-0.06,0.1403445671371,2.81117083754178,,,,,,False,False
"Gouveia, Ricardo",18722,-0.1931,-0.1727945709227924,0.5405405405405405,0.5274,0.5339702702702702,1.896094046264695,1.8727634396084407,0.538944354084319,1.855479127708884,Make Cut: DG anchor + putting overlay,Tier 2 - candidate,0.4726,0.4660297297297298,2.1159542953872195,2.145785850572113,0.4594594594594595,0.4594594594594595,2.176470588235294,0.4901519695200282,2.0401835801643937,Miss Cut: DataGolf core; ARG weakness tag,Tier 1 - core,0.005927843382991,168.69541507613516,0.0062305883581621,160.49848626092935,0.0375559538610088,26.62693653583954,0.0367619021950546,27.202074438208022,0.078465970790036,12.74437810341836,0.0765564327578403,13.06225961655178,0.074318469688942,13.455605372197152,Top 10: DG anchor + putting overlay,Tier 2 - current-price / early value,0.1606469508970494,6.224830253023909,0.1583477256427747,6.315215428202326,0.1596105384217023,6.265250464589808,0.1573261466001436,6.356222545395307,0.1718962281925985,5.817463306289449,Top 20: DG anchor + OTT overlay,Tier 3 - experimental,-0.293,0.019,-0.264,-0.103,-0.64,0.016,-1.882,-0.0113230055353582,0.0585515144997318,0.092550769528784,2.80925113141251,,,,,,False,False
"Guerrier, Julien",10201,-0.1455499999999999,-0.1718696289959535,0.591715976331361,0.5285,0.5601079881656805,1.892147587511826,1.785370002086453,0.6057995268553966,1.6507110944619448,Make Cut: DG anchor + putting overlay,Tier 2 - candidate,0.4715,0.4398920118343195,2.1208907741251326,2.273285199769981,0.408284023668639,0.408284023668639,2.449275362318841,0.3817859874639047,2.619268471959158,Miss Cut: DataGolf core; ARG weakness tag,Tier 1 - core,0.0064995268928408,153.85735246383746,0.007991430113087,125.13404808012564,0.0371863976019152,26.89155348429064,0.0437652755205343,22.84916496254681,0.0740679128548994,13.501122975599715,0.0882420721080652,11.332462804991197,0.1145629252891859,8.728827388753784,Top 10: DG anchor + putting overlay,Tier 2 - current-price / early value,0.1558730074506732,6.415478961721161,0.1774366542345496,5.635814112444444,0.1558340436827035,6.417083047887264,0.1773923001751907,5.637223256096296,0.2138694605585308,4.6757493911868,Top 20: DG anchor + OTT overlay,Tier 3 - experimental,-0.241,-0.082,0.04,0.035,-0.248,-0.001,-2.025,-0.0149767386807324,0.130106976694158,-0.156636519812941,2.7830244466614,,,,,,False,False
"Vaillant, Tom",28157,-0.18585,-0.1845724187696414,0.5714285714285714,0.5242,0.5478142857142857,1.9076688286913392,1.8254361488512791,0.5960910605064288,1.6775960356634387,Make Cut: DG anchor + putting overlay,Tier 2 - candidate,0.4758,0.4521857142857143,2.101723413198823,2.211480744321233,0.4285714285714286,0.4285714285714286,2.333333333333333,0.4060987685066439,2.462455140352487,Miss Cut: DataGolf core; ARG weakness tag,Tier 1 - core,0.0053098769586628,188.32828101008,0.0062382718126647,160.30080606135775,0.0349748516309353,28.59197261370214,0.0381554317678486,26.208588231535664,0.0745907333376358,13.406491064694162,0.0806224549971562,12.4034923029232,0.1049135265753397,9.53165938313862,Top 10: DG anchor + putting overlay,Tier 2 - current-price / early value,0.153359407794438,6.520630291820072,0.1658553341119115,6.029350851780541,0.1530595501008811,6.533404804475793,0.1655310436189698,6.04116290296499,0.1839520833349596,5.436198285284398,Top 20: DG anchor + OTT overlay,Tier 3 - experimental,-0.241,-0.27,0.016,0.126,-0.369,-0.011,-3.513,-0.0558494427403933,0.0066936845219055,0.0326392063915132,2.76942749209385,,,,,,False,False
"Luiten, Joost",10158,-0.21865,-0.2103880554189131,0.4926108374384237,0.51465,0.5036304187192119,1.943068104537064,1.985583004583224,0.4978390649353553,2.008681259534847,Make Cut: DG anchor + putting overlay,Tier 2 - candidate,0.4853499999999999,0.4963695812807881,2.0603688060162773,2.0146278855760835,0.5073891625615763,0.5073891625615763,1.9708737864077672,0.5087227179443824,1.9657073779616971,Miss Cut: DataGolf core; ARG weakness tag,Tier 1 - core,0.0061871058548903,161.62645725700614,0.0049352195941118,202.6252289144535,0.0315727672021396,31.672865213164798,0.0281365161768274,35.541002792079006,0.0693720864794704,14.415019797565602,0.061245864067056,16.32763314278876,0.0556787135251185,17.96018508130341,Top 10: DG anchor + putting overlay,Tier 2 - current-price / early value,0.1515134447893,6.600074345815551,0.134327102269405,7.444514048954994,0.1512318385221464,6.61236423343197,0.134077438921705,7.458376353563505,0.1245815666959566,8.02686967679991,Top 20: DG anchor + OTT overlay,Tier 3 - experimental,-0.306,-0.139,-0.111,-0.045,-0.6,0.019,-4.382,-0.0365081320477689,0.267828292001176,-0.0073932840709749,2.80459966340298,,,,,,False,False
"Hollick, Michael",15993,-0.19925,-0.2162184599287856,0.3861003861003861,0.5096,0.4478501930501931,1.9623233908948192,2.232889514212902,0.3720514900747074,2.6878000133777222,Make Cut: DG anchor + putting overlay,Tier 2 - candidate,0.4903999999999999,0.552149806949807,2.0391517128874392,1.8111026888231887,0.6138996138996139,0.6138996138996139,1.628930817610063,0.5826294887820179,1.7163566541928588,Miss Cut: DataGolf core; ARG weakness tag,Tier 1 - core,0.0047998293211138,208.34074153452224,0.0031832479938902,314.14454730493946,0.0308434571673064,32.42178704467612,0.0211970493508489,47.176377402732605,0.071039713801163,14.076633287106915,0.0491840401016397,20.331798647152244,0.0245106862647255,40.79853126916101,Top 10: DG anchor + putting overlay,Tier 2 - current-price / early value,0.1515134447893,6.600074345815551,0.1099404681396457,9.095831743501453,0.1514867247190946,6.601238503600387,0.1099210796488673,9.097436116843166,0.066618233467425,15.010905392575149,Top 20: DG anchor + OTT overlay,Tier 3 - experimental,-0.113,-0.488,0.065,-0.216,-0.751,0.006,-8.539,-0.108038316047738,-0.06,-0.0158231416200592,2.85262603369585,,,,,,False,False
"Ritchie, JC",18174,-0.2112,-0.2034185958963938,0.5952380952380952,0.51955,0.5573940476190475,1.92474256568184,1.7940629331647486,0.6173293725046562,1.6198808035696657,Make Cut: DG anchor + putting overlay,Tier 2 - candidate,0.48045,0.4426059523809524,2.0813820376730146,2.2593460269131143,0.4047619047619047,0.4047619047619047,2.4705882352941178,0.3942225982524426,2.536637941185818,Miss Cut: DataGolf core; ARG weakness tag,Tier 1 - core,0.0053611350264144,186.5276653307507,0.0075555675132072,132.35273171101807,0.0318335393116375,31.413409304268708,0.0418671709905951,23.885062600113,0.0702056198611392,14.243873951656791,0.0875680272826621,11.419693134939369,0.1245616318552769,8.028154296837238,Top 10: DG anchor + putting overlay,Tier 2 - current-price / early value,0.1505907083807444,6.640515943863284,0.1781000429853737,5.614821777904477,0.1498135417504669,6.674964014038359,0.1771809065277028,5.6439489987802185,0.2242024561240095,4.460254438278257,Top 20: DG anchor + OTT overlay,Tier 3 - experimental,-0.389,-0.013,-0.047,0.107,-0.343,0.023,-4.881,-0.0353092102641411,0.117768277483247,0.0271195562792896,2.78123659998141,,,,,,False,False
"Migliozzi, Guido",17357,-0.2282,-0.2054254878486591,0.5586592178770949,0.51005,0.5343546089385475,1.9605920988138417,1.871416440079781,0.5834064001400278,1.7140710142363582,Make Cut: DG anchor + putting overlay,Tier 2 - candidate,0.48995,0.4656453910614525,2.041024594346362,2.1475569589993584,0.441340782122905,0.441340782122905,2.2658227848101262,0.4112136101653422,2.431826124621499,Miss Cut: DataGolf core; ARG weakness tag,Tier 1 - core,0.0047490863737475,210.56681670981916,0.0059745431868737,167.376813376632,0.0300634694082062,33.26296065240682,0.0349856443361377,28.583152289325387,0.0669268814237721,14.941679318182068,0.0743979110101063,13.441237615719585,0.099140514899132,10.086693628910686,Top 10: DG anchor + putting overlay,Tier 2 - current-price / early value,0.1457746709473019,6.859902296479911,0.1568738479311009,6.374548805860873,0.1455247609053954,6.871682824135287,0.1566049099211179,6.385495834732774,0.1685980193833224,5.9312677791689365,Top 20: DG anchor + OTT overlay,Tier 3 - experimental,-0.271,-0.389,0.056,0.125,-0.478,-0.023,-4.606,-0.0749910402805079,0.108636505383193,0.12420895455116,2.77820274553037,,,,,,False,False
"Munoz, Sebastian",20770,-0.14745,-0.1993666094043519,0.6134969325153374,0.5202,0.5668484662576687,1.9223375624759709,1.7641399060351983,0.6424890707629064,1.5564467093776035,Make Cut: DG anchor + putting overlay,Tier 2 - candidate,0.4798,0.4331515337423313,2.084201750729471,2.3086608775460777,0.3865030674846625,0.3865030674846625,2.5873015873015874,0.386855577551029,2.584943989512708,Miss Cut: DataGolf core; ARG weakness tag,Tier 1 - core,0.0051563738570234,193.93473548042235,0.0078948535951783,126.66479345617412,0.0295961928366358,33.7881296259883,0.0423765689411654,23.597946341252275,0.0640200492108352,15.620106706052823,0.0881468558991241,11.344704128124626,0.1405510690442037,7.114851610879579,Top 10: DG anchor + putting overlay,Tier 2 - current-price / early value,0.1453138016029617,6.881658789247574,0.1820127822464248,5.494119630818633,0.1448530337076975,6.903548889545002,0.1814356474824744,5.511596061058476,0.232359314841836,4.303679414275632,Top 20: DG anchor + OTT overlay,Tier 3 - experimental,-0.22,-0.133,-0.106,0.174,-0.284,0.048,-8.439,-0.0528585503901593,-0.06,-0.21815377182668,2.70614734160802,,,,,,False,False
"Van Driel, Darius",13374,-0.2259,-0.2151761119204072,0.5586592178770949,0.51015,0.5344046089385475,1.9602077820248949,1.8712413464888225,0.5652001157666775,1.7692848463831772,Make Cut: DG anchor + putting overlay,Tier 2 - candidate,0.48985,0.4655953910614525,2.0414412575278145,2.147787583807961,0.441340782122905,0.441340782122905,2.2658227848101262,0.4286514892630729,2.332897528757395,Miss Cut: DataGolf core; ARG weakness tag,Tier 1 - core,0.0045971547279134,217.52585222509524,0.00550691069729,181.59001570374184,0.0293368301382248,34.086845623346186,0.0329873568680542,30.31464460762617,0.0672387576281948,14.87237473258541,0.0731646938694124,13.667794493678102,0.0836731245370788,11.951268767988468,Top 10: DG anchor + putting overlay,Tier 2 - current-price / early value,0.1447505746713265,6.9084354398635,0.1555594185979197,6.428411786397436,0.1451750597938012,6.8882354959615375,0.1560156009585464,6.409615409331414,0.1675484905967979,5.9684214190056775,Top 20: DG anchor + OTT overlay,Tier 3 - experimental,-0.228,-0.374,-0.037,-0.033,-0.673,0.034,-10.014,-0.0861191091230678,0.206277721995084,0.0451095644607268,2.75997421593091,,,,,,False,False
"Robinson Thompson, Brandon",24497,-0.2328,-0.228953878674493,0.5524861878453039,0.5063,0.5293930939226519,1.9751135690302195,1.8889555067488415,0.5553246250329905,1.8007485260366265,Make Cut: DG anchor + putting overlay,Tier 2 - candidate,0.4937,0.4706069060773481,2.0255215718047395,2.1249156930893864,0.4475138121546961,0.4475138121546961,2.234567901234568,0.4362992626755241,2.292004790170137,Miss Cut: DataGolf core; ARG weakness tag,Tier 1 - core,0.0051052977367738,195.87496196292904,0.0057526488683869,173.8329633667365,0.0304792787650129,32.80917529938066,0.0338758298586969,29.519572042108045,0.0660956145478797,15.129596824848331,0.0721145521956847,13.86682672987379,0.0804042344196411,12.437155918690278,Top 10: DG anchor + putting overlay,Tier 2 - current-price / early value,0.1397355796220837,7.156373507051745,0.1521984175166694,6.570370548632517,0.1408987720213055,7.0972939341784205,0.1534653535605014,6.516128733941014,0.1763210674931582,5.671472015326829,Top 20: DG anchor + OTT overlay,Tier 3 - experimental,-0.356,-0.104,-0.045,-0.065,-0.57,0.015,-2.341,-0.0046114164230241,0.0925007389396707,-0.0015888698958706,2.7966709345341,,,,,,False,False
"Von Dellingshausen, Nicolai",22231,-0.2604,-0.2400847357138952,0.4854368932038835,0.49895,0.4921934466019417,2.004208838560978,2.03172148451774,0.4797129577274853,2.0845799219959336,Make Cut: DG anchor + putting overlay,Tier 2 - candidate,0.50105,0.5078065533980582,1.9958088015168147,1.9692538296490285,0.5145631067961165,0.5145631067961165,1.9433962264150944,0.4924214737414831,2.0307806489466604,Miss Cut: DataGolf core; ARG weakness tag,Tier 1 - core,0.0057727765023757,173.22686918304632,0.0049697215845211,201.2185155632522,0.0319900786477715,31.259691825411064,0.0278756844657809,35.87355859288624,0.0666150874618255,15.011614306940002,0.0596793163101853,16.75622412968782,0.0508788738911871,19.654523056832268,Top 10: DG anchor + putting overlay,Tier 2 - current-price / early value,0.1387127490071106,7.209142686291497,0.1278407344722903,7.822232906654268,0.138763467139577,7.206507740211891,0.1278874774238356,7.819373875722566,0.1265010380070322,7.905073474135523,Top 20: DG anchor + OTT overlay,Tier 3 - experimental,-0.419,-0.069,0.011,-0.138,-0.616,-0.015,0.802,-0.0021996359048237,0.169161382752763,0.0603857936947452,2.84266445936602,,,,,,False,False
"Schott, Freddy",27588,-0.2891,-0.2703583391668601,0.5291005291005292,0.4942,0.5116502645502645,2.023472278429786,1.9544600468036304,0.5292613383463753,1.8894257478250744,Make Cut: DG anchor + putting overlay,Tier 2 - candidate,0.5058,0.4883497354497355,1.977066034005536,2.047712791487582,0.4708994708994708,0.4708994708994708,2.123595505617978,0.4904853875408186,2.0387967213738434,Miss Cut: DataGolf core; ARG weakness tag,Tier 1 - core,0.004952349389051,201.92436386068863,0.0061428413611921,162.7911159024178,0.0292331325148867,34.20776064593001,0.0341780642733163,29.258532373371526,0.0636572131303947,15.709138852051382,0.0710434279937688,14.075897352359029,0.0791131581979207,12.640122361165991,Top 10: DG anchor + putting overlay,Tier 2 - current-price / early value,0.1359522077412131,7.355526008842118,0.1466621078434855,6.818393753532964,0.1355712264913023,7.37619645319175,0.1462511140531742,6.83755475282341,0.1731814913662094,5.774289112024106,Top 20: DG anchor + OTT overlay,Tier 3 - experimental,-0.479,0.015,-0.206,-0.088,-0.758,-0.053,9.965,0.0994733782996753,0.111121720793339,0.0161911848175269,2.94528050588621,,,,,,False,False
"Bairstow, Sam",28615,-0.2769,-0.2856186348970942,0.4385964912280702,0.48105,0.4598232456140351,2.0787859889824345,2.1747486877585493,0.4365511602053075,2.2906822639749844,Make Cut: DG anchor + putting overlay,Tier 2 - candidate,0.51895,0.5401767543859649,1.9269679159841988,1.8512458966079168,0.5614035087719298,0.5614035087719298,1.78125,0.5778084258640969,1.7306774273921794,Miss Cut: DataGolf core; ARG weakness tag,Tier 1 - core,0.0069182129135295,144.54599945086466,0.0046007731234313,217.35477346341497,0.0319378925504879,31.310769751610408,0.0247130567249794,40.46443995692457,0.0642274364293612,15.569670153343624,0.0523650163147287,19.09671896194426,0.040161140461449,24.89969130632403,Top 10: DG anchor + putting overlay,Tier 2 - current-price / early value,0.1346236382850785,7.428115988682488,0.1136825853208054,8.796422048091706,0.1346688644007942,7.425621389542971,0.1137207763979749,8.79346792797492,0.1014444029708428,9.857616297346834,Top 20: DG anchor + OTT overlay,Tier 3 - experimental,-0.437,-0.027,-0.191,-0.107,-0.762,-0.002,2.806,0.0249243354933419,-0.0401372772874929,-0.0460210229102693,2.8946420771205,,,,,,False,False
"Lagergren, Joakim",14780,-0.30065,-0.2732405598434816,0.5263157894736842,0.4885,0.5074078947368421,2.047082906857728,1.9708010268910612,0.547919838015711,1.825084493420598,Make Cut: DG anchor + putting overlay,Tier 2 - candidate,0.5115000000000001,0.4925921052631579,1.955034213098729,2.0300771963565456,0.4736842105263158,0.4736842105263158,2.111111111111111,0.4832758356126885,2.069211672320048,Miss Cut: DataGolf core; ARG weakness tag,Tier 1 - core,0.0053611350264144,186.5276653307507,0.0054722341798738,182.74071743454664,0.0301154224064927,33.20557774359511,0.0316960180815532,31.54970436434693,0.0632426866553788,15.812104970321474,0.0670457527839739,14.915187890008037,0.0838050861463868,11.93244999776321,Top 10: DG anchor + putting overlay,Tier 2 - current-price / early value,0.1327336408514239,7.533885106936492,0.1405490352016769,7.114954567742692,0.1326985569636263,7.535876974714257,0.1405118855646336,7.1168356753707736,0.1546770685870792,6.465082440045246,Top 20: DG anchor + OTT overlay,Tier 3 - experimental,-0.435,-0.222,-0.154,0.095,-0.716,-0.072,4.409,0.0201515223199741,0.25373037957393,0.0635388447291223,2.88915916859344,,,,,,False,False
"Norris, Shaun",7677,-0.2657,-0.2783739628000772,0.4651162790697674,0.4855,0.4753081395348837,2.059732234809475,2.103898327890108,0.5201263931020054,1.92260960655362,Make Cut: DG anchor + putting overlay,Tier 2 - candidate,0.5145,0.5246918604651163,1.9436345966958213,1.9058805278845836,0.5348837209302326,0.5348837209302326,1.869565217391304,0.5273937258403211,1.8961166032202093,Miss Cut: DataGolf core; ARG weakness tag,Tier 1 - core,0.0041942636951311,238.42087019012016,0.0037971318475655,263.3566702828928,0.0264438753282682,37.81593989482362,0.0234607372673087,42.62440641170502,0.0583837651557705,17.128049164557204,0.0522230947915974,19.148616220287597,0.0703106683950422,14.222592713547744,Top 10: DG anchor + putting overlay,Tier 2 - current-price / early value,0.1294152788993555,7.727062897864524,0.1171957815853197,8.53273032930788,0.1290884426958014,7.746626879344367,0.1168998055255247,8.554334162529065,0.1060264273243428,9.431610827939386,Top 20: DG anchor + OTT overlay,Tier 3 - experimental,-0.38,-0.352,-0.065,0.378,-0.419,0.012,-7.532,-0.0895011849768052,0.205851995344677,-0.0700822203481523,2.83977734648081,,,,,,False,False
"Aphibarnrat, Kiradech",12321,-0.28855,-0.2815216884282196,0.4901960784313725,0.48415,0.4871730392156863,2.065475575751317,2.0526587464896013,0.4958950513972952,2.0165557151302003,Make Cut: DG anchor + putting overlay,Tier 2 - candidate,0.5158499999999999,0.5128269607843137,1.9385480275273823,1.949975481925926,0.5098039215686274,0.5098039215686274,1.9615384615384617,0.4920861074244446,2.032164665720706,Miss Cut: DataGolf core; ARG weakness tag,Tier 1 - core,0.0051563738570234,193.93473548042235,0.004611520261845,216.84822861429083,0.0274229090310099,36.46586140329583,0.0262230914202668,38.13432916712236,0.0593124828083872,16.859857363087695,0.0573933877532149,17.423609916527077,0.0583479133156766,17.13857348402079,Top 10: DG anchor + putting overlay,Tier 2 - current-price / early value,0.1285988288836933,7.77612058119452,0.1238525285499606,8.07411856429408,0.1292570969167806,7.7365191069069725,0.1244865013556944,8.032999474719807,0.1262126923399633,7.923133414398807,Top 20: DG anchor + OTT overlay,Tier 3 - experimental,-0.445,-0.154,-0.012,-0.041,-0.651,0.008,-4.933,-0.050364972028683,0.134645026242865,0.0266627873125271,2.86885562138328,,,,,,False,False
"Schmidt, Ben",27258,-0.28,-0.2861498285095297,0.5076142131979695,0.48745,0.4975321065989847,2.0514924607652065,2.0099205392708632,0.5277813985598648,1.894723843486448,Make Cut: DG anchor + putting overlay,Tier 2 - candidate,0.5125500000000001,0.5024678934010153,1.95102916788606,1.9901769110686411,0.4923857868020305,0.4923857868020305,2.0309278350515463,0.5436475672104262,1.839426974963242,Miss Cut: DataGolf core; ARG weakness tag,Tier 1 - core,0.0044961190739603,222.41403831841924,0.0042147262036468,237.26333614144104,0.0252110400297263,39.665162516933,0.0258395510995192,38.7003627171605,0.0575074098911703,17.389063459690608,0.057923945838951,17.26401724738076,0.0683859959997086,14.622876882633404,Top 10: DG anchor + putting overlay,Tier 2 - current-price / early value,0.1279865903824139,7.813318543857434,0.1271056134979004,7.867473138914657,0.128159757266187,7.80276134514679,0.1272775884128797,7.8568427676054675,0.1344692962188636,7.436641881224616,Top 20: DG anchor + OTT overlay,Tier 3 - experimental,-0.397,-0.131,-0.371,0.082,-0.817,-0.009,-0.848,-0.0040005473983754,-0.0111526299349583,-0.0259607113647211,2.82267314773243,,,,,,False,False
"Dean, Joe",16497,-0.2857,-0.2667663293218534,0.5154639175257733,0.4928,0.5041319587628866,2.029220779220779,1.98360763014102,0.5358382195622544,1.866234925938908,Make Cut: DG anchor + putting overlay,Tier 2 - candidate,0.5072,0.4958680412371133,1.971608832807571,2.016665557847116,0.4845360824742267,0.4845360824742267,2.063829787234043,0.4405345800082494,2.269969363088986,Miss Cut: DataGolf core; ARG weakness tag,Tier 1 - core,0.0041942636951311,238.42087019012016,0.0047137985142322,212.1431361524533,0.0241359539962645,41.43196494966669,0.027353717738873,36.5581018838575,0.0559627495526852,17.869029095122755,0.0606928192809121,16.476413714966444,0.0767272989516511,13.033170900882867,Top 10: DG anchor + putting overlay,Tier 2 - current-price / early value,0.127323428266339,7.854014093212834,0.133169520493476,7.509225807034351,0.1285084377348136,7.781590202376996,0.1344089400162278,7.439981297964741,0.1447270256936524,6.909559532555631,Top 20: DG anchor + OTT overlay,Tier 3 - experimental,-0.454,-0.228,0.126,0.084,-0.472,-0.019,0.655,0.0103064742308876,0.0276153782699902,0.0826112717077914,2.81522333653531,,,,,,False,False
"Winther, Jeff",15680,-0.2669999999999999,-0.2538257586314319,0.4629629629629629,0.4928,0.4778814814814814,2.029220779220779,2.092569054778808,0.4911047282785925,2.036225559271592,Make Cut: DG anchor + putting overlay,Tier 2 - candidate,0.5072,0.5221185185185185,1.971608832807571,1.915273955111653,0.5370370370370371,0.5370370370370371,1.862068965517241,0.5349176756764643,1.8694465437796317,Miss Cut: DataGolf core; ARG weakness tag,Tier 1 - core,0.0039442124449608,253.53603893157535,0.0032554395558137,307.17818065893726,0.0262895337061622,38.03795119293432,0.0220693901695794,45.31162811097547,0.0577650834900665,17.311495796106012,0.0496864937652352,20.126193744419165,0.0519857528649527,19.236039585649067,Top 10: DG anchor + putting overlay,Tier 2 - current-price / early value,0.1260993936121104,7.930252250665548,0.1125310440930275,8.886436698954972,0.125890227932544,7.943428305935166,0.1123443847314254,8.901201447590246,0.0937893088300786,10.662196069828546,Top 20: DG anchor + OTT overlay,Tier 3 - experimental,-0.219,-0.609,-0.093,0.15,-0.771,0.017,-14.715,-0.1660801880152134,0.177250689837491,0.104598628391074,2.7590044312292,,,,,,False,False
"Gumberg, Jordan",23892,-0.3079,-0.3018431967521741,0.4310344827586207,0.475,0.4530172413793103,2.1052631578947367,2.207421503330162,0.3842214136522254,2.6026659745339997,Make Cut: DG anchor + putting overlay,Tier 2 - candidate,0.525,0.5469827586206897,1.9047619047619049,1.828211189913317,0.5689655172413792,0.5689655172413792,1.7575757575757578,0.6150285951065624,1.6259406602496846,Miss Cut: DataGolf core; ARG weakness tag,Tier 1 - core,0.0046983926682059,212.83874520897413,0.0035241963341029,283.7526361182519,0.0273197292067361,36.60358389472734,0.0219514726481011,45.55503022648019,0.0584353387706297,17.112932363157796,0.0480641472592927,20.80552879894607,0.0260778160131904,38.346769510690166,Top 10: DG anchor + putting overlay,Tier 2 - current-price / early value,0.1234994726870792,8.09720056484599,0.105418730798159,9.485980265828273,0.1235307957975675,8.0951473965951,0.1054454680989789,9.483574951379854,0.1030646978973939,9.702643294948093,Top 20: DG anchor + OTT overlay,Tier 3 - experimental,-0.532,0.28,-0.352,-0.501,-1.106,0.075,-3.526,0.0007193264132219,0.0447576034197753,0.018734952177575,2.89150709881587,,,,,,False,False
"Katsuragawa, Yuto",20448,-0.3082,-0.3025439030227571,0.4926108374384237,0.4785,0.4855554187192118,2.089864158829676,2.0594971479008093,0.4840564352007733,2.0658748180575834,Make Cut: DG anchor + putting overlay,Tier 2 - candidate,0.5215000000000001,0.5144445812807882,1.9175455417066152,1.9438439754003196,0.5073891625615763,0.5073891625615763,1.9708737864077672,0.4979458012401541,2.0082506921626,Miss Cut: DataGolf core; ARG weakness tag,Tier 1 - core,0.0036460501839187,274.2694010111531,0.003689691758626,271.0253499258112,0.0236252429837541,42.327606987477225,0.0241342385553691,41.434909898059765,0.0547287534945971,18.27193086169448,0.0543124342684811,18.41199006210491,0.0508889225518436,19.650642022951835,Top 10: DG anchor + putting overlay,Tier 2 - current-price / early value,0.1226331848855643,8.154399650740165,0.1215163313612711,8.2293465314302,0.1226485909592644,8.153375364354021,0.1215315971276986,8.228312830853822,0.1298827283605501,7.6992531079577695,Top 20: DG anchor + OTT overlay,Tier 3 - experimental,-0.485,-0.079,-0.055,-0.162,-0.781,0.006,-2.401,-0.03466501247662,0.0695330227481029,0.0282297354374986,2.83103627264394,,,,,,False,False
"Tarren, Callum",20519,-0.28855,-0.300256196574184,0.3389830508474576,0.4692,0.4040915254237288,2.131287297527707,2.4746868891927485,0.3048823219571138,3.27995402810093,Make Cut: DG anchor + putting overlay,Tier 2 - candidate,0.5307999999999999,0.5959084745762712,1.8839487565938209,1.6781100498882209,0.6610169491525424,0.6610169491525424,1.5128205128205128,0.6687238876677234,1.4953854923407215,Miss Cut: DataGolf core; ARG weakness tag,Tier 1 - core,0.0048506210839555,206.1591665668792,0.0029003105419777,344.79066483621733,0.0280942749590992,35.59444055615743,0.0177370977970099,56.37900920682627,0.0592092510627761,16.88925264296549,0.0389864064356689,25.649966011873605,0.0138988113945814,71.94859845280403,Top 10: DG anchor + putting overlay,Tier 2 - current-price / early value,0.1226331848855643,8.154399650740165,0.0849232777482174,11.775334472661587,0.1231586228386587,8.119610117027925,0.0852871426618762,11.725096758892876,0.0469149670727151,21.315159370144404,Top 20: DG anchor + OTT overlay,Tier 3 - experimental,-0.236,-0.407,-0.149,-0.421,-1.212,-0.072,3.293,-0.004342181730219,-0.06,-0.0413598920058107,2.93291542650115,,,,,,False,False
"Kaymer, Martin",8117,-0.2714,-0.2952686898866459,0.4329004329004329,0.48205,0.4574752164502164,2.0744736023234105,2.185910764214748,0.4405964745797448,2.2696504799631736,Make Cut: DG anchor + putting overlay,Tier 2 - candidate,0.51795,0.5425247835497835,1.9306882903755187,1.8432337661275475,0.5670995670995671,0.5670995670995671,1.763358778625954,0.5841977196547444,1.7117492355002533,Miss Cut: DataGolf core; ARG weakness tag,Tier 1 - core,0.0043952894185311,227.5163032003891,0.0031143113759322,321.0982715884216,0.0221996454158125,45.04576452773934,0.0189452658295993,52.783635183288766,0.0509339767250471,19.633259845352743,0.0436171822658424,22.92674464629781,0.0388437004650809,25.74420016699909,Top 10: DG anchor + putting overlay,Tier 2 - current-price / early value,0.1183553429277988,8.449132715622625,0.1020106409943689,9.802898896157318,0.1190376580783615,8.400702904804362,0.102598729408016,9.746709396596772,0.0754476851350021,13.2542171202556,Top 20: DG anchor + OTT overlay,Tier 3 - experimental,-0.047,-0.895,-0.195,-0.023,-1.16,-0.036,-13.958,-0.1652192030451406,0.288717228438528,-0.108913155020291,2.77423669687396,,,,,,False,False
"Schneider, Marcel",12522,-0.32815,-0.3290921274397539,0.4587155963302752,0.4711,0.4649077981651376,2.1226915729144555,2.1509641351397484,0.4703664619447062,2.126001917452938,Make Cut: DG anchor + putting overlay,Tier 2 - candidate,0.5288999999999999,0.5350922018348624,1.890716581584421,1.868836803397511,0.5412844036697249,0.5412844036697249,1.847457627118644,0.5276722522541917,1.895115757419584,Miss Cut: DataGolf core; ARG weakness tag,Tier 1 - core,0.00404406501054,247.2759457114827,0.0035803658386033,279.3010672870506,0.0228607122350467,43.743169054328206,0.0214661996721169,46.58486435765939,0.0521117748442962,19.18952104371576,0.0484954759586116,20.620480163004224,0.0494393212896522,20.226814889736385,Top 10: DG anchor + putting overlay,Tier 2 - current-price / early value,0.117591911649691,8.503986251869286,0.1109736753853775,9.011146080611525,0.117261262201836,8.527965512419174,0.1106616353481177,9.03655541375486,0.1056551778226481,9.464751473691056,Top 20: DG anchor + OTT overlay,Tier 3 - experimental,-0.437,-0.342,-0.033,0.01,-0.802,-0.01,-3.347,-0.0456605144798549,0.216507516134027,-0.0360072589923488,2.85663331248556,,,,,,False,False
"Scrivener, Jason",12734,-0.31685,-0.3197608241827211,0.4651162790697674,0.47,0.4675581395348837,2.127659574468085,2.138771449888088,0.4912658058801126,2.035557915960545,Make Cut: DG anchor + putting overlay,Tier 2 - candidate,0.53,0.5324418604651163,1.8867924528301885,1.8781393317318191,0.5348837209302326,0.5348837209302326,1.869565217391304,0.5364023266090444,1.8642723015794216,Miss Cut: DataGolf core; ARG weakness tag,Tier 1 - core,0.0041441422342021,241.3044590378387,0.0033137377837677,301.7740283792174,0.0224028973085288,44.63708359807992,0.020121369289185,49.69840698353892,0.0489914381478868,20.41172984106679,0.0463670664765408,21.567031860985743,0.0538016841210512,18.58677876607074,Top 10: DG anchor + putting overlay,Tier 2 - current-price / early value,0.1153024873794031,8.672839786270153,0.108354855147688,9.228935783606524,0.1160736513749614,8.615219631280704,0.1090795521159232,9.167621067395473,0.1009854908378727,9.90241263079516,Top 20: DG anchor + OTT overlay,Tier 3 - experimental,-0.394,-0.409,-0.112,0.133,-0.782,0.012,-9.96,-0.1076279452407637,0.0380370423735645,0.0297505911133851,2.7547852508599,,,,,,False,False
"Levy, Alexander",14973,-0.31615,-0.3286821940529728,0.4651162790697674,0.47015,0.4676331395348837,2.126980750824205,2.138428429162693,0.4718500677741892,2.119317275331122,Make Cut: DG anchor + putting overlay,Tier 2 - candidate,0.5298499999999999,0.5323668604651163,1.8873266018684536,1.878403924553688,0.5348837209302326,0.5348837209302326,1.869565217391304,0.5459597950730432,1.8316367047984028,Miss Cut: DataGolf core; ARG weakness tag,Tier 1 - core,0.0036955948974925,270.59242902367134,0.0036227974487462,276.0297847582019,0.0229625416642433,43.54918608845348,0.022037471228947,45.37725720029352,0.0523680186125458,19.095624132711222,0.0499515838613474,20.019385226617416,0.0504208531059315,19.833063869408427,Top 10: DG anchor + putting overlay,Tier 2 - current-price / early value,0.1147430506652795,8.715124743520464,0.1110664528356922,9.003618774783094,0.114699533765636,8.718431253986491,0.1110243303049264,9.007034739624341,0.1129423682231381,8.854073238700982,Top 20: DG anchor + OTT overlay,Tier 3 - experimental,-0.455,-0.186,-0.162,-0.032,-0.835,0.001,-3.351,-0.0403115759626042,0.222978260387511,-0.0982497473804395,2.86329364802247,,,,,,False,False
"Ding, Wenyi",26193,-0.324,-0.3192401137716703,0.5586592178770949,0.4663,0.5124796089385475,2.144542140253056,1.95129714930748,0.600596719557261,1.6650107591948973,Make Cut: DG anchor + putting overlay,Tier 2 - candidate,0.5337000000000001,0.4875203910614525,1.873711823121604,2.0511962542177007,0.441340782122905,0.441340782122905,2.2658227848101262,0.41812714058797,2.3916170535923618,Miss Cut: DataGolf core; ARG weakness tag,Tier 1 - core,0.0036460501839187,274.2694010111531,0.0054313584252926,184.1160022404734,0.0209830654039703,47.65747905502797,0.0311614443181467,32.09093871870543,0.0503200825885049,19.872781373940708,0.06804434883856,14.69629759221548,0.1177940402673446,8.489393841406624,Top 10: DG anchor + putting overlay,Tier 2 - current-price / early value,0.1144379368232622,8.738360964549704,0.1437920724719226,6.954486313529306,0.1146309735823836,8.723645701929891,0.1440346245174055,6.942775067804319,0.1848585090995577,5.409542708480019,Top 20: DG anchor + OTT overlay,Tier 3 - experimental,-0.59,-0.116,0.019,0.276,-0.411,-0.019,0.995,0.0088261817007581,0.0283545499893437,0.0122977027939336,2.80165483795909,,,,,,False,False
"Cabrera Bello, Rafa",7457,-0.3273999999999999,-0.3265446833765404,0.4807692307692307,0.46345,0.4721096153846154,2.157730067968497,2.1181521566454986,0.4804596702505323,2.0813401455288787,Make Cut: DG anchor + putting overlay,Tier 2 - candidate,0.5365500000000001,0.5278903846153846,1.8637592023110607,1.8943326666739528,0.5192307692307693,0.5192307692307693,1.9259259259259256,0.5197939687856996,1.9238391748486785,Miss Cut: DataGolf core; ARG weakness tag,Tier 1 - core,0.0032029847230572,312.2087947536331,0.0032764923615286,305.2044350054454,0.0219965312758714,45.46171337009507,0.0217996247649198,45.87234921626759,0.049195713642252,20.326974160227305,0.0487927543078985,20.494846298072595,0.0486385436127046,20.55982613218694,Top 10: DG anchor + putting overlay,Tier 2 - current-price / early value,0.1132685537667194,8.828575688001942,0.1131817575970902,8.83534609490557,0.113633365000916,8.800232220456895,0.1135462892813436,8.80698089148657,0.1121988037467303,8.91275099739325,Top 20: DG anchor + OTT overlay,Tier 3 - experimental,-0.365,-0.427,-0.107,-0.092,-0.99,0.009,-8.354,-0.0933524922702359,0.271267281171292,-0.0168639910404076,2.77871215839468,,,,,,False,False
"Celli, Filippo",23549,-0.3780500000000001,-0.3553163110538138,0.398406374501992,0.4544,0.426403187250996,2.2007042253521125,2.3451982299826586,0.4137950741180963,2.416655157462319,Make Cut: DG anchor + putting overlay,Tier 2 - candidate,0.5456,0.573596812749004,1.8328445747800588,1.743384861584966,0.6015936254980079,0.6015936254980079,1.6622516556291391,0.6116843314166444,1.634830170790916,Miss Cut: DataGolf core; ARG weakness tag,Tier 1 - core,0.00404406501054,247.2759457114827,0.00299703250527,333.6633814420068,0.023523198283902,42.51122606420168,0.0179985865758134,55.55991831846407,0.0503712243155335,19.852604608850413,0.0398519625666171,25.092867091009225,0.0334425114413157,29.90206048833325,Top 10: DG anchor + putting overlay,Tier 2 - current-price / early value,0.1114897334499721,8.96943574135211,0.0916429404568098,10.911915255177648,0.111193430661626,8.993337052825636,0.0913993838713797,10.940992790577598,0.0739865963165287,13.51596167124394,Top 20: DG anchor + OTT overlay,Tier 3 - experimental,-0.545,-0.268,-0.159,0.046,-0.926,-0.023,-0.561,-0.0196598544280504,0.181312771832707,0.0781701789867797,2.90744058933796,,,,,,False,False
"Kruyswijk, Jacques",16896,-0.33165,-0.3309253671407497,0.4347826086956522,0.4669,0.4508413043478261,2.141786249732277,2.218075385631693,0.4449294028203242,2.2475475742020805,Make Cut: DG anchor + putting overlay,Tier 2 - candidate,0.5331,0.5491586956521739,1.8758206715438004,1.820967250299866,0.5652173913043478,0.5652173913043478,1.7692307692307694,0.5444815886278735,1.8366093930192575,Miss Cut: DataGolf core; ARG weakness tag,Tier 1 - core,0.002620930450664,381.5438901656572,0.0022771318919986,439.1489151391572,0.0183653614440343,54.45033047932916,0.0158057032087896,63.26830175097128,0.0460349527677759,21.72262465532474,0.0398292370075235,25.107184448728056,0.0366788416528651,27.263674503796256,Top 10: DG anchor + putting overlay,Tier 2 - current-price / early value,0.1113373014084518,8.981715807278293,0.0970103808953311,10.308175174355256,0.1105268213080635,9.047577666354584,0.0963041936404567,10.383763802990885,0.080305252119667,12.452485654485566,Top 20: DG anchor + OTT overlay,Tier 3 - experimental,-0.374,-0.505,0.005,-0.002,-0.877,-0.006,-7.733,-0.0984360902826751,0.175074505103589,0.009072583161692,2.74219244652757,,,,,,False,False
"Meronk, Adrian",14196,-0.32155,-0.3556241992943033,0.4329004329004329,0.45925,0.4460752164502164,2.1774632553075666,2.2417743984026144,0.4522452302862743,2.211189710872115,Make Cut: DG anchor + putting overlay,Tier 2 - candidate,0.5407500000000001,0.5539247835497836,1.8492834026814609,1.8052992566817077,0.5670995670995671,0.5670995670995671,1.763358778625954,0.5782014787987488,1.7295009381116857,Miss Cut: DataGolf core; ARG weakness tag,Tier 1 - core,0.0041942636951311,238.42087019012016,0.0036137985142322,276.7171429346982,0.0228607122350467,43.743169054328206,0.0203708223873646,49.08981979148117,0.0504735165847406,19.81237028177119,0.0453884021115141,22.03206003029397,0.0471789532547794,21.195892045330517,Top 10: DG anchor + putting overlay,Tier 2 - current-price / early value,0.1105752325318782,9.043616523362996,0.1011881145176873,9.88258358964879,0.1112683262608528,8.987283565815858,0.1018223690972448,9.821024681177438,0.0944613790267296,10.586337086154868,Top 20: DG anchor + OTT overlay,Tier 3 - experimental,-0.444,-0.275,-0.163,0.077,-0.805,-0.069,3.609,0.01814596341186,0.0460265532711392,-0.190950616495231,2.87189345299343,,,,,,False,False
"Southgate, Matthew",15191,-0.33815,-0.3386081378759001,0.3610108303249097,0.46415,0.4125804151624549,2.1544759237315523,2.4237699203590326,0.3265114988577165,3.062679273160204,Make Cut: DG anchor + putting overlay,Tier 2 - candidate,0.5358499999999999,0.5874195848375451,1.8661938975459555,1.702360673378905,0.6389891696750902,0.6389891696750902,1.5649717514124295,0.6719893849519173,1.4881187447202795,Miss Cut: DataGolf core; ARG weakness tag,Tier 1 - core,0.0036460501839187,274.2694010111531,0.0024980250919593,400.3162351005972,0.0202253295762545,49.44295202853177,0.014838319550032,67.39307619223234,0.0468494903651598,21.344949373102725,0.0352533331455428,28.36611210269154,0.0176609953397182,56.62195027881993,Top 10: DG anchor + putting overlay,Tier 2 - current-price / early value,0.1103720399542195,9.060265629001542,0.0841367858894381,11.88540766596519,0.1113200545033464,8.983107351694105,0.0848594589248649,11.784190150038611,0.0626812388930576,15.953736997862004,Top 20: DG anchor + OTT overlay,Tier 3 - experimental,-0.452,-0.075,-0.294,-0.414,-1.236,0.038,-6.73,-0.0521932007793601,0.145942874482051,-0.0126798076103332,2.85620594217431,,,,,,False,False
"De Bruyn, Jannik",23112,-0.35595,-0.3642295638189067,0.3968253968253968,0.45335,0.4250876984126984,2.205801257306717,2.3524557490937914,0.3851938341343086,2.5960955534177166,Make Cut: DG anchor + putting overlay,Tier 2 - candidate,0.5466500000000001,0.5749123015873017,1.8293240647580715,1.739395725642075,0.6031746031746033,0.6031746031746033,1.657894736842105,0.6259515211128935,1.5975678088010348,Miss Cut: DataGolf core; ARG weakness tag,Tier 1 - core,0.0042444396665486,235.60235945423116,0.0029722198332743,336.44886855436647,0.0220980710594823,45.252818551821015,0.0171194025932332,58.41325329864434,0.0496044085253243,20.1594985149248,0.0399152820644899,25.053061090344507,0.0276966824975819,36.10540721212028,Top 10: DG anchor + putting overlay,Tier 2 - current-price / early value,0.1096609518529699,9.11901623233008,0.0921808182924523,10.84824390284111,0.1091518699955325,9.161547118165988,0.0917528849086591,10.898839867493091,0.0772545617925012,12.944219432451243,Top 20: DG anchor + OTT overlay,Tier 3 - experimental,-0.455,-0.254,-0.229,-0.193,-1.131,-0.02,-1.298,-0.0231141525835764,0.136372115397884,-0.0639337716522161,2.90168136176241,,,,,,False,False
"Mazzoli, Stefano",20844,-0.36965,-0.3556809992650379,0.4545454545454545,0.45655,0.4555477272727273,2.190340597962983,2.1951596729212084,0.4677069296895648,2.13809104916136,Make Cut: DG anchor + putting overlay,Tier 2 - candidate,0.54345,0.5444522727272727,1.8400956849756187,1.8367082848066656,0.5454545454545454,0.5454545454545454,1.8333333333333333,0.5473493673187209,1.826986673792392,Miss Cut: DataGolf core; ARG weakness tag,Tier 1 - core,0.0033992575646523,294.1818855972119,0.0034662954489928,288.49243081416205,0.0230644045542805,43.35685309571152,0.0220367327004206,45.37877795200152,0.0512922754731015,19.496113026305803,0.0481256260722891,20.778950459738606,0.050107205757971,19.957209444689905,Top 10: DG anchor + putting overlay,Tier 2 - current-price / early value,0.1088484442053341,9.187085835729336,0.1043331360706435,9.58468265846916,0.1092239103049547,9.15550447890014,0.1046930268889975,9.551734530135093,0.1049867448037903,9.52501196097564,Top 20: DG anchor + OTT overlay,Tier 3 - experimental,-0.571,-0.186,-0.114,0.023,-0.849,-0.035,1.993,0.010307835137975,-0.06,0.0796910861058229,2.89394428910955,,,,,,False,False
"Walker, Euan",27147,-0.3449,-0.3395381453113985,0.4385964912280702,0.4616,0.4500982456140351,2.166377816291161,2.221737164595644,0.4417756861758615,2.26359220593666,Make Cut: DG anchor + putting overlay,Tier 2 - candidate,0.5384,0.5499017543859649,1.8573551263001489,1.8185066550962847,0.5614035087719298,0.5614035087719298,1.78125,0.5566459367052732,1.7964740853385033,Miss Cut: DataGolf core; ARG weakness tag,Tier 1 - core,0.0031540843590512,317.04922448580584,0.0024353755128589,410.61429529858833,0.0185156689207638,54.00831070588979,0.0162985884286358,61.355006562595705,0.0447638742546452,22.33944261194568,0.0392806006397361,25.457859190381207,0.0349105574759495,28.64462994293109,Top 10: DG anchor + putting overlay,Tier 2 - current-price / early value,0.1068179505144592,9.361722399500977,0.0955189688169106,10.469124744392758,0.1073973787575731,9.31121421740924,0.0960371063398557,10.412641926769467,0.0835886213407625,11.963350800144656,Top 20: DG anchor + OTT overlay,Tier 3 - experimental,-0.411,-0.419,-0.079,-0.062,-0.971,0.041,-15.732,-0.1611165654266051,-0.06,0.12236755615631,2.76113955419017,,,,,,False,False
"Otaegui, Adrian",14975,-0.3376499999999999,-0.3455213209759218,0.4739336492890995,0.4563,0.4651168246445497,2.1915406530791146,2.149997478083527,0.4595470208651786,2.1760558867671973,Make Cut: DG anchor + putting overlay,Tier 2 - candidate,0.5437000000000001,0.5348831753554503,1.839249586168843,1.8695671243266567,0.5260663507109005,0.5260663507109005,1.900900900900901,0.4879717322009749,2.049299035191125,Miss Cut: DataGolf core; ARG weakness tag,Tier 1 - core,0.0027171898250273,368.02728715868267,0.0026419282458469,378.5114155056871,0.0213880262911431,46.7551323524464,0.020213239636673,49.472524838902665,0.0459840710963088,21.74666087971209,0.0452458504832193,22.101474263830585,0.0401413425592379,24.911971953211737,Top 10: DG anchor + putting overlay,Tier 2 - current-price / early value,0.1059045937337443,9.442461037281433,0.1047744136852391,9.544314922192518,0.1059753553444922,9.436156139786624,0.104844420150645,9.537942015065338,0.098612118718915,10.140741452380812,Top 20: DG anchor + OTT overlay,Tier 3 - experimental,-0.322,-0.595,0.094,-0.212,-1.034,0.043,-14.72,-0.1481292673539097,0.0801276274414991,0.014676121936971,2.74183402242556,,,,,,False,False
"Townsend, Hugo",31165,-0.3724,-0.3736645132244342,0.4385964912280702,0.4474,0.4429982456140351,2.235136343316942,2.257345282742397,0.4416594410451576,2.2641879852801665,Make Cut: DG anchor + putting overlay,Tier 2 - candidate,0.5526,0.5570017543859649,1.8096272167933407,1.7953264816955443,0.5614035087719298,0.5614035087719298,1.78125,0.5277998682288527,1.8946575400932129,Miss Cut: DataGolf core; ARG weakness tag,Tier 1 - core,0.0035471448342279,281.9168787106089,0.0032985724171139,303.1614509391107,0.0213880262911431,46.7551323524464,0.0204655905265239,48.86250405059032,0.0463912134324953,21.555806067783013,0.0450586093617503,22.193316974599917,0.0451139173489856,22.16610879220144,Top 10: DG anchor + putting overlay,Tier 2 - current-price / early value,0.1056509241441988,9.46513254001582,0.101810811132761,9.822139602600778,0.1057977318120694,9.45199847739949,0.1019522827561043,9.808510147754635,0.098513239444724,10.15091987266444,Top 20: DG anchor + OTT overlay,Tier 3 - experimental,-0.511,-0.369,0.072,-0.063,-0.87,-0.097,6.447,0.0486977045857132,-0.06,-0.0156714184150274,2.9281191246108,,,,,,False,False
"Langasque, Romain",16652,-0.37295,-0.3444502428770445,0.5291005291005292,0.45685,0.4929752645502646,2.188902265513845,2.0284993424817936,0.5743460523056816,1.741110600456908,Make Cut: DG anchor + putting overlay,Tier 2 - candidate,0.54315,0.5070247354497355,1.8411120316671268,1.9722903639267049,0.4708994708994708,0.4708994708994708,2.123595505617978,0.4397758875070776,2.273885468502196,Miss Cut: DataGolf core; ARG weakness tag,Tier 1 - core,0.002572920302872,388.66341832809735,0.0037447934847693,267.0374225086551,0.0195703193620932,51.09778647439699,0.0246347595487714,40.59304894047033,0.0456279887978017,21.916372523703668,0.0546275402743217,18.30578486562503,0.0899204357084678,11.120942554616972,Top 10: DG anchor + putting overlay,Tier 2 - current-price / early value,0.1045349892266686,9.566174994591032,0.1223987445902093,8.170018437264186,0.1049455230457274,9.528753309126625,0.1228794336344839,8.138058342412211,0.1487110315559059,6.724450698360353,Top 20: DG anchor + OTT overlay,Tier 3 - experimental,-0.675,-0.15,0.059,0.299,-0.467,-0.04,-0.259,-0.0165053883187402,0.196237947000771,0.101691993023955,2.76051791929373,,,,,,False,False
"Jonsson, Tobias",28686,-0.36545,-0.3814131617567269,0.4065040650406504,0.4449,0.4257020325203252,2.2476961114857272,2.349060900836208,0.3804534988369154,2.6284421172550667,Make Cut: DG anchor + putting overlay,Tier 2 - candidate,0.5550999999999999,0.5742979674796748,1.801477211313277,1.7412563801828036,0.5934959349593496,0.5934959349593496,1.6849315068493151,0.6186569937941806,1.6164045828805218,Miss Cut: DataGolf core; ARG weakness tag,Tier 1 - core,0.0037948650446282,263.51398224701865,0.0027890991889807,358.53870093642377,0.0205281759319848,48.71353418410173,0.0166068921987966,60.21596262739987,0.0442560111442753,22.59580052842953,0.0374318656009977,26.71520598677683,0.0249378771342664,40.099644192485336,Top 10: DG anchor + putting overlay,Tier 2 - current-price / early value,0.1027096637338108,9.736182201819547,0.088612918525617,11.285036275054074,0.1017679642633711,9.826274970107908,0.0878004658759233,11.389461206426471,0.0798068474218331,12.530253133723276,Top 20: DG anchor + OTT overlay,Tier 3 - experimental,-0.51,-0.115,-0.241,-0.321,-1.187,0.008,-2.84,-0.0349113817730225,-0.06,-0.0473601178971232,2.88802129390571,,,,,,False,False
"Law, David",14784,-0.3954000000000001,-0.379597059704384,0.4878048780487805,0.44625,0.4670274390243902,2.2408963585434174,2.141201814799099,0.4906753651814012,2.0380073485659973,Make Cut: DG anchor + putting overlay,Tier 2 - candidate,0.55375,0.5329725609756097,1.8058690744920995,1.876269198867374,0.5121951219512195,0.5121951219512195,1.9523809523809523,0.5144896900351965,1.9436735455895908,Miss Cut: DataGolf core; ARG weakness tag,Tier 1 - core,0.0020504750174211,487.6918721290764,0.0030169041753772,331.4656157002302,0.0192182896674178,52.033766651741686,0.0212496838548729,47.059523653604,0.0428864371302755,23.31739512336531,0.047097723828393,21.232448592285188,0.0528330493436849,18.92754653427038,Top 10: DG anchor + putting overlay,Tier 2 - current-price / early value,0.1014933037509062,9.85286677093779,0.1082182365061001,9.240586728130902,0.1017758403639752,9.825514546711243,0.1085194939574269,9.214934234694352,0.1257282898245904,7.9536594460574275,Top 20: DG anchor + OTT overlay,Tier 3 - experimental,-0.676,-0.022,-0.116,-0.065,-0.879,-0.02,0.28,-0.0052478271361065,0.0887048050043434,0.0594624137950475,2.819189854863,,,,,,False,False
"Zanotti, Fabrizio",9842,-0.3575,-0.3949269653420384,0.3401360544217687,0.44715,0.3936430272108843,2.2363860002236384,2.540372700325453,0.3022818972307463,3.308170317710597,Make Cut: DG anchor + putting overlay,Tier 2 - candidate,0.5528500000000001,0.6063569727891156,1.8088088993397848,1.6491935359466694,0.6598639455782314,0.6598639455782314,1.5154639175257731,0.690726104724599,1.4477518558513325,Miss Cut: DataGolf core; ARG weakness tag,Tier 1 - core,0.002334115039816,428.4278979149196,0.0016837241865746,593.9215032803958,0.0172659313410577,57.91752441538068,0.0123030450356082,81.28069084570024,0.0444591170141989,22.49257446297528,0.0318177726540636,31.428975587714028,0.0137258478366311,72.85524449216389,Top 10: DG anchor + putting overlay,Tier 2 - current-price / early value,0.1008852826289748,9.912248585134993,0.0757155000067211,13.207335352883248,0.1010153505221998,9.8994855220567,0.0758131173728395,13.190329518863129,0.0528878712752186,18.907926824964942,Top 20: DG anchor + OTT overlay,Tier 3 - experimental,-0.42,-0.208,-0.287,-0.458,-1.373,0.066,-11.016,-0.094568045389169,0.152326160634213,-0.177932344174161,2.84949463268635,,,,,,False,False
"Baldwin, Matthew",13344,-0.4036,-0.3948574872511338,0.3690036900369003,0.44415,0.4065768450184501,2.251491613193741,2.4595596435272173,0.327877025775784,3.0499239696161013,Make Cut: DG anchor + putting overlay,Tier 2 - candidate,0.55585,0.5934231549815498,1.7990465053521636,1.685138154123917,0.6309963099630996,0.6309963099630996,1.5847953216374269,0.6672554199015108,1.4986764740668626,Miss Cut: DataGolf core; ARG weakness tag,Tier 1 - core,0.00374520006973,267.0084324953251,0.0025059333681983,399.05290886443873,0.0199732137482527,50.06705543755962,0.0147674898106342,67.7163155568853,0.0461367256581548,21.67470677068402,0.0348072871917517,28.729616143052034,0.0165782692037651,60.31992771434109,Top 10: DG anchor + putting overlay,Tier 2 - current-price / early value,0.100479994462239,9.952229847860965,0.080410920728918,12.436121747333404,0.1005447459753776,9.945820542874412,0.0804627392905921,12.428112798751329,0.0633294473590112,15.79044254612004,Top 20: DG anchor + OTT overlay,Tier 3 - experimental,-0.502,-0.196,-0.311,-0.474,-1.483,0.035,-9.514,-0.0826954891787119,0.127790272775704,0.0531127401397611,2.89085221651556,,,,,,False,False
"Garcia Rodriguez, Sebastian",12258,-0.4039,-0.4051007589466602,0.3875968992248061,0.4389,0.4132484496124031,2.27842333105491,2.419851788767573,0.358000423860748,2.793292782214614,Make Cut: DG anchor + putting overlay,Tier 2 - candidate,0.5610999999999999,0.5867515503875969,1.7822135091783995,1.7042988626777706,0.6124031007751938,0.6124031007751938,1.6329113924050631,0.6094626483874789,1.6407896409169749,Miss Cut: DataGolf core; ARG weakness tag,Tier 1 - core,0.0033500902809621,298.4994182642721,0.0023917118071477,418.1105754512129,0.0187162194642797,53.429593615768376,0.0147930213483014,67.59944276797924,0.0422785267394263,23.6526690289674,0.0343480207697205,29.113759034452077,0.0207840453243348,48.1138288718587,Top 10: DG anchor + putting overlay,Tier 2 - current-price / early value,0.0998721515343123,10.012801212722824,0.0828500095070274,12.070004649971455,0.0993037839749299,10.070109717596036,0.0823785141304395,12.139087607438308,0.0681945266220094,14.663933449422249,Top 20: DG anchor + OTT overlay,Tier 3 - experimental,-0.541,-0.247,-0.088,-0.358,-1.233,-0.02,-6.083,-0.0798043206194959,-0.0192021006248702,0.0386988907326644,2.90312579951151,,,,,,False,False
"Ramsay, Richie",11396,-0.3427,-0.3399284586815435,0.4524886877828054,0.45865,0.4555693438914027,2.180311784585196,2.195055513301565,0.4492639445962469,2.2258630188957165,Make Cut: DG anchor + putting overlay,Tier 2 - candidate,0.54135,0.5444306561085973,1.8472337674332688,1.8367812113073412,0.5475113122171946,0.5475113122171946,1.8264462809917357,0.5429168390045863,1.841902715401967,Miss Cut: DataGolf core; ARG weakness tag,Tier 1 - core,0.0021446485141713,466.2768716608967,0.0020973242570856,476.7979946932708,0.0163702260711747,61.08651130730777,0.015701111712836,63.68975766107529,0.0402557655206195,24.841162180552416,0.0382363831025601,26.153101283605587,0.0355840865863819,28.102449604051422,Top 10: DG anchor + putting overlay,Tier 2 - current-price / early value,0.0985555289361174,10.146564183610522,0.0938636101732794,10.653755999304984,0.0986123297177694,10.140719754436596,0.0939177068483627,10.64761942723512,0.0886805628453894,11.276428203815692,Top 20: DG anchor + OTT overlay,Tier 3 - experimental,-0.4,-0.412,-0.08,-0.117,-1.009,0.072,-17.84,-0.1775766300589191,0.122153217819485,0.0721077171668708,2.69492753629968,,,,,,False,False
"Kaewkanjana, Sadom",19844,-0.3636,-0.3775960416770053,0.4672897196261682,0.44535,0.4563198598130841,2.2454249466711573,2.1914452735184837,0.4890897543171389,2.044614492888299,Make Cut: DG anchor + putting overlay,Tier 2 - candidate,0.55465,0.5436801401869159,1.802938790228072,1.8393167711739524,0.5327102803738317,0.5327102803738317,1.8771929824561409,0.5441759107551617,1.8376410646555152,Miss Cut: DataGolf core; ARG weakness tag,Tier 1 - core,0.0026690206856124,374.6692580505546,0.0026011770094728,384.4413495729952,0.0163205691724556,61.27237288315338,0.0173367826021008,57.680829422111046,0.0388432319519988,25.744510684274832,0.0411288598432432,24.31382741489445,0.0516652438895755,19.35537171057018,Top 10: DG anchor + putting overlay,Tier 2 - current-price / early value,0.0979480293023895,10.209495863492622,0.0995721385180687,10.042970000273078,0.097408005015984,10.26609671182472,0.0990231599073498,10.09864763895276,0.1004033808679291,9.959823975602994,Top 20: DG anchor + OTT overlay,Tier 3 - experimental,-0.456,-0.424,-0.164,0.096,-0.948,0.023,-11.375,-0.1185274017162239,-0.06,0.0042834924730855,2.78610917908615,,,,,,False,False
"Adam, Cameron",34024,-0.4143,-0.4096570765945619,0.4032258064516129,0.4345,0.4188629032258064,2.3014959723820483,2.3874160072392616,0.4203930179739604,2.378726470813892,Make Cut: DG anchor + putting overlay,Tier 2 - candidate,0.5655,0.5811370967741936,1.7683465959328029,1.7207643524236411,0.596774193548387,0.596774193548387,1.675675675675676,0.6182343175489354,1.6175096910902984,Miss Cut: DataGolf core; ARG weakness tag,Tier 1 - core,0.0030077997933737,332.46893699608114,0.0024955665633535,400.7106100412761,0.0172659313410577,57.91752441538068,0.0151232599826981,66.1233094679357,0.0415193347239729,24.085164337245683,0.0357750133817074,27.952470326994234,0.0347058396235275,28.81359479694264,Top 10: DG anchor + putting overlay,Tier 2 - current-price / early value,0.0979480293023895,10.209495863492622,0.0855832519763696,11.684529121142884,0.098237348326101,10.1794278554881,0.0858360479038039,11.650116989550774,0.0650259530457593,15.378475103568134,Top 20: DG anchor + OTT overlay,Tier 3 - experimental,-0.336,-0.854,-0.221,0.061,-1.351,-0.117,0.004,-0.0634543436945894,-0.06,0.0699417888744853,2.87732081599057,,,,,,False,False
"Wu, Ashun",11763,-0.38585,-0.3771046981850975,0.425531914893617,0.44835,0.4369409574468085,2.230400356864057,2.2886387347236408,0.4548380665018046,2.198584669245208,Make Cut: DG anchor + putting overlay,Tier 2 - candidate,0.55165,0.5630590425531915,1.81274358741956,1.7760126814862958,0.574468085106383,0.574468085106383,1.7407407407407405,0.5490646530110099,1.8212791417478988,Miss Cut: DataGolf core; ARG weakness tag,Tier 1 - core,0.0029591801435943,337.9314375857358,0.0024295900717971,411.5920671590079,0.016519263613163,60.53538604488234,0.0150569267801264,66.41461531976726,0.0370816573512353,26.96751093210472,0.0350369258423398,28.54131679530987,0.0417985583765227,23.924270090656407,Top 10: DG anchor + putting overlay,Tier 2 - current-price / early value,0.0954179692660197,10.480206272385214,0.0882330904808657,11.333616385304564,0.0963107078351492,10.383061473410155,0.0890586067180239,11.2285610212406,0.0768082229455122,13.01943934713084,Top 20: DG anchor + OTT overlay,Tier 3 - experimental,-0.463,-0.602,0.03,0.163,-0.873,0.004,-11.418,-0.1378871480009996,0.149785298205648,0.0752237585236003,2.75786488347175,,,,,,False,False
"Paratore, Renato",16549,-0.4231,-0.4169769554987475,0.3703703703703703,0.43,0.4001851851851852,2.3255813953488373,2.4988431281813974,0.3918656404956508,2.551895079995151,Make Cut: DG anchor + putting overlay,Tier 2 - candidate,0.5700000000000001,0.5998148148148148,1.7543859649122806,1.667181228774313,0.6296296296296297,0.6296296296296297,1.588235294117647,0.6213217441676411,1.6094720801050644,Miss Cut: DataGolf core; ARG weakness tag,Tier 1 - core,0.0031540843590512,317.04922448580584,0.0022853755128589,437.5648528538931,0.0187162194642797,53.429593615768376,0.0144530931977483,69.18934143147936,0.0417723121331538,23.9393021102684,0.0335593938010646,29.797916074642416,0.0304892547803804,32.79844021125402,Top 10: DG anchor + putting overlay,Tier 2 - current-price / early value,0.0948110435714655,10.54729451686957,0.0786196733748843,12.719462662121128,0.0955648884206222,10.464094256026016,0.0792447802567779,12.619127679573165,0.0610867708334555,16.370156522536746,Top 20: DG anchor + OTT overlay,Tier 3 - experimental,-0.564,-0.47,-0.058,0.104,-0.987,-0.053,-1.936,-0.0706573702617527,0.151584807746439,0.0280477057005288,2.92386981519368,,,,,,False,False
"Cantero Gutierrez, Ivan",19635,-0.4637,-0.4415015634932623,0.4115226337448559,0.424,0.4177613168724279,2.358490566037736,2.3937113361440563,0.4042785525939166,2.473542050608023,Make Cut: DG anchor + putting overlay,Tier 2 - candidate,0.5760000000000001,0.5822386831275721,1.736111111111111,1.7175086935625228,0.5884773662551441,0.5884773662551441,1.699300699300699,0.5921880375361602,1.6886528207502638,Miss Cut: DataGolf core; ARG weakness tag,Tier 1 - core,0.002572920302872,388.66341832809735,0.002311460151436,432.6269693114739,0.0182652070139817,54.74890042223516,0.0166940221577845,59.90168160485474,0.0411147524817298,24.32217001535811,0.0378091312913699,26.44863729593948,0.0328046579224328,30.483475924806623,Top 10: DG anchor + putting overlay,Tier 2 - current-price / early value,0.0935469792224614,10.689816050841454,0.0871563622478533,11.473631691467592,0.0939792392194904,10.640647959114451,0.0875590926107091,11.420858418965537,0.0867001994145135,11.533998846058031,Top 20: DG anchor + OTT overlay,Tier 3 - experimental,-0.745,-0.105,-0.124,-0.153,-1.127,-0.085,9.135,0.0705521308230074,0.031267603326205,0.0678992162906333,2.92137851033546,,,,,,False,False
"Garcia-Heredia, Alfredo",7887,-0.47215,-0.4617887058767629,0.3246753246753247,0.42085,0.3727626623376623,2.376143519068552,2.6826721156266524,0.3236807148673231,3.0894642592775434,Make Cut: DG anchor + putting overlay,Tier 2 - candidate,0.57915,0.6272373376623377,1.72666839333506,1.5942928457143803,0.6753246753246753,0.6753246753246753,1.4807692307692308,0.7057301425952321,1.4169722102596158,Miss Cut: DataGolf core; ARG weakness tag,Tier 1 - core,0.0024293827917691,411.6271850562314,0.0015730247292178,635.7179142995409,0.0183653614440343,54.45033047932916,0.0127843705368319,78.22051129689837,0.0390448469540888,25.611574330816488,0.0284780364520324,35.11478053216103,0.0178856309140154,55.91080375120487,Top 10: DG anchor + putting overlay,Tier 2 - current-price / early value,0.0921823485042173,10.84806382378347,0.0689269353891198,14.50811637503691,0.0919466233878745,10.875875188820416,0.0687506781107211,14.545311078816216,0.0465389758749833,21.487365830444556,Top 20: DG anchor + OTT overlay,Tier 3 - experimental,-0.647,-0.31,-0.289,-0.099,-1.346,-0.047,1.185,-0.0063044065179778,0.174105475818114,0.0114323049206462,2.94571408077303,,,,,,False,False
"Willett, Danny",12920,-0.4215000000000001,-0.4121251892738142,0.4504504504504504,0.436,0.4432252252252252,2.293577981651376,2.2561892759868285,0.4782740723483902,2.090851371243825,Make Cut: DG anchor + putting overlay,Tier 2 - candidate,0.5640000000000001,0.5567747747747748,1.7730496453900708,1.7960583799877026,0.5495495495495496,0.5495495495495496,1.8196721311475408,0.530223941155361,1.885995562216588,Miss Cut: DataGolf core; ARG weakness tag,Tier 1 - core,0.0019099539061702,523.5728447526423,0.0021133102864184,473.1912802519693,0.0145898442522918,68.54082762692381,0.016174611279585,61.82528795991277,0.0372324671024008,26.858279287528536,0.0396424895637064,25.225459122414005,0.0524415901591021,19.0688344301938,Top 10: DG anchor + putting overlay,Tier 2 - current-price / early value,0.0909193257825033,10.998761719727158,0.0933008970506108,10.718010561651436,0.0919018846922715,10.881169666415932,0.094309193437517,10.603420128521543,0.0906055392432698,11.03685280560018,Top 20: DG anchor + OTT overlay,Tier 3 - experimental,-0.515,-0.611,-0.003,0.148,-0.981,-0.03,-8.184,-0.1057784988634042,0.100673315469066,0.074594974195365,2.79386290064731,,,,,,False,False
"Syme, Connor",22089,-0.44815,-0.4630190709305409,0.3424657534246575,0.41505,0.3787578767123287,2.4093482712926155,2.6402091190291266,0.2919445958978786,3.4253074523420777,Make Cut: DG anchor + putting overlay,Tier 2 - candidate,0.5849500000000001,0.6212421232876713,1.709547824600393,1.6096783564963475,0.6575342465753424,0.6575342465753424,1.5208333333333337,0.6898273041446858,1.4496381833419831,Miss Cut: DataGolf core; ARG weakness tag,Tier 1 - core,0.002910633008885,343.56787576701714,0.0021219831711091,471.2572717894327,0.0173157955083537,57.75073975189667,0.0131010227541768,76.32991856923373,0.0390448469540888,25.611574330816488,0.029868971096092,33.47955966688245,0.0131678201666144,75.94271393038831,Top 10: DG anchor + putting overlay,Tier 2 - current-price / early value,0.0870324552503676,11.489966554698292,0.0688464885910697,14.52506904077185,0.0875780931330267,11.418380604394407,0.0692781120831944,14.43457348836417,0.0501536306542323,19.93873597893977,Top 20: DG anchor + OTT overlay,Tier 3 - experimental,-0.463,-0.422,-0.295,-0.585,-1.764,-0.02,-3.618,-0.0405948959093914,0.175396274652863,-0.0978969753612244,2.94896441546106,,,,,,False,False
"Hoshino, Rikuya",19190,-0.4265,-0.4149180942265359,0.4716981132075471,0.43275,0.4522240566037735,2.310803004043905,2.211293241474265,0.5010550815579484,1.9957885605923091,Make Cut: DG anchor + putting overlay,Tier 2 - candidate,0.56725,0.5477759433962264,1.762891141472014,1.8255639227235347,0.5283018867924529,0.5283018867924529,1.8928571428571423,0.5430316223706603,1.841513383022516,Miss Cut: DataGolf core; ARG weakness tag,Tier 1 - core,0.0024293827917691,411.6271850562314,0.0027146913958845,368.3659960450663,0.0141963154401516,70.44081291485587,0.0171370267676948,58.35317955417492,0.0356256382003414,28.069672587378797,0.0408035285758802,24.507684381764957,0.0578995827480541,17.27128163170757,Top 10: DG anchor + putting overlay,Tier 2 - current-price / early value,0.0860741260257905,11.617893159906949,0.0955480532495102,10.465937986079542,0.0868058751484749,11.519957586851982,0.0963603438572428,10.377713071276428,0.10473213646022,9.548167676115591,Top 20: DG anchor + OTT overlay,Tier 3 - experimental,-0.588,-0.404,-0.181,0.16,-1.013,-0.002,-4.245,-0.0457200245065914,0.199959906092869,0.0307795645973988,2.7956470313606,,,,,,False,False
"Young, Daniel",19908,-0.4631499999999999,-0.4749745866692721,0.3952569169960475,0.4072,0.4012284584980237,2.455795677799607,2.4923456420400587,0.388110325673399,2.57658694925194,Make Cut: DG anchor + putting overlay,Tier 2 - candidate,0.5928,0.5987715415019763,1.6869095816464237,1.6700860523390446,0.6047430830039525,0.6047430830039525,1.6535947712418302,0.598271915369374,1.6714807670398475,Miss Cut: DataGolf core; ARG weakness tag,Tier 1 - core,0.0014942452090003,669.2342019747686,0.0014304559378334,699.0778069784897,0.0117558510237733,85.06402454214034,0.0110484050092411,90.51080216226458,0.0311289389987113,32.12444857312351,0.0286102481188842,34.95251057749297,0.0247947164603732,40.33117303834442,Top 10: DG anchor + putting overlay,Tier 2 - current-price / early value,0.077865789763229,12.84261038179613,0.0721729782010728,13.855601153301658,0.0770555365207018,12.977652809299926,0.0714219630275533,14.00129536644375,0.0641944985420668,15.577658875934633,Top 20: DG anchor + OTT overlay,Tier 3 - experimental,-0.564,-0.523,-0.069,-0.153,-1.31,-0.005,-10.425,-0.1350127052172902,-0.0064089633843292,0.0099856601083665,2.81372043009398,,,,,,False,False
"Veerman, Johannes",20522,-0.4821,-0.5148952332297545,0.3759398496240601,0.4064,0.39116992481203,2.4606299212598426,2.5564337556895067,0.3987968092126221,2.507542630479876,Make Cut: DG anchor + putting overlay,Tier 2 - candidate,0.5936,0.6088300751879699,1.6846361185983827,1.6424944179888952,0.6240601503759399,0.6240601503759399,1.6024096385542168,0.6344638766181047,1.5761338617579297,Miss Cut: DataGolf core; ARG weakness tag,Tier 1 - core,0.0024293827917691,411.6271850562314,0.0020146913958845,496.3539339288874,0.0135585598527078,73.75414578416937,0.0121810987094227,82.09440082990605,0.0289931344274592,34.49092413591905,0.0272148641714015,36.74462579353376,0.0309062829940375,32.35588052412902,Top 10: DG anchor + putting overlay,Tier 2 - current-price / early value,0.077564107384106,12.892561182299035,0.069576496748996,14.372669604329122,0.0772602591250186,12.943264898734686,0.0693039390141936,14.429194274155138,0.0588714207768815,16.986170654687058,Top 20: DG anchor + OTT overlay,Tier 3 - experimental,-0.613,-0.561,-0.162,0.115,-1.22,-0.053,-1.619,-0.0419248817971135,-0.0238149891845788,-0.137059977954071,2.90308727748635,,,,,,False,False
"Lombard, Zander",16897,-0.49385,-0.4954201092205713,0.4310344827586207,0.39505,0.4130422413793103,2.5313251487153523,2.421059881576778,0.4066424718954532,2.459162702161366,Make Cut: DG anchor + putting overlay,Tier 2 - candidate,0.60495,0.5869577586206897,1.6530291759649558,1.7037001135310506,0.5689655172413792,0.5689655172413792,1.7575757575757578,0.542730511601681,1.84253506781634,Miss Cut: DataGolf core; ARG weakness tag,Tier 1 - core,0.0018633183688442,536.676939765409,0.0021649925177554,461.895360745524,0.0137545605021881,72.70315906065588,0.0152054584617722,65.76585655171655,0.0320254998530376,31.225117627794027,0.0358186620236809,27.918407430709355,0.0328967762497525,30.39811537787143,Top 10: DG anchor + putting overlay,Tier 2 - current-price / early value,0.075302587551331,13.279756148065122,0.0827759184796652,12.080808263645674,0.0756682873075295,13.215575977500592,0.0831779117469813,12.02242252777272,0.0894673216401826,11.177265415653926,Top 20: DG anchor + OTT overlay,Tier 3 - experimental,-0.656,-0.425,0.034,-0.302,-1.349,-0.045,-1.789,-0.0333782829365916,0.192144964781416,-0.0391976458299144,2.91997426914061,,,,,,False,False
"Williams, Robin",24093,-0.579,-0.5649145283546464,0.3378378378378378,0.3883,0.3630689189189189,2.575328354365181,2.754298007600374,0.3113283456756645,3.212042892624302,Make Cut: DG anchor + putting overlay,Tier 2 - candidate,0.6117,0.6369310810810811,1.6347882949158083,1.570028578763454,0.6621621621621622,0.6621621621621622,1.510204081632653,0.6841632022339468,1.4616395572500465,Miss Cut: DataGolf core; ARG weakness tag,Tier 1 - core,0.0019566932013812,511.0663231691623,0.0014533466006906,688.0671131888375,0.0136075404600571,73.48866629758305,0.010768158758167,92.86638713805672,0.0300847985694167,33.23937827579704,0.024651997949932,40.56466344151866,0.0152654496517354,65.50740546881413,Top 10: DG anchor + putting overlay,Tier 2 - current-price / early value,0.0731434258704947,13.671768694162145,0.0608259150988245,16.440360960871512,0.0731331064758203,13.6736978393038,0.0608173335124841,16.442680766244486,0.0503899312624181,19.845234453531003,Top 20: DG anchor + OTT overlay,Tier 3 - experimental,-0.84,-0.236,-0.234,-0.346,-1.656,-0.049,6.837,0.061187752257291,-0.044945864748163,0.0510699482851631,3.00865973923889,,,,,,False,False
"Sharma, Shubhankar",17081,-0.48385,-0.5304895695545907,0.3174603174603174,0.3868,0.3521301587301587,2.585315408479835,2.839858998746856,0.3245875594713755,3.080832800950855,Make Cut: DG anchor + putting overlay,Tier 2 - candidate,0.6132,0.6478698412698413,1.6307893020221789,1.5435199114068572,0.6825396825396826,0.6825396825396826,1.4651162790697674,0.7172641197627948,1.3941865659343289,Miss Cut: DataGolf core; ARG weakness tag,Tier 1 - core,0.0015399655931006,649.365157559504,0.0011366494632169,879.7787113449969,0.0105491360385009,94.79449277650016,0.0083813405060229,119.31265640399482,0.0280027255325216,35.71080960810852,0.02149146197261,46.53010582874531,0.0160965388507302,62.1251567975829,Top 10: DG anchor + putting overlay,Tier 2 - current-price / early value,0.0701337538981561,14.258469630074815,0.0554439762386773,18.036224452863227,0.070044669587803,14.276603857006863,0.0553735509710718,18.05916330925604,0.0394691224524921,25.336261306637116,Top 20: DG anchor + OTT overlay,Tier 3 - experimental,-0.589,-0.504,-0.319,-0.02,-1.432,0.009,-10.713,-0.1245859954098059,0.0009124162916291,-0.171132954140958,2.86594089394594,,,,,,False,False
"Bjerregaard, Lucas",11619,-0.525,-0.5536552840028343,0.3448275862068966,0.3869,0.3658637931034483,2.584647195657793,2.7332576189556126,0.3367130734645162,2.969887654526675,Make Cut: DG anchor + putting overlay,Tier 2 - candidate,0.6131,0.6341362068965517,1.631055292774425,1.5769482788153313,0.6551724137931034,0.6551724137931034,1.5263157894736843,0.6370323383483281,1.5697790203127835,Miss Cut: DataGolf core; ARG weakness tag,Tier 1 - core,0.0018633183688442,536.676939765409,0.0015316591844221,652.8867584712002,0.0112237064235051,89.09712730063586,0.0096589100900594,103.531349880683,0.0274094261999641,36.48379913919207,0.0241171153967593,41.46432869556078,0.019547349977764,51.15782963611653,Top 10: DG anchor + putting overlay,Tier 2 - current-price / early value,0.0699332410432119,14.299351568477968,0.0613463253769358,16.300894859726462,0.0695454093732022,14.379094307054688,0.0610061145206251,16.39179954104301,0.0488871305235042,20.455281160738497,Top 20: DG anchor + OTT overlay,Tier 3 - experimental,-0.616,-0.678,-0.001,-0.166,-1.461,-0.076,1.077,-0.0238747578502077,0.11137262532983,-0.159182197421525,2.9353496724281,,,,,,False,False
"Jamieson, Scott",11397,-0.56865,-0.5619732984934316,0.3610108303249097,0.377,0.3690054151624549,2.6525198938992043,2.709987330564646,0.3572536839097391,2.799131387691028,Make Cut: DG anchor + putting overlay,Tier 2 - candidate,0.623,0.6309945848375451,1.6051364365971108,1.5847996544335772,0.6389891696750902,0.6389891696750902,1.5649717514124295,0.6398643578394189,1.5628312278193204,Miss Cut: DataGolf core; ARG weakness tag,Tier 1 - core,0.0016317746760555,612.8297090731256,0.0014325540046944,698.0539628684486,0.0108378579550839,92.2691554128472,0.0099945242156371,100.05478784427052,0.0269155641479677,37.15322459906543,0.0246477769633537,40.57161023027739,0.0218396078774433,45.78836788699088,Top 10: DG anchor + putting overlay,Tier 2 - current-price / early value,0.0684299314884714,14.61348825357909,0.0624758105244555,16.006194903362797,0.0689532786896264,14.502573612216692,0.0629536210361227,15.884709783829594,0.0576544059074236,17.344728200056583,Top 20: DG anchor + OTT overlay,Tier 3 - experimental,-0.852,-0.307,-0.109,-0.124,-1.393,-0.002,-5.309,-0.055834299665241,0.183047634585489,0.0155387487190901,2.91020853091597,,,,,,False,False
"Johnston, Ryggs",32449,-0.6190000000000001,-0.5955764348092101,0.3236245954692557,0.3691,0.3463622977346278,2.70929287455974,2.8871502658934585,0.3103956786072902,3.2216943370052227,Make Cut: DG anchor + putting overlay,Tier 2 - candidate,0.6309,0.6536377022653721,1.5850372483753368,1.529899509367664,0.6763754045307443,0.6763754045307443,1.4784688995215312,0.6923259174932329,1.444406420058331,Miss Cut: DataGolf core; ARG weakness tag,Tier 1 - core,0.0014942452090003,669.2342019747686,0.0012054559378334,829.5616360704546,0.0111754208902654,89.48208839911074,0.0093549723498946,106.89502465619422,0.0269155641479677,37.15322459906543,0.0227600235362253,43.936685672067895,0.0166235554307659,60.15560294335459,Top 10: DG anchor + putting overlay,Tier 2 - current-price / early value,0.066427017698286,15.054115548917707,0.0558753987879079,17.896963989390095,0.0663398743223986,15.073890480108505,0.0558020977268615,17.920473257022874,0.0443348818588129,22.55560312948526,Top 20: DG anchor + OTT overlay,Tier 3 - experimental,-0.837,-0.467,-0.2,-0.219,-1.723,-0.074,2.938,0.0120799526238091,0.0640523333683131,0.0950647662999669,2.99057478413436,,,,,,False,False
"Lee, Junghwan",13498,-0.54035,-0.5575824494839459,0.3831417624521073,0.3785,0.3808208812260536,2.642007926023778,2.6259064281887534,0.4043337993348039,2.4732040745670174,Make Cut: DG anchor + putting overlay,Tier 2 - candidate,0.6214999999999999,0.6191791187739464,1.6090104585679808,1.6150415440044676,0.6168582375478927,0.6168582375478927,1.6211180124223603,0.620296737872648,1.6121316443313427,Miss Cut: DataGolf core; ARG weakness tag,Tier 1 - core,0.0010005139094861,999.4863544811802,0.0010419236214097,959.7632489097522,0.010117152910552,98.8420367707418,0.0101847867727363,98.18565889635543,0.0248961803358108,40.16680416479765,0.0246405807328959,40.58345908483268,0.0292043149866392,34.24151535338154,Top 10: DG anchor + putting overlay,Tier 2 - current-price / early value,0.0649760014235947,15.39029761897398,0.0636050914451381,15.72201182766224,0.066027381858829,15.14523174852014,0.06463428910676,15.47166393906251,0.0608804466396923,16.425635079819347,Top 20: DG anchor + OTT overlay,Tier 3 - experimental,-0.764,-0.471,-0.123,0.099,-1.258,0.003,-10.567,-0.1241793516364413,-0.06,-0.0090725716015089,2.84918109895543,,,,,,False,False
"Ko, Jeong Weon",26213,-0.64255,-0.6246553512463346,0.2710027100271003,0.36365,0.3173263550135501,2.749896878867043,3.151329803530813,0.301746449333922,3.3140406530297524,Make Cut: DG anchor + putting overlay,Tier 2 - candidate,0.63635,0.6826736449864499,1.571462245619549,1.4648287763032783,0.7289972899728997,0.7289972899728997,1.3717472118959109,0.747138532715244,1.3384398691977633,Miss Cut: DataGolf core; ARG weakness tag,Tier 1 - core,0.001677857647212,595.9981179938708,0.0011305954902726,884.4896416125154,0.0113686551526572,87.96115165532689,0.0079427501953762,125.90097578319109,0.0270636693378741,36.94990459407342,0.0195528865568639,51.14334382761268,0.0163261312261008,61.25149835873457,Top 10: DG anchor + putting overlay,Tier 2 - current-price / early value,0.0642758471748018,15.557943519288717,0.0478567870156393,20.895677757748444,0.0639572836475176,15.635435762269324,0.0476195995253721,20.99975661213176,0.0287746163396741,34.75285259046914,Top 20: DG anchor + OTT overlay,Tier 3 - experimental,-0.844,-0.715,-0.226,0.23,-1.555,-0.099,-0.84,-0.0660679426975048,0.0418912850925406,0.112034393843944,3.04182469098221,,,,,,False,False
"Arnaus, Adri",23236,-0.5658,-0.566736042321188,0.3448275862068966,0.3756,0.3602137931034482,2.6624068157614484,2.776129118722598,0.3605777182345933,2.7733272174887853,Make Cut: DG anchor + putting overlay,Tier 2 - candidate,0.6244000000000001,0.6397862068965517,1.6015374759769376,1.5630221302374716,0.6551724137931034,0.6551724137931034,1.5263157894736843,0.6708112211898108,1.490732367634385,Miss Cut: DataGolf core; ARG weakness tag,Tier 1 - core,0.0015399655931006,649.365157559504,0.0011283161298836,886.2764375292172,0.009067034687565,110.28964093094844,0.0083417382432534,119.87909124441482,0.0232775006222336,42.95993870771692,0.0210206256117421,47.572323415598056,0.0216419726446507,46.2065088252097,Top 10: DG anchor + putting overlay,Tier 2 - current-price / early value,0.0630261255761353,15.86643619386066,0.0559366488547787,17.87736699415395,0.0632932777340678,15.799466164504649,0.0561737504743446,17.801909104443975,0.04694333991832,21.302276355708152,Top 20: DG anchor + OTT overlay,Tier 3 - experimental,-0.76,-0.536,-0.195,0.057,-1.434,-0.062,-1.473,-0.0539265065805663,-0.0442741346705366,0.0333515753519769,2.86990546880463,,,,,,False,False
"Siem, Marcel",6950,-0.6075,-0.6170785439373182,0.326797385620915,0.3573,0.3420486928104575,2.7987685418415897,2.92356036148964,0.2992758105500887,3.341399353866702,Make Cut: DG anchor + putting overlay,Tier 2 - candidate,0.6427,0.6579513071895424,1.5559358954411078,1.5198693111068176,0.673202614379085,0.673202614379085,1.4854368932038833,0.6870900093099862,1.4554133904584865,Miss Cut: DataGolf core; ARG weakness tag,Tier 1 - core,0.0014942452090003,669.2342019747686,0.0011887892711668,841.1919793139263,0.0098299179229938,101.7302492079646,0.0088040796324925,113.58370684306104,0.0255355037128855,39.16116209195389,0.0221632557044466,45.11972488768292,0.0147174659258643,67.94647971581915,Top 10: DG anchor + putting overlay,Tier 2 - current-price / early value,0.0606786127906062,16.480271285219818,0.053845875289372,18.57152464559115,0.0605429736825886,16.51719331202237,0.0537255098729792,18.613131869092605,0.0469589873271795,21.29517813134798,Top 20: DG anchor + OTT overlay,Tier 3 - experimental,-0.829,-0.387,-0.187,-0.361,-1.765,0.003,-6.344,-0.06240231760273,0.187614269246704,-0.0635951281969018,2.99565079518176,,,,,,False,False
"Morrison, James",11061,-0.5906500000000001,-0.582612583158856,0.3460207612456747,0.37025,0.3581353806228373,2.700877785280216,2.792240180964217,0.3562629703242971,2.806915349888105,Make Cut: DG anchor + putting overlay,Tier 2 - candidate,0.62975,0.6418646193771627,1.5879317189360858,1.5579609310299052,0.6539792387543253,0.6539792387543253,1.529100529100529,0.622158829695448,1.6073066109011238,Miss Cut: DataGolf core; ARG weakness tag,Tier 1 - core,0.0012676138755093,788.8837597318001,0.0010171402710879,983.148567041169,0.0076966157806235,129.92723406013442,0.0070303416204704,142.2405985348233,0.0222507132488765,44.94237954599016,0.0196145265979832,50.98262224196741,0.0186853804891238,53.51777559906071,Top 10: DG anchor + putting overlay,Tier 2 - current-price / early value,0.059281344540261,16.8687132141689,0.0523030812269144,19.11933248562445,0.0594323535142651,16.825852265129907,0.0524363142818423,19.070753040060254,0.0413521994048355,24.18251058934159,Top 20: DG anchor + OTT overlay,Tier 3 - experimental,-0.755,-0.734,0.075,0.006,-1.408,0.035,-19.266,-0.203933665951827,0.26797585057965,0.0751599545367214,2.79934549926466,,,,,,False,False
"Follet-Smith, Benjamin",15211,-0.6071000000000001,-0.6224789400615092,0.2409638554216867,0.35335,0.2971569277108433,2.8300551860761285,3.3652252623000507,0.2113299896928612,4.731936065739468,Make Cut: DG anchor + putting overlay,Tier 2 - candidate,0.64665,0.7028430722891567,1.546431609062089,1.4227927106729594,0.7590361445783133,0.7590361445783133,1.3174603174603174,0.7979745839522454,1.2531727452360122,Miss Cut: DataGolf core; ARG weakness tag,Tier 1 - core,0.0014942452090003,669.2342019747686,0.0008637892711668,1157.689766914045,0.0095433033855849,104.78551918515818,0.0060108481213638,166.36587380169826,0.0234733737246465,42.60146034952015,0.0151838074731938,65.85963380828164,0.0049585292480873,201.67270373281085,Top 10: DG anchor + putting overlay,Tier 2 - current-price / early value,0.0583337428926239,17.14273678342086,0.039421743518684,25.36671163531992,0.0586358295567371,17.054418903247225,0.0396258926509453,25.23602455618481,0.0180772821302562,55.318050180025786,Top 20: DG anchor + OTT overlay,Tier 3 - experimental,-0.563,-0.851,-0.398,-0.449,-2.26,-0.055,-4.53,-0.0758423016044527,-0.06,-0.0239735495053188,2.98162306345336,,,,,,False,False
"Naidoo, Dylan",19429,-0.6502000000000001,-0.6438371102386503,0.3105590062111801,0.35505,0.33280450310559,2.8165047176454023,3.0047670349061546,0.29048609512802,3.442505568327773,Make Cut: DG anchor + putting overlay,Tier 2 - candidate,0.64495,0.6671954968944099,1.5505077913016512,1.4988110750967187,0.68944099378882,0.68944099378882,1.4504504504504503,0.6869516461372867,1.455706534256053,Miss Cut: DataGolf core; ARG weakness tag,Tier 1 - core,0.0010005139094861,999.4863544811802,0.0009169236214097,1090.6033792242838,0.0076027335776709,131.53163790152766,0.0067339596820533,148.50103760868967,0.0209831724732327,47.65723587677956,0.0180485997092548,55.40596035753556,0.0126127509945909,79.28484439507702,Top 10: DG anchor + putting overlay,Tier 2 - current-price / early value,0.0581343046843555,17.201547441387202,0.0486323718911473,20.56243528977522,0.0581481223913464,17.197459846937708,0.0486439311222882,20.55754904935732,0.0382914678419051,26.115478365277664,Top 20: DG anchor + OTT overlay,Tier 3 - experimental,-0.902,-0.464,-0.089,-0.292,-1.748,-0.025,-5.108,-0.0704343532501119,0.0685678505794617,0.0498896627869392,2.95952052996335,,,,,,False,False
"Larrazabal, Pablo",9133,-0.62255,-0.6073567539909788,0.3311258278145695,0.3646,0.3478629139072847,2.7427317608337907,2.874695634460557,0.3115338664669931,3.209923888342167,Make Cut: DG anchor + putting overlay,Tier 2 - candidate,0.6354,0.6521370860927153,1.5738117721120557,1.5334199224759757,0.6688741721854304,0.6688741721854304,1.495049504950495,0.6602821949908443,1.5145039614673637,Miss Cut: DataGolf core; ARG weakness tag,Tier 1 - core,0.0013126655793271,761.8086554174354,0.0011146661229968,897.1296241706834,0.0084979573584461,117.67533747460988,0.0075087240495934,133.17841931534883,0.021909039995688,45.64325959498045,0.0192796754211244,51.86809311656335,0.0140544367263784,71.15190878643465,Top 10: DG anchor + putting overlay,Tier 2 - current-price / early value,0.0575361098758573,17.38038950074394,0.0509649235322972,19.6213381810783,0.0578525950041009,17.285309326731383,0.0512452629642618,19.51399880018949,0.041213447127871,24.263925240161196,Top 20: DG anchor + OTT overlay,Tier 3 - experimental,-0.768,-0.667,-0.054,-0.28,-1.77,-0.034,-9.464,-0.1264385495747108,0.333244060447867,0.0558744897204957,2.88583701803913,,,,,,False,False
"Senior, Jack",15115,-0.58505,-0.6112160716421147,0.3257328990228013,0.35755,0.3416414495114006,2.7968116347364007,2.927045302700104,0.3254605921601406,3.072568612263684,Make Cut: DG anchor + putting overlay,Tier 2 - candidate,0.64245,0.6583585504885994,1.5565413650867772,1.5189291598899295,0.6742671009771987,0.6742671009771987,1.4830917874396137,0.6703545133655588,1.4917479931319242,Miss Cut: DataGolf core; ARG weakness tag,Tier 1 - core,0.0009565804197879,1045.3904128851746,0.0008866235432272,1127.8744035603188,0.006901416859708,144.8977826333327,0.0060806786679492,164.4553272105822,0.0197199534153314,50.7100589407348,0.0169614188072328,58.95733201125683,0.0142746853817437,70.05408338308642,Top 10: DG anchor + putting overlay,Tier 2 - current-price / early value,0.0544981245943573,18.349255271502276,0.0471106599587763,21.226618367796984,0.0542505867332153,18.43298036420575,0.0468966769622973,21.32347246701404,0.0368771346695622,27.117074278153773,Top 20: DG anchor + OTT overlay,Tier 3 - experimental,-0.73,-0.665,-0.081,-0.092,-1.568,0.013,-12.884,-0.1398136940733546,0.0174588993011597,-0.0652882359991862,2.85232667473379,,,,,,False,False
"Paul, Yannik",19898,-0.7061000000000001,-0.6805629412475559,0.3401360544217687,0.331,0.3355680272108843,3.021148036253776,2.980021691314352,0.3637139503873985,2.749413375359623,Make Cut: DG anchor + putting overlay,Tier 2 - candidate,0.669,0.6644319727891157,1.4947683109118086,1.5050449721771446,0.6598639455782314,0.6598639455782314,1.5154639175257731,0.6663869547860892,1.5006296158978696,Miss Cut: DataGolf core; ARG weakness tag,Tier 1 - core,0.0003651649799777,2738.4882308835527,0.0005742491566555,1741.4043859011488,0.0052862961943062,189.16836348993647,0.0061491203193753,162.62488747359308,0.0149065675239037,67.08452488451351,0.0164397571265502,60.82814924224154,0.0221768598493646,45.0920467005904,Top 10: DG anchor + putting overlay,Tier 2 - current-price / early value,0.0437822290115307,22.840317237768648,0.0459275080427839,21.773443468094257,0.0442656832182369,22.59086333469289,0.0464346509514049,21.535641584697736,0.0407183369144655,24.558959814607277,Top 20: DG anchor + OTT overlay,Tier 3 - experimental,-0.818,-1.02,-0.142,0.13,-1.85,-0.052,-10.403,-0.1454848241749527,0.0675775220836859,0.183533325328776,2.86218390663446,,,,,,False,False
"Micheluzzi, David",19224,-0.7417500000000001,-0.7302283608309539,0.3236245954692557,0.3213,0.3224622977346278,3.1123560535325243,3.101137736179488,0.3364823831720955,2.971923791589841,Make Cut: DG anchor + putting overlay,Tier 2 - candidate,0.6787000000000001,0.6775377022653721,1.4734050390452331,1.4759326258250476,0.6763754045307443,0.6763754045307443,1.4784688995215312,0.6456742818555202,1.5487685170396266,Miss Cut: DataGolf core; ARG weakness tag,Tier 1 - core,0.0008259054755584,1210.7923117034727,0.0008379527377792,1193.3847279385052,0.0057904284588736,172.69879199829072,0.0061531705786431,162.51784136634646,0.0148111107751783,67.51688075116427,0.0156504077805665,63.8960986845161,0.0186249301189215,53.69147661843173,Top 10: DG anchor + putting overlay,Tier 2 - current-price / early value,0.0404730184556019,24.707818644586137,0.0416322583398,24.019835576491158,0.0402354015769031,24.8537347909569,0.041387835569832,24.1616887240392,0.0384998954299273,25.97409652241976,Top 20: DG anchor + OTT overlay,Tier 3 - experimental,-1.011,-0.786,0.074,0.034,-1.689,-0.056,-6.233,-0.0938947730454024,0.145491232622011,0.0681827742124295,2.90355293506476,,,,,,False,False
"Kieffer, Max",12317,-0.7043000000000001,-0.7380928891591361,0.2976190476190476,0.316,0.3068095238095238,3.1645569620253164,3.259351233897253,0.2625222318249445,3.8092011981172766,Make Cut: DG anchor + putting overlay,Tier 2 - candidate,0.6839999999999999,0.6931904761904761,1.4619883040935673,1.4426049323349592,0.7023809523809523,0.7023809523809523,1.4237288135593222,0.714139984269184,1.4002856891192714,Miss Cut: DataGolf core; ARG weakness tag,Tier 1 - core,0.0004055282138993,2465.9196714934724,0.0004944307736163,2022.5278307130643,0.0052862961943062,189.16836348993647,0.0049017889701689,204.00715046807164,0.0145726216394722,68.62183241561293,0.0132530421208424,75.45437423965835,0.0085153845644874,117.43450838032578,Top 10: DG anchor + putting overlay,Tier 2 - current-price / early value,0.0377623565804414,26.481398158237237,0.0359781898897323,27.794616768237866,0.0377678201492777,26.47756730590983,0.0359833953200833,27.79059594306468,0.0333184581103214,30.013393677728967,Top 20: DG anchor + OTT overlay,Tier 3 - experimental,-0.947,-0.479,-0.178,-0.459,-2.063,0.035,-12.127,-0.1151601100111274,0.178856500644637,-0.156098515951275,2.88203243980575,,,,,,False,False
"Forsstrom, Simon",19806,-0.7615000000000001,-0.7745200012939638,0.334448160535117,0.30365,0.3190490802675585,3.2932652725177016,3.134314003229182,0.2977300391300068,3.3587474173653664,Make Cut: DG anchor + putting overlay,Tier 2 - candidate,0.69635,0.6809509197324415,1.4360594528613484,1.4685346197827576,0.6655518394648829,0.6655518394648829,1.5025125628140703,0.7168809797994506,1.3949316946304708,Miss Cut: DataGolf core; ARG weakness tag,Tier 1 - core,0.0006970900387215,1434.5349157964213,0.0010485450193607,953.7024939659829,0.0045594168193995,219.32629535978552,0.0066141627747791,151.19071514435083,0.0113055727653088,88.45195380710818,0.0161414801657232,61.95218714350129,0.0151349272552315,66.07233606982399,Top 10: DG anchor + putting overlay,Tier 2 - current-price / early value,0.0362369981653539,27.596104827361085,0.043679316066619,22.894131365857834,0.0361903061164959,27.63170880016926,0.0436230344521606,22.923668941385834,0.0497793145492368,20.08866552412846,Top 20: DG anchor + OTT overlay,Tier 3 - experimental,-1.006,-0.486,-0.417,-0.45,-2.358,-0.015,-5.76,-0.0589081703654514,-0.0426211917049844,-0.024990623360847,2.95716426429503,,,,,,False,False
"Strydom, Ockie",13731,-0.8246500000000001,-0.8142956408680204,0.2293577981651376,0.29905,0.2642038990825688,3.343922420999833,3.784955496389101,0.2015311786043414,4.962011371765271,Make Cut: DG anchor + putting overlay,Tier 2 - candidate,0.70095,0.7357961009174312,1.4266352806904916,1.3590721651734017,0.7706422018348624,0.7706422018348624,1.2976190476190474,0.7930700082230417,1.2609227301894912,Miss Cut: DataGolf core; ARG weakness tag,Tier 1 - core,0.0003651649799777,2738.4882308835527,0.0003325824899888,3006.772846139296,0.0047403826308969,210.9534351683321,0.0037502508392579,266.64883040139915,0.0129095674692714,77.46192909873162,0.0101112464385984,98.8997752228274,0.0053098574923899,188.32897143344945,Top 10: DG anchor + putting overlay,Tier 2 - current-price / early value,0.0358436575924972,27.89893853380962,0.0284132963333411,35.194790082365905,0.0363379502383932,27.519438863214653,0.0288051225131051,34.716047451110214,0.0195264845021336,51.21249551555111,Top 20: DG anchor + OTT overlay,Tier 3 - experimental,-1.075,-0.648,-0.275,-0.439,-2.437,-0.057,-3.858,-0.0688104801268849,-0.0246548928288409,0.0923407589305514,3.01487730490986,,,,,,False,False
"Palmer, Ryan",7820,-1.1558000000000002,-1.2033646866170924,0.1589825119236884,0.1903,0.1746412559618442,5.254860746190226,5.726023868143052,0.1372119039655278,7.287997404738533,Make Cut: DG anchor + putting overlay,Tier 2 - candidate,0.8097,0.8253587440381558,1.2350253180190194,1.2115943609046815,0.8410174880763116,0.8410174880763116,1.1890359168241966,0.8487772568368039,1.1781654043450318,Miss Cut: DataGolf core; ARG weakness tag,Tier 1 - core,9.712309228502713e-05,10296.212532703346,0.0001235615461425,8093.132784585092,0.001502582943971,665.5206649406023,0.0012514402815093,799.079280710017,0.0041469928308154,241.13858904438308,0.0035179011773124,284.26040118726775,0.0020616939738502,485.03803798410775,Top 10: DG anchor + putting overlay,Tier 2 - current-price / early value,0.0127354958737474,78.52069600692748,0.0108815485112992,91.89868509629976,0.0129129124792153,77.44186306610534,0.0110331380071656,90.6360456427297,0.0083945213976534,119.12531431268116,Top 20: DG anchor + OTT overlay,Tier 3 - experimental,-1.692,-0.646,-0.181,-0.456,-2.974,-0.01,-9.029,-0.0961758447449941,-0.06,-0.174735510712964,3.09937907321099,,,,,,False,False
"Gavins, Daniel",18241,-1.4336,-1.525623250681148,0.069492703266157,0.14145,0.1054713516330785,7.069635913750442,9.481247604362494,0.0652402088658005,15.327970547381373,Make Cut: DG anchor + putting overlay,Tier 2 - candidate,0.85855,0.8945286483669215,1.1647545279832274,1.117907181425246,0.9305072967338428,0.9305072967338428,1.0746825989544435,0.9315911239132773,1.073432296992442,Miss Cut: DataGolf core; ARG weakness tag,Tier 1 - core,9.712309228502713e-05,10296.212532703346,5.6894879475846913e-05,17576.274160568726,0.0006128772692652,1631.6480479018103,0.0003654664124103,2736.229557744286,0.0022669361440657,441.12402663733513,0.0014010110614508,713.7702388762316,0.0004708652683393,2123.749758666027,Top 10: DG anchor + putting overlay,Tier 2 - current-price / early value,0.0072903229440558,137.168134755312,0.0045386502286416,220.32982266167625,0.0072502584288568,137.92611805668716,0.0045137077367296,221.54735271463215,0.0010869298290893,920.0225932136404,Top 20: DG anchor + OTT overlay,Tier 3 - experimental,-1.539,-2.205,-0.126,-0.233,-4.104,-0.161,-12.036,-0.2346846191922846,0.110885402062118,-0.370495294325127,3.38159243150404,,,,,,False,False
