player_name,dg_id,skill_pred,custom_pred,p_make_cut,p_make_cut_model,p_make_cut_anchored,make_cut_fair_odds_dec_model,make_cut_fair_odds_dec_anchored,make_cut_strategy_prob,make_cut_strategy_fair_odds_dec,make_cut_strategy_name,make_cut_strategy_tier,p_miss_cut_model,p_miss_cut_anchored,miss_cut_fair_odds_dec_model,miss_cut_fair_odds_dec_anchored,p_miss_cut_dg,miss_cut_strategy_prob,miss_cut_strategy_fair_odds_dec,miss_cut_arg_overlay_prob,miss_cut_arg_overlay_fair_odds_dec,miss_cut_strategy_name,miss_cut_strategy_tier,win_prob_model,win_fair_odds_dec,win_prob_anchored,win_fair_odds_dec_anchored,win_strategy_prob,win_strategy_fair_odds_dec,win_strategy_name,win_strategy_tier,top5_prob_model,top5_fair_odds_dec,top5_prob_anchored,top5_fair_odds_dec_anchored,top5_strategy_prob,top5_strategy_fair_odds_dec,top5_strategy_name,top5_strategy_tier,top10_prob_model,top10_fair_odds_dec,top10_prob_anchored,top10_fair_odds_dec_anchored,top10_strategy_prob,top10_strategy_fair_odds_dec,top10_strategy_name,top10_strategy_tier,top20_prob_model,top20_fair_odds_dec,top20_prob_anchored,top20_fair_odds_dec_anchored,top20_prob_dh,top20_fair_odds_dec_dh,top20_prob_anchored_dh,top20_fair_odds_dec_anchored_dh,top20_strategy_prob,top20_strategy_fair_odds_dec,top20_strategy_name,top20_strategy_tier,sg_app,sg_ott,sg_arg,sg_putt,sg_total,driving_acc,driving_dist,total_fit_adjustment,total_course_history_adjustment,timing_adjustment,std_deviation,market_odds_best_dec,market_book_best,market_prob_best,p_model,strategy_name,strategy_tier,strategy_min_ev,strategy_odds_cap,edge_prob,ev_per_unit,arg_overlay_ev_per_unit,arg_overlay_qualified,value_flag,strategy_qualified,bet_flag
"Rose, Justin",6093,0.3555,0.3427025742100244,0.6802721088435374,0.6325,0.6563860544217687,1.58102766798419,1.523493671542019,0.6873815274964162,1.4547961503158282,Make Cut: DG anchor + putting overlay,Tier 2 - candidate,0.3675,0.3436139455782313,2.721088435374149,2.9102427677002645,0.3197278911564626,0.3197278911564626,3.127659574468085,0.3119310460812707,3.2058367147573352,Miss Cut: DataGolf core; ARG weakness tag,Tier 1 - core,0.0210527762430075,47.49967360395696,0.0179013881215037,55.861589794746905,0.0141912997581923,70.46570906394383,Winner: DG anchor + total SG overlay,Tier 4 - speculative,0.0947437694584077,10.554783768013344,0.0850367375731192,11.75962329387514,0.0776570207620624,12.877135771972938,Top 5: DG anchor + total SG overlay,Tier 3 - semi-core,0.1660804642465424,6.021177773898345,0.1554059945090337,6.434758216111608,0.1415404727525269,7.065116998361496,Top 10: DG anchor + putting overlay,Tier 2 - current-price / early value,0.2914678543440278,3.430910081835892,0.2807419612444228,3.561989791505974,0.2904759796246796,3.442625449760381,0.2797865870929739,3.574152751174226,0.2699590768843524,3.704265148411325,Top 20: DG anchor + OTT overlay,Tier 3 - experimental,0.587,0.111,0.014,0.035,0.747,0.002,3.097,-0.0025627603507712,0.17822831305655,-0.10726282703863,2.80300707421411,3.4,bet365,0.29411764705882354,0.3197278911564626,Miss Cut: DataGolf core; ARG weakness tag,Tier 1 - core,0.15,10.0,0.025610244097639068,0.0870748299319728,0.060565556676320464,False,True,False,False
"Molinari, Francesco",7655,-0.0112,0.0257433526278511,0.4830917874396135,0.5064,0.4947458937198067,1.9747235387045816,2.0212396155153085,0.4445899094185316,2.249263824516116,Make Cut: DG anchor + putting overlay,Tier 2 - candidate,0.4936,0.5052541062801932,2.025931928687196,1.9792021233874764,0.5169082125603864,0.5169082125603864,1.9345794392523368,0.5307050462169709,1.8842858328337144,Miss Cut: DataGolf core; ARG weakness tag,Tier 1 - core,0.0045943844676319,217.65701304388764,0.0031138589004826,321.1449304414561,0.0012183663881582,820.7711651596819,Winner: DG anchor + total SG overlay,Tier 4 - speculative,0.0290617266393566,34.40951779670778,0.0216273315736465,46.23778928041792,0.0096684333118327,103.42937348247968,Top 5: DG anchor + total SG overlay,Tier 3 - semi-core,0.0657886694890894,15.200185803512005,0.0509031048864398,19.64516707243906,0.0246699212389134,40.535192241418045,Top 10: DG anchor + putting overlay,Tier 2 - current-price / early value,0.148778824728924,6.721386607415448,0.1195657583333079,8.363598524690874,0.1487892855854452,6.72091405012984,0.1195741651764528,8.363010509204251,0.0893025727043492,11.19788567918041,Top 20: DG anchor + OTT overlay,Tier 3 - experimental,0.062,0.02,-0.118,-0.385,-0.421,0.059,-6.92,0.2065262244215961,0.251315167513001,0.0186248590502073,2.72553123782699,2.1,bet365,0.47619047619047616,0.5169082125603864,Miss Cut: DataGolf core; ARG weakness tag,Tier 1 - core,0.15,10.0,0.04071773636991027,0.08550724637681162,0.11448059705563896,False,True,False,False
"Rai, Aaron",18554,0.31595,0.3269182876722106,0.684931506849315,0.6316,0.6582657534246575,1.583280557314756,1.519143286427183,0.6862373151386824,1.4572218355656004,Make Cut: DG anchor + putting overlay,Tier 2 - candidate,0.3683999999999999,0.3417342465753424,2.714440825190011,2.926250471006069,0.3150684931506849,0.3150684931506849,3.1739130434782603,0.2933671631127024,3.408697788088272,Miss Cut: DataGolf core; ARG weakness tag,Tier 1 - core,0.0149375042362982,66.94558770868795,0.0128020854514824,78.11227348777007,0.0102848396861852,97.2304897803336,Winner: DG anchor + total SG overlay,Tier 4 - speculative,0.0734692490690537,13.61113680446224,0.0684623433897456,14.606569838066342,0.0659113266479991,15.171899138679482,Top 5: DG anchor + total SG overlay,Tier 3 - semi-core,0.1469130220620142,6.80674855070291,0.1391331737895451,7.187358505259248,0.122748244756883,8.146756004378021,Top 10: DG anchor + putting overlay,Tier 2 - current-price / early value,0.275226784278024,3.633367306976332,0.268264736905357,3.727661009552653,0.2750361955791641,3.63588508012273,0.2680789692763419,3.730244124331802,0.2655778757748545,3.765373892996106,Top 20: DG anchor + OTT overlay,Tier 3 - experimental,0.469,0.198,0.11,-0.025,0.752,0.114,-11.863,0.3861892264369327,0.204437572239027,-0.18936256791717,2.6595057702537,3.4,bet365,0.29411764705882354,0.3150684931506849,Miss Cut: DataGolf core; ARG weakness tag,Tier 1 - core,0.15,10.0,0.020950846091861375,0.07123287671232859,-0.002551645416811854,False,True,False,False
"Hatton, Tyrrell",14796,0.24315,0.2506784678914576,0.6993006993006994,0.59545,0.6473753496503497,1.6794021328407087,1.544698914686981,0.7030057505905608,1.422463470832136,Make Cut: DG anchor + putting overlay,Tier 2 - candidate,0.4045499999999999,0.3526246503496503,2.4718823384006923,2.8358766155696573,0.3006993006993006,0.3006993006993006,3.3255813953488382,0.2674769770860996,3.7386395303776174,Miss Cut: DataGolf core; ARG weakness tag,Tier 1 - core,0.0147704919565893,67.70255201648055,0.0155269126449613,64.40430386040147,0.0155655218223096,64.24455353412719,Winner: DG anchor + total SG overlay,Tier 4 - speculative,0.0696063420390598,14.366506997865883,0.0766619359004823,13.044283166787446,0.0851377194805406,11.745675196627309,Top 5: DG anchor + total SG overlay,Tier 3 - semi-core,0.1310650101803025,7.629801414003079,0.1455777702416662,6.869180633416427,0.1524880919133041,6.557889127293572,Top 10: DG anchor + putting overlay,Tier 2 - current-price / early value,0.2461058234791922,4.063292716373076,0.2708343972910816,3.6922931872838936,0.2462630344093708,4.0606987662536005,0.2710074046865205,3.689936078155205,0.3003115545544241,3.329875207378258,Top 20: DG anchor + OTT overlay,Tier 3 - experimental,0.31,0.211,0.198,0.001,0.719,-0.018,4.682,-0.0640476436807717,0.262281082340483,0.0040958907125533,2.7939120614983,3.5,bet365,0.2857142857142857,0.3006993006993006,Miss Cut: DataGolf core; ARG weakness tag,Tier 1 - core,0.15,10.0,0.014985014985014922,0.05244755244755217,-0.0638305801986514,False,True,False,False
"Noren, Alex",10419,0.1611,0.1601840913258378,0.684931506849315,0.56155,0.6232407534246576,1.780785326328911,1.6045163839256031,0.7321750728992958,1.3657935608763083,Make Cut: DG anchor + putting overlay,Tier 2 - candidate,0.43845,0.3767592465753424,2.2807617744326603,2.6542148841462474,0.3150684931506849,0.3150684931506849,3.1739130434782603,0.2895065429752637,3.454153366355671,Miss Cut: DataGolf core; ARG weakness tag,Tier 1 - core,0.0088342568635093,113.19571249174108,0.010075461765088,99.2510341774158,0.011055791874432,90.45032787860548,Winner: DG anchor + total SG overlay,Tier 4 - speculative,0.0462040637186901,21.643117931972867,0.0556494762436644,17.96962105485848,0.0690176757954656,14.4890419515648,Top 5: DG anchor + total SG overlay,Tier 3 - semi-core,0.0990690557767545,10.093969223381247,0.1165034279004022,8.58343842770782,0.181713279570621,5.503175124916283,Top 10: DG anchor + putting overlay,Tier 2 - current-price / early value,0.1989712311240603,5.025852201600396,0.2304138784320576,4.3400163514667405,0.1989583318734789,5.026178047350725,0.2303989407632372,4.340297731783502,0.2583582218931524,3.870594837943898,Top 20: DG anchor + OTT overlay,Tier 3 - experimental,0.165,0.037,0.137,0.474,0.813,0.052,-8.282,0.1767135981292429,0.330863138303118,-0.175652127011212,2.68278013602294,3.25,bet365,0.3076923076923077,0.3150684931506849,Miss Cut: DataGolf core; ARG weakness tag,Tier 1 - core,0.15,10.0,0.007376185458377205,0.0239726027397259,-0.05910373533039304,False,True,False,False
"Fox, Ryan",11889,0.15355,0.121080795486892,0.6211180124223602,0.5432,0.5821590062111801,1.840942562592047,1.7177437595756213,0.6295552652653792,1.5884228997409235,Make Cut: DG anchor + putting overlay,Tier 2 - candidate,0.4568,0.4178409937888199,2.189141856392294,2.393254886104851,0.3788819875776398,0.3788819875776398,2.6393442622950816,0.3697824186708188,2.704292982869481,Miss Cut: DataGolf core; ARG weakness tag,Tier 1 - core,0.0066315469364851,150.79437868384096,0.0071574401349092,139.71475571589758,0.0068321058384837,146.36775595120713,Winner: DG anchor + total SG overlay,Tier 4 - speculative,0.0452431317483852,22.102802378080067,0.0447755076731344,22.33363845475739,0.0405688806927075,24.649435304231936,Top 5: DG anchor + total SG overlay,Tier 3 - semi-core,0.0908639905018516,11.00545985793593,0.0927292860850916,10.784079574195845,0.0933462175906582,10.712806858283203,Top 10: DG anchor + putting overlay,Tier 2 - current-price / early value,0.1828643144185977,5.468535526898285,0.1894436636889303,5.278614130066744,0.182739316838863,5.472276121518971,0.1893141687706218,5.282224814412212,0.196026420173364,5.101353170228833,Top 20: DG anchor + OTT overlay,Tier 3 - experimental,0.226,0.093,0.018,0.042,0.379,-0.053,7.198,-0.1873125296246751,0.223500128212135,-0.124564789806236,2.75450395091944,2.63,bet365,0.3802281368821293,0.3788819875776398,Miss Cut: DataGolf core; ARG weakness tag,Tier 1 - core,0.15,10.0,-0.0013461493044895079,-0.0035403726708073124,-0.02747223889574668,False,False,False,False
"Reed, Patrick",14838,0.3192,0.3578963410499615,0.7407407407407407,0.64285,0.6917953703703703,1.5555728396982187,1.445514154661984,0.7491962017719527,1.3347638410804294,Make Cut: DG anchor + putting overlay,Tier 2 - candidate,0.3571499999999999,0.3082046296296297,2.799944001119978,3.2445975947918195,0.2592592592592593,0.2592592592592593,3.857142857142856,0.2169977417567472,4.6083428882914,Miss Cut: DataGolf core; ARG weakness tag,Tier 1 - core,0.0162234664820272,61.63910783850192,0.0172117332410136,58.09990115447014,0.0176162476003701,56.76577797299954,Winner: DG anchor + total SG overlay,Tier 4 - speculative,0.0852019952465104,11.736814344626,0.087930640480398,11.372599978080734,0.0937729966619961,10.664050799234785,Top 5: DG anchor + total SG overlay,Tier 3 - semi-core,0.1613307971825839,6.198444546630881,0.1691827489723924,5.910768125438024,0.1760456048254947,5.680346299989997,Top 10: DG anchor + putting overlay,Tier 2 - current-price / early value,0.2953885164495341,3.3853719569726257,0.3114697616320351,3.2105845355909137,0.2944878578630523,3.395725743181699,0.3105200702946224,3.220403753777322,0.3111317334194837,3.214072666293248,Top 20: DG anchor + OTT overlay,Tier 3 - experimental,0.594,-0.174,0.299,0.061,0.779,-0.003,-4.344,0.0034902356284634,0.279463389202916,0.121870740134847,2.64726446828311,3.75,bet365,0.26666666666666666,0.2592592592592593,Miss Cut: DataGolf core; ARG weakness tag,Tier 1 - core,0.15,10.0,-0.007407407407407363,-0.02777777777777768,-0.18625846841219795,False,False,False,False
"Brown, Dan",20766,0.1885,0.1659484773325738,0.5434782608695652,0.5611,0.5522891304347826,1.7822135091783995,1.8106458101262333,0.5278608156891009,1.894438780598898,Make Cut: DG anchor + putting overlay,Tier 2 - candidate,0.4388999999999999,0.4477108695652174,2.2784233310549102,2.2335843687939128,0.4565217391304348,0.4565217391304348,2.1904761904761902,0.4982840942634898,2.006887258719532,Miss Cut: DataGolf core; ARG weakness tag,Tier 1 - core,0.010170527825819,98.32331390524122,0.0067935972462428,147.19742188912423,0.0028046534031666,356.55029561617715,Winner: DG anchor + total SG overlay,Tier 4 - speculative,0.0522155391996607,19.151387026306843,0.0389712881183488,25.659916525293628,0.0206494671881064,48.42739964622311,Top 5: DG anchor + total SG overlay,Tier 3 - semi-core,0.1063535730628865,9.402599002561985,0.0822439140566957,12.15895439157527,0.047740477117444,20.94658579846089,Top 10: DG anchor + putting overlay,Tier 2 - current-price / early value,0.2088505410912355,4.788113043782607,0.1713512813172537,5.835964530364488,0.2081178485383354,4.804969910189127,0.1707501442213427,5.856510426742036,0.1339878846192552,7.463361354212252,Top 20: DG anchor + OTT overlay,Tier 3 - experimental,0.388,0.084,-0.28,-0.179,0.013,0.037,-6.304,0.125364094726222,0.0045501229208812,-0.176577191430462,2.78110247360085,2.1,bet365,0.47619047619047616,0.4565217391304348,Miss Cut: DataGolf core; ARG weakness tag,Tier 1 - core,0.15,10.0,-0.019668737060041352,-0.04130434782608683,0.04639659795332862,False,False,False,False
"Sullivan, Andy",15326,-0.05455,-0.0206703468779195,0.5434782608695652,0.4839,0.5136891304347826,2.0665426741062203,1.946702666559457,0.5433173323890508,1.84054500084296,Make Cut: DG anchor + putting overlay,Tier 2 - candidate,0.5161,0.4863108695652174,1.937608990505716,2.05629785921512,0.4565217391304348,0.4565217391304348,2.1904761904761902,0.4527254215516007,2.2088443732025373,Miss Cut: DataGolf core; ARG weakness tag,Tier 1 - core,0.0041461063133429,241.19014912420567,0.0034397198233381,290.7213527145748,0.0021323536478191,468.9653618304637,Winner: DG anchor + total SG overlay,Tier 4 - speculative,0.025567649755328,39.1119250134287,0.0242416303129694,41.25135096483141,0.0168628955344518,59.30179653648101,Top 5: DG anchor + total SG overlay,Tier 3 - semi-core,0.0577295600500431,17.32214829167493,0.0556287028614444,17.976331436142257,0.049437193703432,20.22768537386817,Top 10: DG anchor + putting overlay,Tier 2 - current-price / early value,0.1342447856393613,7.449078898948271,0.1305560534414661,7.65954525768767,0.134372857855624,7.441979101720401,0.1306806065332762,7.652244862709312,0.1211312047743526,8.25551105400821,Top 20: DG anchor + OTT overlay,Tier 3 - experimental,-0.029,-0.132,-0.016,-0.04,-0.218,0.023,-7.742,0.0902824645011187,0.243894969410142,0.0632832910073073,2.74604828198147,2.1,bet365,0.47619047619047616,0.4565217391304348,Miss Cut: DataGolf core; ARG weakness tag,Tier 1 - core,0.15,10.0,-0.019668737060041352,-0.04130434782608683,-0.04927661474163836,False,False,False,False
"McIlroy, Rory",10091,0.5943,0.5933930748233107,0.8403361344537815,0.7219,0.7811180672268907,1.3852334118298937,1.2802161951651938,0.8516076075176078,1.174249726250037,Make Cut: DG anchor + putting overlay,Tier 2 - candidate,0.2781,0.2188819327731093,3.595828838547285,4.5686731075999285,0.1596638655462184,0.1596638655462184,6.2631578947368425,0.1491693383199188,6.703790546119679,Miss Cut: DataGolf core; ARG weakness tag,Tier 1 - core,0.0487123341994493,20.5286816251828,0.064189500433058,15.57887182877954,0.0916119876469261,10.915602048216806,Winner: DG anchor + total SG overlay,Tier 4 - speculative,0.1781118088151955,5.614450870225991,0.2164695954850387,4.619586403158936,0.3059355030159605,3.268662806839487,Top 5: DG anchor + total SG overlay,Tier 3 - semi-core,0.2832191958739883,3.530834119184937,0.3356950270217982,2.978894292452731,0.3976071288359805,2.515045449329749,Top 10: DG anchor + putting overlay,Tier 2 - current-price / early value,0.4227261470864067,2.3655976969780306,0.4890121152191198,2.044939110663778,0.4220910085794886,2.3691573136452604,0.4882773832256866,2.0480162185554067,0.590803212968407,1.692610971046758,Top 20: DG anchor + OTT overlay,Tier 3 - experimental,0.65,0.854,0.078,0.155,1.737,-0.034,20.476,-0.1395745369961389,0.146727545294604,0.0285707562909716,2.82483950763589,6.0,bet365,0.16666666666666666,0.1596638655462184,Miss Cut: DataGolf core; ARG weakness tag,Tier 1 - core,0.15,10.0,-0.007002801120448265,-0.042016806722689704,-0.1049839700804871,False,False,False,False
"Laporta, Francesco",14987,-0.0253,0.0133492372201303,0.5524861878453039,0.49765,0.525068093922652,2.009444388626545,1.904514884020568,0.5497818413731472,1.818903289898368,Make Cut: DG anchor + putting overlay,Tier 2 - candidate,0.5023500000000001,0.474931906077348,1.9906439733253705,2.1055650024850903,0.4475138121546961,0.4475138121546961,2.234567901234568,0.4567563334856703,2.189351141271854,Miss Cut: DataGolf core; ARG weakness tag,Tier 1 - core,0.0050971697910597,196.18730412982424,0.0043485848955298,229.9598660308885,0.0029066623483092,344.0372083746456,Winner: DG anchor + total SG overlay,Tier 4 - speculative,0.0315992043088051,31.64636647896064,0.0288326054011558,34.682956537806064,0.0203389706420849,49.16669666314492,Top 5: DG anchor + total SG overlay,Tier 3 - semi-core,0.069215620484493,14.44760580054379,0.0651977813590926,15.337945236084902,0.0554237791007193,18.04279708503352,Top 10: DG anchor + putting overlay,Tier 2 - current-price / early value,0.1487275734176818,6.723702787724718,0.1440071560478354,6.944099358977869,0.149256571707897,6.699872498458912,0.1445193646287831,6.919487935534666,0.143082523831898,6.988973728020483,Top 20: DG anchor + OTT overlay,Tier 3 - experimental,-0.111,0.205,-0.092,-0.063,-0.062,0.041,-3.059,0.1416255940710572,0.194898255912813,0.0737088250869198,2.74692783352459,2.1,bet365,0.47619047619047616,0.4475138121546961,Miss Cut: DataGolf core; ARG weakness tag,Tier 1 - core,0.15,10.0,-0.028676664035780064,-0.06022099447513812,-0.04081169968009224,False,False,False,False
"Neergaard-Petersen, Rasmus",23841,0.0909,0.1125070985487393,0.625,0.5469,0.58595,1.82848784055586,1.7066302585544844,0.6292393358771756,1.5892204173885198,Make Cut: DG anchor + putting overlay,Tier 2 - candidate,0.4530999999999999,0.41405,2.2070183182520418,2.415167250332085,0.375,0.375,2.6666666666666665,0.3719034100478469,2.688870209260372,Miss Cut: DataGolf core; ARG weakness tag,Tier 1 - core,0.0076733019354736,130.32199285382026,0.0077616509677368,128.8385685154798,0.0068377377890388,146.24719912527732,Winner: DG anchor + total SG overlay,Tier 4 - speculative,0.0436981506116161,22.884263658841743,0.0438736321841149,22.7927333621141,0.0389725122773079,25.659110526016995,Top 5: DG anchor + total SG overlay,Tier 3 - semi-core,0.0903360301881071,11.069780218565016,0.0922084751432636,10.844990099297354,0.0898979317599881,11.12372643532919,Top 10: DG anchor + putting overlay,Tier 2 - current-price / early value,0.1833283754070283,5.454692967085894,0.1904095306476071,5.251837954743505,0.1827390570043022,5.472283902485373,0.1897974495105985,5.268774699441672,0.2035847726595665,4.911958723318639,Top 20: DG anchor + OTT overlay,Tier 3 - experimental,0.057,0.245,-0.019,0.002,0.285,0.029,2.388,0.0940482730740342,0.0227482906895489,0.0553242835342925,2.77522061733097,2.5,bet365,0.4,0.375,Miss Cut: DataGolf core; ARG weakness tag,Tier 1 - core,0.15,10.0,-0.025000000000000022,-0.0625,-0.07024147488038279,False,False,False,False
"Schaper, Jayden",26991,-0.04335,-0.0423102529034464,0.5617977528089888,0.46855,0.5151738764044944,2.1342439440828085,1.941092213330396,0.5750188827462223,1.7390733243821803,Make Cut: DG anchor + putting overlay,Tier 2 - candidate,0.53145,0.4848261235955056,1.881644557343118,2.0625951270610745,0.4382022471910112,0.4382022471910112,2.2820512820512824,0.4296790306345247,2.32731859994019,Miss Cut: DataGolf core; ARG weakness tag,Tier 1 - core,0.0032630874699101,306.4582268239164,0.0032148770682883,311.0538844125725,0.0026550900595256,376.635058540594,Winner: DG anchor + total SG overlay,Tier 4 - speculative,0.0252609747861938,39.5867542113434,0.0244158577634672,40.95698826916783,0.0196209720678528,50.96587450111144,Top 5: DG anchor + total SG overlay,Tier 3 - semi-core,0.0573179135865619,17.44655269926725,0.057856483849558,17.284147488123562,0.059747611400803,16.737070764080098,Top 10: DG anchor + putting overlay,Tier 2 - current-price / early value,0.1265355133463399,7.902919690718792,0.1331342721715604,7.511213932287645,0.1267092463483427,7.89208387563801,0.133317065255985,7.5009151910138305,0.1435978356863193,6.963893259397299,Top 20: DG anchor + OTT overlay,Tier 3 - experimental,-0.19,0.207,0.012,0.082,0.109,0.062,-5.926,0.2113203775451587,-0.0220754400659785,-0.094942593273317,2.71832377160237,2.1,bet365,0.47619047619047616,0.4382022471910112,Miss Cut: DataGolf core; ARG weakness tag,Tier 1 - core,0.15,10.0,-0.03798822899946497,-0.07977528089887642,-0.09767403566749822,False,False,False,False
"Detry, Thomas",14181,0.0110499999999999,0.0147223489782492,0.6134969325153374,0.4987,0.5560984662576687,2.0052135552436336,1.798242686640767,0.6623437192598897,1.509790114892931,Make Cut: DG anchor + putting overlay,Tier 2 - candidate,0.5013000000000001,0.4439015337423313,1.9948134849391577,2.252751846945552,0.3865030674846625,0.3865030674846625,2.5873015873015874,0.3983706727515254,2.510224944755728,Miss Cut: DataGolf core; ARG weakness tag,Tier 1 - core,0.0046444470162489,215.3108855589125,0.0054555568414577,183.29934579744847,0.0054970912427348,181.9143899642625,Winner: DG anchor + total SG overlay,Tier 4 - speculative,0.0285973977572098,34.968216636000946,0.0343453457040017,29.11602662609056,0.0359155431896183,27.84309831318542,Top 5: DG anchor + total SG overlay,Tier 3 - semi-core,0.0652703022118004,15.320903475443172,0.0770492778819019,12.978706971566424,0.1198340135159281,8.34487613875239,Top 10: DG anchor + putting overlay,Tier 2 - current-price / early value,0.146063218016146,6.846350597927114,0.16763351120174,5.9653943464594095,0.1463241142568033,6.834143538671755,0.1679329360225452,5.95475803427714,0.1878109001704694,5.324504589948371,Top 20: DG anchor + OTT overlay,Tier 3 - experimental,-0.064,0.055,-0.11,0.435,0.316,-0.016,6.426,-0.062617991468015,0.193609812612965,0.0012682874720125,2.75356549366774,2.38,bet365,0.42016806722689076,0.3865030674846625,Miss Cut: DataGolf core; ARG weakness tag,Tier 1 - core,0.15,10.0,-0.03366499974222825,-0.08012269938650318,-0.05187779885136967,False,False,False,False
"Rosenmueller, Thomas",22736,0.0878999999999999,0.0915181239268365,0.5649717514124294,0.526,0.5454858757062147,1.9011406844106464,1.833228034924548,0.5519137994419557,1.811877146415088,Make Cut: DG anchor + putting overlay,Tier 2 - candidate,0.474,0.4545141242937853,2.109704641350211,2.200151648870713,0.4350282485875706,0.4350282485875706,2.2987012987012987,0.4505541963395689,2.2194888164937447,Miss Cut: DataGolf core; ARG weakness tag,Tier 1 - core,0.0067869174239653,147.3422965879764,0.0055684587119826,179.58290645993674,0.003536128062141,282.7951879645825,Winner: DG anchor + total SG overlay,Tier 4 - speculative,0.0413617902920017,24.176903198345656,0.0354192450137257,28.23323872692594,0.023261018288019,42.99037933842589,Top 5: DG anchor + total SG overlay,Tier 3 - semi-core,0.0851714032238516,11.741029995381805,0.0763780284517526,13.092770529311208,0.0565999581346027,17.667857591375913,Top 10: DG anchor + putting overlay,Tier 2 - current-price / early value,0.177401310548796,5.636936936409723,0.1635241108003535,6.115306147243934,0.1781075967291814,5.6145836469880255,0.1641751478150228,6.0910558833588295,0.1495958513294338,6.684677356445139,Top 20: DG anchor + OTT overlay,Tier 3 - experimental,0.175,0.081,-0.129,-0.157,-0.031,0.003,3.468,0.0058266353997629,-0.06,0.0301773019343015,2.78887461731726,2.1,bet365,0.47619047619047616,0.4350282485875706,Miss Cut: DataGolf core; ARG weakness tag,Tier 1 - core,0.15,10.0,-0.041162227602905554,-0.08644067796610166,-0.053836187686905235,False,False,False,False
"Canter, Laurie",14795,0.2183,0.2496514268873089,0.6172839506172839,0.5954,0.606341975308642,1.6795431642593213,1.6492343276926804,0.5883428716439225,1.699689157796444,Make Cut: DG anchor + putting overlay,Tier 2 - candidate,0.4045999999999999,0.393658024691358,2.471576866040534,2.540275917870684,0.3827160493827161,0.3827160493827161,2.6129032258064515,0.3933849032297571,2.5420395947831995,Miss Cut: DataGolf core; ARG weakness tag,Tier 1 - core,0.0152720370517458,65.47914967805032,0.0107276851925396,93.21675478466076,0.0053073635200354,188.4174687158641,Winner: DG anchor + total SG overlay,Tier 4 - speculative,0.0658689471832073,15.181660596739285,0.0534580466736142,18.70625775209213,0.0354470550262595,28.21108831916192,Top 5: DG anchor + total SG overlay,Tier 3 - semi-core,0.1274019815620905,7.849171478644863,0.1093449298743593,9.145371451141171,0.0676074456720345,14.791270252259284,Top 10: DG anchor + putting overlay,Tier 2 - current-price / early value,0.2421541133932161,4.129601541709819,0.2171687966233481,4.60471308746244,0.2421242846680723,4.130110291790425,0.2171420456082464,4.6052803693492645,0.2000036316142618,4.999909211292002,Top 20: DG anchor + OTT overlay,Tier 3 - experimental,0.34,0.29,-0.103,-0.309,0.217,0.031,0.711,0.0998611258710189,0.163416608540169,0.0659724193659933,2.76419876526784,2.38,bet365,0.42016806722689076,0.3827160493827161,Miss Cut: DataGolf core; ARG weakness tag,Tier 1 - core,0.15,10.0,-0.03745201784417468,-0.08913580246913577,-0.06374393031317804,False,False,False,False
"Scott, Adam",6430,0.4656,0.4494707937434877,0.7352941176470588,0.6679,0.7015970588235294,1.4972301242701005,1.4253195440654305,0.7388076639326574,1.353532250433112,Make Cut: DG anchor + putting overlay,Tier 2 - candidate,0.3320999999999999,0.2984029411764706,3.011141222523337,3.3511734035108467,0.2647058823529412,0.2647058823529412,3.777777777777777,0.2578749210191396,3.877848982165193,Miss Cut: DataGolf core; ARG weakness tag,Tier 1 - core,0.0282200736234305,35.43576864270548,0.0246767034783819,40.52405139430606,0.0220469172811851,45.357815210446695,Winner: DG anchor + total SG overlay,Tier 4 - speculative,0.1173538585601148,8.521236645046038,0.1087427626133909,9.196014299868974,0.1156856441090559,8.64411490035279,Top 5: DG anchor + total SG overlay,Tier 3 - semi-core,0.2006933290881351,4.9827266533649786,0.1940774251260781,5.152582786742828,0.1785133013603449,5.601823462899335,Top 10: DG anchor + putting overlay,Tier 2 - current-price / early value,0.3433899083136464,2.9121414921914863,0.3398688907063847,2.942311071547609,0.3424140273257975,2.920441104033765,0.3389030161108544,2.9506966667800394,0.3568754897836678,2.8020977305171164,Top 20: DG anchor + OTT overlay,Tier 3 - experimental,0.617,0.499,0.013,0.002,1.131,0.008,5.413,0.01364697338752,0.140611940413544,-0.122622503079708,2.73856661192295,3.4,bet365,0.29411764705882354,0.2647058823529412,Miss Cut: DataGolf core; ARG weakness tag,Tier 1 - core,0.15,10.0,-0.02941176470588236,-0.10000000000000009,-0.12322526853492544,False,False,False,False
"Ferguson, Ewen",21646,0.13375,0.1748870365628082,0.6578947368421053,0.5726,0.6152473684210527,1.7464198393293748,1.6253624986098874,0.6748443135955889,1.4818232588668825,Make Cut: DG anchor + putting overlay,Tier 2 - candidate,0.4274,0.3847526315789473,2.339728591483388,2.599072541482566,0.3421052631578947,0.3421052631578947,2.923076923076924,0.3514985251639992,2.844962150363016,Miss Cut: DataGolf core; ARG weakness tag,Tier 1 - core,0.0089405188901563,111.85033131589438,0.0089369261117448,111.89529682759816,0.0079628853613287,125.58261919183632,Winner: DG anchor + total SG overlay,Tier 4 - speculative,0.0501698638506959,19.932284508006067,0.0511537513697924,19.5489084030409,0.0478326530870934,20.906220655985862,Top 5: DG anchor + total SG overlay,Tier 3 - semi-core,0.1006085785001672,9.939510277429653,0.1061638747802941,9.419399980167432,0.1181532054306989,8.463587562899725,Top 10: DG anchor + putting overlay,Tier 2 - current-price / early value,0.2074531478391992,4.820365515856712,0.2174014158369416,4.599786050841701,0.2067285217529336,4.837261890718325,0.2166420408226438,4.615909249205513,0.2326370206923041,4.298541981942949,Top 20: DG anchor + OTT overlay,Tier 3 - experimental,0.137,0.22,-0.098,0.132,0.391,0.054,-3.679,0.1843804485827884,0.123003676269867,0.08274403945518,2.69409545199659,2.63,bet365,0.3802281368821293,0.3421052631578947,Miss Cut: DataGolf core; ARG weakness tag,Tier 1 - core,0.15,10.0,-0.03812287372423462,-0.10026315789473705,-0.07555887881868206,False,False,False,False
"Hovland, Viktor",18841,0.50055,0.5048789673922447,0.7936507936507936,0.69175,0.7427003968253968,1.4456089627755693,1.3464379503153712,0.8186060163782136,1.221588871804698,Make Cut: DG anchor + putting overlay,Tier 2 - candidate,0.30825,0.2572996031746032,3.2441200324412,3.886519791176674,0.2063492063492064,0.2063492063492064,4.846153846153845,0.1889947316298327,5.291152781753788,Miss Cut: DataGolf core; ARG weakness tag,Tier 1 - core,0.0352572372426965,28.36297107219167,0.0357202852880149,27.99529712422331,0.0401635311287583,24.89820919366248,Winner: DG anchor + total SG overlay,Tier 4 - speculative,0.1351375927212237,7.399865425033187,0.1443013773791303,6.929940782011033,0.1876867499388479,5.328026620556964,Top 5: DG anchor + total SG overlay,Tier 3 - semi-core,0.2295231229420596,4.356859505839148,0.2472581598957533,4.044355908907559,0.3067370371381046,3.2601214686368705,Top 10: DG anchor + putting overlay,Tier 2 - current-price / early value,0.3709393443675037,2.69585854179238,0.4013917909432604,2.491331468563484,0.3718150634678953,2.6895091088377754,0.4023394026307419,2.4854637489179194,0.4416666822976735,2.2641508632657565,Top 20: DG anchor + OTT overlay,Tier 3 - experimental,0.678,0.335,0.12,0.319,1.453,0.05,0.756,0.1581967740140789,0.140134185198064,-0.0924870963453321,2.73732552165549,4.33,bet365,0.23094688221709006,0.2063492063492064,Miss Cut: DataGolf core; ARG weakness tag,Tier 1 - core,0.15,10.0,-0.024597675867883667,-0.10650793650793633,-0.18165281204282435,False,False,False,False
"Straka, Sepp",17511,0.1395,0.1628824486330214,0.5952380952380952,0.55855,0.5768940476190476,1.7903500134276251,1.7334205546533057,0.5911976293562269,1.6914817488171097,Make Cut: DG anchor + putting overlay,Tier 2 - candidate,0.44145,0.4231059523809524,2.2652622041001247,2.363474194519553,0.4047619047619047,0.4047619047619047,2.4705882352941178,0.4129432079729508,2.421640508167659,Miss Cut: DataGolf core; ARG weakness tag,Tier 1 - core,0.0099019211935253,100.9905027979695,0.0077759605967626,128.6014747060732,0.0047632547112365,209.94048410658857,Winner: DG anchor + total SG overlay,Tier 4 - speculative,0.0509766430006116,19.616827259260702,0.0441387195282038,22.65584526893712,0.0312756593117192,31.97374642155956,Top 5: DG anchor + total SG overlay,Tier 3 - semi-core,0.1039576340051603,9.619303186049432,0.0929162000593382,10.762385884930495,0.073415261336253,13.621146091408004,Top 10: DG anchor + putting overlay,Tier 2 - current-price / early value,0.2053317050344417,4.870168490697833,0.1907288342808278,5.243045729140286,0.2059979769658695,4.854416605099397,0.1913477219911984,5.226087823747376,0.1739038654198619,5.750303465570858,Top 20: DG anchor + OTT overlay,Tier 3 - experimental,0.271,0.027,-0.087,-0.076,0.135,0.026,-3.236,0.093133230492261,0.0890150343715151,0.0480918693260979,2.79649942286716,2.2,bet365,0.45454545454545453,0.4047619047619047,Miss Cut: DataGolf core; ARG weakness tag,Tier 1 - core,0.15,10.0,-0.04978354978354982,-0.10952380952380963,-0.09152494245950815,False,False,False,False
"Puig, David",28984,-0.14235,-0.1687433880669183,0.5952380952380952,0.4264,0.5108190476190476,2.345215759849906,1.9576403907823103,0.6459781484061166,1.5480399800943658,Make Cut: DG anchor + putting overlay,Tier 2 - candidate,0.5736,0.4891809523809524,1.7433751743375174,2.0442333151623706,0.4047619047619047,0.4047619047619047,2.4705882352941178,0.3967615515760979,2.52040550811336,Miss Cut: DataGolf core; ARG weakness tag,Tier 1 - core,0.0023073153731092,433.40412483466986,0.0042703243532212,234.1742493742094,0.005309264591093,188.35000268730715,Winner: DG anchor + total SG overlay,Tier 4 - speculative,0.0170958981903665,58.49356312635823,0.0277414477724319,36.04714534739418,0.0327436460060412,30.54027641929361,Top 5: DG anchor + total SG overlay,Tier 3 - semi-core,0.0420126373043166,23.80236195972521,0.0624784061942459,16.005529924867027,0.1130246402252846,8.847628251740197,Top 10: DG anchor + putting overlay,Tier 2 - current-price / early value,0.0991345508642812,10.087300454601706,0.1380416123914776,7.244192404563204,0.0989949547889603,10.101524892170746,0.137847229432632,7.2544076809952465,0.1784321835673409,5.604370131034105,Top 20: DG anchor + OTT overlay,Tier 3 - experimental,-0.4,0.129,0.01,0.444,0.182,-0.058,12.453,-0.2077320101746158,-0.06,-0.0131009352472836,2.80074584151432,2.2,bet365,0.45454545454545453,0.4047619047619047,Miss Cut: DataGolf core; ARG weakness tag,Tier 1 - core,0.15,10.0,-0.04978354978354982,-0.10952380952380963,-0.12712458653258463,False,False,False,False
"Reitan, Kristoffer",21407,0.24565,0.1994750432695925,0.6622516556291391,0.5683,0.6152758278145696,1.7596339961288052,1.6252873179691658,0.6871233378319132,1.4553427964698589,Make Cut: DG anchor + putting overlay,Tier 2 - candidate,0.4317,0.3847241721854304,2.3164234422052354,2.599264803974982,0.3377483443708609,0.3377483443708609,2.960784313725491,0.3431726405547101,2.913985212759336,Miss Cut: DataGolf core; ARG weakness tag,Tier 1 - core,0.0125058990172002,79.96226409829707,0.0121862828419334,82.05947728038619,0.0115862741505749,86.30902281475659,Winner: DG anchor + total SG overlay,Tier 4 - speculative,0.0592577906388253,16.875418222980556,0.0614848973035396,16.26415662797944,0.0675531696690357,14.803154387859454,Top 5: DG anchor + total SG overlay,Tier 3 - semi-core,0.1192894155282145,8.38297342284721,0.1232609944403937,8.112866560423358,0.1429651704142838,6.99471064946941,Top 10: DG anchor + putting overlay,Tier 2 - current-price / early value,0.2242394789995217,4.4595180316224905,0.2348132274701239,4.258703867639797,0.2237278583979087,4.46971605217559,0.234277482001748,4.268442666600535,0.2619093768280758,3.818114540650548,Top 20: DG anchor + OTT overlay,Tier 3 - experimental,0.214,0.455,-0.073,0.215,0.811,0.002,7.961,-0.0098088561260028,0.0353784954702891,-0.234814979456608,2.83522760295673,2.63,bet365,0.3802281368821293,0.3377483443708609,Miss Cut: DataGolf core; ARG weakness tag,Tier 1 - core,0.15,10.0,-0.04247979251126843,-0.11172185430463588,-0.09745595534111251,False,False,False,False
"Koepka, Brooks",16243,0.2067999999999999,0.2075875410527015,0.6451612903225806,0.57515,0.6101556451612904,1.7386768669042856,1.638926080468627,0.6302417491515392,1.586692727586274,Make Cut: DG anchor + putting overlay,Tier 2 - candidate,0.4248499999999999,0.3898443548387096,2.3537719195010007,2.565126280753072,0.3548387096774194,0.3548387096774194,2.818181818181818,0.3507103685915003,2.851355675670878,Miss Cut: DataGolf core; ARG weakness tag,Tier 1 - core,0.0125607166506115,79.6132918061894,0.0115553583253057,86.53993860233994,0.0094632234096426,105.67223838137808,Winner: DG anchor + total SG overlay,Tier 4 - speculative,0.0646083321572759,15.477879812246233,0.0619423270033613,16.144049608367702,0.054848476820084,18.23204686759555,Top 5: DG anchor + total SG overlay,Tier 3 - semi-core,0.12197233936929,8.19858014670315,0.1203171869775375,8.31136452838358,0.0978391935628622,10.220852846231756,Top 10: DG anchor + putting overlay,Tier 2 - current-price / early value,0.228338107875509,4.379470467300204,0.2304044411431415,4.340194117086216,0.2283865281166311,4.37854197551147,0.2304532995605978,4.339273952278775,0.2448695678761308,4.083806773840749,Top 20: DG anchor + OTT overlay,Tier 3 - experimental,0.241,0.375,-0.012,-0.183,0.421,-0.027,7.945,-0.097435351899308,-0.0508971092869233,0.0653796585348924,2.84948243878138,2.5,bet365,0.4,0.3548387096774194,Miss Cut: DataGolf core; ARG weakness tag,Tier 1 - core,0.15,10.0,-0.04516129032258065,-0.11290322580645162,-0.12322407852124928,False,False,False,False
"Olesen, Thorbjorn",13412,-0.00405,-0.0043854570708844,0.5780346820809249,0.4923,0.5351673410404625,2.031281738777168,1.8685744127356845,0.5880933420525154,1.7004103404909867,Make Cut: DG anchor + putting overlay,Tier 2 - candidate,0.5077,0.4648326589595375,1.9696671262556624,2.151311833893856,0.4219653179190751,0.4219653179190751,2.3698630136986303,0.414701448536528,2.41137329886109,Miss Cut: DataGolf core; ARG weakness tag,Tier 1 - core,0.0047447190014161,210.76063718452653,0.0044056928340413,226.9790558872648,0.0033197299629142,301.2293202071586,Winner: DG anchor + total SG overlay,Tier 4 - speculative,0.0294232520979279,33.98672575933308,0.0294733257844137,33.92898403507709,0.0234640886400538,42.618318373251086,Top 5: DG anchor + total SG overlay,Tier 3 - semi-core,0.0652703022118004,15.320903475443172,0.0670581107619848,14.912439205890932,0.068747054904113,14.546077666814655,Top 10: DG anchor + putting overlay,Tier 2 - current-price / early value,0.1453973492895702,6.877704475949019,0.1497733826219931,6.676753789582619,0.1463071112473792,6.834937765322823,0.150710525743705,6.6352366237549845,0.1483276929007098,6.741829394389607,Top 20: DG anchor + OTT overlay,Tier 3 - experimental,0.026,-0.097,0.005,0.054,-0.012,-0.02,1.265,-0.0673127463217126,0.129234344349472,-0.000329498280934,2.75527212061579,2.1,bet365,0.47619047619047616,0.4219653179190751,Miss Cut: DataGolf core; ARG weakness tag,Tier 1 - core,0.15,10.0,-0.054225158271401064,-0.11387283236994228,-0.1291269580732911,False,False,False,False
"Perez, Victor",20730,0.11605,0.0913575547589322,0.6289308176100629,0.52795,0.5784404088050314,1.89411876124633,1.728786552215198,0.6465444440297032,1.5466840821758858,Make Cut: DG anchor + putting overlay,Tier 2 - candidate,0.4720499999999999,0.4215595911949685,2.118419658934435,2.372143869779745,0.3710691823899371,0.3710691823899371,2.694915254237288,0.354406988986203,2.821614784913087,Miss Cut: DataGolf core; ARG weakness tag,Tier 1 - core,0.0066315469364851,150.79437868384096,0.0070407734682425,142.02985005986994,0.0068915991777043,145.10420211831203,Winner: DG anchor + total SG overlay,Tier 4 - speculative,0.0372443069930445,26.84974109430339,0.0410650304806492,24.351619572551424,0.0438736903702254,22.792703133963933,Top 5: DG anchor + total SG overlay,Tier 3 - semi-core,0.0798671818046729,12.520787354756653,0.0878464796108501,11.383495439201264,0.1016057264924983,9.841964961235044,Top 10: DG anchor + putting overlay,Tier 2 - current-price / early value,0.1715829377360956,5.8280853166068125,0.1870289588317878,5.346765582432564,0.1714514701283988,5.832554245531444,0.1868856564142394,5.350865439258007,0.2126280071284854,4.703049299595451,Top 20: DG anchor + OTT overlay,Tier 3 - experimental,0.02,0.341,0.066,0.132,0.559,0.021,1.439,0.0592131473706458,0.146083491177086,-0.189589672684933,2.71072006587929,2.38,bet365,0.42016806722689076,0.3710691823899371,Miss Cut: DataGolf core; ARG weakness tag,Tier 1 - core,0.15,10.0,-0.04909888483695368,-0.11685534591194979,-0.156511366212837,False,False,False,False
"Ayora, Angel",30445,0.2229,0.2030303450820196,0.6493506493506493,0.5691,0.6092253246753248,1.7571604287471445,1.641428810486385,0.6514396994903777,1.5350614965319147,Make Cut: DG anchor + putting overlay,Tier 2 - candidate,0.4308999999999999,0.3907746753246752,2.320724065908564,2.5590194635032315,0.3506493506493506,0.3506493506493506,2.851851851851852,0.3566458983084283,2.8039015862596504,Miss Cut: DataGolf core; ARG weakness tag,Tier 1 - core,0.0110343471738281,90.62611355675408,0.0112838402535807,88.6223109798694,0.0103978035057699,96.17415826766444,Winner: DG anchor + total SG overlay,Tier 4 - speculative,0.0576268571656144,17.35301991441401,0.059135247365876,16.910388381617718,0.0565710851356046,17.67687499016385,Top 5: DG anchor + total SG overlay,Tier 3 - semi-core,0.1140408452093489,8.768788044005316,0.1182518191016959,8.45652952822658,0.1150817272560333,8.689476807861984,Top 10: DG anchor + putting overlay,Tier 2 - current-price / early value,0.2159451800133908,4.630804910477695,0.2264390743094299,4.416198940265477,0.2161714514115531,4.625957745438701,0.2266763414062893,4.411576408001149,0.2418892340945,4.1341236361487885,Top 20: DG anchor + OTT overlay,Tier 3 - experimental,0.326,0.212,-0.076,-0.018,0.445,-0.037,10.206,-0.137115590061624,-0.0104655858439526,-0.0281740830981016,2.82192747679845,2.5,bet365,0.4,0.3506493506493506,Miss Cut: DataGolf core; ARG weakness tag,Tier 1 - core,0.15,10.0,-0.04935064935064942,-0.12337662337662347,-0.1083852542289293,False,False,False,False
"Jarvis, Casey",26947,0.1554,0.152633413319724,0.5847953216374269,0.55345,0.5691226608187134,1.8068479537446924,1.7570904636997695,0.5716625636551401,1.749283692124464,Make Cut: DG anchor + putting overlay,Tier 2 - candidate,0.44655,0.4308773391812865,2.239390885679095,2.320846118062528,0.4152046783625731,0.4152046783625731,2.408450704225352,0.4353220890231422,2.2971496857510463,Miss Cut: DataGolf core; ARG weakness tag,Tier 1 - core,0.0097410734740437,102.65809026742458,0.0074705367370218,133.8591904707838,0.0044160230294529,226.4480944348408,Winner: DG anchor + total SG overlay,Tier 4 - speculative,0.05129962052173,19.493321584638394,0.042775714241144,23.377751084706485,0.0290898358555988,34.37626822523077,Top 5: DG anchor + total SG overlay,Tier 3 - semi-core,0.1036916100923047,9.643981794764446,0.0901617231558204,11.09118110211544,0.0641286710904663,15.593649189912266,Top 10: DG anchor + putting overlay,Tier 2 - current-price / early value,0.2044522692265053,4.8911171481894185,0.1855593543564721,5.389111227876617,0.2038046874970723,4.906658488973003,0.1849716140097338,5.406234926118863,0.1729547475170864,5.781859210896818,Top 20: DG anchor + OTT overlay,Tier 3 - experimental,0.22,0.264,-0.157,-0.159,0.168,0.035,-1.058,0.1178792208492815,0.0531012958223417,-0.0860478677816061,2.83038364887493,2.1,bet365,0.47619047619047616,0.4152046783625731,Miss Cut: DataGolf core; ARG weakness tag,Tier 1 - core,0.15,10.0,-0.06098579782790309,-0.12807017543859645,-0.0858236130514014,False,False,False,False
"Rozner, Antoine",18770,0.2029,0.224821327933412,0.6060606060606061,0.58605,0.5960553030303031,1.7063390495691495,1.6776966749831277,0.5899997895986097,1.6949158586655138,Make Cut: DG anchor + putting overlay,Tier 2 - candidate,0.41395,0.4039446969696969,2.415750694528324,2.475586404529573,0.3939393939393939,0.3939393939393939,2.5384615384615388,0.4083913043901292,2.4486319597165496,Miss Cut: DataGolf core; ARG weakness tag,Tier 1 - core,0.0112512857743082,88.8787308454515,0.0084673095538207,118.10126860766084,0.0049237464133392,203.097380744636,Winner: DG anchor + total SG overlay,Tier 4 - speculative,0.0594755019044359,16.813645416675595,0.0485010677511597,20.61810278344001,0.0329394255098149,30.358756551538267,Top 5: DG anchor + total SG overlay,Tier 3 - semi-core,0.121328130131889,8.242111692588981,0.1019134078990373,9.812251602759382,0.0674406510894314,14.827852101752743,Top 10: DG anchor + putting overlay,Tier 2 - current-price / early value,0.2305180009896177,4.338056011708338,0.2057619066382299,4.859986070007592,0.2299584940399394,4.348610840295027,0.205262486999638,4.871810795129671,0.1877384158735498,5.326560338474064,Top 20: DG anchor + OTT overlay,Tier 3 - experimental,0.304,0.268,-0.125,-0.188,0.259,0.019,2.874,0.0579763616285097,0.151883510398322,0.0426475812532249,2.74035086059862,2.2,bet365,0.45454545454545453,0.3939393939393939,Miss Cut: DataGolf core; ARG weakness tag,Tier 1 - core,0.15,10.0,-0.06060606060606061,-0.1333333333333333,-0.10153913034171558,False,False,False,False
"Wiesberger, Bernd",9531,0.0810999999999999,0.1236945083323958,0.6060606060606061,0.5458,0.575930303030303,1.832172957127153,1.7363212089004878,0.5887013431086908,1.6986541846828638,Make Cut: DG anchor + putting overlay,Tier 2 - candidate,0.4542,0.424069696969697,2.2016732716864813,2.358102941912064,0.3939393939393939,0.3939393939393939,2.5384615384615388,0.3604293208388391,2.774469062818382,Miss Cut: DataGolf core; ARG weakness tag,Tier 1 - core,0.0073593370203791,135.88180528094432,0.0065046685101895,153.7357358693223,0.0047392281336449,211.00482437229465,Winner: DG anchor + total SG overlay,Tier 4 - speculative,0.0407262716240591,24.554174986380204,0.0380419618702306,26.286762060569227,0.0294050457601579,34.00776887601177,Top 5: DG anchor + total SG overlay,Tier 3 - semi-core,0.0874353940693354,11.437015989280145,0.0839435769649226,11.912763741505414,0.0650979846200552,15.36145866629367,Top 10: DG anchor + putting overlay,Tier 2 - current-price / early value,0.1847207633468522,5.4135765892342524,0.1818838751012946,5.498013495935695,0.1848295021930528,5.410391675218109,0.1819909439676345,5.494778906019856,0.1751716609921291,5.708685950320082,Top 20: DG anchor + OTT overlay,Tier 3 - experimental,0.161,-0.017,0.168,-0.2,0.112,0.051,-9.164,0.182195184130001,0.185647814188683,0.0754629960498078,2.71289517515137,2.2,bet365,0.45454545454545453,0.3939393939393939,Miss Cut: DataGolf core; ARG weakness tag,Tier 1 - core,0.15,10.0,-0.06060606060606061,-0.1333333333333333,-0.20705549415455382,False,False,False,False
"Lowry, Shane",13900,0.4619500000000001,0.5070584866492014,0.7692307692307692,0.6938,0.7315153846153846,1.4413375612568464,1.367025247904771,0.7875431916922601,1.2697716271931907,Make Cut: DG anchor + putting overlay,Tier 2 - candidate,0.3062,0.2684846153846154,3.265839320705421,3.7246081998682055,0.2307692307692308,0.2307692307692308,4.333333333333332,0.2233431954748675,4.47741422286818,Miss Cut: DataGolf core; ARG weakness tag,Tier 1 - core,0.034234825519803,29.210021807225324,0.0312757460932348,31.973657703286776,0.0297580361623025,33.60436806198926,Winner: DG anchor + total SG overlay,Tier 4 - speculative,0.1324208097803726,7.551683165648632,0.1312887762526203,7.61679732680151,0.1494423465714718,6.691543748757606,Top 5: DG anchor + total SG overlay,Tier 3 - semi-core,0.2284103092487661,4.378086099918022,0.2299174459904245,4.349387214581564,0.2509051015332624,3.985570615699219,Top 10: DG anchor + putting overlay,Tier 2 - current-price / early value,0.37325543426703,2.6791304511445952,0.3833201304378035,2.608785504841252,0.3723168084739294,2.685884647805318,0.3823561949437359,2.615362359035796,0.4010585021145857,2.4934018222466,Top 20: DG anchor + OTT overlay,Tier 3 - experimental,0.67,0.285,0.023,0.199,1.178,0.028,0.288,0.0914617956536482,0.402743685150133,0.0791256141316488,2.72759263348803,3.75,bet365,0.26666666666666666,0.2307692307692308,Miss Cut: DataGolf core; ARG weakness tag,Tier 1 - core,0.15,10.0,-0.03589743589743585,-0.13461538461538447,-0.16246301696924692,False,False,False,False
"Smith, Jordan",18586,0.25565,0.2804215916023008,0.6711409395973155,0.60625,0.6386954697986578,1.6494845360824744,1.565691393294585,0.66175426110225,1.5111349616915977,Make Cut: DG anchor + putting overlay,Tier 2 - candidate,0.39375,0.3613045302013422,2.5396825396825395,2.7677483020839384,0.3288590604026845,0.3288590604026845,3.0408163265306127,0.3486912299905432,2.867866794433347,Miss Cut: DataGolf core; ARG weakness tag,Tier 1 - core,0.0159430935775279,62.72308414532042,0.0144132134554306,69.3807805658509,0.0118755459718593,84.20665478198869,Winner: DG anchor + total SG overlay,Tier 4 - speculative,0.0764595647329487,13.078808432832597,0.0715401963275133,13.97815565702347,0.0643191067401086,15.54747960105627,Top 5: DG anchor + total SG overlay,Tier 3 - semi-core,0.1425216714670824,7.016476790555781,0.1368828090148897,7.305519277378527,0.1127323264636787,8.870570060684328,Top 10: DG anchor + putting overlay,Tier 2 - current-price / early value,0.2603158385937861,3.841487346301911,0.2575474653295641,3.882779427552802,0.2599924166812669,3.84626602869703,0.2572274829026348,3.8876094759225928,0.2788276723827343,3.5864446001878343,Top 20: DG anchor + OTT overlay,Tier 3 - experimental,0.246,0.601,-0.166,-0.133,0.548,0.056,4.756,0.1741689003544981,0.163869697882792,-0.0041939166364432,2.78873420590411,2.63,bet365,0.3802281368821293,0.3288590604026845,Miss Cut: DataGolf core; ARG weakness tag,Tier 1 - core,0.15,10.0,-0.05136907647944483,-0.13510067114093993,-0.08294206512487146,False,False,False,False
"Hojgaard, Nicolai",23602,0.1904,0.1590026042976194,0.6578947368421053,0.5558,0.6068473684210527,1.7992083483267365,1.6478608164716697,0.6613627998374838,1.5120294039001427,Make Cut: DG anchor + putting overlay,Tier 2 - candidate,0.4442,0.3931526315789473,2.2512381809995494,2.54354141287032,0.3421052631578947,0.3421052631578947,2.923076923076924,0.322276875384882,3.1029219791390283,Miss Cut: DataGolf core; ARG weakness tag,Tier 1 - core,0.0116318414114033,85.97091076393477,0.011874254039035,84.21581656520341,0.0110038357988417,90.8774011427235,Winner: DG anchor + total SG overlay,Tier 4 - speculative,0.0532946149542953,18.76362181915725,0.0580295418746945,17.232602010874718,0.0592190622768558,16.886454488672683,Top 5: DG anchor + total SG overlay,Tier 3 - semi-core,0.1077926088880011,9.277073913657858,0.1159037112501576,8.627851422649249,0.1178178633030788,8.487677266965578,Top 10: DG anchor + putting overlay,Tier 2 - current-price / early value,0.206056028693596,4.853048980609995,0.2232474976412815,4.479333522505232,0.2068330068912378,4.834818267308009,0.2240892999386717,4.462506689403188,0.2408496900433266,4.151967145235309,Top 20: DG anchor + OTT overlay,Tier 3 - experimental,0.279,0.113,0.091,-0.004,0.479,-0.07,15.941,-0.2533722385450377,0.0262982425140976,-0.0368754198679086,2.84238453532778,2.5,bet365,0.4,0.3421052631578947,Miss Cut: DataGolf core; ARG weakness tag,Tier 1 - core,0.15,10.0,-0.05789473684210533,-0.14473684210526327,-0.19430781153779508,False,False,False,False
"Lindell, Oliver",20085,0.2955,0.2903696176635333,0.6756756756756757,0.60415,0.6399128378378378,1.655218074981379,1.562712827232594,0.6844834131658193,1.460955781784219,Make Cut: DG anchor + putting overlay,Tier 2 - candidate,0.39585,0.3600871621621622,2.5262094227611467,2.777105393026088,0.3243243243243243,0.3243243243243243,3.083333333333333,0.3044618185795518,3.284484092834496,Miss Cut: DataGolf core; ARG weakness tag,Tier 1 - core,0.0162234664820272,61.63910783850192,0.0132617332410136,75.40492496918654,0.0094765910063574,105.5231780425204,Winner: DG anchor + total SG overlay,Tier 4 - speculative,0.0730822671984225,13.683209872032878,0.0673214258070034,14.854112015791108,0.0593171204180381,16.85853920339504,Top 5: DG anchor + total SG overlay,Tier 3 - semi-core,0.1420883693233158,7.037873717338146,0.1344618104155339,7.437055896463473,0.1258317686033095,7.947118689498409,Top 10: DG anchor + putting overlay,Tier 2 - current-price / early value,0.2619308831238524,3.817801047641855,0.2568947453599802,3.892644820736698,0.2616428053105583,3.822004579155329,0.256612206410745,3.8969307578430414,0.2367313309637196,4.2241979375060215,Top 20: DG anchor + OTT overlay,Tier 3 - experimental,0.611,-0.221,0.095,0.052,0.537,-0.012,-3.751,-0.030525553423523,0.0469585828634879,-0.0221287806864434,2.72550900286412,2.63,bet365,0.3802281368821293,0.3243243243243243,Miss Cut: DataGolf core; ARG weakness tag,Tier 1 - core,0.15,10.0,-0.05590381255780502,-0.14702702702702708,-0.19926541713577883,False,False,False,False
"Hillier, Daniel",21362,0.2418499999999999,0.2437157265895623,0.6622516556291391,0.58945,0.6258508278145696,1.6964967342437864,1.5978248418907346,0.6584963462032664,1.5186113116128324,Make Cut: DG anchor + putting overlay,Tier 2 - candidate,0.4105499999999999,0.3741491721854304,2.4357569114602367,2.67273075644918,0.3377483443708609,0.3377483443708609,2.960784313725491,0.3825236953445252,2.61421713784119,Miss Cut: DataGolf core; ARG weakness tag,Tier 1 - core,0.0153278577446082,65.2406889900687,0.0130472622056374,76.64443193054866,0.0095460338647173,104.75554708600504,Winner: DG anchor + total SG overlay,Tier 4 - speculative,0.068065567155134,14.69171626412536,0.063741689602098,15.68831962632954,0.0539449698868741,18.53740955082672,Top 5: DG anchor + total SG overlay,Tier 3 - semi-core,0.1308493758173842,7.642375011368935,0.1268188344334636,7.885264081374734,0.1102504562649062,9.07025724770909,Top 10: DG anchor + putting overlay,Tier 2 - current-price / early value,0.2422060974525119,4.128715216164468,0.2421988183501504,4.128839301578611,0.2420901995562242,4.13069179104772,0.2420829239369817,4.130815935866327,0.2589043373015725,3.862430465331283,Top 20: DG anchor + OTT overlay,Tier 3 - experimental,0.302,0.461,-0.319,-0.076,0.368,0.024,7.131,0.0694729695421467,0.109806277699284,-0.0528594212480824,2.77450742974952,2.5,bet365,0.4,0.3377483443708609,Miss Cut: DataGolf core; ARG weakness tag,Tier 1 - core,0.15,10.0,-0.062251655629139147,-0.1556291390728478,-0.043690761638687015,False,False,False,False
"MacIntyre, Robert",23323,0.2232,0.2339418107503006,0.7518796992481203,0.59355,0.6727148496240601,1.6847780304944824,1.4865139376049743,0.7899881977276836,1.2658416959600065,Make Cut: DG anchor + putting overlay,Tier 2 - candidate,0.40645,0.3272851503759398,2.4603272235207285,3.055439572651978,0.2481203007518797,0.2481203007518797,4.030303030303029,0.2263174045718401,4.418573118103116,Miss Cut: DataGolf core; ARG weakness tag,Tier 1 - core,0.010817795637554,92.4402746645068,0.018108897818777,55.221472339586846,0.0256872366142481,38.929839554844285,Winner: DG anchor + total SG overlay,Tier 4 - speculative,0.0623656812198073,16.034459665012047,0.0895472112508366,11.1672936100582,0.1276336082514279,7.834926973388393,Top 5: DG anchor + total SG overlay,Tier 3 - semi-core,0.1254651312477223,7.970341959197954,0.1693963556995261,5.903314719318941,0.2725257355946002,3.669378225209399,Top 10: DG anchor + putting overlay,Tier 2 - current-price / early value,0.2369573599539624,4.220168557728219,0.3027098438593952,3.303493494795257,0.2372337860294994,4.215251194767226,0.3030629744571565,3.299644246517379,0.3719229084812507,2.688729242529065,Top 20: DG anchor + OTT overlay,Tier 3 - experimental,0.207,0.205,0.136,0.445,0.993,0.009,1.457,0.0309596559582776,0.0983781863073039,0.0136346791955386,2.75123822961543,3.4,bet365,0.29411764705882354,0.2481203007518797,Miss Cut: DataGolf core; ARG weakness tag,Tier 1 - core,0.15,10.0,-0.045997346306943826,-0.15639097744360897,-0.23052082445574362,False,False,False,False
"McKibbin, Tom",22322,0.3198,0.3531341529603538,0.7462686567164178,0.6385,0.692384328358209,1.5661707126076745,1.4442845671727051,0.75352567681073,1.3270947902299275,Make Cut: DG anchor + putting overlay,Tier 2 - candidate,0.3615,0.307615671641791,2.76625172890733,3.25080966994578,0.2537313432835821,0.2537313432835821,3.941176470588234,0.2418449447493125,4.1348807230044144,Miss Cut: DataGolf core; ARG weakness tag,Tier 1 - core,0.0167292453987861,59.775559277321534,0.018414622699393,54.30466951858638,0.0200625975165352,49.8439944865472,Winner: DG anchor + total SG overlay,Tier 4 - speculative,0.0809612439503989,12.351588873963587,0.0900380068357093,11.106420889843566,0.1070950702854223,9.337497957047596,Top 5: DG anchor + total SG overlay,Tier 3 - semi-core,0.1563712143735585,6.395038907935311,0.1728690715927437,5.784724767631456,0.1863607300804127,5.365937338668454,Top 10: DG anchor + putting overlay,Tier 2 - current-price / early value,0.284153408656659,3.5192257757086924,0.3132901543967795,3.191929225881474,0.2835860081881502,3.526267062289378,0.3126645733726971,3.1983156556978933,0.3616158437130292,2.7653655595731563,Top 20: DG anchor + OTT overlay,Tier 3 - experimental,0.347,0.475,0.054,0.048,0.924,0.03,4.036,0.0934524970305383,0.154801553418495,0.081244127931876,2.6731943648195,3.25,bet365,0.3076923076923077,0.2537313432835821,Miss Cut: DataGolf core; ARG weakness tag,Tier 1 - core,0.15,10.0,-0.05396096440872561,-0.1753731343283581,-0.21400392956473435,False,False,False,False
"Olesen, Jacob Skov",25611,0.0879,0.090340503019409,0.6756756756756757,0.5264,0.6010378378378378,1.899696048632219,1.663788761781423,0.7125266105977512,1.40345635535083,Make Cut: DG anchor + putting overlay,Tier 2 - candidate,0.4736,0.3989621621621622,2.1114864864864864,2.506503360069369,0.3243243243243243,0.3243243243243243,3.083333333333333,0.3191697812198648,3.1331286946339554,Miss Cut: DataGolf core; ARG weakness tag,Tier 1 - core,0.00601343339694,166.29435033052107,0.0086400500318033,115.74007052263312,0.0101956482347457,98.0810613485169,Winner: DG anchor + total SG overlay,Tier 4 - speculative,0.0395102536151422,25.30988562464585,0.051349667752737,19.47432269309469,0.0592523849032574,16.87695780739831,Top 5: DG anchor + total SG overlay,Tier 3 - semi-core,0.0824381055813186,12.130312710953548,0.1057931004097068,9.452412266275232,0.1604306244948751,6.233223881964908,Top 10: DG anchor + putting overlay,Tier 2 - current-price / early value,0.170553730064322,5.863254938035442,0.2115992917489625,4.725913738815258,0.1701337479659647,5.877728622072384,0.2110782365100877,4.737579849698093,0.2492517229599319,4.012008375006311,Top 20: DG anchor + OTT overlay,Tier 3 - experimental,0.081,0.035,-0.004,0.35,0.462,0.013,-0.229,0.0452640620442892,-0.06,0.0045704840749007,2.74664751343997,2.5,bet365,0.4,0.3243243243243243,Miss Cut: DataGolf core; ARG weakness tag,Tier 1 - core,0.15,10.0,-0.07567567567567574,-0.18918918918918926,-0.20207554695033803,False,False,False,False
"Fitzpatrick, Alex",25362,0.34855,0.3620773395219882,0.7518796992481203,0.63615,0.6940148496240601,1.5719562996148708,1.4408913592291124,0.751257728026714,1.3311011157604238,Make Cut: DG anchor + putting overlay,Tier 2 - candidate,0.36385,0.3059851503759399,2.748385323622372,3.268132452739549,0.2481203007518797,0.2481203007518797,4.030303030303029,0.2249865147899497,4.444710834929875,Miss Cut: DataGolf core; ARG weakness tag,Tier 1 - core,0.0203069589831692,49.244202483927566,0.0222118128249179,45.021088908068094,0.0241191170382455,41.46088757786215,Winner: DG anchor + total SG overlay,Tier 4 - speculative,0.0910304396727873,10.985336373135636,0.0998917244660231,10.01083928969648,0.1174284592759246,8.51582321837566,Top 5: DG anchor + total SG overlay,Tier 3 - semi-core,0.1654248754225556,6.045040066952654,0.1841908302677953,5.429151921114089,0.1866822905623063,5.356694504807588,Top 10: DG anchor + putting overlay,Tier 2 - current-price / early value,0.2919382531044671,3.425381872248719,0.3244246394652466,3.082379937751686,0.2928907572792237,3.41424225635998,0.3254831366652486,3.0723557915950512,0.3723511927434117,2.685636623404354,Top 20: DG anchor + OTT overlay,Tier 3 - experimental,0.429,0.41,0.147,-0.046,0.939,0.041,2.31,0.1333681746957866,0.0159376959473421,-0.0030318137247882,2.74333066084251,3.25,bet365,0.3076923076923077,0.2481203007518797,Miss Cut: DataGolf core; ARG weakness tag,Tier 1 - core,0.15,10.0,-0.059572006940427996,-0.1936090225563909,-0.2687938269326635,False,False,False,False
"Wallace, Matt",20706,0.3104499999999999,0.3289152326047813,0.7518796992481203,0.62715,0.6895148496240602,1.594514868851152,1.4502950887065358,0.7639004304143244,1.3090711304582194,Make Cut: DG anchor + putting overlay,Tier 2 - candidate,0.37285,0.3104851503759398,2.682043717312592,3.220765948996871,0.2481203007518797,0.2481203007518797,4.030303030303029,0.2088778578089006,4.78748686189077,Miss Cut: DataGolf core; ARG weakness tag,Tier 1 - core,0.0165604958094153,60.38466550207119,0.0201052479047076,49.73825763003138,0.0237422557362065,42.118997078909175,Winner: DG anchor + total SG overlay,Tier 4 - speculative,0.0833586484603928,11.996355728765703,0.0959316357381329,10.424089950157066,0.1178227862904534,8.487322626497967,Top 5: DG anchor + total SG overlay,Tier 3 - semi-core,0.1528884655162308,6.540715786658469,0.1779431333713909,5.6197729075213445,0.2080835939154495,4.805760902064818,Top 10: DG anchor + putting overlay,Tier 2 - current-price / early value,0.2793497486231027,3.5797419003558684,0.3185740882920154,3.1389872458282526,0.2781544800905609,3.5951245497625,0.3172109885043996,3.152475911111541,0.3570639165158654,2.8006190313424377,Top 20: DG anchor + OTT overlay,Tier 3 - experimental,0.435,0.128,0.284,0.108,0.956,0.01,0.488,0.0344293211673718,0.143538245820222,0.0392269409851655,2.70523151618919,3.25,bet365,0.3076923076923077,0.2481203007518797,Miss Cut: DataGolf core; ARG weakness tag,Tier 1 - core,0.15,10.0,-0.059572006940427996,-0.1936090225563909,-0.3211469621210731,False,False,False,False
"Cauley, Bud",14502,0.24695,0.210713957995155,0.6666666666666666,0.58375,0.6252083333333334,1.7130620985010707,1.599466844385205,0.671176710897125,1.4899205883698718,Make Cut: DG anchor + putting overlay,Tier 2 - candidate,0.41625,0.3747916666666666,2.4024024024024024,2.668148971650917,0.3333333333333333,0.3333333333333333,3.0,0.2915645181034346,3.4297726160397985,Miss Cut: DataGolf core; ARG weakness tag,Tier 1 - core,0.0108718968919643,91.98026893900338,0.0110192817793155,90.75001620133848,0.0108432903309372,92.22292952415694,Winner: DG anchor + total SG overlay,Tier 4 - speculative,0.057301077318331,17.451678865383077,0.0591633077188095,16.90236801418852,0.0642055768710961,15.57497103417782,Top 5: DG anchor + total SG overlay,Tier 3 - semi-core,0.1146293010154704,8.72377298946488,0.1194485902948002,8.371802442640728,0.1190740317329728,8.398136734317776,Top 10: DG anchor + putting overlay,Tier 2 - current-price / early value,0.2266776433781945,4.411551069161132,0.2366646423730428,4.225388253914792,0.2264265610679526,4.416442997161852,0.2364024978391839,4.230073747698993,0.2529852700638722,3.952799306250226,Top 20: DG anchor + OTT overlay,Tier 3 - experimental,0.294,0.241,0.243,0.007,0.785,0.017,0.799,0.0490445070793825,-0.06,-0.190702463563916,2.74744220653486,2.38,bet365,0.42016806722689076,0.3333333333333333,Miss Cut: DataGolf core; ARG weakness tag,Tier 1 - core,0.15,10.0,-0.08683473389355745,-0.20666666666666678,-0.30607644691382574,False,False,False,False
"Smalley, Alex",18474,0.3706,0.342944740958689,0.6993006993006994,0.6265,0.6629003496503496,1.5961691939345573,1.508522360151802,0.7125298762685504,1.403449923022039,Make Cut: DG anchor + putting overlay,Tier 2 - candidate,0.3735,0.3370996503496504,2.6773761713520745,2.9664818666016664,0.3006993006993006,0.3006993006993006,3.3255813953488382,0.2898772578740139,3.449735958364208,Miss Cut: DataGolf core; ARG weakness tag,Tier 1 - core,0.0175752916488518,56.89806007090226,0.0155293124910925,64.39435104249384,0.0134362918303784,74.4252962516844,Winner: DG anchor + total SG overlay,Tier 4 - speculative,0.0812954534822607,12.300810896124805,0.0782117848820635,12.78579694233947,0.0818372041583788,12.219381273885018,Top 5: DG anchor + total SG overlay,Tier 3 - semi-core,0.15620786162882,6.401726453283078,0.1526736761847805,6.549917608518856,0.1535466572893365,6.512678410938272,Top 10: DG anchor + putting overlay,Tier 2 - current-price / early value,0.2797151604589772,3.575065428556416,0.2804916225066561,3.5651688669463555,0.2802370994927418,3.5684069019059343,0.2810150103923537,3.558528772551324,0.2863598188239156,3.4921100457006014,Top 20: DG anchor + OTT overlay,Tier 3 - experimental,0.55,0.216,0.037,0.104,0.907,0.031,1.068,0.0962665514052778,-0.06,-0.171409570909194,2.7543818297002,2.63,bet365,0.3802281368821293,0.3006993006993006,Miss Cut: DataGolf core; ARG weakness tag,Tier 1 - core,0.15,10.0,-0.07952883618282869,-0.20916083916083938,-0.23762281179134348,False,False,False,False
"Spaun, J.J.",17536,0.4138,0.379656135541919,0.7142857142857143,0.6456,0.6799428571428572,1.5489467162329618,1.470711824523069,0.7136054007329259,1.4013346857702107,Make Cut: DG anchor + putting overlay,Tier 2 - candidate,0.3544,0.3200571428571428,2.821670428893905,3.124442063917158,0.2857142857142857,0.2857142857142857,3.5,0.2563091801229433,3.9015379765965936,Miss Cut: DataGolf core; ARG weakness tag,Tier 1 - core,0.0173493094830108,57.63918160427309,0.0166329880748387,60.12148842412327,0.0163089574539805,61.31599783871705,Winner: DG anchor + total SG overlay,Tier 4 - speculative,0.0919858490290452,10.871237375699415,0.0867030204139935,11.533623571879676,0.0924033340793595,10.822120326753168,Top 5: DG anchor + total SG overlay,Tier 3 - semi-core,0.1715493542888052,5.829226254716698,0.1656815395181401,6.035675446451969,0.1469565859585417,6.80473075417057,Top 10: DG anchor + putting overlay,Tier 2 - current-price / early value,0.2987876508156882,3.3468585373927167,0.299756073229467,3.336045836290654,0.2980976476327941,3.354605472203628,0.2990638336270085,3.3437677430671764,0.3116925921522413,3.208289273399112,Top 20: DG anchor + OTT overlay,Tier 3 - experimental,0.579,0.329,0.177,-0.046,1.039,0.045,-0.125,0.1419612859879003,-0.06,-0.226699965284355,2.69534496694655,2.75,bet365,0.36363636363636365,0.2857142857142857,Miss Cut: DataGolf core; ARG weakness tag,Tier 1 - core,0.15,10.0,-0.07792207792207795,-0.2142857142857143,-0.2951497546619059,False,False,False,False
"Rahm, Jon",19195,0.5003000000000001,0.5137933933376548,0.8264462809917356,0.69415,0.7602981404958677,1.4406108189872504,1.315273504875072,0.8341651121959144,1.1988034327730757,Make Cut: DG anchor + putting overlay,Tier 2 - candidate,0.3058499999999999,0.2397018595041322,3.269576589831617,4.171849154898863,0.1735537190082644,0.1735537190082644,5.761904761904763,0.1560215715999306,6.409370125845115,Miss Cut: DataGolf core; ARG weakness tag,Tier 1 - core,0.0335147860441635,29.83757672456174,0.0459907263554151,21.7435139482692,0.0652635575588314,15.322486812009226,Winner: DG anchor + total SG overlay,Tier 4 - speculative,0.1320742816662049,7.571496792443876,0.1713630921618665,5.835562298650739,0.2506253314227429,3.990019661313674,Top 5: DG anchor + total SG overlay,Tier 3 - semi-core,0.2281321537112615,4.383424185201282,0.2830729305112343,3.532658520876524,0.335626235257575,2.979504862701076,Top 10: DG anchor + putting overlay,Tier 2 - current-price / early value,0.3751507284281598,2.665595250713999,0.4422580966899374,2.261123103193495,0.3747844674628883,2.668200223903413,0.4418263185668575,2.263332802906985,0.5443797210983589,1.83695307015178,Top 20: DG anchor + OTT overlay,Tier 3 - experimental,0.506,0.796,0.146,0.084,1.532,0.003,14.209,-0.0086133451615714,0.20622127430205,0.0202183206935469,2.75515578689421,4.5,bet365,0.2222222222222222,0.1735537190082644,Miss Cut: DataGolf core; ARG weakness tag,Tier 1 - core,0.15,10.0,-0.0486685032139578,-0.21900826446281008,-0.29790292780031236,False,False,False,False
"Fleetwood, Tommy",12294,0.49955,0.4980927098400713,0.8264462809917356,0.693,0.7597231404958678,1.443001443001443,1.3162689757578063,0.8480787827247183,1.1791357364078692,Make Cut: DG anchor + putting overlay,Tier 2 - candidate,0.307,0.2402768595041322,3.2573289902280127,4.161865616454847,0.1735537190082644,0.1735537190082644,5.761904761904763,0.1398033292961325,7.15290547825075,Miss Cut: DataGolf core; ARG weakness tag,Tier 1 - core,0.0305300219460019,32.754643994972746,0.0399650109730009,25.02188728724649,0.0567559322272675,17.619303582147207,Winner: DG anchor + total SG overlay,Tier 4 - speculative,0.12556074876782,7.964272352732971,0.1610949876294605,6.2075177801318695,0.2441041322335335,4.096612338554365,Top 5: DG anchor + total SG overlay,Tier 3 - semi-core,0.2184089543538913,4.578566858480008,0.2712455408817592,3.6866965508418,0.3672958988976726,2.722600505481267,Top 10: DG anchor + putting overlay,Tier 2 - current-price / early value,0.3657296856460638,2.734259862536162,0.4345411783162424,2.301277876298845,0.365364636583468,2.736991760754461,0.4341074458191842,2.303577166507582,0.51416631872856,1.944895967656572,Top 20: DG anchor + OTT overlay,Tier 3 - experimental,0.613,0.39,0.332,0.317,1.651,0.077,-2.239,0.2507894534625263,0.129293652159215,-0.16500459057071,2.68236694093217,4.5,bet365,0.2222222222222222,0.1735537190082644,Miss Cut: DataGolf core; ARG weakness tag,Tier 1 - core,0.15,10.0,-0.0486685032139578,-0.21900826446281008,-0.3708850181674037,False,False,False,False
"Fitzpatrick, Matt",17646,0.4062,0.3886227520295527,0.8064516129032259,0.65005,0.7282508064516129,1.5383432043688947,1.3731533025998,0.8381059198110213,1.1931666110000547,Make Cut: DG anchor + putting overlay,Tier 2 - candidate,0.34995,0.2717491935483871,2.8575510787255323,3.679863726336844,0.1935483870967741,0.1935483870967741,5.166666666666668,0.1488518971803289,6.71808703108792,Miss Cut: DataGolf core; ARG weakness tag,Tier 1 - core,0.0201924363244798,49.52349404156215,0.0283962181622399,35.21595707874077,0.0407630031254392,24.532049243838063,Winner: DG anchor + total SG overlay,Tier 4 - speculative,0.092604447492099,10.79861742153712,0.1259269835464345,7.941109775183795,0.1947375066700128,5.135117610879771,Top 5: DG anchor + total SG overlay,Tier 3 - semi-core,0.1700170562862631,5.88176281746855,0.223983048738277,4.464623575905042,0.3446764202999761,2.9012718628378686,Top 10: DG anchor + putting overlay,Tier 2 - current-price / early value,0.3049089239413045,3.2796678663052243,0.3783174586036487,2.643282717353175,0.3038740901158611,3.2908366738958232,0.3770334827269893,2.6522843349806733,0.443226282716507,2.256183892956574,Top 20: DG anchor + OTT overlay,Tier 3 - experimental,0.562,0.042,0.419,0.447,1.47,0.035,-1.072,0.1120391312960212,0.216273021428771,-0.19797406085744,2.67250056326136,4.0,bet365,0.25,0.1935483870967741,Miss Cut: DataGolf core; ARG weakness tag,Tier 1 - core,0.15,10.0,-0.056451612903225895,-0.22580645161290358,-0.4045924112786844,False,False,False,False
"Gerard, Ryan",29767,0.4001,0.3870700375516728,0.7751937984496123,0.65465,0.7149218992248061,1.5275337966852518,1.3987541871137332,0.8025332678238415,1.246054263534285,Make Cut: DG anchor + putting overlay,Tier 2 - candidate,0.34535,0.2850781007751939,2.895613146083683,3.507810657082276,0.2248062015503876,0.2248062015503876,4.448275862068964,0.2131887613546473,4.69067878459345,Miss Cut: DataGolf core; ARG weakness tag,Tier 1 - core,0.0199635683342463,50.0912453754352,0.0247984508337898,40.3250996081345,0.0320640620667997,31.187564380229784,Winner: DG anchor + total SG overlay,Tier 4 - speculative,0.09418043964184,10.617916032277112,0.1134312251119255,8.815914656773513,0.1586514376496563,6.303125989997395,Top 5: DG anchor + total SG overlay,Tier 3 - semi-core,0.172042043555045,5.812532677107204,0.204235493440119,4.896308585526031,0.2781131101270701,3.5956593327912487,Top 10: DG anchor + putting overlay,Tier 2 - current-price / early value,0.3076306434397936,3.250651459225355,0.3525749409201408,2.8362764449175724,0.3065510192239895,3.2620997396499405,0.3513375854998652,2.8462653620655214,0.4179896942066513,2.3924034823346783,Top 20: DG anchor + OTT overlay,Tier 3 - experimental,0.429,0.501,0.06,0.329,1.318,0.035,4.188,0.1042981273903518,0.0056324152607613,-0.118706979752002,2.7359915551949,3.4,bet365,0.29411764705882354,0.2248062015503876,Miss Cut: DataGolf core; ARG weakness tag,Tier 1 - core,0.15,10.0,-0.06931144550843593,-0.23565891472868217,-0.27515821139419927,False,False,False,False
"Aberg, Ludvig",23950,0.6077000000000001,0.5820563089702642,0.8333333333333334,0.71755,0.7754416666666667,1.3936311058462825,1.2895876543475224,0.855036345738743,1.1695409265158312,Make Cut: DG anchor + putting overlay,Tier 2 - candidate,0.28245,0.2245583333333333,3.5404496371039125,4.45318588340075,0.1666666666666666,0.1666666666666666,6.000000000000002,0.14873724621664,6.723265526534431,Miss Cut: DataGolf core; ARG weakness tag,Tier 1 - core,0.047597180052422,21.00964802743841,0.0571819233595443,17.48804414486501,0.0789062600880356,12.673265706476272,Winner: DG anchor + total SG overlay,Tier 4 - speculative,0.1650995627389558,6.0569512323974575,0.1967690604700069,5.082099785461078,0.2878436047855771,3.474108798578063,Top 5: DG anchor + total SG overlay,Tier 3 - semi-core,0.2671957603770684,3.742574352934319,0.3120764675502466,3.204342858177836,0.4030074711922414,2.481343576687647,Top 10: DG anchor + putting overlay,Tier 2 - current-price / early value,0.4142223243521138,2.4141624948971603,0.4700230617579564,2.1275551805050816,0.4139421080269581,2.4157967517884766,0.4697050969179147,2.12899541981074,0.54896142273543,1.8216216269206704,Top 20: DG anchor + OTT overlay,Tier 3 - experimental,0.738,0.612,0.157,0.331,1.839,0.005,11.509,-0.0055274475662181,0.0854974130992212,-0.146829084640376,2.80191387798782,4.5,bet365,0.2222222222222222,0.1666666666666666,Miss Cut: DataGolf core; ARG weakness tag,Tier 1 - core,0.15,10.0,-0.05555555555555561,-0.2500000000000002,-0.33068239202512006,False,False,False,False
"Niemann, Joaquin",18079,0.6007,0.6178995280860311,0.8130081300813008,0.7205,0.7667540650406504,1.3879250520471893,1.3041991501499035,0.8164196752022842,1.2248602408463884,Make Cut: DG anchor + putting overlay,Tier 2 - candidate,0.2794999999999999,0.2332459349593496,3.577817531305904,4.287320163475865,0.1869918699186992,0.1869918699186992,5.3478260869565215,0.178704658177699,5.595825034429865,Miss Cut: DataGolf core; ARG weakness tag,Tier 1 - core,0.0555761779510606,17.993320823187627,0.0561714223088636,17.80264694921573,0.062599895558481,15.974467546288428,Winner: DG anchor + total SG overlay,Tier 4 - speculative,0.1840824356274712,5.432348809332935,0.1923068163587091,5.200023685768393,0.2367306394487193,4.224210276830771,Top 5: DG anchor + total SG overlay,Tier 3 - semi-core,0.2926888813377543,3.416597157464378,0.3078426567352181,3.2484127138368635,0.3078912010213797,3.247900546305514,Top 10: DG anchor + putting overlay,Tier 2 - current-price / early value,0.4341428173237365,2.303389484051532,0.4621730835147932,2.16369155986989,0.4348344498478242,2.2997257929999857,0.4629093710302408,2.160250067468762,0.5147747967231889,1.9425970470301257,Top 20: DG anchor + OTT overlay,Tier 3 - experimental,0.806,0.608,0.042,0.012,1.468,-0.007,12.42,-0.0399707235146307,0.0119792621311136,0.102988186654692,2.81714080048681,4.0,bet365,0.25,0.1869918699186992,Miss Cut: DataGolf core; ARG weakness tag,Tier 1 - core,0.15,10.0,-0.0630081300813008,-0.2520325203252032,-0.28518136728920396,False,False,False,False
"Chacarra, Eugenio",26745,0.388,0.3889594506479611,0.7194244604316548,0.6504,0.6849122302158274,1.5375153751537516,1.4600410912284092,0.7160322598439849,1.3965851206451068,Make Cut: DG anchor + putting overlay,Tier 2 - candidate,0.3496,0.3150877697841726,2.860411899313501,3.1737188678728323,0.2805755395683452,0.2805755395683452,3.564102564102565,0.2816792609392542,3.550137119309099,Miss Cut: DataGolf core; ARG weakness tag,Tier 1 - core,0.0207656343814702,48.15648689704029,0.0182578171907351,54.77105995493524,0.0155083651640078,64.48132923261437,Winner: DG anchor + total SG overlay,Tier 4 - speculative,0.0931108013717124,10.7398925287717,0.0885489425028355,11.293189638803174,0.0894377238076361,11.180964333918135,Top 5: DG anchor + total SG overlay,Tier 3 - semi-core,0.1751094525779777,5.710713986469073,0.1708037333236208,5.854672966107279,0.1497133936194808,6.679429113347407,Top 10: DG anchor + putting overlay,Tier 2 - current-price / early value,0.3074212554198233,3.252865513916308,0.3083674175173266,3.242884764061728,0.3066604659845478,3.260935500079716,0.3076042865714525,3.250929989129761,0.3273641029614703,3.0547026718983195,Top 20: DG anchor + OTT overlay,Tier 3 - experimental,0.519,0.459,-0.046,-0.076,0.855,0.004,7.708,0.0016888249873147,0.0394298955838771,-0.0059046331498213,2.71166847243537,2.63,bet365,0.3802281368821293,0.2805755395683452,Miss Cut: DataGolf core; ARG weakness tag,Tier 1 - core,0.15,10.0,-0.09965259731378412,-0.26208633093525224,-0.25918354372976143,False,False,False,False
"Jordan, Matthew",25601,0.11845,0.1378666395865999,0.5847953216374269,0.55375,0.5692726608187134,1.8058690744920995,1.7566274806905806,0.5519636697808268,1.8117134419319283,Make Cut: DG anchor + putting overlay,Tier 2 - candidate,0.44625,0.4307273391812866,2.2408963585434174,2.321654348434835,0.4152046783625731,0.4152046783625731,2.408450704225352,0.381022934679005,2.624513930749223,Miss Cut: DataGolf core; ARG weakness tag,Tier 1 - core,0.0076733019354736,130.32199285382026,0.0063283176344034,158.01988107606488,0.0042107615408901,237.4867325753612,Winner: DG anchor + total SG overlay,Tier 4 - speculative,0.0481303501043592,20.776910989256,0.0404446591791637,24.725143450217992,0.0275931730024683,36.240848412415154,Top 5: DG anchor + total SG overlay,Tier 3 - semi-core,0.0981141693048334,10.192207782884797,0.0862246011868082,11.597618153471872,0.0535257515606959,18.68259614937013,Top 10: DG anchor + putting overlay,Tier 2 - current-price / early value,0.1984543771300527,5.038941516239131,0.1806402710612338,5.535864146600055,0.1987998627056826,5.030184560441426,0.1809547443872046,5.526243610724088,0.1642200143868685,6.089391745175506,Top 20: DG anchor + OTT overlay,Tier 3 - experimental,0.189,0.126,0.168,-0.338,0.145,0.001,0.348,0.0036051086081628,0.100686789978687,0.0701089461342466,2.77167906025925,,,,0.4152046783625731,Miss Cut: DataGolf core; ARG weakness tag,Tier 1 - core,0.15,10.0,,,,False,False,False,False
"Coussaud, Ugo",20727,0.0688,0.0711317938174935,0.5586592178770949,0.52445,0.5415546089385475,1.906759462293832,1.8465358497456243,0.5485553311979928,1.8229701602135464,Make Cut: DG anchor + putting overlay,Tier 2 - candidate,0.47555,0.4584453910614525,2.102828304068973,2.181284880375108,0.441340782122905,0.441340782122905,2.2658227848101262,0.4567380048717289,2.18943899858047,Miss Cut: DataGolf core; ARG weakness tag,Tier 1 - core,0.0063733331846686,156.9037693503212,0.0053116665923343,188.26482848964497,0.0034495373697768,289.8939460002668,Winner: DG anchor + total SG overlay,Tier 4 - speculative,0.0384550927054588,26.00435806147584,0.0335014683104013,29.84943796297801,0.0224713374336134,44.50113407598806,Top 5: DG anchor + total SG overlay,Tier 3 - semi-core,0.081545630884358,12.26307270119874,0.0723599715268351,13.819795377187845,0.0540995250989935,18.484450615234767,Top 10: DG anchor + putting overlay,Tier 2 - current-price / early value,0.1711712330292247,5.842103151931294,0.1573568620514829,6.354981835319181,0.1704826221610895,5.865700487965846,0.1567238255098474,6.380650783292468,0.1437488702055993,6.9565764139205575,Top 20: DG anchor + OTT overlay,Tier 3 - experimental,0.132,0.088,-0.128,-0.13,-0.038,-0.041,4.851,-0.1381893373343791,0.13948292854921,0.0458829056173545,2.7979512455289,,,,0.441340782122905,Miss Cut: DataGolf core; ARG weakness tag,Tier 1 - core,0.15,10.0,,,,False,False,False,False
"Bradbury, Dan",29971,0.0516499999999999,0.0629242234487245,0.4901960784313725,0.51675,0.5034730392156863,1.935171746492501,1.9862036735031663,0.4468659998462859,2.237807307658185,Make Cut: DG anchor + putting overlay,Tier 2 - candidate,0.4832499999999999,0.4965269607843137,2.0693222969477496,2.013989327831062,0.5098039215686274,0.5098039215686274,1.9615384615384617,0.556114120993625,1.7981920657099506,Miss Cut: DataGolf core; ARG weakness tag,Tier 1 - core,0.0072549495671513,137.836933357573,0.0047691414502423,209.68134630378475,0.0017066410636019,585.9462902465635,Winner: DG anchor + total SG overlay,Tier 4 - speculative,0.039087935566508,25.583341394392686,0.0276012660636773,36.23022210984656,0.0110161268898758,90.77600594080248,Top 5: DG anchor + total SG overlay,Tier 3 - semi-core,0.0829633466674617,12.053515680945894,0.0622530940889016,16.06345860612057,0.0274537916084048,36.42484121187307,Top 10: DG anchor + putting overlay,Tier 2 - current-price / early value,0.1697819429469566,5.889907858531343,0.1359885833292153,7.353558479090086,0.1698979202270295,5.885887235486639,0.1360814765176294,7.348538725404332,0.1045722202780875,9.562769130661216,Top 20: DG anchor + OTT overlay,Tier 3 - experimental,0.148,0.175,-0.307,-0.428,-0.412,0.051,-1.711,0.1678891087711349,0.18077070142815,-0.072766112498982,2.80995551421209,,,,0.5098039215686274,Miss Cut: DataGolf core; ARG weakness tag,Tier 1 - core,0.15,10.0,,,,False,False,False,False
"Manassero, Matteo",11460,0.02705,0.0653780213641065,0.4854368932038835,0.52565,0.5055434466019417,1.9024065442785123,1.9780693562968623,0.4529955673711434,2.2075271195329176,Make Cut: DG anchor + putting overlay,Tier 2 - candidate,0.47435,0.4944565533980583,2.1081479919890374,2.0224223809507444,0.5145631067961165,0.5145631067961165,1.9433962264150944,0.4771724498764904,2.0956784077933173,Miss Cut: DataGolf core; ARG weakness tag,Tier 1 - core,0.0055026955035763,181.7291179114065,0.0034430144184548,290.44316359522537,0.0010264182049857,974.261753291743,Winner: DG anchor + total SG overlay,Tier 4 - speculative,0.0368763807012624,27.117628709310008,0.0250076624526033,39.98774383232684,0.0088682874571333,112.76134257416676,Top 5: DG anchor + total SG overlay,Tier 3 - semi-core,0.0791858794393193,12.628514162885647,0.0573706239798439,17.430523334578528,0.0255439181676257,39.14826196348362,Top 10: DG anchor + putting overlay,Tier 2 - current-price / early value,0.1641767199000726,6.090997558049992,0.1282012601285615,7.8002353408787855,0.1639584227857327,6.099107218827293,0.1280307976832292,7.810620710761924,0.0775851812734586,12.88905927119478,Top 20: DG anchor + OTT overlay,Tier 3 - experimental,0.385,-0.678,0.178,-0.33,-0.445,0.005,-15.189,0.0439351908127128,0.334114245148992,0.0861439501269281,2.70642471411589,,,,0.5145631067961165,Miss Cut: DataGolf core; ARG weakness tag,Tier 1 - core,0.15,10.0,,,,False,False,False,False
"Lawrence, Thriston",18105,0.0203499999999999,0.0491825178187621,0.5102040816326531,0.50795,0.5090770408163265,1.968697706467172,1.964339225348796,0.4856806803887697,2.058965983986714,Make Cut: DG anchor + putting overlay,Tier 2 - candidate,0.49205,0.4909229591836734,2.03231378924906,2.036979491981472,0.4897959183673469,0.4897959183673469,2.0416666666666665,0.5169463314576581,1.934436786078456,Miss Cut: DataGolf core; ARG weakness tag,Tier 1 - core,0.0068387798962503,146.22491367916365,0.0047193899481251,211.8917934292048,0.0019775181867526,505.6843505657761,Winner: DG anchor + total SG overlay,Tier 4 - speculative,0.0372443069930445,26.84974109430339,0.0284881587875275,35.10230364335832,0.0139017860222449,71.9332032876817,Top 5: DG anchor + total SG overlay,Tier 3 - semi-core,0.0777195887020303,12.866769069428646,0.0626950583925292,15.950220410340354,0.0365376187697096,27.369052326667138,Top 10: DG anchor + putting overlay,Tier 2 - current-price / early value,0.1636113615880221,6.112044972268045,0.1384763024640075,7.221452206668484,0.1629316043771498,6.137544669880165,0.1379009740502519,7.251580395912172,0.1115253808330889,8.966568798331384,Top 20: DG anchor + OTT overlay,Tier 3 - experimental,0.118,0.003,-0.195,-0.258,-0.333,0.011,-3.305,0.0420836980828293,0.0395021109083208,0.113245212325316,2.80645359578588,,,,0.4897959183673469,Miss Cut: DataGolf core; ARG weakness tag,Tier 1 - core,0.15,10.0,,,,False,False,False,False
"Kobori, Kazuma",24369,0.00885,0.0652619766036761,0.5714285714285714,0.52145,0.5464392857142857,1.9177294083804777,1.8300294765462115,0.5802245170328755,1.7234707783699876,Make Cut: DG anchor + putting overlay,Tier 2 - candidate,0.47855,0.4535607142857143,2.0896458050360462,2.204776490783247,0.4285714285714286,0.4285714285714286,2.333333333333333,0.4243183516187523,2.3567210708305506,Miss Cut: DataGolf core; ARG weakness tag,Tier 1 - core,0.0052489104123191,190.5157302081216,0.0042161218728262,237.184794501602,0.0025646417856625,389.9180016446805,Winner: DG anchor + total SG overlay,Tier 4 - speculative,0.0337341214547257,29.64357620346183,0.0290200104628126,34.45898137360904,0.0188975576623298,52.91689105377822,Top 5: DG anchor + total SG overlay,Tier 3 - semi-core,0.0746872786101382,13.389161027273754,0.0665510503199801,15.026058870475518,0.0577990009022778,17.301337123296037,Top 10: DG anchor + putting overlay,Tier 2 - current-price / early value,0.1629432842225193,6.137104728013065,0.1513267713570141,6.60821605478368,0.1623831946621851,6.158272733088891,0.1508066115649702,6.63100900963604,0.1313026236471234,7.615994046604171,Top 20: DG anchor + OTT overlay,Tier 3 - experimental,0.104,-0.205,-0.013,0.042,-0.072,0.11,-21.131,0.3972591037149306,0.0158910849717776,0.0794575599179708,2.65659223133023,,,,0.4285714285714286,Miss Cut: DataGolf core; ARG weakness tag,Tier 1 - core,0.15,10.0,,,,False,False,False,False
"Girrbach, Joel",15592,0.0045,0.0516629142088344,0.4784688995215311,0.513,0.4957344497607656,1.949317738791423,2.0172090127740483,0.4426674604975146,2.2590320934728263,Make Cut: DG anchor + putting overlay,Tier 2 - candidate,0.487,0.5042655502392344,2.053388090349076,1.983082127116513,0.5215311004784688,0.5215311004784688,1.9174311926605507,0.5403059540031458,1.850803221010179,Miss Cut: DataGolf core; ARG weakness tag,Tier 1 - core,0.0054518516770721,183.4239189238241,0.003475925838536,287.69313456387164,0.00112212223771,891.1685076669737,Winner: DG anchor + total SG overlay,Tier 4 - speculative,0.0331603284694792,30.15651672209458,0.0232356900283904,43.03724136352975,0.0091125049682463,109.73930916741654,Top 5: DG anchor + total SG overlay,Tier 3 - semi-core,0.0741651624079639,13.483419540015989,0.0539895581159588,18.52210010410158,0.0236361501831211,42.30807437981643,Top 10: DG anchor + putting overlay,Tier 2 - current-price / early value,0.1563696006945782,6.395104902475286,0.1219295920833308,8.201454486262579,0.1564894910067278,6.390205460870263,0.1220230768578024,8.195171157381429,0.0860626345538353,11.619444433512708,Top 20: DG anchor + OTT overlay,Tier 3 - experimental,0.101,-0.001,-0.147,-0.361,-0.408,0.083,-9.669,0.2895388194001358,-0.06,0.106045161344104,2.76638724144581,,,,0.5215311004784688,Miss Cut: DataGolf core; ARG weakness tag,Tier 1 - core,0.15,10.0,,,,False,False,False,False
"Stone, Brandon",15229,-0.0351,-0.0164723864944306,0.4807692307692307,0.49395,0.4873596153846153,2.024496406518878,2.0518729259313333,0.4552334688697946,2.1966750434292406,Make Cut: DG anchor + putting overlay,Tier 2 - candidate,0.50605,0.5126403846153846,1.9760893192372293,1.950685178168832,0.5192307692307693,0.5192307692307693,1.9259259259259256,0.544377324938049,1.8369611557825287,Miss Cut: DataGolf core; ARG weakness tag,Tier 1 - core,0.0035064174931601,285.19136752844554,0.00260320874658,384.1413030413866,0.0012887096753655,775.9699636897262,Winner: DG anchor + total SG overlay,Tier 4 - speculative,0.0288036977407659,34.71776467730034,0.021489500986785,46.534351850000974,0.0099293672197863,100.71135228106834,Top 5: DG anchor + total SG overlay,Tier 3 - semi-core,0.0654257880125278,15.284493016859315,0.0504975658159357,19.802934732438644,0.0269682691063519,37.08061485356758,Top 10: DG anchor + putting overlay,Tier 2 - current-price / early value,0.1435026718255428,6.968511368315892,0.1171115262085867,8.538869164926647,0.1444639993409395,6.922139803425827,0.1178960588662872,8.48204774286949,0.092522973859411,10.80812643916422,Top 20: DG anchor + OTT overlay,Tier 3 - experimental,-0.053,0.157,-0.184,-0.268,-0.348,-0.01,5.197,-0.0400478752907701,0.116240528385332,0.0841018730768986,2.77232416254526,,,,0.5192307692307693,Miss Cut: DataGolf core; ARG weakness tag,Tier 1 - core,0.15,10.0,,,,False,False,False,False
"Du Plessis, Hennie",19421,-0.0102,-0.0235063881183319,0.5076142131979695,0.4803,0.4939571065989847,2.0820320632937745,2.0244672799329564,0.4786281638144603,2.089304549131482,Make Cut: DG anchor + putting overlay,Tier 2 - candidate,0.5197,0.5060428934010153,1.924187030979411,1.9761170703913964,0.4923857868020305,0.4923857868020305,2.0309278350515463,0.4953086529540381,2.01894312573779,Miss Cut: DataGolf core; ARG weakness tag,Tier 1 - core,0.0040470687704014,247.09241595141395,0.003531867718534,283.1363119157469,0.0023404359942556,427.27081725558673,Winner: DG anchor + total SG overlay,Tier 4 - speculative,0.0289068888401552,34.59383005655305,0.0244115264306596,40.96425526033684,0.0145189483101689,68.87551209887636,Top 5: DG anchor + total SG overlay,Tier 3 - semi-core,0.0645967732187972,15.480649422113949,0.056502482027869,17.69833756164489,0.0358546804909278,27.89036148998804,Top 10: DG anchor + putting overlay,Tier 2 - current-price / early value,0.1377207725283971,7.261068767195644,0.125600186741499,7.961771601965256,0.1382160057712501,7.235052079677494,0.1260518352956059,7.933244269350665,0.1145648867340025,8.728677944070295,Top 20: DG anchor + OTT overlay,Tier 3 - experimental,-0.008,0.118,-0.055,-0.298,-0.243,-0.015,6.717,-0.0581546937349747,0.0857801504535152,-0.058899631337551,2.8067751395421,,,,0.4923857868020305,Miss Cut: DataGolf core; ARG weakness tag,Tier 1 - core,0.15,10.0,,,,False,False,False,False
"Waring, Paul",12426,-0.06265,-0.0334528754020481,0.4901960784313725,0.4791,0.4846480392156863,2.087246921310791,2.063353029588887,0.4618284388898415,2.165306238835861,Make Cut: DG anchor + putting overlay,Tier 2 - candidate,0.5208999999999999,0.5153519607843138,1.9197542714532545,1.940421451929863,0.5098039215686274,0.5098039215686274,1.9615384615384617,0.521543615150625,1.9173851830420623,Miss Cut: DataGolf core; ARG weakness tag,Tier 1 - core,0.0045443714621334,220.052433726562,0.0034555190644,289.3921235458813,0.001754929825175,569.8233545607684,Winner: DG anchor + total SG overlay,Tier 4 - speculative,0.0285458399507473,35.0313741590854,0.0235316501341038,42.49595732985696,0.0124877978899379,80.07816981132831,Top 5: DG anchor + total SG overlay,Tier 3 - semi-core,0.0650630204275776,15.369713754883408,0.0542214287443323,18.442892840674688,0.0322353645838877,31.02182999660664,Top 10: DG anchor + putting overlay,Tier 2 - current-price / early value,0.1369026609205342,7.30445992266326,0.1197468072519941,8.35095334020563,0.1367904923055592,7.310449601761976,0.1196486949623803,8.357801147053193,0.100585666375633,9.941774370371432,Top 20: DG anchor + OTT overlay,Tier 3 - experimental,-0.035,-0.014,-0.106,-0.293,-0.448,-0.016,-0.032,-0.0485210354188843,0.182037030142986,0.124736883163455,2.8272811814917,,,,0.5098039215686274,Miss Cut: DataGolf core; ARG weakness tag,Tier 1 - core,0.15,10.0,,,,False,False,False,False
"Bryant, Davis",32550,-0.0416,-0.0259135954205169,0.5263157894736842,0.47795,0.5021328947368421,2.092269065801862,1.9915046603829447,0.5413959506970929,1.84707698443702,Make Cut: DG anchor + putting overlay,Tier 2 - candidate,0.52205,0.4978671052631579,1.9155253328225263,2.008568128780931,0.4736842105263158,0.4736842105263158,2.111111111111111,0.4857617197173403,2.058622487959507,Miss Cut: DataGolf core; ARG weakness tag,Tier 1 - core,0.0045443714621334,220.052433726562,0.0034138523977333,292.9242051191052,0.001768383642263,565.4881531929783,Winner: DG anchor + total SG overlay,Tier 4 - speculative,0.0280821313359633,35.60983274511477,0.0232767865674525,42.96125657646744,0.0134253778962906,74.48579903857278,Top 5: DG anchor + total SG overlay,Tier 3 - semi-core,0.0593777976932296,16.84131171665233,0.0533341706118865,18.74970564887964,0.0490661950955338,20.38063065727757,Top 10: DG anchor + putting overlay,Tier 2 - current-price / early value,0.1368004069636362,7.309919774330905,0.1265516347126241,7.901912940680845,0.1373074793463603,7.28292446092819,0.12702071839721,7.87273141435771,0.1068058462282038,9.362783361721386,Top 20: DG anchor + OTT overlay,Tier 3 - experimental,0.065,-0.305,-0.108,0.097,-0.251,0.041,-9.971,0.1522401367231272,-0.06,0.0173119545358514,2.73182982617715,,,,0.4736842105263158,Miss Cut: DataGolf core; ARG weakness tag,Tier 1 - core,0.15,10.0,,,,False,False,False,False
"LaCroix, Frederic",23733,-0.0547,-0.0389719639908695,0.4830917874396135,0.47845,0.4807708937198067,2.0900825582610514,2.0799928054355137,0.4543251320154853,2.2010668781711065,Make Cut: DG anchor + putting overlay,Tier 2 - candidate,0.52155,0.5192291062801933,1.9173617102866456,1.9259320941464453,0.5169082125603864,0.5169082125603864,1.9345794392523368,0.5270819507294427,1.897238178268244,Miss Cut: DataGolf core; ARG weakness tag,Tier 1 - core,0.0046444470162489,215.3108855589125,0.0033138901747911,301.76015113809177,0.0014899484700397,671.164151048324,Winner: DG anchor + total SG overlay,Tier 4 - speculative,0.0290101072334092,34.47074469439938,0.022615914006315,44.21665203187322,0.0111870362702881,89.38918010446793,Top 5: DG anchor + total SG overlay,Tier 3 - semi-core,0.0629405559698576,15.888007097981486,0.0508289850648859,19.673814039832703,0.0286437797003173,34.91159373736284,Top 10: DG anchor + putting overlay,Tier 2 - current-price / early value,0.1347046936884055,7.423646293373913,0.1151401520482579,8.685067565143362,0.1357149522536088,7.368384863970715,0.1160036804199911,8.620416148690294,0.0953595194439061,10.486630027411538,Top 20: DG anchor + OTT overlay,Tier 3 - experimental,-0.056,0.062,-0.097,-0.297,-0.389,0.025,-0.937,0.0835019849669334,0.0227571864586258,0.031199890947529,2.81021288557243,,,,0.5169082125603864,Miss Cut: DataGolf core; ARG weakness tag,Tier 1 - core,0.15,10.0,,,,False,False,False,False
"Hidalgo, Angel",24127,-0.1007,-0.0533864574597056,0.5208333333333334,0.4799,0.5003666666666666,2.083767451552407,1.9985344081007264,0.520559879319535,1.9210085904184149,Make Cut: DG anchor + putting overlay,Tier 2 - candidate,0.5201,0.4996333333333334,1.9227071716977504,2.001467743011541,0.4791666666666666,0.4791666666666666,2.0869565217391304,0.517038966353853,1.9340902041716064,Miss Cut: DataGolf core; ARG weakness tag,Tier 1 - core,0.0037021987129387,270.10975842682967,0.003117766023136,320.74247797278474,0.0019048267959352,524.9821149796503,Winner: DG anchor + total SG overlay,Tier 4 - speculative,0.0264893000454134,37.75109188561386,0.0230844780650347,43.31915138747117,0.013593826651993,73.56280358727307,Top 5: DG anchor + total SG overlay,Tier 3 - semi-core,0.0593262506672599,16.855944691476438,0.0540314899319945,18.507725795802155,0.0449736651577164,22.2352346977534,Top 10: DG anchor + putting overlay,Tier 2 - current-price / early value,0.1322013071088543,7.564221730248109,0.1242942361061346,8.045425365872166,0.1325658360072044,7.54342166971024,0.1246369622254893,8.023302093891141,0.1163643941098681,8.593694038881234,Top 20: DG anchor + OTT overlay,Tier 3 - experimental,-0.163,0.075,-0.257,-0.041,-0.385,0.051,-5.277,0.1777969037105594,0.092083189170005,0.124648463553691,2.79148603496262,,,,0.4791666666666666,Miss Cut: DataGolf core; ARG weakness tag,Tier 1 - core,0.15,10.0,,,,False,False,False,False
"Helligkilde, Marcus",20190,-0.0888,-0.0748204234650372,0.4651162790697674,0.4638,0.4644581395348837,2.1561017680034498,2.1530465608836504,0.4387167590607386,2.279374971088246,Make Cut: DG anchor + putting overlay,Tier 2 - candidate,0.5362,0.5355418604651163,1.864975755315181,1.8672676663062404,0.5348837209302326,0.5348837209302326,1.869565217391304,0.5369308865365371,1.8624370940000896,Miss Cut: DataGolf core; ARG weakness tag,Tier 1 - core,0.0042950654848344,232.825320948175,0.0032808660757505,304.7975677493169,0.0016393629984687,609.99302834947,Winner: DG anchor + total SG overlay,Tier 4 - speculative,0.0264893000454134,37.75109188561386,0.0210705924830241,47.45951025371799,0.0101083631012938,98.92798566683868,Top 5: DG anchor + total SG overlay,Tier 3 - semi-core,0.0582958451244025,17.15388117053648,0.0478509872290159,20.898210421740657,0.0281501504504892,35.52378882517202,Top 10: DG anchor + putting overlay,Tier 2 - current-price / early value,0.127913011792081,7.817812949518158,0.1101111680625776,9.081730923349086,0.1275478652448675,7.840193938802432,0.1097968395023757,9.107730281966468,0.0859030845472851,11.64102552626678,Top 20: DG anchor + OTT overlay,Tier 3 - experimental,0.008,-0.242,-0.05,-0.277,-0.561,-0.051,2.69,-0.1712507225133765,0.0814721047890476,0.13515521773424,2.83906099794239,,,,0.5348837209302326,Miss Cut: DataGolf core; ARG weakness tag,Tier 1 - core,0.15,10.0,,,,False,False,False,False
"Winther, Jeff",15680,-0.11745,-0.0694323196133017,0.4854368932038835,0.4683,0.4768684466019417,2.135383301302584,2.097014401195502,0.5088538689653022,1.9652007403095688,Make Cut: DG anchor + putting overlay,Tier 2 - candidate,0.5317000000000001,0.5231315533980583,1.880759826970096,1.9115650614159871,0.5145631067961165,0.5145631067961165,1.9433962264150944,0.5256041661652407,1.902572438296879,Miss Cut: DataGolf core; ARG weakness tag,Tier 1 - core,0.0039976321687244,250.148077110126,0.0028238160843622,354.1307118185986,0.0012278123220252,814.4567227917671,Winner: DG anchor + total SG overlay,Tier 4 - speculative,0.0231221310736696,43.24860873826418,0.0187705099812792,53.27505757687708,0.009781280781355,102.2360999907278,Top 5: DG anchor + total SG overlay,Tier 3 - semi-core,0.0531083777779555,18.82942092829439,0.0446939932512821,22.37437130259812,0.0401616334301323,24.899385672140586,Top 10: DG anchor + putting overlay,Tier 2 - current-price / early value,0.1224056560424643,8.169557129395107,0.1082886797389588,9.234575603014129,0.1222493589583239,8.180001993637532,0.1081504083106946,9.246382104515028,0.0825038309675413,12.120649287103038,Top 20: DG anchor + OTT overlay,Tier 3 - experimental,0.003,-0.504,-0.102,0.171,-0.432,0.026,-14.353,0.1114940171116573,0.0894181720104347,0.161986850375054,2.72712134164918,,,,0.5145631067961165,Miss Cut: DataGolf core; ARG weakness tag,Tier 1 - core,0.15,10.0,,,,False,False,False,False
"Dean, Joe",16497,-0.0863,-0.0670986847025851,0.5714285714285714,0.46625,0.5188392857142857,2.1447721179624666,1.9273791085871623,0.5822921166034903,1.717351088029492,Make Cut: DG anchor + putting overlay,Tier 2 - candidate,0.53375,0.4811607142857143,1.873536299765808,2.07830766375951,0.4285714285714286,0.4285714285714286,2.333333333333333,0.4019939493216591,2.4875996310079804,Miss Cut: DataGolf core; ARG weakness tag,Tier 1 - core,0.0041461063133429,241.19014912420567,0.0041813864900047,239.1551229216452,0.0034520136139652,289.68599543016705,Winner: DG anchor + total SG overlay,Tier 4 - speculative,0.0240370594705122,41.602426504238615,0.027603086613563,36.22783256089341,0.0248877072938263,40.1804789888405,Top 5: DG anchor + total SG overlay,Tier 3 - semi-core,0.0554162415736711,18.04525120438897,0.0634825919869317,15.752349875787289,0.0718432936321081,13.919183676638688,Top 10: DG anchor + putting overlay,Tier 2 - current-price / early value,0.1222018164847336,8.183184413833384,0.1404653481311818,7.119193547052553,0.1226215987599925,8.155170134074844,0.1409478684825949,7.094821729237329,0.1565106278976573,6.389342458289173,Top 20: DG anchor + OTT overlay,Tier 3 - experimental,-0.198,0.018,0.12,0.061,0.001,0.002,1.178,0.0060736102707344,0.0135222712371339,0.0895892035424238,2.79043597363771,,,,0.4285714285714286,Miss Cut: DataGolf core; ARG weakness tag,Tier 1 - core,0.15,10.0,,,,False,False,False,False
"Elvira, Manuel",26008,-0.08305,-0.0909869086921893,0.4807692307692307,0.45905,0.4699096153846154,2.1784119376974185,2.128068818471637,0.469569685661926,2.129609364774807,Make Cut: DG anchor + putting overlay,Tier 2 - candidate,0.54095,0.5300903846153846,1.848599685738053,1.886470739750478,0.5192307692307693,0.5192307692307693,1.9259259259259256,0.5459225845849234,1.8317615505142024,Miss Cut: DataGolf core; ARG weakness tag,Tier 1 - core,0.0038496577459732,259.7633519618734,0.0027914955396532,358.23091450262854,0.0012912511398529,774.4426851881852,Winner: DG anchor + total SG overlay,Tier 4 - speculative,0.0232236593540736,43.05953617187337,0.0188768660526982,52.97489515517654,0.0098755900019205,101.25977281413348,Top 5: DG anchor + total SG overlay,Tier 3 - semi-core,0.0535695043289428,18.66733718235496,0.0449347290163232,22.2545016269428,0.030779438926512,32.48922120989813,Top 10: DG anchor + putting overlay,Tier 2 - current-price / early value,0.1215903572913154,8.224336388815145,0.1060115760445551,9.432932112807327,0.1213378982500012,8.241448174251603,0.1057914633526227,9.452558536474845,0.0888089027076626,11.260132368618008,Top 20: DG anchor + OTT overlay,Tier 3 - experimental,-0.087,-0.008,-0.193,-0.139,-0.427,-0.011,-0.243,-0.0341455527339336,-0.0312345437812328,-0.0148031311486716,2.79096632539892,,,,0.5192307692307693,Miss Cut: DataGolf core; ARG weakness tag,Tier 1 - core,0.15,10.0,,,,False,False,False,False
"Clements, Todd",22608,-0.0810999999999999,-0.081023094420119,0.4926108374384237,0.45995,0.4762804187192119,2.1741493640613108,2.099603428352455,0.4944602959475648,2.022407073319483,Make Cut: DG anchor + putting overlay,Tier 2 - candidate,0.5400499999999999,0.5237195812807881,1.8516803999629667,1.9094187724553648,0.5073891625615763,0.5073891625615763,1.9708737864077672,0.5156742030260478,1.9392088922266448,Miss Cut: DataGolf core; ARG weakness tag,Tier 1 - core,0.0041461063133429,241.19014912420567,0.0031980531566714,312.6902371569068,0.0017113105191349,584.3474862209544,Winner: DG anchor + total SG overlay,Tier 4 - speculative,0.0227670428779045,43.92313948556316,0.0196224731585289,50.96197568578892,0.0116088080002994,86.14148842621978,Top 5: DG anchor + total SG overlay,Tier 3 - semi-core,0.0545437298561207,18.33391303891154,0.0472398251853956,21.16857960577624,0.0374575392122619,26.69689523204568,Top 10: DG anchor + putting overlay,Tier 2 - current-price / early value,0.1210299316861233,8.262418941071376,0.1101267248016956,9.080448018414174,0.1207148565033904,8.283984498394474,0.1098400337538096,9.104148695377807,0.0936791575320196,10.6747330606405,Top 20: DG anchor + OTT overlay,Tier 3 - experimental,-0.046,-0.18,-0.086,-0.022,-0.333,-0.013,-2.133,-0.0364271751066734,0.0031483066208096,0.0178110387975393,2.78477717247558,,,,0.5073891625615763,Miss Cut: DataGolf core; ARG weakness tag,Tier 1 - core,0.15,10.0,,,,False,False,False,False
"Crocker, Sean",23610,-0.13535,-0.1085041972794485,0.4219409282700421,0.44915,0.435545464135021,2.226427696760548,2.295971562890609,0.3958560811099805,2.5261706153307024,Make Cut: DG anchor + putting overlay,Tier 2 - candidate,0.5508500000000001,0.564454535864979,1.815376236725061,1.7716218693638175,0.5780590717299579,0.5780590717299579,1.7299270072992698,0.6231813051223701,1.6046694465644094,Miss Cut: DataGolf core; ARG weakness tag,Tier 1 - core,0.0038004466658098,263.1269658370318,0.0024752233329049,404.0039485351838,0.0008042106963435,1243.4552344884085,Winner: DG anchor + total SG overlay,Tier 4 - speculative,0.0233760134035071,42.778894020054274,0.0167214690033408,59.80335817386647,0.0061298956529769,163.1349139710645,Top 5: DG anchor + total SG overlay,Tier 3 - semi-core,0.0515729352083826,19.39001524655244,0.0386788263103,25.853938585869248,0.0193101032317881,51.78636219581715,Top 10: DG anchor + putting overlay,Tier 2 - current-price / early value,0.1188908228539073,8.41107813030108,0.0932093680259102,10.728535351961838,0.1190959111728063,8.396593889348688,0.0933701554789297,10.71006034926935,0.0669284370048452,14.941332036897942,Top 20: DG anchor + OTT overlay,Tier 3 - experimental,-0.152,0.029,-0.31,-0.28,-0.713,0.001,2.269,0.0008211996696249,0.155572080930144,0.0949253935354089,2.85340105609901,,,,0.5780590717299579,Miss Cut: DataGolf core; ARG weakness tag,Tier 1 - core,0.15,10.0,,,,False,False,False,False
"Vaillant, Tom",28157,-0.09675,-0.0837855213208338,0.5617977528089888,0.46305,0.5124238764044944,2.1595939963286903,1.9515093773862824,0.5803634860190444,1.7230580904726067,Make Cut: DG anchor + putting overlay,Tier 2 - candidate,0.53695,0.4875761235955056,1.8623707980258868,2.050961791618825,0.4382022471910112,0.4382022471910112,2.2820512820512824,0.4262887244433275,2.3458279392818984,Miss Cut: DataGolf core; ARG weakness tag,Tier 1 - core,0.0036531630936411,273.73538338341655,0.0041432482134872,241.3565271674465,0.0036835564600856,271.4767673132796,Winner: DG anchor + total SG overlay,Tier 4 - speculative,0.0236301001507594,42.31890654800551,0.0256631188584485,38.966425145585575,0.021046786960399,47.51319058256099,Top 5: DG anchor + total SG overlay,Tier 3 - semi-core,0.0516752184223173,19.35163566852236,0.0572257748649493,17.474643241790304,0.0668660483319277,14.955272891796,Top 10: DG anchor + putting overlay,Tier 2 - current-price / early value,0.1188399052723404,8.414681900901396,0.1310667254466932,7.629701563015814,0.1191890930037257,8.390029446475783,0.1314518392888319,7.607348861834902,0.1358898575753707,7.358900935232448,Top 20: DG anchor + OTT overlay,Tier 3 - experimental,-0.131,-0.164,0.032,0.131,-0.132,-0.01,-1.956,-0.0275523443589242,0.0499096518593724,0.0661211526104498,2.77990572795539,,,,0.4382022471910112,Miss Cut: DataGolf core; ARG weakness tag,Tier 1 - core,0.15,10.0,,,,False,False,False,False
"Elvira Mijares, Ignacio",12988,-0.1106999999999999,-0.0957782421912142,0.5050505050505051,0.4579,0.4814752525252525,2.1838829438742087,2.076949946555253,0.5229796053955627,1.9121204530406808,Make Cut: DG anchor + putting overlay,Tier 2 - candidate,0.5421,0.5185247474747474,1.8446781036709088,1.928548260946216,0.4949494949494949,0.4949494949494949,2.0204081632653064,0.4821275040318405,2.0741401219333016,Miss Cut: DataGolf core; ARG weakness tag,Tier 1 - core,0.0032630874699101,306.4582268239164,0.0028732104016217,348.04273276874284,0.0019253970205841,519.3734015941251,Winner: DG anchor + total SG overlay,Tier 4 - speculative,0.0222604862242879,44.92264858567729,0.0194154117629376,51.5054747336811,0.0120670742876819,82.87012876193192,Top 5: DG anchor + total SG overlay,Tier 3 - semi-core,0.0500911291427726,19.96361465819112,0.0460340334636052,21.723058458273183,0.0445205498314737,22.461537509877115,Top 10: DG anchor + putting overlay,Tier 2 - current-price / early value,0.1178216874188254,8.487401784064252,0.1118145197787137,8.943382326186686,0.1175765017955156,8.505100804403591,0.1115818350045635,8.96203221571953,0.0968048221074143,10.330063918617642,Top 20: DG anchor + OTT overlay,Tier 3 - experimental,-0.085,-0.319,0.036,0.122,-0.246,0.007,-8.179,0.0386664848908977,0.0875683039824763,0.0333834706028607,2.74995352832959,,,,0.4949494949494949,Miss Cut: DataGolf core; ARG weakness tag,Tier 1 - core,0.15,10.0,,,,False,False,False,False
"Campillo, Jorge",14016,-0.0676499999999999,-0.0789654728487096,0.4694835680751174,0.46035,0.4649167840375586,2.1722602367763657,2.150922561486217,0.4333560304013349,2.3075714420632174,Make Cut: DG anchor + putting overlay,Tier 2 - candidate,0.53965,0.5350832159624413,1.8530529046604285,1.8688681875422384,0.5305164319248826,0.5305164319248826,1.8849557522123888,0.5023184149854931,1.9907691419771656,Miss Cut: DataGolf core; ARG weakness tag,Tier 1 - core,0.0032146150232424,311.0792405217297,0.0024323075116212,411.13222535478855,0.0011838677998807,844.6889087622303,Winner: DG anchor + total SG overlay,Tier 4 - speculative,0.0210482606418658,47.50986397474389,0.0168100370068396,59.48826879995111,0.0080057589219139,124.9100815742433,Top 5: DG anchor + total SG overlay,Tier 3 - semi-core,0.0506018201743689,19.76213496973228,0.0416376284614028,24.016737670998182,0.0227528297438415,43.95057719230137,Top 10: DG anchor + putting overlay,Tier 2 - current-price / early value,0.1168037257989081,8.5613707367659,0.1011459837323249,9.886700026037843,0.117076052007741,8.541456453740688,0.1013818041404506,9.863702944313726,0.0747441119702661,13.378980278711564,Top 20: DG anchor + OTT overlay,Tier 3 - experimental,0.152,-0.509,0.125,-0.365,-0.597,-0.033,-3.987,-0.0994092953813235,0.17712535394044,-0.0511540550379965,2.76146769484583,,,,0.5305164319248826,Miss Cut: DataGolf core; ARG weakness tag,Tier 1 - core,0.15,10.0,,,,False,False,False,False
"Steinlechner, Maximilian",21677,-0.1107,-0.1131940081665148,0.4807692307692307,0.4516,0.4661846153846153,2.214348981399469,2.1450729324797044,0.4801609174902304,2.082635140791829,Make Cut: DG anchor + putting overlay,Tier 2 - candidate,0.5484,0.5338153846153846,1.8234865061998544,1.8733068188368207,0.5192307692307693,0.5192307692307693,1.9259259259259256,0.5271569342172655,1.8969683126426529,Miss Cut: DataGolf core; ARG weakness tag,Tier 1 - core,0.0031178700302174,320.73177852453813,0.0026339350151087,379.66008814333645,0.0016101745205552,621.0506918561588,Winner: DG anchor + total SG overlay,Tier 4 - speculative,0.0224630075078572,44.51763636949385,0.0186665004470503,53.5719056090141,0.0101997748083548,98.04138020585296,Top 5: DG anchor + total SG overlay,Tier 3 - semi-core,0.0514706634755552,19.42854302771765,0.0445017643098351,22.4710191946029,0.0345447079990582,28.947994003228,Top 10: DG anchor + putting overlay,Tier 2 - current-price / early value,0.1150229158701158,8.69391975012355,0.104447403054753,9.574196875682814,0.1147601843695293,8.713823574733778,0.1042088277871261,9.596116003173572,0.0886975584670471,11.274267491494928,Top 20: DG anchor + OTT overlay,Tier 3 - experimental,-0.098,-0.176,-0.084,-0.044,-0.403,-0.033,2.715,-0.1099073866631061,-0.06,0.0574836524989787,2.80793717637235,,,,0.5192307692307693,Miss Cut: DataGolf core; ARG weakness tag,Tier 1 - core,0.15,10.0,,,,False,False,False,False
"Van Driel, Darius",13374,-0.1458,-0.1147783104084623,0.4444444444444444,0.44375,0.4440972222222222,2.2535211267605635,2.251759186864738,0.4349224885845049,2.2992602733755887,Make Cut: DG anchor + putting overlay,Tier 2 - candidate,0.55625,0.5559027777777779,1.797752808988764,1.798875702685821,0.5555555555555556,0.5555555555555556,1.7999999999999998,0.5674698397836783,1.762208191330845,Miss Cut: DataGolf core; ARG weakness tag,Tier 1 - core,0.0034576249774728,289.21586537441704,0.002345479155403,426.3521155992346,0.000885866722649,1128.8379780309392,Winner: DG anchor + total SG overlay,Tier 4 - speculative,0.0222604862242879,44.92264858567729,0.0162627679137313,61.49014763690136,0.0065477557795079,152.72408343781277,Top 5: DG anchor + total SG overlay,Tier 3 - semi-core,0.0480513376362493,20.81107517901045,0.0379594930725739,26.34387129691436,0.0239021283402355,41.83727849526494,Top 10: DG anchor + putting overlay,Tier 2 - current-price / early value,0.111971972930795,8.930806288624176,0.093302958012369,10.717773812352563,0.1115235891612275,8.966712849909436,0.0929293329798688,10.760864927510331,0.0693108828272897,14.427748705666044,Top 20: DG anchor + OTT overlay,Tier 3 - experimental,-0.11,-0.248,-0.108,-0.125,-0.592,0.041,-9.141,0.1521191229230561,0.200811930086814,0.028845903974457,2.77693784804254,,,,0.5555555555555556,Miss Cut: DataGolf core; ARG weakness tag,Tier 1 - core,0.15,10.0,,,,False,False,False,False
"Ravetto, David",23416,-0.1311,-0.1324738417655284,0.4347826086956522,0.4427,0.4387413043478261,2.25886604924328,2.279247451949995,0.394179185357111,2.5369173136172547,Make Cut: DG anchor + putting overlay,Tier 2 - candidate,0.5573,0.5612586956521739,1.794365691727974,1.7817095890835428,0.5652173913043478,0.5652173913043478,1.7692307692307694,0.5726700056766567,1.7462063493589433,Miss Cut: DataGolf core; ARG weakness tag,Tier 1 - core,0.0024487032921574,408.3794076655776,0.001857684979412,538.3044009520471,0.000912428283215,1095.9765478513516,Winner: DG anchor + total SG overlay,Tier 4 - speculative,0.0210986689262924,47.39635488349847,0.0156246949128816,64.00124966123694,0.0065071239911355,153.67772327102972,Top 5: DG anchor + total SG overlay,Tier 3 - semi-core,0.0491726293532904,20.336516740142223,0.0377414670936726,26.496055320744293,0.0175380923147521,57.018744231312496,Top 10: DG anchor + putting overlay,Tier 2 - current-price / early value,0.11126043211405,8.987921231286675,0.0906338194443784,11.033409009246222,0.1108772707682983,9.018981014510295,0.0903216925222635,11.071537435522568,0.070843793043641,14.115562663111254,Top 20: DG anchor + OTT overlay,Tier 3 - experimental,-0.202,0.118,-0.082,-0.413,-0.579,0.0,2.45,-0.0026763950233058,0.0191678779035956,-0.0103229807918884,2.82634566607883,,,,0.5652173913043478,Miss Cut: DataGolf core; ARG weakness tag,Tier 1 - core,0.15,10.0,,,,False,False,False,False
"Couvra, Martin",27811,-0.1273,-0.1276714369289411,0.4854368932038835,0.44415,0.4647934466019418,2.251491613193741,2.1514933295873675,0.468768882533859,2.1332474002853,Make Cut: DG anchor + putting overlay,Tier 2 - candidate,0.55585,0.5352065533980582,1.7990465053521636,1.8684375100621256,0.5145631067961165,0.5145631067961165,1.9433962264150944,0.5077959098542464,1.9692951057582009,Miss Cut: DataGolf core; ARG weakness tag,Tier 1 - core,0.0025908376483208,385.9755552989244,0.0022204188241604,450.3654847090009,0.0014024212034524,713.0525390932521,Winner: DG anchor + total SG overlay,Tier 4 - speculative,0.0188894156856956,52.93970002244529,0.0167127071814721,59.834710746838624,0.0101820790227027,98.211769695592,Top 5: DG anchor + total SG overlay,Tier 3 - semi-core,0.0459148237471112,21.779458536262283,0.0411581676455613,24.2965140871096,0.0295849647924858,33.80095284933336,Top 10: DG anchor + putting overlay,Tier 2 - current-price / early value,0.1109047113488291,9.01674949457012,0.1019688392833981,9.80691755469274,0.109903780331576,9.098868091552747,0.1010485558004807,9.896232480298764,0.0928956450294181,10.764767279276874,Top 20: DG anchor + OTT overlay,Tier 3 - experimental,-0.227,0.065,0.001,-0.188,-0.348,0.011,-3.828,0.0425179413571204,0.0761071759148807,-0.0421429493019857,2.79998496210551,,,,0.5145631067961165,Miss Cut: DataGolf core; ARG weakness tag,Tier 1 - core,0.15,10.0,,,,False,False,False,False
"Saddier, Adrien",14792,-0.1125,-0.12993485680986,0.4608294930875576,0.4412,0.4510147465437788,2.2665457842248413,2.2172224027334164,0.4613349023335786,2.1676226856925025,Make Cut: DG anchor + putting overlay,Tier 2 - candidate,0.5588,0.5489852534562212,1.789549033643522,1.821542552744989,0.5391705069124424,0.5391705069124424,1.8547008547008548,0.5277777269569859,1.894737024553332,Miss Cut: DataGolf core; ARG weakness tag,Tier 1 - core,0.0025908376483208,385.9755552989244,0.002162085490827,462.5164010593605,0.0013160118863417,759.8715561603075,Winner: DG anchor + total SG overlay,Tier 4 - speculative,0.0196405273539444,50.915129822070014,0.0162693608991944,61.465229408582,0.0090588202361055,110.38965052141376,Top 5: DG anchor + total SG overlay,Tier 3 - semi-core,0.0445443005363971,22.449561177482163,0.0385202933057166,25.960342307455743,0.0301682525945107,33.14742863767833,Top 10: DG anchor + putting overlay,Tier 2 - current-price / early value,0.1087203023117465,9.197914085380134,0.0963778410816882,10.375829016053771,0.1086737428650966,9.201854777757683,0.09633656729147,10.380274366372854,0.0781610316471749,12.79409929636138,Top 20: DG anchor + OTT overlay,Tier 3 - experimental,-0.093,-0.243,0.028,-0.034,-0.341,-0.013,-1.839,-0.0426238038537139,0.196799010967143,-0.115062134864229,2.80986483168703,,,,0.5391705069124424,Miss Cut: DataGolf core; ARG weakness tag,Tier 1 - core,0.15,10.0,,,,False,False,False,False
"Hill, Calum",25131,-0.12315,-0.1207820140560678,0.5617977528089888,0.44425,0.5030238764044944,2.250984805852561,1.9879772052726068,0.5977858052401296,1.6728399892304262,Make Cut: DG anchor + putting overlay,Tier 2 - candidate,0.55575,0.4969761235955056,1.799370220422852,2.012169101334758,0.4382022471910112,0.4382022471910112,2.2820512820512824,0.4298487219908052,2.3263998445048086,Miss Cut: DataGolf core; ARG weakness tag,Tier 1 - core,0.003069599163912,325.77543405554667,0.0035431329152893,282.23609554267546,0.0032188053731623,310.674267023965,Winner: DG anchor + total SG overlay,Tier 4 - speculative,0.0195402542947006,51.176406658699385,0.023561125824599,42.44279358484422,0.0212456222502253,47.06852019782056,Top 5: DG anchor + total SG overlay,Tier 3 - semi-core,0.0465246934473298,21.49396215005888,0.0548630292355974,18.227210818158,0.0768707663023303,13.008846510870342,Top 10: DG anchor + putting overlay,Tier 2 - current-price / early value,0.1078062764915694,9.275897772781354,0.1255180439188152,7.966982027275677,0.1077753324945863,9.278561029261784,0.1254820160538452,7.969269473411175,0.1341849746157587,7.45239921879122,Top 20: DG anchor + OTT overlay,Tier 3 - experimental,-0.179,-0.22,0.011,0.292,-0.096,-0.018,-1.811,-0.0531254715788039,0.059692336295269,0.0234795814352458,2.79871618860036,,,,0.4382022471910112,Miss Cut: DataGolf core; ARG weakness tag,Tier 1 - core,0.15,10.0,,,,False,False,False,False
"Fisher, Ross",9396,-0.20445,-0.1596716057061843,0.4098360655737705,0.43315,0.4214930327868852,2.308669052291354,2.372518457512959,0.3601918917262767,2.7762979205537954,Make Cut: DG anchor + putting overlay,Tier 2 - candidate,0.5668500000000001,0.5785069672131148,1.7641351327511685,1.728587651791603,0.5901639344262295,0.5901639344262295,1.6944444444444444,0.6226880934456273,1.6059404548214946,Miss Cut: DataGolf core; ARG weakness tag,Tier 1 - core,0.0030213972089798,330.97270263834224,0.0019523652711565,512.1992358569291,0.0005965097682301,1676.4184817408943,Winner: DG anchor + total SG overlay,Tier 4 - speculative,0.0200922232158696,49.770500220710254,0.0142910950735432,69.9736440667359,0.0048638814890567,205.5971146192384,Top 5: DG anchor + total SG overlay,Tier 3 - semi-core,0.0458640218801285,21.803582830429217,0.0349047637659421,28.649384556950867,0.0146725078220238,68.15467486062413,Top 10: DG anchor + putting overlay,Tier 2 - current-price / early value,0.1058266637786468,9.449414394198968,0.0836247112275777,11.958187781104348,0.1061671471709958,9.419109645937567,0.0838937627534061,11.919837270136028,0.0634182581644896,15.768329641067613,Top 20: DG anchor + OTT overlay,Tier 3 - experimental,-0.328,0.201,-0.235,-0.508,-0.871,0.019,0.452,0.0618746264911889,0.247375059564,0.131110893332484,2.85914536625162,,,,0.5901639344262295,Miss Cut: DataGolf core; ARG weakness tag,Tier 1 - core,0.15,10.0,,,,False,False,False,False
"Armitage, Marcus",17813,-0.13355,-0.1344628753461006,0.5154639175257733,0.44065,0.4780569587628866,2.2693747872461136,2.0918009489659872,0.526124900400846,1.9006893595762453,Make Cut: DG anchor + putting overlay,Tier 2 - candidate,0.55935,0.5219430412371133,1.7877893984088673,1.9159178703289013,0.4845360824742267,0.4845360824742267,2.063829787234043,0.463630024506184,2.15689223549555,Miss Cut: DataGolf core; ARG weakness tag,Tier 1 - core,0.0027336847388982,365.8066293346748,0.0025585090361157,390.8526356108418,0.0018191356831691,549.7116071396431,Winner: DG anchor + total SG overlay,Tier 4 - speculative,0.0184897201687061,54.08410678342764,0.018494149105517,54.07115484440887,0.013112133004153,76.2652422518342,Top 5: DG anchor + total SG overlay,Tier 3 - semi-core,0.0434799822149357,22.99908944434877,0.0444842777236294,22.47985245962111,0.0456306559371431,21.915091498520507,Top 10: DG anchor + putting overlay,Tier 2 - current-price / early value,0.102935328189941,9.714837632370042,0.1073407140542705,9.316129567522804,0.1033911017328121,9.672012225812663,0.1078159936147393,9.275061764707342,0.1016497315890018,9.837704284781374,Top 20: DG anchor + OTT overlay,Tier 3 - experimental,-0.111,-0.346,0.083,0.057,-0.317,-0.015,-4.331,-0.0388442714645362,0.17405066551739,-0.0286549073775826,2.76325450523441,,,,0.4845360824742267,Miss Cut: DataGolf core; ARG weakness tag,Tier 1 - core,0.15,10.0,,,,False,False,False,False
"Luiten, Joost",10158,-0.1615,-0.139509578895721,0.4385964912280702,0.44515,0.441873245614035,2.246433786364147,2.263092436407599,0.4274609488666377,2.339394984855065,Make Cut: DG anchor + putting overlay,Tier 2 - candidate,0.5548500000000001,0.5581267543859649,1.8022889069117776,1.7917076938914556,0.5614035087719298,0.5614035087719298,1.78125,0.5709083282828867,1.751594696486013,Miss Cut: DataGolf core; ARG weakness tag,Tier 1 - core,0.0029252036513388,341.8565403274764,0.0020626018256694,484.8245490500557,0.0008560379942762,1168.1724487537608,Winner: DG anchor + total SG overlay,Tier 4 - speculative,0.0191895997376784,52.11156114092965,0.0144470750011143,69.21816353295509,0.0061166556710976,163.48803231236212,Top 5: DG anchor + total SG overlay,Tier 3 - semi-core,0.0433280562208675,23.079733715780755,0.0348930165062971,28.659029803844263,0.0223956744981489,44.65147946683417,Top 10: DG anchor + putting overlay,Tier 2 - current-price / early value,0.101870691823123,9.816366043103828,0.0862771334051137,11.590556622975711,0.1024278026956897,9.76297424802691,0.0867489661591047,11.527514900476367,0.0655858151566431,15.247199377054786,Top 20: DG anchor + OTT overlay,Tier 3 - experimental,-0.137,-0.251,-0.094,-0.14,-0.623,0.013,-6.035,0.052489372328359,0.224945149066446,0.0274711320906038,2.7712789134279,,,,0.5614035087719298,Miss Cut: DataGolf core; ARG weakness tag,Tier 1 - core,0.15,10.0,,,,False,False,False,False
"Kaneko, Kota",28268,-0.1516,-0.1424207958472348,0.4784688995215311,0.43905,0.4587594497607655,2.277644915157727,2.1797916108790374,0.4884668445769599,2.0472218556943345,Make Cut: DG anchor + putting overlay,Tier 2 - candidate,0.5609500000000001,0.5412405502392345,1.7826900793297082,1.8476073153757395,0.5215311004784688,0.5215311004784688,1.9174311926605507,0.519610674878458,1.9245178137148733,Miss Cut: DataGolf core; ARG weakness tag,Tier 1 - core,0.0018419242599841,542.9104886259458,0.0015292954633253,653.8958781879455,0.0009117705929679,1096.767111938627,Winner: DG anchor + total SG overlay,Tier 4 - speculative,0.0166991760061957,59.88319421443196,0.0140764497755846,71.0406399299975,0.0078645122677711,127.15346685871472,Top 5: DG anchor + total SG overlay,Tier 3 - semi-core,0.0401447238983456,24.909873649453864,0.036112102208913,27.691547676035977,0.0320516424317407,31.199649195190645,Top 10: DG anchor + putting overlay,Tier 2 - current-price / early value,0.0995397677591191,10.046236017145889,0.0925890366480873,10.800414781296436,0.0991436260584616,10.086377105174003,0.0922205570015527,10.843569292074037,0.0792694369099099,12.61520251665853,Top 20: DG anchor + OTT overlay,Tier 3 - experimental,-0.16,-0.264,-0.027,0.051,-0.4,0.073,-16.721,0.265330036911453,-0.06,-0.0717689976919006,2.70281146024164,,,,0.5215311004784688,Miss Cut: DataGolf core; ARG weakness tag,Tier 1 - core,0.15,10.0,,,,False,False,False,False
"Bairstow, Sam",28615,-0.1636,-0.1399817537583678,0.5025125628140703,0.43545,0.4689812814070351,2.296474911011597,2.1322812650428293,0.5178792996644208,1.9309518659038647,Make Cut: DG anchor + putting overlay,Tier 2 - candidate,0.56455,0.5310187185929649,1.771322292091046,1.8831727865444936,0.4974874371859297,0.4974874371859297,2.01010101010101,0.5166766207647695,1.9354465826609872,Miss Cut: DataGolf core; ARG weakness tag,Tier 1 - core,0.0019805301931916,504.9153016892373,0.0020652650965958,484.1993415994401,0.0016287660593829,613.9617130644504,Winner: DG anchor + total SG overlay,Tier 4 - speculative,0.0179411847014293,55.73767934735841,0.0176352550491273,56.704595267505496,0.0121253988455423,82.47151394674582,Top 5: DG anchor + total SG overlay,Tier 3 - semi-core,0.0419620903366183,23.8310339637048,0.0422653658476298,23.66003416615587,0.0442690418447519,22.58914939941375,Top 10: DG anchor + putting overlay,Tier 2 - current-price / early value,0.0994384590232964,10.05647120663565,0.1036086872298557,9.65170032298065,0.0997944648212035,10.02059584959594,0.1039796231205529,9.617268941633013,0.1053998539098659,9.487679184595104,Top 20: DG anchor + OTT overlay,Tier 3 - experimental,-0.277,-0.025,-0.149,0.099,-0.351,-0.01,3.09,-0.037266458911248,0.10859081481482,0.10957675696008,2.78054816558284,,,,0.4974874371859297,Miss Cut: DataGolf core; ARG weakness tag,Tier 1 - core,0.15,10.0,,,,False,False,False,False
"Guerrier, Julien",10201,-0.15475,-0.1533447611364021,0.5050505050505051,0.4357,0.4703752525252525,2.2951572182694515,2.125962185789768,0.5028765752023898,1.9885595180040665,Make Cut: DG anchor + putting overlay,Tier 2 - candidate,0.5643,0.5296247474747475,1.77210703526493,1.88812929299094,0.4949494949494949,0.4949494949494949,2.0204081632653064,0.4810902664959332,2.078611997876397,Miss Cut: DataGolf core; ARG weakness tag,Tier 1 - core,0.0018419242599841,542.9104886259458,0.0021376287966587,467.8080691853825,0.0018717018821943,534.273117697364,Winner: DG anchor + total SG overlay,Tier 4 - speculative,0.016105404032397,62.09096015153895,0.0174475769560734,57.31454874895402,0.013496793651182,74.09167138836835,Top 5: DG anchor + total SG overlay,Tier 3 - semi-core,0.0414063019604035,24.1509130894203,0.0429660619349877,23.274183273140263,0.0404948013693084,24.69452784519431,Top 10: DG anchor + putting overlay,Tier 2 - current-price / early value,0.0985774564344421,10.144307189190249,0.103264272578905,9.683891388823678,0.0992042558150499,10.080212706442104,0.103920872824362,9.62270593791213,0.1066665879974342,9.375006914293106,Top 20: DG anchor + OTT overlay,Tier 3 - experimental,-0.288,0.021,0.042,-0.058,-0.282,0.005,-1.643,0.0183226956861772,0.0225039957504954,-0.007761152462723,2.78768918679679,,,,0.4949494949494949,Miss Cut: DataGolf core; ARG weakness tag,Tier 1 - core,0.15,10.0,,,,False,False,False,False
"Mansell, Richard",24185,-0.1864,-0.1930038706272844,0.4524886877828054,0.424,0.4382443438914027,2.358490566037736,2.2818320736794284,0.4267815470094002,2.3431191132965603,Make Cut: DG anchor + putting overlay,Tier 2 - candidate,0.5760000000000001,0.5617556561085972,1.736111111111111,1.7801333891806554,0.5475113122171946,0.5475113122171946,1.826446280991736,0.5490354302292872,1.8213760805607424,Miss Cut: DataGolf core; ARG weakness tag,Tier 1 - core,0.0026383757244225,379.021073739934,0.0023441878622112,426.5869711724833,0.0014770865768008,677.0083864453418,Winner: DG anchor + total SG overlay,Tier 4 - speculative,0.0178913788261984,55.892841446948495,0.016157621231281,61.89029843477262,0.0092538999930973,108.06254668257868,Top 5: DG anchor + total SG overlay,Tier 3 - semi-core,0.0427712528904762,23.38018955303193,0.0386488942422559,25.873961457522668,0.0260817181027943,38.34103244497776,Top 10: DG anchor + putting overlay,Tier 2 - current-price / early value,0.0972104325545506,10.28696173570506,0.0910474283938624,10.9832865973336,0.0974598493171155,10.260635605398829,0.0912810324858626,10.955178450187637,0.0843382654863155,11.857014063945345,Top 20: DG anchor + OTT overlay,Tier 3 - experimental,-0.3,0.042,-0.047,-0.272,-0.578,-0.031,4.458,-0.10628023051682,-0.0786903578000776,0.0397933515720073,2.86623598987134,,,,0.5475113122171946,Miss Cut: DataGolf core; ARG weakness tag,Tier 1 - core,0.15,10.0,,,,False,False,False,False
"Migliozzi, Guido",17357,-0.1823,-0.1755152389905556,0.4694835680751174,0.42345,0.4464667840375587,2.361553902467824,2.239808280823587,0.4736669887781206,2.111187867619014,Make Cut: DG anchor + putting overlay,Tier 2 - candidate,0.57655,0.5535332159624413,1.7344549475327378,1.8065763194739384,0.5305164319248826,0.5305164319248826,1.8849557522123888,0.5253200105170948,1.9036015761433829,Miss Cut: DataGolf core; ARG weakness tag,Tier 1 - core,0.0022134896819464,451.7753157632309,0.0019150781743065,522.1718953390085,0.0011887423663238,841.2251706755301,Winner: DG anchor + total SG overlay,Tier 4 - speculative,0.0164020909806684,60.967836428818856,0.0147966952919215,67.5826581727316,0.00876515688578,114.08808912734077,Top 5: DG anchor + total SG overlay,Tier 3 - semi-core,0.0397918808386196,25.13075479029529,0.0373771254842448,26.754331346896063,0.0333942644484057,29.94526205375788,Top 10: DG anchor + putting overlay,Tier 2 - current-price / early value,0.0960969747334378,10.406154853197902,0.0921946459290171,10.84661684985399,0.0958970109369131,10.427853696689882,0.0920028023098985,10.86923414171277,0.0816596872155494,12.245944530259996,Top 20: DG anchor + OTT overlay,Tier 3 - experimental,-0.208,-0.268,-0.008,-0.001,-0.486,-0.013,-4.742,-0.0320119261060097,0.0903371712459367,0.0273454752887423,2.78747955618111,,,,0.5305164319248826,Miss Cut: DataGolf core; ARG weakness tag,Tier 1 - core,0.15,10.0,,,,False,False,False,False
"Norris, Shaun",7677,-0.22285,-0.1924040866401725,0.4739336492890995,0.41605,0.4449918246445498,2.403557264751833,2.2472322964557363,0.5062735545297948,1.9752167401450729,Make Cut: DG anchor + putting overlay,Tier 2 - candidate,0.58395,0.5550081753554502,1.712475383166367,1.801775260985225,0.5260663507109005,0.5260663507109005,1.900900900900901,0.5422416429610133,1.8441962416226656,Miss Cut: DataGolf core; ARG weakness tag,Tier 1 - core,0.0025433787398368,393.1777773939265,0.0021050227032517,475.0542587760528,0.001240763028018,805.955671968546,Winner: DG anchor + total SG overlay,Tier 4 - speculative,0.0188894156856956,52.93970002244529,0.0166514191523716,60.05494131457092,0.009785040050006,102.19682238289651,Top 5: DG anchor + total SG overlay,Tier 3 - semi-core,0.0404473006463854,24.72352874033793,0.0381329195030869,26.224060812313308,0.042460580743183,23.551255835344342,Top 10: DG anchor + putting overlay,Tier 2 - current-price / early value,0.0951862430131668,10.50571982194604,0.0928803406069275,10.766541051265422,0.0957967366602361,10.43876894832771,0.0934760449448991,10.697928015562333,0.084633957161462,11.815588370661091,Top 20: DG anchor + OTT overlay,Tier 3 - experimental,-0.325,-0.224,-0.132,0.251,-0.43,0.021,-6.45,0.082012486889159,0.0562092327231887,0.0971710151737607,2.81922032657712,,,,0.5260663507109005,Miss Cut: DataGolf core; ARG weakness tag,Tier 1 - core,0.15,10.0,,,,False,False,False,False
"Guillamoundeguy, Oihan",28239,-0.17385,-0.1916196710541323,0.4784688995215311,0.4197,0.4490844497607655,2.382654276864427,2.226752675432685,0.4731776269013321,2.113371265139131,Make Cut: DG anchor + putting overlay,Tier 2 - candidate,0.5803,0.5509155502392344,1.7232465965879715,1.8151602356581715,0.5215311004784688,0.5215311004784688,1.9174311926605507,0.5246209194667716,1.906138247434752,Miss Cut: DataGolf core; ARG weakness tag,Tier 1 - core,0.0031178700302174,320.73177852453813,0.002467268348442,405.3065409895346,0.0013599248298264,735.3347612070919,Winner: DG anchor + total SG overlay,Tier 4 - speculative,0.0157597807196513,63.45265951277296,0.0157447150952754,63.51337537381507,0.0107815485415668,92.75105483638336,Top 5: DG anchor + total SG overlay,Tier 3 - semi-core,0.0374776675495586,26.682556983506224,0.0384274244433699,26.02308154879565,0.0349571394660559,28.606459661009108,Top 10: DG anchor + putting overlay,Tier 2 - current-price / early value,0.0948321379638503,10.544948384282936,0.0953607880128942,10.486490525485014,0.0944059605233657,10.592551513233074,0.0949322348089854,10.533829757743664,0.0954102182363274,10.48105767374977,Top 20: DG anchor + OTT overlay,Tier 3 - experimental,-0.313,0.05,-0.056,-0.086,-0.405,-0.012,1.65,-0.0417299349020755,-0.06,-0.0529833878196241,2.81301741171265,,,,0.5215311004784688,Miss Cut: DataGolf core; ARG weakness tag,Tier 1 - core,0.15,10.0,,,,False,False,False,False
"Lagergren, Joakim",14780,-0.2198,-0.2118904462968372,0.5076142131979695,0.4073,0.4574571065989847,2.4551927326295115,2.1859973002378523,0.5333345430660248,1.8749957470431533,Make Cut: DG anchor + putting overlay,Tier 2 - candidate,0.5927,0.5425428934010152,1.6871941960519656,1.843172239767704,0.4923857868020305,0.4923857868020305,2.0309278350515463,0.498424449867106,2.006322122172434,Miss Cut: DataGolf core; ARG weakness tag,Tier 1 - core,0.0024014892869452,416.4082702496717,0.0026674113101392,374.89531374438894,0.0022212287016397,450.2012779061362,Winner: DG anchor + total SG overlay,Tier 4 - speculative,0.0176922582520092,56.52189707814328,0.0187488606074861,53.33657446899545,0.0138480100616899,72.21254140813109,Top 5: DG anchor + total SG overlay,Tier 3 - semi-core,0.0405481880884237,24.662014436238003,0.0445047969061647,22.46948799942692,0.0544681915904243,18.35933910785103,Top 10: DG anchor + putting overlay,Tier 2 - current-price / early value,0.0923039442144679,10.83377323158047,0.102131707996345,9.791278532576651,0.0926351252742445,10.795041265821348,0.1024981504878211,9.756273603383905,0.1078223351142606,9.274516258067385,Top 20: DG anchor + OTT overlay,Tier 3 - experimental,-0.379,-0.093,-0.073,0.192,-0.353,-0.063,4.889,-0.2112182207616454,0.272513302807778,0.0770285531946924,2.86507666370971,,,,0.4923857868020305,Miss Cut: DataGolf core; ARG weakness tag,Tier 1 - core,0.15,10.0,,,,False,False,False,False
"Hollick, Michael",15993,-0.2321,-0.2404245188219357,0.3731343283582089,0.3996,0.3863671641791044,2.5025025025025025,2.588211661631887,0.3415818374027738,2.9275561241883503,Make Cut: DG anchor + putting overlay,Tier 2 - candidate,0.6004,0.6136328358208956,1.665556295802798,1.629638998477382,0.6268656716417911,0.6268656716417911,1.5952380952380951,0.6221385773740356,1.6073589331509828,Miss Cut: DataGolf core; ARG weakness tag,Tier 1 - core,0.0023073153731092,433.40412483466986,0.0013869910198879,720.9852015341812,0.0003115876818727,3209.369491083696,Winner: DG anchor + total SG overlay,Tier 4 - speculative,0.015316233101439,65.29020506393582,0.0106773063655343,93.65658020527869,0.0033904272037034,294.9480817366219,Top 5: DG anchor + total SG overlay,Tier 3 - semi-core,0.0364238333765119,27.45455124569219,0.0266008136940279,37.59283499754393,0.0118331835092784,84.50811222659561,Top 10: DG anchor + putting overlay,Tier 2 - current-price / early value,0.0880611432046573,11.355746287280908,0.0677549853136173,14.759061571208404,0.0878950879078966,11.37720006660529,0.0676272209696192,14.786945044647602,0.0425750204142625,23.4879511570358,Top 20: DG anchor + OTT overlay,Tier 3 - experimental,-0.182,-0.386,-0.009,-0.346,-0.922,0.003,-6.834,0.0207768350277006,-0.06,-0.0370110116235289,2.83994204229798,,,,0.6268656716417911,Miss Cut: DataGolf core; ARG weakness tag,Tier 1 - core,0.15,10.0,,,,False,False,False,False
"Norgaard, Niklas",15676,-0.2373,-0.2256019000806381,0.5102040816326531,0.4062,0.4582020408163265,2.461841457410143,2.182443356686962,0.5353567831895039,1.867913196209608,Make Cut: DG anchor + putting overlay,Tier 2 - candidate,0.5938,0.5417979591836735,1.6840687100033682,1.8457064724029213,0.4897959183673469,0.4897959183673469,2.0416666666666665,0.5489930534599367,1.8215166725656504,Miss Cut: DataGolf core; ARG weakness tag,Tier 1 - core,0.0022134896819464,451.7753157632309,0.0024817448409732,402.9423103818567,0.0020410034518792,489.9550753230054,Winner: DG anchor + total SG overlay,Tier 4 - speculative,0.0146772358123037,68.13272013805957,0.0170540940966281,58.63694631529668,0.0131244058854706,76.19392517470446,Top 5: DG anchor + total SG overlay,Tier 3 - semi-core,0.035872509919831,27.876499364968616,0.0412722115496221,24.2293776479045,0.0522572825233351,19.13608882271015,Top 10: DG anchor + putting overlay,Tier 2 - current-price / early value,0.0869004496609653,11.507420317172288,0.0987072098117321,10.13097221476867,0.0867863029643788,11.52255558587911,0.0985775545340755,10.144297094064424,0.1153870810551581,8.666481471370032,Top 20: DG anchor + OTT overlay,Tier 3 - experimental,-0.518,0.268,-0.381,0.187,-0.444,-0.026,9.735,-0.0985724271447495,0.0897280737116765,0.0853446947412655,2.8149869168115,,,,0.4897959183673469,Miss Cut: DataGolf core; ARG weakness tag,Tier 1 - core,0.15,10.0,,,,False,False,False,False
"Otaegui, Adrian",14975,-0.2624000000000001,-0.2277716398394757,0.4048582995951417,0.4061,0.4054791497975708,2.462447672986949,2.466218054613251,0.3882288310141733,2.575800456106497,Make Cut: DG anchor + putting overlay,Tier 2 - candidate,0.5939,0.5945208502024292,1.6837851490149858,1.68202679461874,0.5951417004048583,0.5951417004048583,1.6802721088435375,0.5708878908690938,1.7516574024326308,Miss Cut: DataGolf core; ARG weakness tag,Tier 1 - core,0.0018419242599841,542.9104886259458,0.001370962129992,729.4147505050095,0.0006109989498402,1636.6640241550735,Winner: DG anchor + total SG overlay,Tier 4 - speculative,0.0133080163276236,75.1426790726343,0.0102933236400022,97.15035055477765,0.0042076077125485,237.6647416577484,Top 5: DG anchor + total SG overlay,Tier 3 - semi-core,0.0338717866925326,29.5230956984167,0.0269165989138468,37.15179630237619,0.0161048700531472,62.0930188632339,Top 10: DG anchor + putting overlay,Tier 2 - current-price / early value,0.0858410800553986,11.64943403967701,0.0716294043578136,13.960747111684109,0.0855570554645672,11.68810677938936,0.0713924023041221,14.007092739926756,0.049593546566041,20.16391384045008,Top 20: DG anchor + OTT overlay,Tier 3 - experimental,-0.212,-0.548,0.106,-0.194,-0.847,0.055,-16.396,0.2061409939203632,0.202027587344336,0.019564407006356,2.7560296373421,,,,0.5951417004048583,Miss Cut: DataGolf core; ARG weakness tag,Tier 1 - core,0.15,10.0,,,,False,False,False,False
"Cabrera Bello, Rafa",7457,-0.2930999999999999,-0.26248953353009,0.4016064257028112,0.3948,0.3982032128514056,2.532928064842958,2.511280591734357,0.4003767282486593,2.4976476639245044,Make Cut: DG anchor + putting overlay,Tier 2 - candidate,0.6052,0.6017967871485944,1.6523463317911435,1.6616904931283425,0.5983935742971889,0.5983935742971889,1.6711409395973151,0.6058396148134516,1.6506018681329004,Miss Cut: DataGolf core; ARG weakness tag,Tier 1 - core,0.0023543595214737,424.7439657703724,0.0015188464274035,658.3944116782776,0.0004680163016844,2136.6777105858023,Winner: DG anchor + total SG overlay,Tier 4 - speculative,0.0122394303872401,81.70314862385425,0.0096614479978528,103.50415385170383,0.0041581693218185,240.4904472631351,Top 5: DG anchor + total SG overlay,Tier 3 - semi-core,0.0315792237203133,31.666389549555348,0.025672917235337,38.95155314190662,0.018095899390047,55.26113836320352,Top 10: DG anchor + putting overlay,Tier 2 - current-price / early value,0.0808017634142353,12.375967525280808,0.0683137574424934,14.638339881125711,0.0802580405845767,12.45981078925282,0.0678540676048988,14.737510001947228,0.0511286124737813,19.558520202612524,Top 20: DG anchor + OTT overlay,Tier 3 - experimental,-0.371,-0.303,-0.083,-0.05,-0.807,0.016,-7.283,0.0646520353612933,0.320490898714663,0.0406035899902375,2.82809447209877,,,,0.5983935742971889,Miss Cut: DataGolf core; ARG weakness tag,Tier 1 - core,0.15,10.0,,,,False,False,False,False
"Dantorp, Jens",14018,-0.2655,-0.2258565957657743,0.4366812227074236,0.40385,0.4202656113537117,2.476166893648632,2.379447599290634,0.4610699282746773,2.168868405150598,Make Cut: DG anchor + putting overlay,Tier 2 - candidate,0.59615,0.5797343886462882,1.6774301769688835,1.724927862801196,0.5633187772925764,0.5633187772925764,1.7751937984496124,0.5746764282672474,1.7401096526878257,Miss Cut: DataGolf core; ARG weakness tag,Tier 1 - core,0.0013422677562219,745.0078386853937,0.0012544672114442,797.1511657516331,0.0008302365343352,1204.476024173791,Winner: DG anchor + total SG overlay,Tier 4 - speculative,0.0121910177650798,82.02760583816206,0.0105587679614239,94.70801931186097,0.0056020486246515,178.50612641945904,Top 5: DG anchor + total SG overlay,Tier 3 - semi-core,0.0303867925202421,32.909034388339954,0.0272974519960518,36.63345575787204,0.027122544789338,36.869696695757774,Top 10: DG anchor + putting overlay,Tier 2 - current-price / early value,0.0797446504610392,12.540026123615256,0.0742059738041681,13.476004002575728,0.0794752797323226,12.58252884882014,0.0739553122598113,13.521679098411672,0.0616351141365123,16.224517695954184,Top 20: DG anchor + OTT overlay,Tier 3 - experimental,-0.319,-0.391,-0.105,0.182,-0.634,0.024,-10.68,0.0985059540361595,0.0686423638172915,0.131803453198726,2.74425381861743,,,,0.5633187772925764,Miss Cut: DataGolf core; ARG weakness tag,Tier 1 - core,0.15,10.0,,,,False,False,False,False
"Gumberg, Jordan",23892,-0.3203500000000001,-0.3085329847244097,0.3194888178913738,0.37975,0.3496194089456869,2.633311389071758,2.8602531049852247,0.2640494446254632,3.787169487966295,Make Cut: DG anchor + putting overlay,Tier 2 - candidate,0.62025,0.6503805910543131,1.6122531237404274,1.5375612583686251,0.6805111821086263,0.6805111821086263,1.4694835680751173,0.7289679027888509,1.371802511707645,Miss Cut: DataGolf core; ARG weakness tag,Tier 1 - core,0.0022134896819464,451.7753157632309,0.0012734115076398,785.2921023569177,0.0002060711553248,4852.692743066245,Winner: DG anchor + total SG overlay,Tier 4 - speculative,0.0144320105396022,69.29041502955815,0.0092702513015471,107.8719408429744,0.0020160515883536,496.0190531714701,Top 5: DG anchor + total SG overlay,Tier 3 - semi-core,0.0339217249280351,29.4796329526726,0.0227314913721464,43.99183421925972,0.0062630066679291,159.66772079625625,Top 10: DG anchor + putting overlay,Tier 2 - current-price / early value,0.0791407687762464,12.635712483755189,0.0566508151610539,17.651996659837565,0.0788152871274288,12.687893890219495,0.0564178277765415,17.72489369780023,0.0358735837623024,27.87566490780449,Top 20: DG anchor + OTT overlay,Tier 3 - experimental,-0.517,0.262,-0.375,-0.64,-1.27,0.065,-2.331,0.2148778046875874,0.0095609374479316,-0.0507440603278251,2.95488473061088,,,,0.6805111821086263,Miss Cut: DataGolf core; ARG weakness tag,Tier 1 - core,0.15,10.0,,,,False,False,False,False
"Smylie, Elvis",24200,-0.2065,-0.2595014563065306,0.4166666666666667,0.388,0.4023333333333333,2.5773195876288657,2.4855012427506216,0.4440106925916329,2.2521980138882007,Make Cut: DG anchor + putting overlay,Tier 2 - candidate,0.612,0.5976666666666667,1.6339869281045751,1.6731734523145565,0.5833333333333333,0.5833333333333333,1.7142857142857144,0.59270769416834,1.687172293930069,Miss Cut: DataGolf core; ARG weakness tag,Tier 1 - core,0.0017042608449159,586.7646393350882,0.0015437970891246,647.7535208769168,0.0010169374272681,983.3446711527952,Winner: DG anchor + total SG overlay,Tier 4 - speculative,0.0120458655139042,83.01603557218209,0.0108660279950473,92.0299487959899,0.0064321634028269,155.46868718548117,Top 5: DG anchor + total SG overlay,Tier 3 - semi-core,0.0315792237203133,31.666389549555348,0.0281348499553947,35.54310762578826,0.0283644453257357,35.25540473349835,Top 10: DG anchor + putting overlay,Tier 2 - current-price / early value,0.0789395046519191,12.667928490423938,0.0718815045552118,13.911784487369834,0.0788913785682779,12.675656302982873,0.0718376814362837,13.920271089023762,0.058320857390744,17.14652432662465,Top 20: DG anchor + OTT overlay,Tier 3 - experimental,-0.224,-0.38,-0.094,0.211,-0.487,-0.008,-4.054,-0.028109232953986,0.0461366814515158,-0.262486835418539,2.79700496984455,,,,0.5833333333333333,Miss Cut: DataGolf core; ARG weakness tag,Tier 1 - core,0.15,10.0,,,,False,False,False,False
"Law, David",14784,-0.27915,-0.2582411764457324,0.4545454545454545,0.39285,0.4236977272727272,2.545500827287769,2.3601731508847967,0.4490695908807816,2.226826354549308,Make Cut: DG anchor + putting overlay,Tier 2 - candidate,0.6071500000000001,0.5763022727272727,1.6470394465947458,1.7352005142503342,0.5454545454545454,0.5454545454545454,1.8333333333333333,0.5577655167342598,1.7928680959967576,Miss Cut: DataGolf core; ARG weakness tag,Tier 1 - core,0.0012086685007994,827.3567147141935,0.0014210009170663,703.7293136055549,0.0011688059233768,855.5740350039372,Winner: DG anchor + total SG overlay,Tier 4 - speculative,0.012142619379863,82.35455371831624,0.0123638989756458,80.88063498171417,0.0079775495673809,125.3517751978451,Top 5: DG anchor + total SG overlay,Tier 3 - semi-core,0.0319275011622676,31.320960413332102,0.0315809096720429,31.664699034469308,0.0276708657072733,36.13909339082033,Top 10: DG anchor + putting overlay,Tier 2 - current-price / early value,0.0788891909545627,12.676007801575285,0.0804100224563481,12.436260673137683,0.0792777150420461,12.613885244669763,0.0808060365391565,12.375313068540688,0.082722224346722,12.088649790273992,Top 20: DG anchor + OTT overlay,Tier 3 - experimental,-0.522,0.111,-0.11,-0.088,-0.609,-0.012,1.533,-0.0384015418212275,0.170914268255338,0.0810163216181172,2.79760050318615,,,,0.5454545454545454,Miss Cut: DataGolf core; ARG weakness tag,Tier 1 - core,0.15,10.0,,,,False,False,False,False
"Del Rey, Alejandro",22259,-0.26545,-0.291002003875086,0.4716981132075471,0.38685,0.4292740566037736,2.5849812588858727,2.3295141754234057,0.4777796304663327,2.093015139686802,Make Cut: DG anchor + putting overlay,Tier 2 - candidate,0.61315,0.5707259433962264,1.6309222865530455,1.7521544474556157,0.5283018867924529,0.5283018867924529,1.8928571428571423,0.5217209138302644,1.9167335897240605,Miss Cut: DataGolf core; ARG weakness tag,Tier 1 - core,0.0020734306395512,482.2924774645164,0.0022117153197756,452.1377552792159,0.0017364267338411,575.8953029869006,Winner: DG anchor + total SG overlay,Tier 4 - speculative,0.0129672963018175,77.11707797251708,0.0141905429921786,70.46946692252484,0.0103297918599641,96.80737168342851,Top 5: DG anchor + total SG overlay,Tier 3 - semi-core,0.0314300283514409,31.81670690265708,0.0344745960984273,29.006866306567595,0.0363605448055832,27.50233818956554,Top 10: DG anchor + putting overlay,Tier 2 - current-price / early value,0.0785873284169414,12.724697736186506,0.085420668822865,11.706768558247637,0.0783559982828532,12.762264815900268,0.0851692240267287,11.741330409282222,0.0910099213773302,10.987813030339463,Top 20: DG anchor + OTT overlay,Tier 3 - experimental,-0.491,0.012,-0.0,0.016,-0.464,-0.084,11.191,-0.2913385864450351,0.0330410243731997,0.0096490177537876,2.86440130122154,,,,0.5283018867924529,Miss Cut: DataGolf core; ARG weakness tag,Tier 1 - core,0.15,10.0,,,,False,False,False,False
"Harrington, Padraig",5716,-0.27655,-0.2780776126051951,0.3246753246753247,0.38435,0.3545126623376623,2.601795238714713,2.820773716250313,0.2758666593264119,3.624939680792583,Make Cut: DG anchor + putting overlay,Tier 2 - candidate,0.61565,0.6454873376623377,1.6242995208316413,1.549217066939758,0.6753246753246753,0.6753246753246753,1.4807692307692308,0.6636639891953816,1.5067865912272689,Miss Cut: DataGolf core; ARG weakness tag,Tier 1 - core,0.0022603582676445,442.40774319466,0.0013385124671555,747.0980095725805,0.0002575930594468,3882.0921733971218,Winner: DG anchor + total SG overlay,Tier 4 - speculative,0.0133567438003224,74.86854692652403,0.0087239439901082,114.62705413215164,0.0020075280775202,498.12503804939,Top 5: DG anchor + total SG overlay,Tier 3 - semi-core,0.0325250476910332,30.74553524100402,0.0221472142014569,45.152405666181416,0.0068636485700118,145.69510513244106,Top 10: DG anchor + putting overlay,Tier 2 - current-price / early value,0.0785370212736825,12.732848582520615,0.056621511455467,17.661132214503,0.0787496661613728,12.69846653001439,0.0567748184532248,17.61344249517719,0.0293430755930131,34.07959049248776,Top 20: DG anchor + OTT overlay,Tier 3 - experimental,-0.124,-0.625,0.038,-0.559,-1.27,-0.047,-4.955,-0.1432725911067475,0.154862492653546,0.0252826093640115,2.87405056025903,,,,0.6753246753246753,Miss Cut: DataGolf core; ARG weakness tag,Tier 1 - core,0.15,10.0,,,,False,False,False,False
"Lindberg, Mikael",20084,-0.25565,-0.2935783490959238,0.495049504950495,0.37655,0.4357997524752475,2.655689815429558,2.2946318677792226,0.5060642282893962,1.9760337603394944,Make Cut: DG anchor + putting overlay,Tier 2 - candidate,0.6234500000000001,0.5642002475247525,1.6039778651054617,1.7724203496669473,0.504950495049505,0.504950495049505,1.9803921568627447,0.5096038645136958,1.962308509874192,Miss Cut: DataGolf core; ARG weakness tag,Tier 1 - core,0.0022603582676445,442.40774319466,0.0025801791338222,387.56998957611455,0.0021513909991769,464.8155543936796,Winner: DG anchor + total SG overlay,Tier 4 - speculative,0.0143830023354696,69.52651307953431,0.0168010481254067,59.52009615922638,0.0129713027436621,77.09325884700408,Top 5: DG anchor + total SG overlay,Tier 3 - semi-core,0.0331232162983239,30.19030492067891,0.0393495148951937,25.41327390346415,0.0458345327969575,21.81761084878736,Top 10: DG anchor + putting overlay,Tier 2 - current-price / early value,0.07768194390198,12.873004327257975,0.092770013742532,10.77934517478176,0.0775149351288432,12.90073968762054,0.0925705670577455,10.802569669646722,0.1070794845211782,9.338857059983503,Top 20: DG anchor + OTT overlay,Tier 3 - experimental,-0.483,0.042,-0.065,0.06,-0.446,-0.07,14.773,-0.2522264379563161,0.0574003827788196,-0.077878622196166,2.89176236780331,,,,0.504950495049505,Miss Cut: DataGolf core; ARG weakness tag,Tier 1 - core,0.15,10.0,,,,False,False,False,False
"Ritchie, JC",18174,-0.2733,-0.2751496375387696,0.4385964912280702,0.387,0.4127982456140351,2.5839793281653747,2.422490915659066,0.4442792205167835,2.250836757201484,Make Cut: DG anchor + putting overlay,Tier 2 - candidate,0.613,0.5872017543859649,1.6313213703099512,1.7029921871498783,0.5614035087719298,0.5614035087719298,1.78125,0.5641103855015621,1.7727026938369157,Miss Cut: DataGolf core; ARG weakness tag,Tier 1 - core,0.0015222841318482,656.9075897716032,0.0013611420659241,734.6771692939058,0.0008734272774483,1144.9150098923408,Winner: DG anchor + total SG overlay,Tier 4 - speculative,0.011562967180784,86.48299215636008,0.010984694569228,91.0357583178824,0.0067925487460293,147.22014333493985,Top 5: DG anchor + total SG overlay,Tier 3 - semi-core,0.0308336493484323,32.432100031352334,0.029016887504904,34.462690039756815,0.0263050999950544,38.015441879635766,Top 10: DG anchor + putting overlay,Tier 2 - current-price / early value,0.0772796492067857,12.940017330101853,0.0749678505589188,13.339051240559158,0.0772129420344996,12.951196699035105,0.0749031389126511,13.350575349935026,0.071495707662682,13.986853654460164,Top 20: DG anchor + OTT overlay,Tier 3 - experimental,-0.489,-0.001,-0.054,0.013,-0.532,0.017,-3.96,0.0654129391499905,-0.0769341294051106,-0.0227211249175655,2.81216837201488,,,,0.5614035087719298,Miss Cut: DataGolf core; ARG weakness tag,Tier 1 - core,0.15,10.0,,,,False,False,False,False
"Kinhult, Marcus",18514,-0.2912,-0.2843026738040289,0.3745318352059925,0.37765,0.3760909176029963,2.647954455183371,2.658931532761995,0.3583978799930332,2.7901950759849323,Make Cut: DG anchor + putting overlay,Tier 2 - candidate,0.62235,0.6239090823970037,1.606812886639351,1.6027976322416853,0.6254681647940075,0.6254681647940075,1.598802395209581,0.6256120836668532,1.5984345988632045,Miss Cut: DataGolf core; ARG weakness tag,Tier 1 - core,0.0022603582676445,442.40774319466,0.0014885124671555,671.811638844336,0.0004919345322887,2032.790817403054,Winner: DG anchor + total SG overlay,Tier 4 - speculative,0.014187093544632,70.48660085690143,0.0104617808993001,95.586020164779,0.0039694856626628,251.9218067484261,Top 5: DG anchor + total SG overlay,Tier 3 - semi-core,0.0317284589983154,31.517446216127084,0.0250538717319249,39.9139905680026,0.0148253581508526,67.45199608837032,Top 10: DG anchor + putting overlay,Tier 2 - current-price / early value,0.0748671724041294,13.356989023200285,0.061944902501506,16.14337838332521,0.0753545874246749,13.270592198512247,0.0623481884138212,16.03895839543466,0.0466683448037625,21.42780088312403,Top 20: DG anchor + OTT overlay,Tier 3 - experimental,-0.423,-0.141,-0.039,-0.194,-0.797,0.043,-9.852,0.1532209534686521,0.186612985820211,-0.0887770922095237,2.85494849293815,,,,0.6254681647940075,Miss Cut: DataGolf core; ARG weakness tag,Tier 1 - core,0.15,10.0,,,,False,False,False,False
"Schott, Freddy",27588,-0.2959,-0.3249579887741921,0.4048582995951417,0.37385,0.3893541497975709,2.6748696001069945,2.5683558285430115,0.3929112423233828,2.545104064945429,Make Cut: DG anchor + putting overlay,Tier 2 - candidate,0.62615,0.6106458502024291,1.5970614070110996,1.6376104081743943,0.5951417004048583,0.5951417004048583,1.6802721088435375,0.623465117650567,1.6039389721887685,Miss Cut: DataGolf core; ARG weakness tag,Tier 1 - core,0.0021200242499844,471.6927176693111,0.0017016787916588,587.654970433732,0.0008860334107287,1128.625611507722,Winner: DG anchor + total SG overlay,Tier 4 - speculative,0.0137470343571061,72.74296215627601,0.0122083749827858,81.91098335446159,0.0063545206140445,157.36828326433317,Top 5: DG anchor + total SG overlay,Tier 3 - semi-core,0.0318777340189392,31.36985832825755,0.029364400411253,34.05484144048044,0.0225317816919419,44.3817543446922,Top 10: DG anchor + putting overlay,Tier 2 - current-price / early value,0.0747164670122744,13.383930477276442,0.0703287269941307,14.21894071939415,0.0744894255424648,13.424724284253225,0.0701150185817139,14.262279611814884,0.0666338350142988,15.007390761546464,Top 20: DG anchor + OTT overlay,Tier 3 - experimental,-0.523,0.111,-0.21,-0.15,-0.771,-0.047,9.786,-0.1693902903539513,-0.012340844601274,-0.0575095875436661,2.97332508203872,,,,0.5951417004048583,Miss Cut: DataGolf core; ARG weakness tag,Tier 1 - core,0.15,10.0,,,,False,False,False,False
"Langasque, Romain",16652,-0.2864,-0.2681795156972978,0.5319148936170213,0.38705,0.4594824468085106,2.58364552383413,2.176361702053768,0.5630899819153935,1.7759150972610518,Make Cut: DG anchor + putting overlay,Tier 2 - candidate,0.61295,0.5405175531914894,1.6314544416347174,1.850078677548016,0.4680851063829787,0.4680851063829787,2.136363636363636,0.4341319793816221,2.303446987306488,Miss Cut: DataGolf core; ARG weakness tag,Tier 1 - core,0.0015676018962878,637.9170645098271,0.0023254676148105,430.0210390508712,0.0024197479196145,413.2661885537559,Winner: DG anchor + total SG overlay,Tier 4 - speculative,0.0109854602584359,91.02941310375093,0.0158046249704877,63.27261810180971,0.0153337025948544,65.21582075914081,Top 5: DG anchor + total SG overlay,Tier 3 - semi-core,0.028652594615826,34.90085325283797,0.0390967076614483,25.577601281911985,0.0581020144837815,17.21110720316139,Top 10: DG anchor + putting overlay,Tier 2 - current-price / early value,0.0726075288683369,13.772676409540844,0.0970389059116994,10.305145040587636,0.0726183650486666,13.770621237889753,0.0970533883090465,10.30360729720951,0.119421191011035,8.373723218918453,Top 20: DG anchor + OTT overlay,Tier 3 - experimental,-0.594,-0.0,0.16,0.243,-0.191,-0.022,-0.597,-0.066878943903078,0.140223976855003,0.089485899251299,2.75239293557075,,,,0.4680851063829787,Miss Cut: DataGolf core; ARG weakness tag,Tier 1 - core,0.15,10.0,,,,False,False,False,False
"Aphibarnrat, Kiradech",12321,-0.34075,-0.323265392447205,0.4273504273504274,0.37255,0.3999502136752136,2.6842034626224667,2.500311203264081,0.4149855945795835,2.409722200147904,Make Cut: DG anchor + putting overlay,Tier 2 - candidate,0.6274500000000001,0.6000497863247863,1.5937524902382658,1.6665283827944477,0.5726495726495726,0.5726495726495726,1.746268656716418,0.5648181598612216,1.7704813178204195,Miss Cut: DataGolf core; ARG weakness tag,Tier 1 - core,0.0015222841318482,656.9075897716032,0.0013528087325907,739.2027977856759,0.0008119438966792,1231.6121890808224,Winner: DG anchor + total SG overlay,Tier 4 - speculative,0.0107454879884445,93.06231611587798,0.0099334682005714,100.66977412204004,0.005372926597417,186.11830663771363,Top 5: DG anchor + total SG overlay,Tier 3 - semi-core,0.0269736150403249,37.0732658008584,0.0256463947616247,38.99183527722663,0.0203666080818004,49.09997757032487,Top 10: DG anchor + putting overlay,Tier 2 - current-price / early value,0.0702496428702861,14.23494781100126,0.0676473756170722,14.78253946850273,0.0704909226924162,14.186223726471168,0.0678797176773243,14.731941060121065,0.0623452556314309,16.039712883875918,Top 20: DG anchor + OTT overlay,Tier 3 - experimental,-0.542,-0.113,0.008,-0.152,-0.799,0.015,-5.704,0.0578005799864633,0.282898002806066,-0.0122017529307732,2.82245474346581,,,,0.5726495726495726,Miss Cut: DataGolf core; ARG weakness tag,Tier 1 - core,0.15,10.0,,,,False,False,False,False
"Syme, Connor",22089,-0.3485499999999999,-0.3312282154936528,0.2923976608187134,0.3725,0.3324488304093567,2.684563758389262,3.007981705842257,0.2549858179651831,3.921786740847464,Make Cut: DG anchor + putting overlay,Tier 2 - candidate,0.6275,0.6675511695906433,1.5936254980079685,1.498012505338312,0.7076023391812866,0.7076023391812866,1.4132231404958675,0.7387508150775576,1.3536364083672994,Miss Cut: DataGolf core; ARG weakness tag,Tier 1 - core,0.0016130390881719,619.9477789055387,0.0009565195440859,1045.4569445892369,0.0001780269374819,5617.127464778026,Winner: DG anchor + total SG overlay,Tier 4 - speculative,0.011514758402336,86.84507004481557,0.0070527231165119,141.7892044646967,0.0011829753674238,845.3261391044051,Top 5: DG anchor + total SG overlay,Tier 3 - semi-core,0.0280099557180893,35.701591607807515,0.0182149447902615,54.899974252715744,0.0053554915422061,186.72422355989005,Top 10: DG anchor + putting overlay,Tier 2 - current-price / early value,0.069898663652237,14.306425155354107,0.0480158596270213,20.82645208828546,0.0697227022994959,14.342530725565831,0.0478949855620315,20.879012453294138,0.0232000250699553,43.10340169826053,Top 20: DG anchor + OTT overlay,Tier 3 - experimental,-0.31,-0.423,-0.263,-0.46,-1.455,-0.02,-4.184,-0.0561755845015174,0.156458958859848,0.0755819750675328,2.91213799147482,,,,0.7076023391812866,Miss Cut: DataGolf core; ARG weakness tag,Tier 1 - core,0.15,10.0,,,,False,False,False,False
"Celli, Filippo",23549,-0.28975,-0.3099705101463112,0.381679389312977,0.37455,0.3781146946564885,2.669870511280203,2.6447001773059493,0.3838499745387221,2.605184489595744,Make Cut: DG anchor + putting overlay,Tier 2 - candidate,0.6254500000000001,0.6218853053435115,1.5988488288432328,1.6080135539585212,0.6183206106870229,0.6183206106870229,1.6172839506172838,0.6404253748560584,1.5614621769550578,Miss Cut: DataGolf core; ARG weakness tag,Tier 1 - core,0.0013870771984967,720.9404069821927,0.0010435385992483,958.27792160275,0.0004742660268714,2108.521258831677,Winner: DG anchor + total SG overlay,Tier 4 - speculative,0.011514758402336,86.84507004481557,0.0089904645186283,111.22895796184864,0.0037244383414487,268.49686001541204,Top 5: DG anchor + total SG overlay,Tier 3 - semi-core,0.027417490040587,36.47306877907732,0.0223991304219289,44.64459026592351,0.0163650172423712,61.10595456085826,Top 10: DG anchor + putting overlay,Tier 2 - current-price / early value,0.0693472286691654,14.420186922979951,0.0593417132726816,16.85155255637616,0.0699099812215767,14.304109120420758,0.0598232710976955,16.715903053293943,0.0450501796871684,22.19746973139883,Top 20: DG anchor + OTT overlay,Tier 3 - experimental,-0.349,-0.314,-0.175,-0.018,-0.856,-0.02,-2.313,-0.0655459444782046,-0.06,-0.0533295784924533,2.83619256683119,,,,0.6183206106870229,Miss Cut: DataGolf core; ARG weakness tag,Tier 1 - core,0.15,10.0,,,,False,False,False,False
"Meronk, Adrian",14196,-0.2973,-0.2866400615629404,0.4854368932038835,0.38125,0.4333434466019417,2.6229508196721314,2.307638451305748,0.529053002732649,1.8901697841895413,Make Cut: DG anchor + putting overlay,Tier 2 - candidate,0.61875,0.5666565533980583,1.616161616161616,1.7647373775231567,0.5145631067961165,0.5145631067961165,1.9433962264150944,0.5356064251155136,1.867042576616461,Miss Cut: DataGolf core; ARG weakness tag,Tier 1 - core,0.0009455972265899,1057.5327125336466,0.0016061319466282,622.6138531764292,0.0016557302006793,603.9631333593483,Winner: DG anchor + total SG overlay,Tier 4 - speculative,0.0098849256610486,101.16413964957565,0.0130712498074363,76.50377850104991,0.0106818974417737,93.6163266358741,Top 5: DG anchor + total SG overlay,Tier 3 - semi-core,0.0258411590311247,38.6979546387813,0.0329445198113776,30.35406209364876,0.0516468096925899,19.36228018636889,Top 10: DG anchor + putting overlay,Tier 2 - current-price / early value,0.0691467384647695,14.461998095680292,0.0834866741219396,11.977959482963852,0.069540289361967,14.380152990086913,0.0839618412264802,11.910172352016207,0.0910353758101974,10.98474072414368,Top 20: DG anchor + OTT overlay,Tier 3 - experimental,-0.465,-0.243,-0.16,0.352,-0.516,-0.055,3.165,-0.1806069436130604,0.066841920477885,0.126892683872357,2.79899387170596,,,,0.5145631067961165,Miss Cut: DataGolf core; ARG weakness tag,Tier 1 - core,0.15,10.0,,,,False,False,False,False
"Von Dellingshausen, Nicolai",22231,-0.31325,-0.3196071620861285,0.3773584905660377,0.37065,0.3740042452830189,2.697963037906381,2.6737664414564963,0.3515340255626975,2.8446748459108857,Make Cut: DG anchor + putting overlay,Tier 2 - candidate,0.6293500000000001,0.6259957547169811,1.588940970842933,1.597454922760794,0.6226415094339622,0.6226415094339622,1.6060606060606062,0.6139623122117494,1.6287644699193038,Miss Cut: DataGolf core; ARG weakness tag,Tier 1 - core,0.0015222841318482,656.9075897716032,0.0011944753992574,837.1876060584162,0.0005860305352696,1706.395724823236,Winner: DG anchor + total SG overlay,Tier 4 - speculative,0.0114183857374666,87.57805376277884,0.0090158859904264,110.915333341821,0.0037961601759925,263.4240795012144,Top 5: DG anchor + total SG overlay,Tier 3 - semi-core,0.027417490040587,36.47306877907732,0.0227678224012459,43.92163564774101,0.0134531969942573,74.33177410743788,Top 10: DG anchor + putting overlay,Tier 2 - current-price / early value,0.0684952624653307,14.599549866768603,0.059199777882312,16.8919552703049,0.068412246276426,14.61726597836602,0.0591280278113303,16.912453146431094,0.0475882117926987,21.01360741093082,Top 20: DG anchor + OTT overlay,Tier 3 - experimental,-0.459,-0.134,0.015,-0.288,-0.865,-0.016,0.53,-0.0536318380537598,0.017998999208004,-0.0094696412057639,2.87024189108631,,,,0.6226415094339622,Miss Cut: DataGolf core; ARG weakness tag,Tier 1 - core,0.15,10.0,,,,False,False,False,False
"Katsuragawa, Yuto",20448,-0.35045,-0.3441679831233056,0.4081632653061224,0.3701,0.3891316326530611,2.7019724398811134,2.569824491476312,0.3956489555801875,2.5274930867278043,Make Cut: DG anchor + putting overlay,Tier 2 - candidate,0.6299,0.6108683673469388,1.5875535799333227,1.637013886220853,0.5918367346938775,0.5918367346938775,1.6896551724137931,0.5844379491346278,1.7110456319284046,Miss Cut: DataGolf core; ARG weakness tag,Tier 1 - core,0.0017042608449159,586.7646393350882,0.0012854637557912,777.9293624536751,0.0005890178658545,1697.7413724950843,Winner: DG anchor + total SG overlay,Tier 4 - speculative,0.0104580451145819,95.62016505414272,0.009547590678984,104.73846582061525,0.0050038169589373,199.84743810700127,Top 5: DG anchor + total SG overlay,Tier 3 - semi-core,0.0256444932214347,38.994726523359645,0.0242612629647337,41.21796962728623,0.0191067631678219,52.33748862727939,Top 10: DG anchor + putting overlay,Tier 2 - current-price / early value,0.0660413344501216,15.142032006564923,0.0633811132605068,15.777570770804145,0.0665736461370983,15.020958863221209,0.0638919828182328,15.65141596630228,0.0576621031962829,17.3424128598983,Top 20: DG anchor + OTT overlay,Tier 3 - experimental,-0.541,-0.152,0.006,-0.155,-0.842,0.002,-3.564,0.0143064582433752,0.0360055282054969,0.0152554732104102,2.85958098412465,,,,0.5918367346938775,Miss Cut: DataGolf core; ARG weakness tag,Tier 1 - core,0.15,10.0,,,,False,False,False,False
"Soderberg, Sebastian",18517,-0.33705,-0.3402476087669357,0.3533568904593639,0.36605,0.359703445229682,2.7318672312525614,2.780067895545088,0.3398459292386185,2.942509866869297,Make Cut: DG anchor + putting overlay,Tier 2 - candidate,0.63395,0.640296554770318,1.5774114677813706,1.5617763246574268,0.646643109540636,0.646643109540636,1.5464480874316942,0.6587109305436352,1.5181166026419182,Miss Cut: DataGolf core; ARG weakness tag,Tier 1 - core,0.0017042608449159,586.7646393350882,0.0011687970891246,855.5805017866433,0.0004040476102317,2474.9558583613384,Winner: DG anchor + total SG overlay,Tier 4 - speculative,0.0095042007065455,105.21663324210982,0.0073674674167648,135.7318524035114,0.0027122002137156,368.70434378073736,Top 5: DG anchor + total SG overlay,Tier 3 - semi-core,0.0255461922806824,39.14477699896515,0.0202487908854109,49.385664835942784,0.0122912359852025,81.35878289245287,Top 10: DG anchor + putting overlay,Tier 2 - current-price / early value,0.0659412298553217,15.165018944809622,0.0549182318015277,18.20888923762076,0.0662258294223435,15.09984863492878,0.0551552565738379,18.130638167937267,0.0381716445194155,26.197456583023595,Top 20: DG anchor + OTT overlay,Tier 3 - experimental,-0.327,-0.514,-0.115,-0.172,-1.128,-0.034,-3.973,-0.10240325936213,0.0219678568190967,0.0297216216416125,2.87143144954546,,,,0.646643109540636,Miss Cut: DataGolf core; ARG weakness tag,Tier 1 - core,0.15,10.0,,,,False,False,False,False
"Scrivener, Jason",12734,-0.33535,-0.3270476035981118,0.3875968992248061,0.36655,0.3770734496124031,2.7281407720638384,2.6520032132411027,0.3978915006910676,2.51324795393512,Make Cut: DG anchor + putting overlay,Tier 2 - candidate,0.6334500000000001,0.6229265503875969,1.5786565632646616,1.6053256991177864,0.6124031007751938,0.6124031007751938,1.6329113924050631,0.6191015253904967,1.6152439607853537,Miss Cut: DataGolf core; ARG weakness tag,Tier 1 - core,0.0010764006824955,929.022079103132,0.000846533674581,1181.2879156814408,0.0004177094363898,2394.008640653743,Winner: DG anchor + total SG overlay,Tier 4 - speculative,0.0098849256610486,101.16413964957565,0.0080234648146512,124.63443451187648,0.003547668343532,281.8752778351361,Top 5: DG anchor + total SG overlay,Tier 3 - semi-core,0.0258411590311247,38.6979546387813,0.0215779935367263,46.34351188853451,0.0174277740165219,57.37967448120301,Top 10: DG anchor + putting overlay,Tier 2 - current-price / early value,0.0649904578541749,15.386874212269625,0.0572000594424326,17.48249931464531,0.0652020109393165,15.33695028103809,0.0573862536845548,17.425775961903287,0.0439783342414305,22.73846923146836,Top 20: DG anchor + OTT overlay,Tier 3 - experimental,-0.415,-0.42,-0.079,0.058,-0.857,0.015,-9.462,0.0664042883480663,0.0485450976345433,-0.0038264365732282,2.77134398329276,,,,0.6124031007751938,Miss Cut: DataGolf core; ARG weakness tag,Tier 1 - core,0.15,10.0,,,,False,False,False,False
"Gouveia, Ricardo",18722,-0.34335,-0.3509045486854575,0.3636363636363636,0.35995,0.3617931818181818,2.7781636338380333,2.764010076073096,0.357713607116738,2.795532459780472,Make Cut: DG anchor + putting overlay,Tier 2 - candidate,0.64005,0.6382068181818181,1.5623779392234982,1.5668901859257651,0.6363636363636364,0.6363636363636364,1.5714285714285714,0.6721893576864495,1.4876760373621707,Miss Cut: DataGolf core; ARG weakness tag,Tier 1 - core,0.0014320186453618,698.3149299339543,0.0009326759893475,1072.183707333885,0.0002877349237493,3475.421012400994,Winner: DG anchor + total SG overlay,Tier 4 - speculative,0.009029883469281,110.74340033311796,0.0073251169991907,136.51659080810174,0.0031251715735529,319.98243183273644,Top 5: DG anchor + total SG overlay,Tier 3 - semi-core,0.0234380252035521,42.66571058420256,0.0199942128182262,50.014472142080194,0.0145500815804522,68.72813698470817,Top 10: DG anchor + putting overlay,Tier 2 - current-price / early value,0.0632900908174705,15.800261732662284,0.0549145967139115,18.21009458031164,0.0631317536851801,15.839889463339029,0.0547772131258608,18.255766274606096,0.0452967208191032,22.07665327460668,Top 20: DG anchor + OTT overlay,Tier 3 - experimental,-0.536,-0.049,-0.267,-0.096,-0.947,0.002,-1.889,0.010272881614333,0.02132882159509,-0.0482413896332267,2.87629356844334,,,,0.6363636363636364,Miss Cut: DataGolf core; ARG weakness tag,Tier 1 - core,0.15,10.0,,,,False,False,False,False
"Lemke, Niklas",10418,-0.3423,-0.3658539367460462,0.3558718861209964,0.3601,0.3579859430604982,2.7770063871146906,2.793405773005461,0.3254147308355335,3.0730016352744824,Make Cut: DG anchor + putting overlay,Tier 2 - candidate,0.6399,0.6420140569395018,1.562744178777934,1.5575982942912914,0.6441281138790036,0.6441281138790036,1.5524861878453038,0.6452205405812688,1.5498576643253117,Miss Cut: DataGolf core; ARG weakness tag,Tier 1 - core,0.0017042608449159,586.7646393350882,0.0011521304224579,867.9572906916194,0.0003800807784973,2631.0196583830566,Winner: DG anchor + total SG overlay,Tier 4 - speculative,0.0104580451145819,95.62016505414272,0.0080201931922115,124.68527578252105,0.0028592897680737,349.73720088316713,Top 5: DG anchor + total SG overlay,Tier 3 - semi-core,0.0236336957628071,42.31246818255665,0.0193785735631292,51.60338539585055,0.0106998998745324,93.4588184680279,Top 10: DG anchor + putting overlay,Tier 2 - current-price / early value,0.0623404626815204,16.040946072356142,0.0530012567274106,18.867477145741542,0.0622766024453073,16.057394924172716,0.052946963373967,18.886824404582946,0.0389674508016294,25.66244338359911,Top 20: DG anchor + OTT overlay,Tier 3 - experimental,-0.367,-0.407,-0.045,-0.342,-1.16,-0.061,1.396,-0.1989050230176575,-0.06,-0.0033171722214024,2.87869710394645,,,,0.6441281138790036,Miss Cut: DataGolf core; ARG weakness tag,Tier 1 - core,0.15,10.0,,,,False,False,False,False
"Schmidt, Ben",27258,-0.3691,-0.3921742389091176,0.3484320557491289,0.34225,0.3453410278745644,2.9218407596785974,2.8956883755011646,0.3459543824423001,2.890554508777713,Make Cut: DG anchor + putting overlay,Tier 2 - candidate,0.6577500000000001,0.6546589721254356,1.5203344735841884,1.527512861778049,0.6515679442508711,0.6515679442508711,1.5347593582887702,0.7042289923396071,1.4199926598843582,Miss Cut: DataGolf core; ARG weakness tag,Tier 1 - core,0.0012530594817467,798.0467125199741,0.0009015297408733,1109.2257467082711,0.0003505683650957,2852.510664294456,Winner: DG anchor + total SG overlay,Tier 4 - speculative,0.0088406668860687,113.11363869798316,0.0072001548716057,138.88590146075333,0.0028785584004378,347.3961132238542,Top 5: DG anchor + total SG overlay,Tier 3 - semi-core,0.0226562741325023,44.13788402063053,0.0186904984779875,53.5031209134274,0.0133259300175162,75.04166678689975,Top 10: DG anchor + putting overlay,Tier 2 - current-price / early value,0.0579477762639084,17.256917598455424,0.0500231905193816,19.990728092654283,0.058707030280702,17.033735060666437,0.0506786135706769,19.732189370283173,0.0397926515000553,25.13026808476456,Top 20: DG anchor + OTT overlay,Tier 3 - experimental,-0.512,-0.17,-0.387,-0.063,-1.132,-0.005,-1.456,-0.012660088953722,-0.0178473250807368,-0.104579318798543,2.89948121273522,,,,0.6515679442508711,Miss Cut: DataGolf core; ARG weakness tag,Tier 1 - core,0.15,10.0,,,,False,False,False,False
"Robinson Thompson, Brandon",24497,-0.37765,-0.382793063839123,0.3759398496240601,0.3498,0.36286992481203,2.858776443682104,2.755808436089073,0.3724376965636214,2.685012847052596,Make Cut: DG anchor + putting overlay,Tier 2 - candidate,0.6502,0.6371300751879699,1.5379883112888342,1.569538213535084,0.6240601503759399,0.6240601503759399,1.6024096385542168,0.6248537625554385,1.600374455473136,Miss Cut: DataGolf core; ARG weakness tag,Tier 1 - core,0.0012086685007994,827.3567147141935,0.0010043342503997,995.6844542561178,0.0005334648088989,1874.5378951310315,Winner: DG anchor + total SG overlay,Tier 4 - speculative,0.0095992778148434,104.1745034666766,0.0079757863941941,125.379486181818,0.0035586864524879,281.0025590484029,Top 5: DG anchor + total SG overlay,Tier 3 - semi-core,0.0212919060552313,46.96620384318785,0.0194911721834598,51.30527761940346,0.0158848117065485,62.9532171028348,Top 10: DG anchor + putting overlay,Tier 2 - current-price / early value,0.0577483336088576,17.316516988580553,0.0540988108178228,18.484694670415028,0.0584131198779241,17.11944169545934,0.0547215845734797,18.27432461604264,0.0465600443384299,21.477642777384872,Top 20: DG anchor + OTT overlay,Tier 3 - experimental,-0.543,-0.27,-0.043,-0.072,-0.928,0.014,-3.574,0.0508044593438625,0.0511583669275236,-0.0639071405994271,2.85951099382234,,,,0.6240601503759399,Miss Cut: DataGolf core; ARG weakness tag,Tier 1 - core,0.15,10.0,,,,False,False,False,False
"Sterne, Richard",7049,-0.38375,-0.3752937436714296,0.3236245954692557,0.35245,0.3380372977346279,2.8372818839551712,2.9582534433375987,0.291146068826208,3.434702051900016,Make Cut: DG anchor + putting overlay,Tier 2 - candidate,0.6475500000000001,0.6619627022653721,1.54428229480349,1.5106591301561174,0.6763754045307443,0.6763754045307443,1.4784688995215312,0.6923600295363465,1.4443352552712656,Miss Cut: DataGolf core; ARG weakness tag,Tier 1 - core,0.0008592880512386,1163.7541084838017,0.0006296440256193,1588.1989811884598,0.0002477264742735,4036.710258492344,Winner: DG anchor + total SG overlay,Tier 4 - speculative,0.0082278107967241,121.53901258864012,0.0059250760332826,168.7742054925113,0.0017827261076673,560.9386633757512,Top 5: DG anchor + total SG overlay,Tier 3 - semi-core,0.0204659286834222,48.86169669935472,0.0154562089905807,64.69891812471059,0.0071379568050764,140.0961125582624,Top 10: DG anchor + putting overlay,Tier 2 - current-price / early value,0.0571002838612725,17.51304778851083,0.0446197311377254,22.4116097184304,0.0572335060753815,17.47228273387467,0.044723834637273,22.3594422998469,0.0298051417399944,33.551257991775834,Top 20: DG anchor + OTT overlay,Tier 3 - experimental,-0.49,-0.247,-0.145,-0.38,-1.262,0.049,-9.559,0.1750036810411505,0.165622816821596,-0.086626263083122,2.82066832276128,,,,0.6763754045307443,Miss Cut: DataGolf core; ARG weakness tag,Tier 1 - core,0.15,10.0,,,,False,False,False,False
"Mazzoli, Stefano",20844,-0.42335,-0.4319214179260882,0.3891050583657587,0.3192,0.3541525291828793,3.1328320802005014,2.8236421247852053,0.3959865878450752,2.525338056124359,Make Cut: DG anchor + putting overlay,Tier 2 - candidate,0.6808000000000001,0.6458474708171207,1.4688601645123385,1.548353202861983,0.6108949416342413,0.6108949416342413,1.6369426751592355,0.6080746605872206,1.6445348981230286,Miss Cut: DataGolf core; ARG weakness tag,Tier 1 - core,0.0006890862426859,1451.197162349575,0.0006945431213429,1439.795412653978,0.00046625997661,2144.7262260648063,Winner: DG anchor + total SG overlay,Tier 4 - speculative,0.0073848443646178,135.41246783631473,0.0071466516796633,139.92566656713078,0.0038632757542768,258.84768875039185,Top 5: DG anchor + total SG overlay,Tier 3 - semi-core,0.0196418343833718,50.91174176921939,0.0194190996111183,51.49569341657093,0.0187844416535417,53.23554558841279,Top 10: DG anchor + putting overlay,Tier 2 - current-price / early value,0.0522220454392065,19.14900099353892,0.0524006274204579,19.083740963177583,0.0518718080688982,19.27829465037655,0.0520491923551346,19.21259398564616,0.0481239545001711,20.77967221077901,Top 20: DG anchor + OTT overlay,Tier 3 - experimental,-0.632,-0.305,-0.021,0.026,-0.933,-0.046,1.027,-0.1491776885425584,-0.06,0.046731754640838,2.85732126368805,,,,0.6108949416342413,Miss Cut: DataGolf core; ARG weakness tag,Tier 1 - core,0.15,10.0,,,,False,False,False,False
"Veerman, Johannes",20522,-0.4157000000000001,-0.4162723835951558,0.3623188405797102,0.3366,0.3494594202898551,2.9708853238265003,2.86156257905585,0.3764342942441178,2.656506102899061,Make Cut: DG anchor + putting overlay,Tier 2 - candidate,0.6634,0.6505405797101449,1.507386192342478,1.5371831230659898,0.6376811594202898,0.6376811594202898,1.5681818181818183,0.6583486665351957,1.5189519639537985,Miss Cut: DataGolf core; ARG weakness tag,Tier 1 - core,0.0008592880512386,1163.7541084838017,0.0007879773589526,1269.0719963441643,0.0004611778197619,2168.3610033896566,Winner: DG anchor + total SG overlay,Tier 4 - speculative,0.007899191577339,126.59523322219091,0.006874235338934,145.4707252072436,0.0030793860634302,324.740055128408,Top 5: DG anchor + total SG overlay,Tier 3 - semi-core,0.0197386866874944,50.661931861634834,0.017678907136436,56.564582430494966,0.016271594001198,61.45679396415433,Top 10: DG anchor + putting overlay,Tier 2 - current-price / early value,0.0511287106503005,19.55848264665992,0.0480443365462712,20.814107798885004,0.0511209510174742,19.561451422493647,0.0480370450185514,20.817267165659523,0.0392253166946935,25.49373935673744,Top 20: DG anchor + OTT overlay,Tier 3 - experimental,-0.515,-0.501,-0.169,0.097,-1.089,-0.056,-1.096,-0.1793282692687778,0.152411185291097,0.0486994203358363,2.86720621282197,,,,0.6376811594202898,Miss Cut: DataGolf core; ARG weakness tag,Tier 1 - core,0.15,10.0,,,,False,False,False,False
"Jamieson, Scott",11397,-0.46075,-0.4444991480439064,0.3311258278145695,0.3267,0.3289129139072848,3.0609121518212428,3.0403184481892485,0.3303884529561746,3.026740163139564,Make Cut: DG anchor + putting overlay,Tier 2 - candidate,0.6733,0.6710870860927152,1.4852220406950838,1.4901195697600464,0.6688741721854304,0.6688741721854304,1.495049504950495,0.6778421470715912,1.4752697280925846,Miss Cut: DataGolf core; ARG weakness tag,Tier 1 - core,0.0009023487966415,1108.2189101618585,0.000659507731654,1516.2824512942857,0.0002705560967166,3696.091169763171,Winner: DG anchor + total SG overlay,Tier 4 - speculative,0.0067340629581347,148.49876014182564,0.0054495017171625,183.50301585383832,0.0022266504933719,449.105058461882,Top 5: DG anchor + total SG overlay,Tier 3 - semi-core,0.0194966066358746,51.29097686978789,0.0157421789793129,63.52360758406535,0.0110125061256684,90.80585187318596,Top 10: DG anchor + putting overlay,Tier 2 - current-price / early value,0.0498374662590173,20.065225523359427,0.0423198632956388,23.62956593253108,0.050147354380004,19.941231444080792,0.0425830071490791,23.48354583083089,0.0328832438293259,30.41062509496641,Top 20: DG anchor + OTT overlay,Tier 3 - experimental,-0.734,-0.171,-0.097,-0.046,-1.048,-0.004,-4.289,-0.0057878466178801,0.136761852817346,0.0499577198850711,2.87447000602444,,,,0.6688741721854304,Miss Cut: DataGolf core; ARG weakness tag,Tier 1 - core,0.15,10.0,,,,False,False,False,False
"Schneider, Marcel",12522,-0.44425,-0.4666185825643865,0.3333333333333333,0.3211,0.3272166666666666,3.114294612270321,3.0560790505781084,0.3332885555395783,3.0004030542874403,Make Cut: DG anchor + putting overlay,Tier 2 - candidate,0.6789000000000001,0.6727833333333333,1.4729709824716453,1.4863626229345754,0.6666666666666667,0.6666666666666667,1.4999999999999998,0.6684932893501967,1.4959013290500518,Miss Cut: DataGolf core; ARG weakness tag,Tier 1 - core,0.0006890862426859,1451.197162349575,0.0005695431213429,1755.7933061187748,0.000290269804163,3445.0707088992463,Winner: DG anchor + total SG overlay,Tier 4 - speculative,0.006687751293009,149.5270915719218,0.0056427843766632,177.217475141472,0.0024300477831625,411.5145417834331,Top 5: DG anchor + total SG overlay,Tier 3 - semi-core,0.0184335001373953,54.24905701827839,0.0157042798306024,63.67690914748817,0.0119934430636735,83.3788925074282,Top 10: DG anchor + putting overlay,Tier 2 - current-price / early value,0.0497878223080079,20.08523276663093,0.0434337767513695,23.023556199691228,0.0493536876656157,20.26191045287768,0.0430550474504363,23.22608054610017,0.0334416352220177,29.902843965644536,Top 20: DG anchor + OTT overlay,Tier 3 - experimental,-0.627,-0.362,-0.05,-0.039,-1.078,-0.01,-3.987,-0.0279510411848476,0.0202532771150863,-0.10293071150828,2.87675670513109,,,,0.6666666666666667,Miss Cut: DataGolf core; ARG weakness tag,Tier 1 - core,0.15,10.0,,,,False,False,False,False
"Premlall, Yurav",25890,-0.43315,-0.4368033469422224,0.3355704697986577,0.3284,0.3319852348993288,3.045066991473812,3.012182154134776,0.339524343320538,2.9452969122037898,Make Cut: DG anchor + putting overlay,Tier 2 - candidate,0.6716,0.6680147651006711,1.4889815366289458,1.4969728997671152,0.6644295302013423,0.6644295302013423,1.505050505050505,0.6736113689500604,1.4845355142367516,Miss Cut: DataGolf core; ARG weakness tag,Tier 1 - core,0.0006890862426859,1451.197162349575,0.0005612097880096,1781.8648593898686,0.000275833744195,3625.3722434079327,Winner: DG anchor + total SG overlay,Tier 4 - speculative,0.0064103849122028,155.99687283932005,0.0051996534349373,192.3205099172242,0.0020596393418834,485.5218968023583,Top 5: DG anchor + total SG overlay,Tier 3 - semi-core,0.0173738545876127,57.55775121503457,0.0144356018368559,69.27317692060986,0.0110099126404676,90.82724201865447,Top 10: DG anchor + putting overlay,Tier 2 - current-price / early value,0.0496885387325052,20.125365436553267,0.0423300581376663,23.623874948335445,0.0499218332954026,20.031315638644443,0.0425288036162527,23.513475926180107,0.0305107804170584,32.77530060951517,Top 20: DG anchor + OTT overlay,Tier 3 - experimental,-0.544,-0.497,-0.098,0.001,-1.138,-0.009,-6.927,-0.017885439660009,-0.06,0.0056759851188923,2.83938439999073,,,,0.6644295302013423,Miss Cut: DataGolf core; ARG weakness tag,Tier 1 - core,0.15,10.0,,,,False,False,False,False
"Hoshino, Rikuya",19190,-0.41035,-0.4038867123001557,0.3558718861209964,0.3363,0.3460859430604982,2.9735355337496285,2.889455697497638,0.3655161007477041,2.735857594109775,Make Cut: DG anchor + putting overlay,Tier 2 - candidate,0.6637,0.6539140569395018,1.5067048365225253,1.5292529490500264,0.6441281138790036,0.6441281138790036,1.5524861878453038,0.6557673980532974,1.5249309480291138,Miss Cut: DataGolf core; ARG weakness tag,Tier 1 - core,0.0007737609696956,1292.3887856392032,0.0006118804848478,1634.306085523685,0.0002925900457945,3417.751267937161,Winner: DG anchor + total SG overlay,Tier 4 - speculative,0.007198455705154,138.91868491793414,0.0058870353922595,169.86478479725716,0.0024521250592139,407.80954309099104,Top 5: DG anchor + total SG overlay,Tier 3 - semi-core,0.0186265399576325,53.68683621727778,0.016246004767176,61.55359513499774,0.0139234144520895,71.82146329415093,Top 10: DG anchor + putting overlay,Tier 2 - current-price / early value,0.0491425826372965,20.348950875875524,0.0449807206148422,22.231746986953137,0.050299322323094,19.88098355633051,0.046039496565121,21.720480774274748,0.0359813755412985,27.792155940570545,Top 20: DG anchor + OTT overlay,Tier 3 - experimental,-0.528,-0.457,-0.112,0.055,-1.042,-0.005,-4.254,-0.0102411722537937,0.120127313114872,0.0074051963474004,2.81926691228711,,,,0.6441281138790036,Miss Cut: DataGolf core; ARG weakness tag,Tier 1 - core,0.15,10.0,,,,False,False,False,False
"Forrest, Grant",16475,-0.4083,-0.4565621309359596,0.3558718861209964,0.3203,0.3380859430604982,3.1220730565095227,2.957827796528816,0.3569537735821297,2.8014832003727643,Make Cut: DG anchor + putting overlay,Tier 2 - candidate,0.6797,0.6619140569395018,1.4712373105781964,1.5107701513754055,0.6441281138790036,0.6441281138790036,1.5524861878453038,0.6581081867446654,1.5195070052942263,Miss Cut: DataGolf core; ARG weakness tag,Tier 1 - core,0.0007313121434161,1367.405162081371,0.0006323227383747,1581.4708839513592,0.0003432680160107,2913.175575229132,Winner: DG anchor + total SG overlay,Tier 4 - speculative,0.007151913988886,139.82271061340904,0.0060273227351837,165.91114229915573,0.0025814280616941,387.38247826427215,Top 5: DG anchor + total SG overlay,Tier 3 - semi-core,0.0179514032708279,55.70595150213459,0.0162153655363278,61.669901782951776,0.0135142764229215,73.99582254392092,Top 10: DG anchor + putting overlay,Tier 2 - current-price / early value,0.0488448627231573,20.472982095738384,0.0456941275126498,21.88465026984404,0.0487820048822779,20.49936246805,0.0456353243133739,21.91284964106061,0.0380027249891457,26.31390249740297,Top 20: DG anchor + OTT overlay,Tier 3 - experimental,-0.531,-0.403,-0.127,-0.028,-1.088,-0.074,2.979,-0.2458305398902038,0.145223966513808,-0.154701376363148,2.88587642966301,,,,0.6441281138790036,Miss Cut: DataGolf core; ARG weakness tag,Tier 1 - core,0.15,10.0,,,,False,False,False,False
"Frittelli, Dylan",11955,-0.42065,-0.4643561619736307,0.3257328990228013,0.31845,0.3220914495114007,3.140210394096405,3.104708310378802,0.3127672929570917,3.197265259245599,Make Cut: DG anchor + putting overlay,Tier 2 - candidate,0.68155,0.6779085504885993,1.4672437825544715,1.4751252204729604,0.6742671009771987,0.6742671009771987,1.4830917874396137,0.6554300076211196,1.5257159244653686,Miss Cut: DataGolf core; ARG weakness tag,Tier 1 - core,0.0009023487966415,1108.2189101618585,0.0006178410649874,1618.5392274311291,0.0002126930903279,4701.6101861046,Winner: DG anchor + total SG overlay,Tier 4 - speculative,0.0073848443646178,135.41246783631473,0.0056086655685522,178.29552997543513,0.0019872022174491,503.2200503900692,Top 5: DG anchor + total SG overlay,Tier 3 - semi-core,0.0191096329882642,52.3296287591775,0.0151386076797983,66.05627288528306,0.0091767320137386,108.97125452752483,Top 10: DG anchor + putting overlay,Tier 2 - current-price / early value,0.0487952478670098,20.493798960207624,0.0408199741296051,24.497810724351712,0.0488714292344934,20.461852981663977,0.0408837041358203,24.45962324445665,0.0284041807259487,35.20608496503631,Top 20: DG anchor + OTT overlay,Tier 3 - experimental,-0.507,-0.532,0.084,-0.172,-1.127,-0.098,4.752,-0.3266718530739849,-0.0483489871124958,-0.0431076365530372,2.89409640804545,,,,0.6742671009771987,Miss Cut: DataGolf core; ARG weakness tag,Tier 1 - core,0.15,10.0,,,,False,False,False,False
"Willett, Danny",12920,-0.44895,-0.4444083813928622,0.3401360544217687,0.32715,0.3336430272108843,3.056701818737582,2.997215342276385,0.3506025296531108,2.852232700629424,Make Cut: DG anchor + putting overlay,Tier 2 - candidate,0.67285,0.6663569727891157,1.4862153526045925,1.5006971350721854,0.6598639455782314,0.6598639455782314,1.5154639175257731,0.6607783041861002,1.5133668791255626,Miss Cut: DataGolf core; ARG weakness tag,Tier 1 - core,0.0006890862426859,1451.197162349575,0.0006362097880096,1571.8085745402916,0.0003712418966179,2693.661488937989,Winner: DG anchor + total SG overlay,Tier 4 - speculative,0.0064103849122028,155.99687283932005,0.0055192049019888,181.1855181603524,0.0023891318189116,418.5620868988106,Top 5: DG anchor + total SG overlay,Tier 3 - semi-core,0.016557525494591,60.39549812722187,0.0144618835385413,69.14728619788517,0.012529584054146,79.8111091061398,Top 10: DG anchor + putting overlay,Tier 2 - current-price / early value,0.0483983820320924,20.66184773154008,0.0420798417079469,23.76434794932097,0.0489744127904434,20.418825730058227,0.0425806700851072,23.48483473842168,0.0302393475477198,33.06949656972351,Top 20: DG anchor + OTT overlay,Tier 3 - experimental,-0.536,-0.625,-0.044,0.065,-1.139,-0.028,-8.816,-0.0752709647783644,0.280431710827419,-0.0097643522819832,2.84662266966209,,,,0.6598639455782314,Miss Cut: DataGolf core; ARG weakness tag,Tier 1 - core,0.15,10.0,,,,False,False,False,False
"Senior, Jack",15115,-0.49765,-0.4697748072932887,0.3236245954692557,0.3258,0.3247122977346278,3.0693677102516883,3.0796492987070456,0.3207491211735663,3.1177014494729414,Make Cut: DG anchor + putting overlay,Tier 2 - candidate,0.6742,0.6752877022653722,1.483239394838327,1.4808503052037272,0.6763754045307443,0.6763754045307443,1.4784688995215312,0.67756970851768,1.4758629074308844,Miss Cut: DataGolf core; ARG weakness tag,Tier 1 - core,0.0007313121434161,1367.405162081371,0.0005739894050413,1742.1924363358924,0.0002549856843754,3921.788795512929,Winner: DG anchor + total SG overlay,Tier 4 - speculative,0.0054468126183638,183.5936115423736,0.0044091205948961,226.80259668051613,0.0016248624772765,615.4366994037101,Top 5: DG anchor + total SG overlay,Tier 3 - semi-core,0.0157912899885743,63.3260487726805,0.0128174141741813,78.01885672184517,0.0088681441077727,112.76316530800588,Top 10: DG anchor + putting overlay,Tier 2 - current-price / early value,0.0475553576963977,21.028124872578733,0.039449632057027,25.34877888225759,0.0477712736212527,20.933082252073664,0.0396287454987797,25.23420783105012,0.0267774407963585,37.34486830182771,Top 20: DG anchor + OTT overlay,Tier 3 - experimental,-0.62,-0.581,-0.046,-0.068,-1.316,0.02,-12.717,0.0881027979615783,0.090384275758715,0.0727284956130885,2.82073052816797,,,,0.6763754045307443,Miss Cut: DataGolf core; ARG weakness tag,Tier 1 - core,0.15,10.0,,,,False,False,False,False
"Wu, Ashun",11763,-0.4611499999999999,-0.4408077841812165,0.3745318352059925,0.31865,0.3465909176029962,3.138239447669857,2.8852458307792515,0.3991873274017064,2.5050895440718475,Make Cut: DG anchor + putting overlay,Tier 2 - candidate,0.68135,0.6534090823970038,1.467674469802598,1.530434802545967,0.6254681647940075,0.6254681647940075,1.598802395209581,0.6051294569119009,1.6525389543969715,Miss Cut: DataGolf core; ARG weakness tag,Tier 1 - core,0.0006470943940029,1545.3695925472584,0.0006652138636681,1503.2759457022942,0.0004567706476868,2189.2825317567945,Winner: DG anchor + total SG overlay,Tier 4 - speculative,0.005082925539633,196.73709406181823,0.0054718496745784,182.7535585719553,0.0032969280471886,303.31265520116773,Top 5: DG anchor + total SG overlay,Tier 3 - semi-core,0.0143127671505832,69.86769151479209,0.015224912014445,65.68182456826162,0.0183030296601785,54.63576350835921,Top 10: DG anchor + putting overlay,Tier 2 - current-price / early value,0.0437919700657735,22.835236654072524,0.0452806888707156,22.084469669955247,0.0443044485433014,22.57109687354845,0.0458105891802706,21.82901416231232,0.040192992504055,24.87995886096591,Top 20: DG anchor + OTT overlay,Tier 3 - experimental,-0.633,-0.564,0.086,0.194,-0.917,0.016,-11.982,0.0723114528357683,0.0646924436939284,0.0493822417525507,2.75361109704781,,,,0.6254681647940075,Miss Cut: DataGolf core; ARG weakness tag,Tier 1 - core,0.15,10.0,,,,False,False,False,False
"Paratore, Renato",16549,-0.52585,-0.5236883420568883,0.3676470588235294,0.30215,0.3348985294117647,3.3096144299189145,2.9859790717996235,0.3887285031644774,2.57248951867284,Make Cut: DG anchor + putting overlay,Tier 2 - candidate,0.6978500000000001,0.6651014705882353,1.4329727018700291,1.5035299788400265,0.6323529411764706,0.6323529411764706,1.5813953488372094,0.6345856319494415,1.5758314554459874,Miss Cut: DataGolf core; ARG weakness tag,Tier 1 - core,0.0005226544628749,1913.309980171835,0.0006029938981041,1658.3915743494244,0.0004352754811321,2297.3956571113263,Winner: DG anchor + total SG overlay,Tier 4 - speculative,0.0059960078042753,166.77763482678722,0.0063703947751535,156.9761428130489,0.0034892726458531,286.59268033653353,Top 5: DG anchor + total SG overlay,Tier 3 - semi-core,0.0151225530240137,66.12640064227638,0.0161965609035412,61.74150215934773,0.0190425270156733,52.51403866603047,Top 10: DG anchor + putting overlay,Tier 2 - current-price / early value,0.0428525630305274,23.33582706097687,0.0455402429704751,21.958600454730195,0.0431709871542217,23.1637047452182,0.0458786384113819,21.796636400436697,0.0421715478809816,23.712670040526923,Top 20: DG anchor + OTT overlay,Tier 3 - experimental,-0.752,-0.493,-0.052,0.162,-1.135,-0.054,-2.767,-0.1680216351705768,0.125876204195238,0.063350056252037,2.90185738976934,,,,0.6323529411764706,Miss Cut: DataGolf core; ARG weakness tag,Tier 1 - core,0.15,10.0,,,,False,False,False,False
"Siem, Marcel",6950,-0.5431,-0.546006889066145,0.2762430939226519,0.29995,0.2880965469613259,3.333888981496916,3.47105861055058,0.2596330875234782,3.8515892159144456,Make Cut: DG anchor + putting overlay,Tier 2 - candidate,0.7000500000000001,0.7119034530386741,1.428469395043211,1.4046848568181831,0.7237569060773481,0.7237569060773481,1.381679389312977,0.7495178772060851,1.3341909918514767,Miss Cut: DataGolf core; ARG weakness tag,Tier 1 - core,0.0007737609696956,1292.3887856392032,0.0005702138181811,1753.7281070981303,0.0002112373982457,4734.010209862116,Winner: DG anchor + total SG overlay,Tier 4 - speculative,0.0051737217510542,193.2844571311216,0.0041143542617704,243.05150611160087,0.0013248107037217,754.8248192671679,Top 5: DG anchor + total SG overlay,Tier 3 - semi-core,0.0144554862821853,69.1778872380363,0.0116075414215159,86.15088791726242,0.0068472039584194,146.04501429672993,Top 10: DG anchor + putting overlay,Tier 2 - current-price / early value,0.0408274807144116,24.49330653034906,0.0330317850440005,30.27387102053169,0.0407921122718185,24.51454323660645,0.0330031699354355,30.30011971444896,0.0224519783634783,44.53950488508657,Top 20: DG anchor + OTT overlay,Tier 3 - experimental,-0.716,-0.414,-0.23,-0.228,-1.589,0.002,-7.766,0.0137504014500322,0.271760820026885,-0.0893498510624624,2.98640592651596,,,,0.7237569060773481,Miss Cut: DataGolf core; ARG weakness tag,Tier 1 - core,0.15,10.0,,,,False,False,False,False
"Kruyswijk, Jacques",16896,-0.46865,-0.4733955348791486,0.3246753246753247,0.31115,0.3179126623376623,3.213883978788366,3.145517994303344,0.3419142727621421,2.924709728908174,Make Cut: DG anchor + putting overlay,Tier 2 - candidate,0.68885,0.6820873376623376,1.4516948537417436,1.466087911010368,0.6753246753246753,0.6753246753246753,1.4807692307692308,0.6704303602629444,1.4915792292100218,Miss Cut: DataGolf core; ARG weakness tag,Tier 1 - core,0.0006470943940029,1545.3695925472584,0.0004568805303347,2188.7559955054912,0.0001729988491472,5780.38527382723,Winner: DG anchor + total SG overlay,Tier 4 - speculative,0.0046758547544745,213.8646413349446,0.0039908903402002,250.5706533519602,0.001764300025567,566.7970217699215,Top 5: DG anchor + total SG overlay,Tier 3 - semi-core,0.0133633991818428,74.83126010025396,0.0112749210916429,88.69241672486835,0.0099056187009123,100.95280569480148,Top 10: DG anchor + putting overlay,Tier 2 - current-price / early value,0.0404326791725283,24.732469390241206,0.0353251573194569,28.30843726913016,0.0412134250115203,24.26393826090576,0.0360072780730983,27.77216311574292,0.0259456294932318,38.542136750270735,Top 20: DG anchor + OTT overlay,Tier 3 - experimental,-0.621,-0.56,-0.006,0.135,-1.052,-0.007,-9.601,-0.006253835283812,0.0566588586468675,-0.0347654714155538,2.7657947693081,,,,0.6753246753246753,Miss Cut: DataGolf core; ARG weakness tag,Tier 1 - core,0.15,10.0,,,,False,False,False,False
"Cantero Gutierrez, Ivan",19635,-0.5153000000000001,-0.5472218124068998,0.3048780487804878,0.28755,0.2962140243902439,3.4776560598156845,3.3759373887124298,0.2848556174453875,3.5105503938033444,Make Cut: DG anchor + putting overlay,Tier 2 - candidate,0.71245,0.7037859756097561,1.4036072706856622,1.4208865118882283,0.6951219512195121,0.6951219512195121,1.4385964912280702,0.7041269116427469,1.4201985231142116,Miss Cut: DataGolf core; ARG weakness tag,Tier 1 - core,0.0010326294498411,968.4015889279704,0.0006996480582538,1429.2900383311412,0.0002246334391973,4451.696967170492,Winner: DG anchor + total SG overlay,Tier 4 - speculative,0.0056751681004778,176.20623429917413,0.004362898203678,229.2054394386201,0.0014729427614023,678.9130074871064,Top 5: DG anchor + total SG overlay,Tier 3 - semi-core,0.0140275711344861,71.28817885952786,0.0118307546629621,84.52546168763374,0.0073599814933365,135.86990686122817,Top 10: DG anchor + putting overlay,Tier 2 - current-price / early value,0.0374260862962884,26.719331326374085,0.0329052454134714,30.390291500169084,0.0377409408454013,26.49642477373077,0.0331820674708484,30.136759889314675,0.0269348167916063,37.12666797539261,Top 20: DG anchor + OTT overlay,Tier 3 - experimental,-0.803,-0.153,-0.1,-0.254,-1.311,-0.087,8.089,-0.2951062892670271,-0.0704559878889949,0.0055580795712642,2.92995800886338,,,,0.6951219512195121,Miss Cut: DataGolf core; ARG weakness tag,Tier 1 - core,0.15,10.0,,,,False,False,False,False
"Larrazabal, Pablo",9133,-0.577,-0.5466905021587025,0.2849002849002849,0.2858,0.2853501424501424,3.4989503149055285,3.50446644747943,0.2766440525009788,3.61475329384304,Make Cut: DG anchor + putting overlay,Tier 2 - candidate,0.7142,0.7146498575498575,1.4001680201624196,1.3992866428721495,0.7150997150997151,0.7150997150997151,1.398406374501992,0.7088360747659045,1.4107634128670066,Miss Cut: DataGolf core; ARG weakness tag,Tier 1 - core,0.0005638637935386,1773.477941763767,0.0003319318967693,3012.6661816263354,5.854426510719318e-05,17081.0923694921,Winner: DG anchor + total SG overlay,Tier 4 - speculative,0.0042713951525772,234.11554405043373,0.0031453404334314,317.9306091547727,0.0009003794226338,1110.6428855012996,Top 5: DG anchor + total SG overlay,Tier 3 - semi-core,0.0129847038910772,77.013693064435,0.0101092951874818,98.91886441680748,0.0061675363902663,162.13929464254176,Top 10: DG anchor + putting overlay,Tier 2 - current-price / early value,0.0365894121779028,27.33031061384262,0.0306934484563334,32.58024269976267,0.0365869200817294,27.332172201599843,0.0306913579328488,32.58246188350317,0.0207074950871121,48.29169321509951,Top 20: DG anchor + OTT overlay,Tier 3 - experimental,-0.722,-0.67,0.006,-0.13,-1.516,-0.037,-9.242,-0.1039624860820881,0.310291798586427,0.125955782600925,2.8461671507956,,,,0.7150997150997151,Miss Cut: DataGolf core; ARG weakness tag,Tier 1 - core,0.15,10.0,,,,False,False,False,False
"Hoffman, Charley",5768,-0.4598,-0.5761021734200458,0.2150537634408602,0.2841,0.2495768817204301,3.5198873636043646,4.006781369759141,0.1757012353807671,5.691479617846007,Make Cut: DG anchor + putting overlay,Tier 2 - candidate,0.7159,0.7504231182795699,1.396843134515994,1.3325815471844915,0.7849462365591398,0.7849462365591398,1.273972602739726,0.8105991135929026,1.2336554324215778,Miss Cut: DataGolf core; ARG weakness tag,Tier 1 - core,0.0002438269285181,4101.269724708028,0.0002135801309257,4682.083467529023,0.0001027790281423,9729.611362102003,Winner: DG anchor + total SG overlay,Tier 4 - speculative,0.0048112643049637,207.8455758434021,0.0031096450493072,321.58011095921705,0.0005818493445189,1718.6579471473694,Top 5: DG anchor + total SG overlay,Tier 3 - semi-core,0.012182069657951,82.08785765293287,0.0082967860916017,120.52859853916507,0.0024735274938735,404.28093177731546,Top 10: DG anchor + putting overlay,Tier 2 - current-price / early value,0.0341809815644697,29.25603520524623,0.0238565691251882,41.91717571594066,0.0348903151873724,28.661248676879868,0.0243516475528126,41.06498329656128,0.0123632347484883,80.88498037475733,Top 20: DG anchor + OTT overlay,Tier 3 - experimental,-0.54,-0.304,-0.268,-0.6,-1.712,-0.022,-2.274,-0.075851465584272,-0.06,-0.528585134308093,2.96557803994045,,,,0.7849462365591398,Miss Cut: DataGolf core; ARG weakness tag,Tier 1 - core,0.15,10.0,,,,False,False,False,False
"Donald, Luke",4163,-0.5755,-0.5619715342644133,0.2617801047120419,0.2765,0.2691400523560209,3.6166365280289328,3.715537658724948,0.2628658291618821,3.804222112810884,Make Cut: DG anchor + putting overlay,Tier 2 - candidate,0.7235,0.730859947643979,1.38217000691085,1.3682511994584303,0.7382198952879582,0.7382198952879582,1.354609929078014,0.7167992854546906,1.3950906764167117,Miss Cut: DataGolf core; ARG weakness tag,Tier 1 - core,0.00032147009922,3110.709215028495,0.0002774017162766,3604.880364195662,0.0001337076557209,7479.003312175837,Winner: DG anchor + total SG overlay,Tier 4 - speculative,0.0032073237955932,311.78641875010294,0.002403483326368,416.0627989506938,0.000686892186829,1455.8325442837966,Top 5: DG anchor + total SG overlay,Tier 3 - semi-core,0.0090033624817784,111.0696144939031,0.0070798738815818,141.24545390582244,0.0048217064045988,207.3954563152608,Top 10: DG anchor + putting overlay,Tier 2 - current-price / early value,0.0312386408719642,32.0116359766942,0.024793842326129,40.33259495831144,0.0311704769482941,32.08163935568928,0.0247397412023723,40.42079469708072,0.0134991126679381,74.07894315713837,Top 20: DG anchor + OTT overlay,Tier 3 - experimental,-0.529,-1.175,0.118,-0.026,-1.613,-0.019,-18.378,-0.0293813894311678,0.271048788006989,0.0145708263917703,2.77717653674134,,,,0.7382198952879582,Miss Cut: DataGolf core; ARG weakness tag,Tier 1 - core,0.15,10.0,,,,False,False,False,False
"Ding, Wenyi",26193,-0.59335,-0.6253625631300874,0.3311258278145695,0.26615,0.2986379139072848,3.7572797294758593,3.3485366506761105,0.3488351206817286,2.866683830589361,Make Cut: DG anchor + putting overlay,Tier 2 - candidate,0.73385,0.7013620860927152,1.3626762962458268,1.425797059506018,0.6688741721854304,0.6688741721854304,1.495049504950495,0.6640854904266181,1.5058302197772542,Miss Cut: DataGolf core; ARG weakness tag,Tier 1 - core,0.0001683995120062,5938.259488321474,0.0003008664226697,3323.734137981658,0.0002750418365664,3635.810509715941,Winner: DG anchor + total SG overlay,Tier 4 - speculative,0.0031197193810753,320.541650658114,0.0036414221905376,274.6179782719305,0.0021389301202536,467.52345508203126,Top 5: DG anchor + total SG overlay,Tier 3 - semi-core,0.0101656272385194,98.3707130447212,0.0108001648097359,92.59117963630877,0.0123579071762787,80.91985040311052,Top 10: DG anchor + putting overlay,Tier 2 - current-price / early value,0.0302596161799332,33.04734581078897,0.0323362253070088,30.925069036528868,0.0299165239868611,33.426343262311576,0.0319695879250181,31.279727544359133,0.0312978962850151,31.95102926067216,Top 20: DG anchor + OTT overlay,Tier 3 - experimental,-0.954,-0.327,-0.007,0.138,-1.151,-0.02,-1.213,-0.0635744268167465,-0.06,-0.113275602242064,2.87365995698502,,,,0.6688741721854304,Miss Cut: DataGolf core; ARG weakness tag,Tier 1 - core,0.15,10.0,,,,False,False,False,False
"Lee, Junghwan",13498,-0.6486999999999999,-0.6610388011203596,0.2624671916010498,0.25685,0.2596585958005249,3.893322951138797,3.85121084444368,0.2509980357682513,3.9840949230507454,Make Cut: DG anchor + putting overlay,Tier 2 - candidate,0.74315,0.740341404199475,1.34562336002153,1.3507281834132885,0.7375328083989501,0.7375328083989501,1.3558718861209966,0.7381873740457164,1.3546696071478317,Miss Cut: DataGolf core; ARG weakness tag,Tier 1 - core,0.0005226544628749,1913.309980171835,0.0003363272314374,2973.2947752281502,8.677463488968841e-05,11524.104956145797,Winner: DG anchor + total SG overlay,Tier 4 - speculative,0.0034711868154316,288.0859063978784,0.002631942614065,379.9474937850178,0.0007827596794356,1277.531311680446,Top 5: DG anchor + total SG overlay,Tier 3 - semi-core,0.008633175778424,115.83222972236813,0.0072442706693947,138.04012103312874,0.0048043741102666,208.1436576437841,Top 10: DG anchor + putting overlay,Tier 2 - current-price / early value,0.0265967275652643,37.59861048868334,0.0237607622175306,42.08619196829484,0.0271633427040886,36.81432034686505,0.0242669601153517,41.20829289068556,0.0187118631314154,53.44203262801193,Top 20: DG anchor + OTT overlay,Tier 3 - experimental,-0.962,-0.392,-0.043,-0.173,-1.57,0.008,-10.029,0.0430819445674093,-0.06,-0.0682349778855029,2.90586669041705,,,,0.7375328083989501,Miss Cut: DataGolf core; ARG weakness tag,Tier 1 - core,0.15,10.0,,,,False,False,False,False
"Naidoo, Dylan",19429,-0.7903000000000001,-0.8046132919648343,0.1724137931034483,0.219,0.1957068965517241,4.566210045662101,5.109681966346578,0.1499317904187488,6.669699582770748,Make Cut: DG anchor + putting overlay,Tier 2 - candidate,0.781,0.8042931034482759,1.2804097311139564,1.243327831250402,0.8275862068965517,0.8275862068965517,1.2083333333333333,0.8326525408667522,1.2009811426973451,Miss Cut: DataGolf core; ARG weakness tag,Tier 1 - core,0.000131746720798,7590.321747231646,7.420669373236528e-05,13475.87326295134,8.348079409932657e-06,119788.03158127444,Winner: DG anchor + total SG overlay,Tier 4 - speculative,0.0018305063270977,546.2969371897864,0.0012306896714853,812.5525249538123,0.0002140141124927,4672.589056639714,Top 5: DG anchor + total SG overlay,Tier 3 - semi-core,0.0058881289637522,169.8332366964231,0.0038922832769698,256.91860762469884,0.0012575972162558,795.1671545339701,Top 10: DG anchor + putting overlay,Tier 2 - current-price / early value,0.019317189144736,51.76736597169487,0.012925158610182,77.3684896378938,0.0191894566445513,52.11194972964177,0.0128396926134372,77.88348444988941,0.0054201634928567,184.49627973730125,Top 20: DG anchor + OTT overlay,Tier 3 - experimental,-1.034,-0.686,-0.09,-0.411,-2.221,-0.04,-6.454,-0.120566773338209,0.0750245332359325,-0.0300392064640498,2.98068090099957,,,,0.8275862068965517,Miss Cut: DataGolf core; ARG weakness tag,Tier 1 - core,0.15,10.0,,,,False,False,False,False
"Johnston, Ryggs",32449,-0.8310000000000001,-0.8718306984631283,0.1700680272108843,0.20795,0.1890090136054421,4.80884828083674,5.290752969525083,0.1597004716257769,6.261722271824476,Make Cut: DG anchor + putting overlay,Tier 2 - candidate,0.79205,0.8109909863945578,1.2625465564042673,1.2330593271396568,0.8299319727891157,0.8299319727891157,1.2049180327868851,0.8584517499230833,1.164887834510908,Miss Cut: DataGolf core; ARG weakness tag,Tier 1 - core,0.0001683995120062,5938.259488321474,0.0001175330893364,8508.242280071461,3.2989041273011774e-05,30313.096756106603,Winner: DG anchor + total SG overlay,Tier 4 - speculative,0.0017465260298528,572.5651853492737,0.0012024693641327,831.622018679258,0.0002186551736347,4573.411108353674,Top 5: DG anchor + total SG overlay,Tier 3 - semi-core,0.0048981372525722,204.1592443075904,0.0034818331765506,287.205029446778,0.0016434172755543,608.4881879209337,Top 10: DG anchor + putting overlay,Tier 2 - current-price / early value,0.0167147281341986,59.82747622164305,0.0119433873956226,83.72833994872417,0.0168455753709329,59.3627690346215,0.012036883336772,83.07798389513755,0.0061329931618103,163.05252160183687,Top 20: DG anchor + OTT overlay,Tier 3 - experimental,-1.152,-0.566,-0.352,-0.207,-2.276,-0.083,2.933,-0.2737851844663628,0.0048945675918342,-0.0684845419804181,3.0602180580374,,,,0.8299319727891157,Miss Cut: DataGolf core; ARG weakness tag,Tier 1 - core,0.15,10.0,,,,False,False,False,False
"Ko, Jeong Weon",26213,-0.8950000000000001,-0.923110888928483,0.2053388090349076,0.1941,0.1997194045174538,5.151983513652756,5.00702474261888,0.2235218319342835,4.473835917262904,Make Cut: DG anchor + putting overlay,Tier 2 - candidate,0.8059000000000001,0.8002805954825463,1.2408487405385282,1.2495617232816056,0.7946611909650925,0.7946611909650925,1.2583979328165371,0.8194218080876008,1.220372694661178,Miss Cut: DataGolf core; ARG weakness tag,Tier 1 - core,9.600795166069066e-05,10415.803927722358,0.0001480039758303,6756.575250020881,0.0001025828739287,9748.215873681836,Winner: DG anchor + total SG overlay,Tier 4 - speculative,0.0015379079374156,650.2339806376542,0.0014107595242633,708.8380285946749,0.0004540071547383,2202.608460160272,Top 5: DG anchor + total SG overlay,Tier 3 - semi-core,0.0042738735039333,233.97978416527096,0.0038859579159878,257.33680642441897,0.004011156048125,249.304686230653,Top 10: DG anchor + putting overlay,Tier 2 - current-price / early value,0.0139805188752672,71.52810342176099,0.0129330991673483,77.32098757308337,0.0140294875343823,71.27844103708587,0.0129783990972062,77.05110564948329,0.0096073733518253,104.08672208101508,Top 20: DG anchor + OTT overlay,Tier 3 - experimental,-1.255,-0.793,-0.268,0.203,-2.114,-0.102,-0.936,-0.3303002012027687,0.0630196581974376,0.0088407414096103,3.04790129079719,,,,0.7946611909650925,Miss Cut: DataGolf core; ARG weakness tag,Tier 1 - core,0.15,10.0,,,,False,False,False,False
"Micheluzzi, David",19224,-0.8477500000000001,-0.8441599119689966,0.2538071065989847,0.20035,0.2270785532994924,4.991265285749938,4.403762422605832,0.2634546532852928,3.795719633454751,Make Cut: DG anchor + putting overlay,Tier 2 - candidate,0.79965,0.7729214467005077,1.2505471143625335,1.2937925377395834,0.7461928934010152,0.7461928934010152,1.3401360544217686,0.7047270761481541,1.4189890439086392,Miss Cut: DataGolf core; ARG weakness tag,Tier 1 - core,9.600795166069066e-05,10415.803927722358,8.133730916367868e-05,12294.48097413274,3.780544716925203e-05,26451.214702555382,Winner: DG anchor + total SG overlay,Tier 4 - speculative,0.0014964262688435,668.258784826621,0.0015688083725169,637.4264808362958,0.000692048591659,1444.985239551968,Top 5: DG anchor + total SG overlay,Tier 3 - semi-core,0.0042294718435553,236.4361407261137,0.004675321239238,213.88904608466723,0.0052341785020593,191.0519481914046,Top 10: DG anchor + putting overlay,Tier 2 - current-price / early value,0.013884847804579,72.02095507811153,0.0153140623101779,65.29946004825828,0.0142619087668575,70.116841745885,0.0157299354369373,63.5730517781898,0.0137830433705605,72.5529168787149,Top 20: DG anchor + OTT overlay,Tier 3 - experimental,-1.274,-0.723,0.263,0.074,-1.66,-0.049,-7.028,-0.1456110018681052,-0.0001169008797525,0.0907851663090082,2.89646540203905,,,,0.7461928934010152,Miss Cut: DataGolf core; ARG weakness tag,Tier 1 - core,0.15,10.0,,,,False,False,False,False
"Capan III, Frankie",21412,-0.9251,-0.9781261681762274,0.2008032128514056,0.17475,0.1877766064257028,5.722460658082976,5.325477007146085,0.2281580228681081,4.382927181035718,Make Cut: DG anchor + putting overlay,Tier 2 - candidate,0.82525,0.8122233935742972,1.211754013935171,1.231188374911694,0.7991967871485944,0.7991967871485944,1.2512562814070352,0.7850501125759097,1.2738040336288798,Miss Cut: DataGolf core; ARG weakness tag,Tier 1 - core,0.0,1000000000.0,3.333333333333335e-05,29999.999999999985,3.4542532489346015e-05,28949.817165502584,Winner: DG anchor + total SG overlay,Tier 4 - speculative,0.0006882709456042,1452.9161900363715,0.0008036195997862,1244.3698489509711,0.0003308119491272,3022.8654153463544,Top 5: DG anchor + total SG overlay,Tier 3 - semi-core,0.0024352626463293,410.6333259401403,0.0026971154501487,370.7664794048186,0.0037829888257784,264.34125133695983,Top 10: DG anchor + putting overlay,Tier 2 - current-price / early value,0.0094125279020177,106.24138492972048,0.0099123477745926,100.88427310462214,0.0090619945464758,110.35098232197566,0.0095432005526247,104.78664830374603,0.0073611542690938,135.84826012933118,Top 20: DG anchor + OTT overlay,Tier 3 - experimental,-1.154,-1.326,0.086,0.325,-2.068,-0.128,-5.417,-0.4064880277113791,-0.06,-0.0468868270254472,2.95927862126406,,,,0.7991967871485944,Miss Cut: DataGolf core; ARG weakness tag,Tier 1 - core,0.15,10.0,,,,False,False,False,False
"Gavins, Daniel",18241,-1.2612500000000002,-1.2947258599923814,0.0768049155145929,0.12775,0.1022774577572964,7.8277886497064575,9.777325541010136,0.074972308573701,13.338258071871374,Make Cut: DG anchor + putting overlay,Tier 2 - candidate,0.87225,0.8977225422427035,1.1464603038119805,1.1139299203758273,0.9231950844854072,0.9231950844854072,1.083194675540765,0.9240687134046264,1.0821706064645489,Miss Cut: DataGolf core; ARG weakness tag,Tier 1 - core,0.0,1000000000.0,8.33333333333335e-06,119999.99999999977,6.26566956700003e-06,159599.86228236335,Winner: DG anchor + total SG overlay,Tier 4 - speculative,0.0003071054035549,3256.211022093645,0.000242858257333,4117.6281629527575,3.66636151546448e-05,27274.997181321687,Top 5: DG anchor + total SG overlay,Tier 3 - semi-core,0.001458811940592,685.489316459933,0.0009422631131531,1061.2746970999358,0.0003736251906982,2676.479062161545,Top 10: DG anchor + putting overlay,Tier 2 - current-price / early value,0.0052359022330575,190.9890512634786,0.003293613394066,303.6179054292327,0.0053815030488034,185.8216916224432,0.003385202727782,295.4032831750682,0.0008005335903526,1249.1668207944526,Top 20: DG anchor + OTT overlay,Tier 3 - experimental,-1.349,-2.016,-0.056,-0.097,-3.518,-0.152,-11.653,-0.4754830192090129,0.122023606885139,0.0398563079213159,3.23071150259931,,,,0.9231950844854072,Miss Cut: DataGolf core; ARG weakness tag,Tier 1 - core,0.15,10.0,,,,False,False,False,False
