player_name,dg_id,skill_pred,custom_pred,p_make_cut,p_make_cut_model,p_make_cut_anchored,make_cut_fair_odds_dec_model,make_cut_fair_odds_dec_anchored,make_cut_strategy_prob,make_cut_strategy_fair_odds_dec,make_cut_strategy_name,make_cut_strategy_tier,p_miss_cut_model,p_miss_cut_anchored,miss_cut_fair_odds_dec_model,miss_cut_fair_odds_dec_anchored,p_miss_cut_dg,miss_cut_strategy_prob,miss_cut_strategy_fair_odds_dec,miss_cut_arg_overlay_prob,miss_cut_arg_overlay_fair_odds_dec,miss_cut_strategy_name,miss_cut_strategy_tier,win_prob_model,win_fair_odds_dec,win_prob_anchored,win_fair_odds_dec_anchored,top5_prob_model,top5_fair_odds_dec,top5_prob_anchored,top5_fair_odds_dec_anchored,top10_prob_model,top10_fair_odds_dec,top10_prob_anchored,top10_fair_odds_dec_anchored,top10_strategy_prob,top10_strategy_fair_odds_dec,top10_strategy_name,top10_strategy_tier,top20_prob_model,top20_fair_odds_dec,top20_prob_anchored,top20_fair_odds_dec_anchored,top20_prob_dh,top20_fair_odds_dec_dh,top20_prob_anchored_dh,top20_fair_odds_dec_anchored_dh,top20_strategy_prob,top20_strategy_fair_odds_dec,top20_strategy_name,top20_strategy_tier,sg_app,sg_ott,sg_arg,sg_putt,sg_total,driving_acc,driving_dist,total_fit_adjustment,total_course_history_adjustment,timing_adjustment,std_deviation,market_odds_best_dec,market_book_best,market_prob_best,p_model,strategy_name,strategy_tier,strategy_min_ev,strategy_odds_cap,edge_prob,ev_per_unit,value_flag,strategy_qualified,bet_flag
"Hill, Calum",25131,-0.149,-0.1471716124415507,0.6289308176100629,0.4951,0.5620154088050314,2.0197939810139367,1.7793106458170254,0.6675579582714056,1.4979972714121028,Make Cut: DG anchor + putting overlay,Tier 2 - candidate,0.5049,0.4379845911949686,1.9805902158843331,2.283185345109209,0.3710691823899371,0.3710691823899371,2.694915254237288,0.3663982464413589,2.729270703974418,Miss Cut: DataGolf core; ARG weakness tag,Tier 1 - core,0.0052768627630573,189.5065391885625,0.0064717647148619,154.51736026551836,0.0308668510007041,32.39721473295701,0.0385622713998229,25.932082413708414,0.0655940621500435,15.24528238108723,0.0820225388311545,12.191770874814363,0.1256546392750028,7.958321362185751,Top 10: DG anchor + putting overlay,Tier 2 - current-price / early value,0.1394826567709174,7.1693501052419215,0.1709004944971247,5.851358142306745,0.1395606314287772,7.165344479759938,0.1709960325940822,5.848088899078981,0.1931578870804103,5.177111921832666,Top 20: DG anchor + OTT overlay,Tier 3 - experimental,-0.207,-0.257,-0.028,0.319,-0.173,-0.02,-2.078,0,-0.06,0.0241419377922464,2.87332771250218,10.0,bet365,0.1,0.1256546392750028,Top 10: DG anchor + putting overlay,Tier 2 - current-price / early value,0.2,10.0,0.025654639275002805,0.2565463927500282,True,True,True
"Detry, Thomas",14181,0.0114499999999999,0.0188220140930614,0.6993006993006994,0.5665,0.6329003496503497,1.76522506619594,1.5800275676138544,0.7471002179331906,1.3385085106338772,Make Cut: DG anchor + putting overlay,Tier 2 - candidate,0.4335,0.3670996503496503,2.306805074971165,2.724055986017783,0.3006993006993006,0.3006993006993006,3.3255813953488382,0.3058684791973104,3.269379056724957,Miss Cut: DataGolf core; ARG weakness tag,Tier 1 - core,0.0075036070138714,133.2692394672808,0.0105768035069357,94.546523374879,0.0437102121996424,22.8779488745694,0.0596792893008794,16.75623171312236,0.0920440290810714,10.864365782154213,0.1205263209979672,8.296942872892187,0.2082782186403157,4.801270178553531,Top 10: DG anchor + putting overlay,Tier 2 - current-price / early value,0.1882249528020228,5.312791875431158,0.2344150504242104,4.265937695512061,0.1877406318853076,5.326497465987589,0.2338118779413744,4.276942680605552,0.2857642032824153,3.4993886166061148,Top 20: DG anchor + OTT overlay,Tier 3 - experimental,-0.087,0.084,-0.089,0.472,0.38,-0.017,6.792,0,-0.06,0.0518600704653073,2.81724316431379,6.0,bet365,0.16666666666666666,0.2082782186403157,Top 10: DG anchor + putting overlay,Tier 2 - current-price / early value,0.2,10.0,0.04161155197364905,0.24966931184189411,True,True,True
"Hojgaard, Rasmus",23838,0.0921,0.1157965628232054,0.7462686567164178,0.60155,0.6739093283582089,1.66237220513673,1.483879148009747,0.7867237018785195,1.2710942833071186,Make Cut: DG anchor + putting overlay,Tier 2 - candidate,0.3984499999999999,0.326090671641791,2.5097251850922326,3.0666317284245865,0.2537313432835821,0.2537313432835821,3.941176470588234,0.2503612330513628,3.9942286104448335,Miss Cut: DataGolf core; ARG weakness tag,Tier 1 - core,0.0123522795442159,80.9567170513281,0.0190261397721079,52.55926908862428,0.0643758963469471,15.533764292936675,0.089633728596754,11.156514580563966,0.1218886825259213,8.204207144394523,0.1641115445457892,6.093416540364029,0.274405534350736,3.6442413684041566,Top 10: DG anchor + putting overlay,Tier 2 - current-price / early value,0.2323066688499768,4.3046547262308605,0.2930590460397624,3.412281632365375,0.2327407999628744,4.296625259342215,0.2936067102563421,3.405916707853578,0.3688639308130633,2.71102679461167,Top 20: DG anchor + OTT overlay,Tier 3 - experimental,-0.024,0.256,-0.031,0.444,0.645,-0.066,16.555,0,-0.06,0.133482814116027,2.87939851609436,4.5,skybet,0.2222222222222222,0.274405534350736,Top 10: DG anchor + putting overlay,Tier 2 - current-price / early value,0.2,10.0,0.05218331212851379,0.23482490457831207,True,True,True
"Hall, Harry",27194,0.15045,0.1618752227687829,0.7692307692307692,0.62835,0.6987903846153846,1.5914697222885337,1.4310443045812682,0.8066876581618441,1.2396371630113276,Make Cut: DG anchor + putting overlay,Tier 2 - candidate,0.37165,0.3012096153846154,2.690703618996367,3.319947136226369,0.2307692307692308,0.2307692307692308,4.333333333333332,0.1849453629558409,5.407002284446397,Miss Cut: DataGolf core; ARG weakness tag,Tier 1 - core,0.0121324179798103,82.42380057001913,0.0189412089899051,52.794940414466495,0.0641017836161602,15.6001899414839,0.0912354056969691,10.960657130428263,0.1292040423533356,7.73969592425978,0.1738755784758503,5.7512389535422335,0.2881092286594038,3.4709058250340785,Top 10: DG anchor + putting overlay,Tier 2 - current-price / early value,0.2496051360042656,4.006327818442449,0.3143019239586763,3.181654084088514,0.2487294296249816,4.020432972116472,0.3131992375146477,3.1928557934411703,0.3640360081480353,2.7469810063221822,Top 20: DG anchor + OTT overlay,Tier 3 - experimental,0.25,-0.255,0.327,0.44,0.763,-0.034,-1.655,0,-0.06,0.0721261138439147,2.730873884554,4.2,bet365,0.23809523809523808,0.2881092286594038,Top 10: DG anchor + putting overlay,Tier 2 - current-price / early value,0.2,10.0,0.05001399056416572,0.210058760369496,True,True,True
"Premlall, Yurav",25890,-0.43755,-0.4300969361578386,0.3952569169960475,0.38645,0.3908534584980238,2.5876568766981496,2.5585036495335403,0.4013815494152521,2.4913950366100237,Make Cut: DG anchor + putting overlay,Tier 2 - candidate,0.61355,0.6091465415019762,1.6298590171950125,1.6416411025404398,0.6047430830039525,0.6047430830039525,1.6535947712418302,0.6133490349037853,1.630393043916451,Miss Cut: DataGolf core; ARG weakness tag,Tier 1 - core,0.0012151050987229,822.9740794034536,0.0009908858826947,1009.197948486677,0.009995202782494,100.04799519940042,0.0083031867087073,120.43568753564536,0.0272747950237368,36.66388690106436,0.0224318383488092,44.57949386270798,0.0174850559651474,57.191695696786766,Top 10: DG anchor + putting overlay,Tier 2 - current-price / early value,0.0685564605234012,14.586517337175785,0.0593329773780102,16.85403369578106,0.0686678532503979,14.562855144946662,0.0594293834949612,16.826693147250722,0.044469973759586,22.487083203741207,Top 20: DG anchor + OTT overlay,Tier 3 - experimental,-0.532,-0.539,-0.105,0.003,-1.172,-0.013,-7.059,0,-0.06,0.0522653192108069,2.90019197404515,67.0,skybet,0.014925373134328358,0.0174850559651474,Top 10: DG anchor + putting overlay,Tier 2 - current-price / early value,0.2,10.0,0.002559682830819041,0.17149874966487566,True,False,False
"Bairstow, Sam",28615,-0.20805,-0.1936596780937151,0.5494505494505494,0.47945,0.5144502747252747,2.085723224528105,1.9438224627910197,0.5691107815252853,1.7571271402026154,Make Cut: DG anchor + putting overlay,Tier 2 - candidate,0.5205500000000001,0.4855497252747253,1.9210450485063872,2.0595212970910395,0.4505494505494506,0.4505494505494506,2.219512195121951,0.4718632657065413,2.119257998400568,Miss Cut: DataGolf core; ARG weakness tag,Tier 1 - core,0.0035250904374293,283.6806651489041,0.0036458785520479,274.2823124040367,0.0224965980978911,44.45116526723829,0.0243680609537075,41.0373234825586,0.0539900921532743,18.52191689469736,0.0566747832838743,17.644531519267918,0.0651591305232357,15.347043337900285,Top 10: DG anchor + putting overlay,Tier 2 - current-price / early value,0.1229472614031832,8.133568723590203,0.1284368475541836,7.785927629359872,0.1235459550006192,8.094154114515426,0.1290622727765754,7.748197660606344,0.1356381900115154,7.372554882331455,Top 20: DG anchor + OTT overlay,Tier 3 - experimental,-0.379,0.022,-0.173,0.122,-0.408,-0.005,3.271,0,-0.06,0.0869516095314246,2.84067535679699,17.0,skybet,0.058823529411764705,0.0651591305232357,Top 10: DG anchor + putting overlay,Tier 2 - current-price / early value,0.2,10.0,0.006335601111470995,0.10770521889500695,True,False,False
"MacIntyre, Robert",23323,0.2089,0.1857557946076576,0.8064516129032259,0.63015,0.718300806451613,1.5869237483138936,1.392174408017128,0.8396219292587646,1.1910122462890178,Make Cut: DG anchor + putting overlay,Tier 2 - candidate,0.36985,0.281699193548387,2.7037988373665,3.54988591697275,0.1935483870967741,0.1935483870967741,5.166666666666668,0.1715138951315626,5.830431401682838,Miss Cut: DataGolf core; ARG weakness tag,Tier 1 - core,0.0168749187756514,59.25954449291224,0.0290291260544924,34.44816072391698,0.0760186448105829,13.15466754888513,0.1228399308708999,8.14067537249725,0.1403832351957462,7.123357704398459,0.2133696489877796,4.686702184420209,0.3666450949564373,2.727433187450153,Top 10: DG anchor + putting overlay,Tier 2 - current-price / early value,0.264125497470728,3.786079002504581,0.359396753029681,2.782440274070629,0.2652238998582699,3.770399275986738,0.360891354101455,2.770917032606097,0.4682843590167566,2.135454624407425,Top 20: DG anchor + OTT overlay,Tier 3 - experimental,0.163,0.239,0.147,0.448,0.996,0.011,1.147,0,-0.06,-0.100721026961712,2.80860042379808,3.0,skybet,0.3333333333333333,0.3666450949564373,Top 10: DG anchor + putting overlay,Tier 2 - current-price / early value,0.2,10.0,0.03331176162310401,0.09993528486931191,True,False,False
"Zhou, Yanhan",29119,-0.42155,-0.4215121559278755,0.5025125628140703,0.3916,0.4470562814070351,2.553626149131767,2.236854824749731,0.5391193529534989,1.8548768366811972,Make Cut: DG anchor + putting overlay,Tier 2 - candidate,0.6084,0.5529437185929649,1.6436554898093358,1.8085023237891664,0.4974874371859297,0.4974874371859297,2.01010101010101,0.5132729340276468,1.948281184735403,Miss Cut: DataGolf core; ARG weakness tag,Tier 1 - core,0.0020844724093501,479.7377002997835,0.0024755695380083,403.94744912094353,0.0115319772688968,86.71539812145856,0.0150754926027023,66.33282416395097,0.0297973622494847,33.560017548777886,0.0375421623657236,26.636718211868644,0.0565471405680141,17.684360163131732,Top 10: DG anchor + putting overlay,Tier 2 - current-price / early value,0.073218436613407,13.657762255700632,0.0900806856934835,11.101158836675468,0.0731277121459187,13.674706491632124,0.089969067327693,11.11493127251964,0.1103445748144658,9.062520759914182,Top 20: DG anchor + OTT overlay,Tier 3 - experimental,-0.835,0.1,-0.142,0.269,-0.608,-0.036,6.489,0,-0.06,0.0151892203606223,2.92399435772475,19.0,skybet,0.05263157894736842,0.0565471405680141,Top 10: DG anchor + putting overlay,Tier 2 - current-price / early value,0.2,10.0,0.003915561620645679,0.07439567079226783,True,False,False
"Hillier, Daniel",21362,0.2137499999999999,0.1807525709441573,0.6802721088435374,0.62795,0.6541110544217688,1.592483477983916,1.5287923866139146,0.6862954093521736,1.4570984832084872,Make Cut: DG anchor + putting overlay,Tier 2 - candidate,0.37205,0.3458889455782312,2.68781077812122,2.891101357195081,0.3197278911564626,0.3197278911564626,3.127659574468085,0.3632708718673952,2.752766812432542,Miss Cut: DataGolf core; ARG weakness tag,Tier 1 - core,0.0160843337415372,62.17229858999608,0.0141671668707686,70.58574301565685,0.079577390811895,12.566383363382684,0.0730470551943073,13.689805801753,0.1454767176882422,6.8739521752409045,0.1400327425853796,7.141186993393978,0.1335006575559164,7.490599809076985,Top 10: DG anchor + putting overlay,Tier 2 - current-price / early value,0.2627192635895752,3.806344408616408,0.2606480352085036,3.836591360453021,0.2629825630497315,3.80253347751765,0.2609092588661202,3.8327501459544897,0.2824709043176185,3.540187625397237,Top 20: DG anchor + OTT overlay,Tier 3 - experimental,0.236,0.461,-0.321,0.008,0.384,0.023,7.499,0,-0.06,-0.149987145279213,2.8399026188855,8.0,skybet,0.125,0.1335006575559164,Top 10: DG anchor + putting overlay,Tier 2 - current-price / early value,0.2,10.0,0.008500657555916391,0.06800526044733113,True,False,False
"Ferguson, Ewen",21646,0.0979,0.0870275544408032,0.684931506849315,0.59235,0.6386407534246575,1.6881911032328858,1.5658255359332829,0.6970990243737808,1.4345164245471749,Make Cut: DG anchor + putting overlay,Tier 2 - candidate,0.4076499999999999,0.3613592465753424,2.4530847540782537,2.767329214561838,0.3150684931506849,0.3150684931506849,3.1739130434782603,0.3243581927697442,3.083011381524996,Miss Cut: DataGolf core; ARG weakness tag,Tier 1 - core,0.008561523557976,116.80164087948806,0.009830761778988,101.72151685511982,0.0509989767782165,19.60823654068163,0.0560541709287908,17.83988565757869,0.1061611394278683,9.41964268082724,0.1163296565992711,8.596260224894925,0.1320190075993891,7.574666846720238,Top 10: DG anchor + putting overlay,Tier 2 - current-price / early value,0.2126126093495164,4.703389902694284,0.2317054231026267,4.315824751141371,0.2131309435977229,4.691951263010707,0.2322703042574026,4.305328669530639,0.2617152373517185,3.820946805080754,Top 20: DG anchor + OTT overlay,Tier 3 - experimental,0.092,0.206,-0.114,0.072,0.256,0.058,-3.829,0,-0.06,-0.0393622277959837,2.75868592997758,8.0,skybet,0.125,0.1320190075993891,Top 10: DG anchor + putting overlay,Tier 2 - current-price / early value,0.2,10.0,0.007019007599389088,0.0561520607951127,True,False,False
"Willett, Danny",12920,-0.41025,-0.3939616067458327,0.4545454545454545,0.40605,0.4302977272727273,2.4627508927471986,2.3239723024755583,0.470297439147928,2.1263139382850405,Make Cut: DG anchor + putting overlay,Tier 2 - candidate,0.59395,0.5697022727272727,1.6836434043269637,1.755302809681293,0.5454545454545454,0.5454545454545454,1.8333333333333333,0.5361205195632298,1.8652522399528495,Miss Cut: DataGolf core; ARG weakness tag,Tier 1 - core,0.0016674255560366,599.7269241674314,0.0016337127780183,612.1026985006529,0.0127919956329212,78.17388534955577,0.0123366988746616,81.05896157147033,0.0302934377072371,33.0104496447129,0.0310332240844988,32.22352912082705,0.0339526038234393,29.452822092827105,Top 10: DG anchor + putting overlay,Tier 2 - current-price / early value,0.0778890801658344,12.83877018281497,0.0789804149834796,12.661366747809195,0.0776959733632742,12.870679865537086,0.0787846024848615,12.692835509224658,0.0706549578904795,14.153288457832994,Top 20: DG anchor + OTT overlay,Tier 3 - experimental,-0.499,-0.576,-0.004,0.086,-0.993,-0.027,-8.433,0,-0.06,0.0964419662708367,2.88189630534742,31.0,skybet,0.03225806451612903,0.0339526038234393,Top 10: DG anchor + putting overlay,Tier 2 - current-price / early value,0.2,10.0,0.0016945393073102694,0.05253071852661828,True,False,False
"Dean, Joe",16497,-0.1095,-0.1107184185699331,0.625,0.5098,0.5674,1.961553550411926,1.7624250969333803,0.6429797508545975,1.5552589310485745,Make Cut: DG anchor + putting overlay,Tier 2 - candidate,0.4901999999999999,0.4326,2.039983680130559,2.311604253351826,0.375,0.375,2.6666666666666665,0.3487963021745097,2.867002871778383,Miss Cut: DataGolf core; ARG weakness tag,Tier 1 - core,0.00604545710972,165.4134636721142,0.0072893952215266,137.18559216639142,0.0316464569270026,31.599113995814843,0.0388950439396917,25.71021648800649,0.0677737526633751,14.75497461335647,0.0821977989507351,12.16577588165524,0.1049639026202404,9.527084788548706,Top 10: DG anchor + putting overlay,Tier 2 - current-price / early value,0.1460313320180689,6.847845501239875,0.1724500734071919,5.798779787346239,0.1451377224465584,6.890007526252952,0.1713947996239926,5.834482739230178,0.197846689416684,5.054418666030364,Top 20: DG anchor + OTT overlay,Tier 3 - experimental,-0.214,-0.054,0.1,0.117,-0.05,-0.005,1.223,0,-0.06,0.0089079071503345,2.85027472431552,10.0,unibet,0.1,0.1049639026202404,Top 10: DG anchor + putting overlay,Tier 2 - current-price / early value,0.2,10.0,0.004963902620240393,0.0496390262024039,True,False,False
"Katsuragawa, Yuto",20448,-0.3426,-0.3398366115887913,0.4291845493562232,0.4191,0.4241422746781116,2.3860653781913626,2.3576994317741997,0.4198453478820784,2.3818294165804814,Make Cut: DG anchor + putting overlay,Tier 2 - candidate,0.5809,0.5758577253218884,1.7214666896195558,1.7365400445761632,0.5708154506437768,0.5708154506437768,1.7518796992481205,0.5651750249884078,1.7693633932612485,Miss Cut: DataGolf core; ARG weakness tag,Tier 1 - core,0.0024142780879667,414.2024918273491,0.00172380571065,580.1117804760664,0.0150927621687347,66.25692426741718,0.0125438612430975,79.72026959005669,0.0354787537158516,28.18588296559037,0.0306146353956843,32.66411593916828,0.0225962337339119,44.25516268665704,Top 10: DG anchor + putting overlay,Tier 2 - current-price / early value,0.0854394153695499,11.704199937168504,0.0766138740161288,13.052466186339554,0.0853407424282385,11.717732603989022,0.0765253935851505,13.067557749798317,0.0653913446799734,15.29254375933114,Top 20: DG anchor + OTT overlay,Tier 3 - experimental,-0.505,-0.195,-0.024,-0.137,-0.861,-0.002,-3.493,0,-0.06,0.0288169420560438,2.92180387798646,46.0,skybet,0.021739130434782608,0.0225962337339119,Top 10: DG anchor + putting overlay,Tier 2 - current-price / early value,0.2,10.0,0.0008571032991292922,0.039426751759947476,True,False,False
"McKibbin, Tom",22322,0.2237999999999999,0.2142722397559966,0.7575757575757576,0.64155,0.6995628787878787,1.5587249629802822,1.4294640700957202,0.7694278895653508,1.2996669519802553,Make Cut: DG anchor + putting overlay,Tier 2 - candidate,0.35845,0.3004371212121213,2.789789370902497,3.328483497530113,0.2424242424242424,0.2424242424242424,4.125,0.2299821102763078,4.3481642932946745,Miss Cut: DataGolf core; ARG weakness tag,Tier 1 - core,0.0127378916765205,78.50592746390465,0.0169356125049269,59.04717055312159,0.0747426996520182,13.379233084377857,0.0899160356725701,11.121486757284396,0.1457479337493092,6.861160733297458,0.1714614703665331,5.832214070381528,0.2068493485469048,4.834436303642703,Top 10: DG anchor + putting overlay,Tier 2 - current-price / early value,0.2736101918826287,3.654834613869109,0.3137792302329488,3.1869540863415424,0.2735332109520109,3.65586320037548,0.3136909476401636,3.187850996411617,0.3787934250503388,2.639961345335145,Top 20: DG anchor + OTT overlay,Tier 3 - experimental,0.191,0.423,0.039,0.091,0.745,0.026,4.319,0,-0.06,-0.0326388012200166,2.7441440560633,5.0,skybet,0.2,0.2068493485469048,Top 10: DG anchor + putting overlay,Tier 2 - current-price / early value,0.2,10.0,0.006849348546904777,0.03424674273452388,True,False,False
"Lindell, Oliver",20085,0.28815,0.2633723419164298,0.7246376811594204,0.6571,0.6908688405797102,1.5218383807639628,1.4474527453878177,0.7445364306388479,1.343117621715236,Make Cut: DG anchor + putting overlay,Tier 2 - candidate,0.3429,0.3091311594202898,2.916302128900554,3.2348728671522107,0.2753623188405796,0.2753623188405796,3.631578947368423,0.2530232208336442,3.952206428743046,Miss Cut: DataGolf core; ARG weakness tag,Tier 1 - core,0.0197252012488765,50.69656767415529,0.0179459339577716,55.72292879005852,0.0917856102363799,10.894953984885554,0.0890214393774492,11.233249057679451,0.1670419793015174,5.986519102452443,0.1673155958778647,5.976729155182697,0.1872302654503637,5.341016836111403,Top 10: DG anchor + putting overlay,Tier 2 - current-price / early value,0.2977813604781689,3.3581685515649067,0.3035511832314624,3.2943373481680176,0.297910752256904,3.3567099959441804,0.3036830821101309,3.292906516397081,0.2950856417945428,3.388846688434481,Top 20: DG anchor + OTT overlay,Tier 3 - experimental,0.602,-0.281,0.102,0.171,0.593,-0.018,-3.156,0,-0.06,-0.108888290417851,2.78733907166076,5.5,skybet,0.18181818181818182,0.1872302654503637,Top 10: DG anchor + putting overlay,Tier 2 - current-price / early value,0.2,10.0,0.005412083632181874,0.029766459977000337,True,False,False
"Lindberg, Mikael",20084,-0.2261,-0.2409403711510707,0.5681818181818182,0.4637,0.5159409090909091,2.156566745740781,1.9382064542274928,0.5837686960925182,1.7130072350462513,Make Cut: DG anchor + putting overlay,Tier 2 - candidate,0.5363,0.4840590909090909,1.8646280067126608,2.065863483984862,0.4318181818181817,0.4318181818181817,2.3157894736842106,0.4434078856364004,2.255259846280703,Miss Cut: DataGolf core; ARG weakness tag,Tier 1 - core,0.0038701585690173,258.3873456776463,0.0043850792845086,228.0460477722105,0.0235127314984097,42.53015010474794,0.0284913789767181,35.09833626575799,0.0525553159802529,19.027570881235672,0.0632520230694915,15.809770999756868,0.0786413180825407,12.715961842735332,Top 10: DG anchor + putting overlay,Tier 2 - current-price / early value,0.11622869287446,8.603727489907433,0.137278781446665,7.28444694410779,0.116697637747296,8.569153748985558,0.1378326565623227,7.255174680231445,0.1663425100531474,6.011692379058691,Top 20: DG anchor + OTT overlay,Tier 3 - experimental,-0.496,0.2,-0.12,0.087,-0.33,-0.064,15.216,0,-0.06,-0.0592018557553532,2.94499366577348,13.0,bet365,0.07692307692307693,0.0786413180825407,Top 10: DG anchor + putting overlay,Tier 2 - current-price / early value,0.2,10.0,0.0017182411594637709,0.022337135073029035,True,False,False
"Kruyswijk, Jacques",16896,-0.37075,-0.3660929869784172,0.4385964912280702,0.41,0.424298245614035,2.4390243902439024,2.3568327475708086,0.4512082055437638,2.216271751518507,Make Cut: DG anchor + putting overlay,Tier 2 - candidate,0.5900000000000001,0.5757017543859649,1.6949152542372878,1.7370105134846867,0.5614035087719298,0.5614035087719298,1.78125,0.5537521904611782,1.805861931069159,Miss Cut: DataGolf core; ARG weakness tag,Tier 1 - core,0.0013944638874108,717.1214751618704,0.0012222319437054,818.1753104638445,0.0113390040175944,88.19116727080471,0.0098895086225538,101.1172585177203,0.0295494992355455,33.841521036576,0.0266210340278071,37.56428089740782,0.0247455696691664,40.41127415409734,Top 10: DG anchor + putting overlay,Tier 2 - current-price / early value,0.0776880206818294,12.871997397069633,0.0716599107368151,13.954803874549798,0.0771421444238022,12.963082728245368,0.0711563911004508,14.053551403250754,0.0581686720093186,17.191384390549604,Top 20: DG anchor + OTT overlay,Tier 3 - experimental,-0.432,-0.551,-0.013,0.059,-0.937,-0.008,-9.198,0,-0.06,0.0382850651079143,2.79211557775501,41.0,skybet,0.024390243902439025,0.0247455696691664,Top 10: DG anchor + putting overlay,Tier 2 - current-price / early value,0.2,10.0,0.0003553257667273761,0.014568356435822438,True,False,False
"Vaillant, Tom",28157,-0.0615499999999999,-0.0469382907268734,0.6134969325153374,0.53875,0.5761234662576686,1.8561484918793505,1.735739053463159,0.6296869387788149,1.5880907454414614,Make Cut: DG anchor + putting overlay,Tier 2 - candidate,0.46125,0.4238765337423313,2.168021680216802,2.359177544392882,0.3865030674846625,0.3865030674846625,2.5873015873015874,0.3766004366546471,2.655334149060022,Miss Cut: DataGolf core; ARG weakness tag,Tier 1 - core,0.0064591160407902,154.81994651974813,0.0065795580203951,151.9858928062076,0.0389350384915133,25.68380663648165,0.0392142520499895,25.500932638603462,0.0812990675291895,12.300264079178532,0.0835296786197396,11.971792739110112,0.0918855656740065,10.883102178940922,Top 10: DG anchor + putting overlay,Tier 2 - current-price / early value,0.1685542447204312,5.932808169017802,0.1757708504955061,5.689225472716061,0.1689102322347269,5.920304452665395,0.1761420795218491,5.677235120163081,0.1804905648454138,5.540455817490948,Top 20: DG anchor + OTT overlay,Tier 3 - experimental,-0.086,-0.097,0.002,0.098,-0.083,-0.002,-2.383,0,-0.06,0.0880585463656329,2.83735086106737,11.0,skybet,0.09090909090909091,0.0918855656740065,Top 10: DG anchor + putting overlay,Tier 2 - current-price / early value,0.2,10.0,0.0009764747649155942,0.010741222414071605,True,False,False
"Wallace, Matt",20706,0.33185,0.3402933715812609,0.7936507936507936,0.68145,0.7375503968253968,1.4674590945777386,1.3558395525299052,0.8026119198291071,1.2459321563688226,Make Cut: DG anchor + putting overlay,Tier 2 - candidate,0.31855,0.2624496031746032,3.1392246115209543,3.8102553324674577,0.2063492063492064,0.2063492063492064,4.846153846153845,0.1703392653831736,5.870637035744676,Miss Cut: DataGolf core; ARG weakness tag,Tier 1 - core,0.0253596604090194,39.43270469206833,0.0299798302045097,33.355759294779965,0.1091815039704339,9.159060496829182,0.1290850806889204,7.746828639398537,0.1943857865354616,5.14440905285825,0.2267975535380163,4.409218637503415,0.2657964731718233,3.762277159161374,Top 10: DG anchor + putting overlay,Tier 2 - current-price / early value,0.3342229983388791,2.9920143286670804,0.3795928759408165,2.6344013899668477,0.3329025294425449,3.0038822524855235,0.3780931569255449,2.6448508302331493,0.430872157970096,2.3208740260943097,Top 20: DG anchor + OTT overlay,Tier 3 - experimental,0.493,0.108,0.268,0.069,0.937,0.009,0.587,0,-0.06,0.0572168579063046,2.76595568782437,3.8,bet365,0.2631578947368421,0.2657964731718233,Top 10: DG anchor + putting overlay,Tier 2 - current-price / early value,0.2,10.0,0.0026385784349812202,0.010026598052928493,True,False,False
"McIlroy, Rory",10091,0.6145,0.5971328805253888,0.8849557522123894,0.76245,0.8237028761061946,1.311561413863204,1.214029996747367,0.8999790428148543,1.1111369847816803,Make Cut: DG anchor + putting overlay,Tier 2 - candidate,0.23755,0.1762971238938053,4.209640075773521,5.672242280040607,0.1150442477876105,0.1150442477876105,8.692307692307695,0.1053514239170727,9.49204066560267,Miss Cut: DataGolf core; ARG weakness tag,Tier 1 - core,0.0702233533673314,14.240276945606665,0.0962116766836657,10.393748809595108,0.2166228527321135,4.616318118738142,0.2774466843025648,3.604296092107797,0.3343819516836584,2.990592030954017,0.4066449729095762,2.45914757741851,0.5266372622465468,1.898840191698868,Top 10: DG anchor + putting overlay,Tier 2 - current-price / early value,0.4807350200331554,2.080148019861403,0.5609065861487788,1.782828058529434,0.4807346652045901,2.080149555211339,0.5609061721459062,1.7828293744285526,0.6867028681453918,1.4562339060862572,Top 20: DG anchor + OTT overlay,Tier 3 - experimental,0.623,0.939,0.08,0.291,1.934,-0.032,20.93,0,-0.06,-0.071835597373056,2.88244542555817,1.91,bet365,0.5235602094240838,0.5266372622465468,Top 10: DG anchor + putting overlay,Tier 2 - current-price / early value,0.2,10.0,0.0030770528224630667,0.005877170890904393,True,False,False
"Langasque, Romain",16652,-0.2377,-0.2175291970363141,0.5882352941176471,0.47025,0.5292426470588235,2.126528442317916,1.8894924767634107,0.6150988090300948,1.6257550580805518,Make Cut: DG anchor + putting overlay,Tier 2 - candidate,0.5297499999999999,0.4707573529411765,1.8876828692779613,2.124236602470987,0.4117647058823529,0.4117647058823529,2.428571428571429,0.3771707705296501,2.6513189200629963,Miss Cut: DataGolf core; ARG weakness tag,Tier 1 - core,0.0028443638822875,351.5724574577832,0.003580515274477,279.2894104176236,0.0191180453973127,52.306602438581976,0.0252818500796087,39.55406731909054,0.0460762168347863,21.703170717892466,0.0589970414982013,16.950002484963385,0.0835746684620958,11.9653480941242,Top 10: DG anchor + putting overlay,Tier 2 - current-price / early value,0.1101814680840868,9.075936429135552,0.1348707384936104,7.414506743042529,0.1107942538572832,9.02573883739606,0.1356208362297044,7.373498260298846,0.1605186433162127,6.229805954876257,Top 20: DG anchor + OTT overlay,Tier 3 - experimental,-0.491,-0.005,0.143,0.193,-0.16,-0.026,-0.926,0,-0.06,0.115854014818429,2.81064577978072,12.0,skybet,0.08333333333333333,0.0835746684620958,Top 10: DG anchor + putting overlay,Tier 2 - current-price / early value,0.2,10.0,0.0002413351287624682,0.002896021545149563,True,False,False
"Schaper, Jayden",26991,-0.0415,-0.054406633521172,0.6369426751592356,0.53215,0.5845463375796178,1.879169407122052,1.710728364393859,0.6530163024677319,1.531355337104182,Make Cut: DG anchor + putting overlay,Tier 2 - candidate,0.46785,0.4154536624203822,2.1374372127818746,2.4070073041939803,0.3630573248407643,0.3630573248407643,2.7543859649122804,0.3529090706608784,2.833591095086734,Miss Cut: DataGolf core; ARG weakness tag,Tier 1 - core,0.0058909869769974,169.75084207530853,0.0064121601551653,155.9536842189504,0.0343076059744412,29.14805541211435,0.0399177315586491,25.05152374529971,0.0765312008963335,13.066566162401712,0.0872145895840309,11.465971516571818,0.1049597228563301,9.527464181368025,Top 10: DG anchor + putting overlay,Tier 2 - current-price / early value,0.1611046939036555,6.207143788113485,0.1840765708991767,5.432521885404549,0.1626440768201148,6.148394823538547,0.185835454030987,5.381104511054469,0.2148756840885953,4.653853711933689,Top 20: DG anchor + OTT overlay,Tier 3 - experimental,-0.167,0.159,0.005,0.101,0.099,0.059,-6.614,0,-0.06,-0.04953316760586,2.77096906262388,9.5,bet365,0.10526315789473684,0.1049597228563301,Top 10: DG anchor + putting overlay,Tier 2 - current-price / early value,0.2,10.0,-0.0003034350384067408,-0.00288263286486401,False,False,False
"Hojgaard, Nicolai",23602,0.2339,0.2257037559467328,0.7407407407407407,0.6393,0.6900203703703703,1.564210855623338,1.4492325776748405,0.7461364473218159,1.3402374372534709,Make Cut: DG anchor + putting overlay,Tier 2 - candidate,0.3607,0.3099796296296296,2.772387025228722,3.226018436097952,0.2592592592592593,0.2592592592592593,3.857142857142856,0.2411215260659846,4.147286292997096,Miss Cut: DataGolf core; ARG weakness tag,Tier 1 - core,0.0236035037409754,42.366591459216686,0.0239684185371543,41.72156783935748,0.0932500368127153,10.723856356308085,0.1030440660254051,9.704585994825296,0.1663314016643299,6.012093867988198,0.1837710896794289,5.441552323297446,0.1989746441080638,5.025765993866516,Top 10: DG anchor + putting overlay,Tier 2 - current-price / early value,0.2886906299074827,3.4639156813661462,0.3188245460582848,3.136521363750921,0.287306402134901,3.480604652626094,0.3172958307294358,3.15163296568091,0.3661861551414392,2.73085146983165,Top 20: DG anchor + OTT overlay,Tier 3 - experimental,0.276,0.294,0.077,0.009,0.655,-0.062,16.676,0,-0.06,-0.0259812202663359,2.88930584137637,5.0,skybet,0.2,0.1989746441080638,Top 10: DG anchor + putting overlay,Tier 2 - current-price / early value,0.2,10.0,-0.001025355891936225,-0.005126779459681097,False,False,False
"Olesen, Jacob Skov",25611,0.049,0.0253644530910821,0.6802721088435374,0.5731,0.6266860544217687,1.7448961786773685,1.595695313377734,0.7158757376515077,1.3968904761049543,Make Cut: DG anchor + putting overlay,Tier 2 - candidate,0.4268999999999999,0.3733139455782313,2.34246896228625,2.678710537992589,0.3197278911564626,0.3197278911564626,3.127659574468085,0.3155367948815776,3.169202502596581,Miss Cut: DataGolf core; ARG weakness tag,Tier 1 - core,0.0087745912636157,113.96542242902504,0.0101122956318078,98.88951395512365,0.0460591670388075,21.71120461552076,0.0549116536252238,18.211070583032782,0.095853845660382,10.432549608318077,0.112674890001908,8.87509186814441,0.1631865787714229,6.127954930660751,Top 10: DG anchor + putting overlay,Tier 2 - current-price / early value,0.1960174619180781,5.101586308764327,0.224062953842637,4.4630314063533945,0.1962068998420036,5.096660722967714,0.2242794958812351,4.4587223458427045,0.2530752475910711,3.951393941203761,Top 20: DG anchor + OTT overlay,Tier 3 - experimental,0.037,-0.001,-0.029,0.318,0.325,0.007,-0.002,0,-0.06,-0.103177734544589,2.819797904724,6.0,skybet,0.16666666666666666,0.1631865787714229,Top 10: DG anchor + putting overlay,Tier 2 - current-price / early value,0.2,10.0,-0.003480087895243761,-0.02088052737146273,False,False,False
"Puig, David",28984,-0.1146499999999999,-0.1118364770935058,0.641025641025641,0.5152,0.5781128205128205,1.940993788819876,1.7297661710960508,0.6912227175512059,1.4467117104349507,Make Cut: DG anchor + putting overlay,Tier 2 - candidate,0.4848,0.4218871794871794,2.0627062706270625,2.3703019400009726,0.358974358974359,0.358974358974359,2.785714285714285,0.3515356847678653,2.844661419395714,Miss Cut: DataGolf core; ARG weakness tag,Tier 1 - core,0.0061486374827387,162.63765798639642,0.0074326520747026,134.54147859329248,0.0325838629103522,30.69003827911055,0.041846144418139,23.89706420758157,0.0716237651312702,13.961846297345923,0.0887841114016141,11.263276550423631,0.1484226620264455,6.7375155946321925,Top 10: DG anchor + putting overlay,Tier 2 - current-price / early value,0.1488478684443497,6.718268863714856,0.1806600594742373,5.535257781438973,0.1491627893897461,6.7040848732528655,0.1810422862223903,5.523571431105388,0.2206756715566322,4.53153713296107,Top 20: DG anchor + OTT overlay,Tier 3 - experimental,-0.362,0.165,-0.011,0.443,0.235,-0.059,13.652,0,-0.06,0.0290676145324706,2.85614829795822,6.5,skybet,0.15384615384615385,0.1484226620264455,Top 10: DG anchor + putting overlay,Tier 2 - current-price / early value,0.2,10.0,-0.005423491819708359,-0.03525269682810428,False,False,False
"Hatton, Tyrrell",14796,0.27925,0.2629638429080547,0.7874015748031495,0.65535,0.7213757874015747,1.5259021896696423,1.386240039469638,0.8016838423345168,1.2473745224650945,Make Cut: DG anchor + putting overlay,Tier 2 - candidate,0.34465,0.2786242125984253,2.901494269548817,3.5890635299570217,0.2125984251968504,0.2125984251968504,4.703703703703702,0.1844697088845678,5.420944208383563,Miss Cut: DataGolf core; ARG weakness tag,Tier 1 - core,0.0209916440476949,47.638002899053866,0.0289624886905141,34.5274196111304,0.0938701166627675,10.653017547560356,0.1243847309504312,8.039571998580046,0.1721850555107043,5.807704954613977,0.2166698952489696,4.615315841875155,0.2801405431933298,3.5696368280041586,Top 10: DG anchor + putting overlay,Tier 2 - current-price / early value,0.3034802652207541,3.295107176977691,0.3639885439906635,2.747339213032074,0.3036949527809253,3.292777804975127,0.3642460362278698,2.745397068300304,0.4373396247098706,2.2865524720367976,Top 20: DG anchor + OTT overlay,Tier 3 - experimental,0.348,0.221,0.187,0.139,0.895,-0.017,4.529,0,-0.06,-0.0664307854597269,2.83312723189048,3.4,skybet,0.29411764705882354,0.2801405431933298,Top 10: DG anchor + putting overlay,Tier 2 - current-price / early value,0.2,10.0,-0.013977103865493723,-0.0475221531426786,False,False,False
"Lagergren, Joakim",14780,-0.2244,-0.1997590047573758,0.5882352941176471,0.4812,0.5347176470588235,2.078137988362428,1.8701458713779675,0.6182221348248526,1.6175415658375096,Make Cut: DG anchor + putting overlay,Tier 2 - candidate,0.5187999999999999,0.4652823529411765,1.927525057825752,2.149232597537232,0.4117647058823529,0.4117647058823529,2.428571428571429,0.4175251714916884,2.395065179968213,Miss Cut: DataGolf core; ARG weakness tag,Tier 1 - core,0.003623380842445,275.98534172444187,0.0050033570878891,199.86580658425063,0.0246853130109569,40.50991776187471,0.0311712477753197,32.08084601578782,0.0543491259516729,18.39955992832704,0.0671724331149566,14.887059372832814,0.0950114684987466,10.525045195077595,Top 10: DG anchor + putting overlay,Tier 2 - current-price / early value,0.123456687429961,8.100006737725863,0.1457779567639685,6.859747675151714,0.1246499553580912,8.022465769259403,0.1471869704355324,6.794079646051264,0.1648839519376427,6.064871615754265,Top 20: DG anchor + OTT overlay,Tier 3 - experimental,-0.376,-0.124,-0.088,0.222,-0.366,-0.063,4.749,0,-0.06,0.138204976213121,2.91854724657123,10.0,skybet,0.1,0.0950114684987466,Top 10: DG anchor + putting overlay,Tier 2 - current-price / early value,0.2,10.0,-0.004988531501253404,-0.049885315012533904,False,False,False
"Mazzoli, Stefano",20844,-0.4443,-0.4344447398919068,0.4484304932735426,0.3907,0.4195652466367713,2.5595085743537243,2.383419522984768,0.4624515668468744,2.162388608213143,Make Cut: DG anchor + putting overlay,Tier 2 - candidate,0.6093,0.5804347533632287,1.6412276382734283,1.722846528753961,0.5515695067264574,0.5515695067264574,1.8130081300813008,0.5522034571784569,1.8109267281838612,Miss Cut: DataGolf core; ARG weakness tag,Tier 1 - core,0.0014396446637722,694.6158487329242,0.0014614889985527,684.233682901639,0.0102820927923058,97.2564652157488,0.0108411323749889,92.24128674113892,0.0275709056207394,36.27011799161853,0.028256936095603,35.38954105344797,0.0305337470932528,32.75064789611014,Top 10: DG anchor + putting overlay,Tier 2 - current-price / early value,0.075527596025316,13.240193685825924,0.0747310903730753,13.381311513156874,0.0762550139914234,13.113891764710347,0.0754508370699773,13.253663429506334,0.0707262900787523,14.13901392094113,Top 20: DG anchor + OTT overlay,Tier 3 - experimental,-0.705,-0.231,-0.059,0.071,-0.924,-0.041,1.452,0,-0.06,0.064276300540466,2.92167149970526,31.0,skybet,0.03225806451612903,0.0305337470932528,Top 10: DG anchor + putting overlay,Tier 2 - current-price / early value,0.2,10.0,-0.00172431742287623,-0.0534538401091631,False,False,False
"Jarvis, Casey",26947,0.2293,0.2213175895660898,0.6993006993006994,0.64175,0.6705253496503497,1.5582391897156211,1.4913679259426318,0.6919785621631732,1.4451314747005026,Make Cut: DG anchor + putting overlay,Tier 2 - candidate,0.3582499999999999,0.3294746503496503,2.791346824842987,3.035134869826144,0.3006993006993006,0.3006993006993006,3.3255813953488382,0.3169822054587529,3.154751221926634,Miss Cut: DataGolf core; ARG weakness tag,Tier 1 - core,0.0194957176037097,51.29331581053045,0.0170478588018548,58.65839291742593,0.0891427808992108,11.21795831263833,0.083032151031616,12.0435275682456,0.1602166870563336,6.241547109561635,0.1559048587490568,6.414168282013532,0.1351118944503105,7.401272878812051,Top 10: DG anchor + putting overlay,Tier 2 - current-price / early value,0.2844615649213032,3.515413410161937,0.2833993263820081,3.5285898973946392,0.2823458566027475,3.5417555335581605,0.2812915185575473,3.5550307564478434,0.2998066245375507,3.33548333544161,Top 20: DG anchor + OTT overlay,Tier 3 - experimental,0.324,0.32,-0.16,-0.129,0.355,0.038,-0.853,0,-0.06,-0.0249120521695507,2.87465058141187,7.0,skybet,0.14285714285714285,0.1351118944503105,Top 10: DG anchor + putting overlay,Tier 2 - current-price / early value,0.2,10.0,-0.007745248406832356,-0.05421673884782652,False,False,False
"Smith, Jordan",18586,0.33735,0.3016257587379964,0.7299270072992701,0.67265,0.701288503649635,1.4866572511707423,1.4259466607477738,0.7268707071070134,1.375760489757603,Make Cut: DG anchor + putting overlay,Tier 2 - candidate,0.32735,0.298711496350365,3.054834275240568,3.347711796224538,0.2700729927007299,0.2700729927007299,3.702702702702703,0.2847791247144898,3.511493340681369,Miss Cut: DataGolf core; ARG weakness tag,Tier 1 - core,0.0250075179964896,39.98797482182645,0.0234787589982448,42.59168894210959,0.1074719203941076,9.304756036115524,0.1034148689272125,9.66978936756028,0.1924565169601859,5.195978893283584,0.1890341420178514,5.290049666824551,0.1711110259288365,5.844158753486116,Top 10: DG anchor + putting overlay,Tier 2 - current-price / early value,0.3251012095676693,3.0759651781358617,0.3268403031872832,3.05959818984438,0.3253402310603225,3.073705323011793,0.3270806032994572,3.0573503592460183,0.3665425712071663,2.7281960638476823,Top 20: DG anchor + OTT overlay,Tier 3 - experimental,0.358,0.659,-0.156,-0.087,0.775,0.065,4.49,0,-0.06,-0.163621206310018,2.84044478124411,5.5,skybet,0.18181818181818182,0.1711110259288365,Top 10: DG anchor + putting overlay,Tier 2 - current-price / early value,0.2,10.0,-0.010707155889345316,-0.05888935739139922,False,False,False
"Niemann, Joaquin",18079,0.5072500000000001,0.4849174943445876,0.7874015748031495,0.7296,0.7585007874015748,1.3706140350877192,1.3183901936684053,0.7933713363636042,1.2604438226662846,Make Cut: DG anchor + putting overlay,Tier 2 - candidate,0.2704,0.2414992125984252,3.6982248520710064,4.140800250404299,0.2125984251968504,0.2125984251968504,4.703703703703702,0.1990597177305694,5.023618095116141,Miss Cut: DataGolf core; ARG weakness tag,Tier 1 - core,0.0467319424822248,21.398639707312935,0.0432159712411124,23.139593332769437,0.1704088863184824,5.86823857372713,0.1643683419687652,6.083896619155708,0.2739893540070437,3.6497768448853374,0.2716828733210933,3.68076201409329,0.2683087997051362,3.7270488373805546,Top 10: DG anchor + putting overlay,Tier 2 - current-price / early value,0.420584868965688,2.377641407926117,0.4245681548966895,2.355334446228853,0.4193507740762741,2.384638497932315,0.4233223721098422,2.3622658897425897,0.4657557613847232,2.147048051594537,Top 20: DG anchor + OTT overlay,Tier 3 - experimental,0.627,0.616,0.058,0.026,1.327,-0.01,12.233,0,-0.06,-0.0966625282770623,2.87522284283046,3.5,bet365,0.2857142857142857,0.2683087997051362,Top 10: DG anchor + putting overlay,Tier 2 - current-price / early value,0.2,10.0,-0.017405486009149485,-0.06091920103202331,False,False,False
"Ko, Jeong Weon",26213,-0.8429000000000001,-0.8412062656501575,0.2463054187192118,0.26785,0.2570777093596059,3.733432891543775,3.889874398255113,0.2644140604137576,3.781947141673142,Make Cut: DG anchor + putting overlay,Tier 2 - candidate,0.7321500000000001,0.7429222906403941,1.365840333265041,1.3460358002423196,0.7536945812807881,0.7536945812807881,1.326797385620915,0.7849452959036657,1.273974129431215,Miss Cut: DataGolf core; ARG weakness tag,Tier 1 - core,0.0005254377873582,1903.1748839909956,0.0003960522270124,2524.919522719015,0.0042777824844335,233.76597656353863,0.0033466723268728,298.8042755098224,0.0110562138856722,90.44687542594478,0.008767240841345,114.06097061736295,0.0074002366364383,135.1308139358755,Top 10: DG anchor + putting overlay,Tier 2 - current-price / early value,0.0298023927995366,33.55435272350172,0.0241168240591459,41.4648295956185,0.030058124523755,33.26887541535387,0.024323768415621,41.11205068692342,0.0156832949455918,63.76211143571418,Top 20: DG anchor + OTT overlay,Tier 3 - experimental,-1.191,-0.695,-0.297,0.156,-2.027,-0.1,0.142,0,-0.06,0.0234686717492125,3.12298011561615,126.0,skybet,0.007936507936507936,0.0074002366364383,Top 10: DG anchor + putting overlay,Tier 2 - current-price / early value,0.2,10.0,-0.0005362713000696363,-0.06757018380877422,False,False,False
"Coussaud, Ugo",20727,-0.0221,-0.021136712229021,0.5714285714285714,0.55305,0.5622392857142857,1.8081547780490008,1.7786021457564458,0.5591238281427844,1.7885125792646923,Make Cut: DG anchor + putting overlay,Tier 2 - candidate,0.4469499999999999,0.4377607142857143,2.237386732296678,2.2843529978053896,0.4285714285714286,0.4285714285714286,2.333333333333333,0.4397817511314935,2.273855150713161,Miss Cut: DataGolf core; ARG weakness tag,Tier 1 - core,0.0087212797738545,114.66207092655068,0.0070189732202605,142.47098095679542,0.043230878010584,23.131614392730462,0.0380662425767205,26.26999494327688,0.0917269419275113,10.901922368569377,0.0817981706390803,12.225212277818768,0.0618964507789305,16.15601520629351,Top 10: DG anchor + putting overlay,Tier 2 - current-price / early value,0.186213828647981,5.370170450071147,0.170094625964202,5.8790805078724775,0.1858220114313368,5.381493786969958,0.1697367255687517,5.891476913138346,0.1569894047538931,6.369856625468866,Top 20: DG anchor + OTT overlay,Tier 3 - experimental,-0.015,0.057,-0.118,-0.163,-0.24,-0.048,5.38,0,-0.06,0.0198164388548946,2.87284395773189,15.0,skybet,0.06666666666666667,0.0618964507789305,Top 10: DG anchor + putting overlay,Tier 2 - current-price / early value,0.2,10.0,-0.004770215887736164,-0.07155323831604254,False,False,False
"Rahm, Jon",19195,0.46645,0.4433630763468244,0.8474576271186441,0.72225,0.784853813559322,1.3845621322256838,1.274122623504863,0.860248082169631,1.1624553669191575,Make Cut: DG anchor + putting overlay,Tier 2 - candidate,0.27775,0.2151461864406779,3.6003600360036,4.648002442170775,0.1525423728813558,0.1525423728813558,6.555555555555559,0.1316202419537216,7.597615573078837,Miss Cut: DataGolf core; ARG weakness tag,Tier 1 - core,0.0372654482223744,26.834508846712165,0.0542243907778538,18.44188538875049,0.1474869674008844,6.780260097706797,0.1934895848909182,5.168236835919414,0.2447348214539261,4.086055241584249,0.308881059971237,3.237492127529994,0.3990714498866419,2.5058169415127405,Top 10: DG anchor + putting overlay,Tier 2 - current-price / early value,0.3907331933669994,2.559291140286465,0.4684360862679892,2.134762946994452,0.3899843738312854,2.5642053043710384,0.467538353240477,2.1388619630220003,0.592239999949182,1.688504660417747,Top 20: DG anchor + OTT overlay,Tier 3 - experimental,0.415,0.812,0.18,0.172,1.579,0.004,13.842,0,-0.06,-0.100434618265878,2.81469204035649,2.3,bet365,0.4347826086956522,0.3990714498866419,Top 10: DG anchor + putting overlay,Tier 2 - current-price / early value,0.2,10.0,-0.035711158809010324,-0.08213566526072369,False,False,False
"Dantorp, Jens",14018,-0.35595,-0.3443188576125348,0.4484304932735426,0.4235,0.4359652466367713,2.361275088547816,2.293760816290845,0.4682325934066049,2.135690710303923,Make Cut: DG anchor + putting overlay,Tier 2 - candidate,0.5765,0.5640347533632287,1.7346053772766694,1.7729403977985327,0.5515695067264574,0.5515695067264574,1.8130081300813008,0.5644441748872707,1.7716543893817618,Miss Cut: DataGolf core; ARG weakness tag,Tier 1 - core,0.0016216291060623,616.6638205133178,0.0014191478863644,704.6481974206149,0.0127919956329212,78.17388534955577,0.011455194245032,87.29664278139023,0.0322822773027256,30.97674896422407,0.0295497124849366,33.84127681478331,0.0296022304230098,33.78123829556769,Top 10: DG anchor + putting overlay,Tier 2 - current-price / early value,0.083071467326815,12.037827574007537,0.0774863161480525,12.905504477581662,0.0835142776687154,11.974000469318575,0.0778993549837713,12.83707676666038,0.0640386988893906,15.61555773841105,Top 20: DG anchor + OTT overlay,Tier 3 - experimental,-0.404,-0.533,-0.127,0.122,-0.942,0.012,-11.289,0,-0.06,0.0731557119373262,2.84735590824022,31.0,skybet,0.03225806451612903,0.0296022304230098,Top 10: DG anchor + putting overlay,Tier 2 - current-price / early value,0.2,10.0,-0.0026558340931192304,-0.08233085688669617,False,False,False
"Fitzpatrick, Alex",25362,0.3415500000000001,0.3145129060312124,0.7633587786259541,0.6744,0.718879389312977,1.482799525504152,1.3910539304175713,0.7593099256531924,1.3169852865281,Make Cut: DG anchor + putting overlay,Tier 2 - candidate,0.3256,0.281120610687023,3.0712530712530715,3.5571920449238044,0.2366412213740458,0.2366412213740458,4.225806451612902,0.2162573101310577,4.624121142512932,Miss Cut: DataGolf core; ARG weakness tag,Tier 1 - core,0.0260652755450106,38.36521882429972,0.0271493044391719,36.83335616352533,0.1092385244272637,9.154279639376195,0.1166738223988168,8.57090287641198,0.1951026490940703,5.12550703254594,0.2090057729458586,4.784556837380001,0.2035375630698748,4.913098029264986,Top 10: DG anchor + putting overlay,Tier 2 - current-price / early value,0.3327021911453696,3.0056910552869307,0.3567635121491638,2.8029772270598605,0.3324308421248933,3.008144471818601,0.3564725389240399,2.8052651769989163,0.402870672428868,2.4821861416992643,Top 20: DG anchor + OTT overlay,Tier 3 - experimental,0.452,0.371,0.104,-0.102,0.825,0.038,2.12,0,-0.06,-0.120185469843938,2.81144102966245,4.5,unibet,0.2222222222222222,0.2035375630698748,Top 10: DG anchor + putting overlay,Tier 2 - current-price / early value,0.2,10.0,-0.018684659152347405,-0.08408096618556338,False,False,False
"Schott, Freddy",27588,-0.23045,-0.2517387785551774,0.4854368932038835,0.46415,0.4747934466019418,2.1544759237315523,2.106179028284655,0.4823751575416106,2.0730752493483,Make Cut: DG anchor + putting overlay,Tier 2 - candidate,0.5358499999999999,0.5252065533980582,1.8661938975459555,1.9040127994025469,0.5145631067961165,0.5145631067961165,1.9433962264150944,0.5368590011004232,1.8626864743820195,Miss Cut: DataGolf core; ARG weakness tag,Tier 1 - core,0.0035742049234297,279.7825030805532,0.0033371024617148,299.6611615833112,0.0246853130109569,40.50991776187471,0.0228823985689705,43.701712343916704,0.054964924491818,18.193420790541754,0.0509703479481697,19.61925001996987,0.0433861826063714,23.048812776931094,Top 10: DG anchor + putting overlay,Tier 2 - current-price / early value,0.117602046320017,8.503253398149335,0.1115289462554315,8.966282149835157,0.1174954219427067,8.510969903896523,0.1114278280791865,8.974418843462937,0.1091144530868224,9.164688743885277,Top 20: DG anchor + OTT overlay,Tier 3 - experimental,-0.423,0.112,-0.178,-0.08,-0.569,-0.047,9.927,0,-0.06,-0.091443892775887,3.00740839099921,21.0,unibet,0.047619047619047616,0.0433861826063714,Top 10: DG anchor + putting overlay,Tier 2 - current-price / early value,0.2,10.0,-0.0042328650126762166,-0.08889016526620064,False,False,False
"Lee, K.H.",13497,-0.4543,-0.463458874482211,0.334448160535117,0.38355,0.3589990802675585,2.6072220049537216,2.785522456644484,0.3077516875285851,3.249372921495731,Make Cut: DG anchor + putting overlay,Tier 2 - candidate,0.6164499999999999,0.6410009197324414,1.6221915808256957,1.5600601640593703,0.6655518394648829,0.6655518394648829,1.5025125628140703,0.6714583784781638,1.4892955871166045,Miss Cut: DataGolf core; ARG weakness tag,Tier 1 - core,0.0015303908466965,653.427849597112,0.0010401954233482,961.3578156123122,0.0117735302393933,84.9362918060103,0.0083598239821305,119.61974344645796,0.0282130942444035,35.44453477301105,0.0208195233126779,48.03183939331854,0.0099638932179885,100.36237624411956,Top 10: DG anchor + putting overlay,Tier 2 - current-price / early value,0.067254736308087,14.868841287535547,0.0520473700965454,19.213266648152377,0.0676569738589872,14.780442324899584,0.052358655335737,19.09903899532454,0.0346864226780725,28.82972422036943,Top 20: DG anchor + OTT overlay,Tier 3 - experimental,-0.618,-0.292,-0.092,-0.322,-1.323,-0.016,-2.027,0,-0.06,-0.0307943724110551,2.95795482079327,91.0,skybet,0.01098901098901099,0.0099638932179885,Top 10: DG anchor + putting overlay,Tier 2 - current-price / early value,0.2,10.0,-0.0010251177710224896,-0.09328571716304646,False,False,False
"LaCroix, Frederic",23733,-0.10015,-0.1139448138670849,0.4901960784313725,0.52035,0.5052730392156862,1.9217834150091289,1.9791279612944663,0.4610117467622213,2.1691421249527854,Make Cut: DG anchor + putting overlay,Tier 2 - candidate,0.47965,0.4947269607843138,2.0848535390388823,2.021316967271509,0.5098039215686274,0.5098039215686274,1.9615384615384617,0.5224760993700033,1.9139631481818795,Miss Cut: DataGolf core; ARG weakness tag,Tier 1 - core,0.0057882104996471,172.76496769786897,0.0038524385831568,259.57584486150483,0.0334187950110853,29.92328118558105,0.0250699001510453,39.888471592428886,0.0714674511333965,13.992383723514424,0.0564483849582326,17.715298688171874,0.0312639063329362,31.985766249130243,Top 10: DG anchor + putting overlay,Tier 2 - current-price / early value,0.1518709699278966,6.584536863593928,0.1255284415444049,7.966322115504448,0.1516073950623011,6.595984315864424,0.1253105846220175,7.980171850736829,0.1008405308479989,9.916647518519524,Top 20: DG anchor + OTT overlay,Tier 3 - experimental,-0.118,0.033,-0.125,-0.31,-0.519,0.02,-0.741,0,-0.06,-0.0539740693354246,2.89358553871458,29.0,skybet,0.034482758620689655,0.0312639063329362,Top 10: DG anchor + putting overlay,Tier 2 - current-price / early value,0.2,10.0,-0.0032188522877534542,-0.09334671634485014,False,False,False
"Clements, Todd",22608,-0.0550499999999999,-0.0434305430975244,0.5988023952095809,0.54005,0.5694261976047905,1.8516803999629663,1.7561538338178966,0.5985934948107098,1.6705828056421244,Make Cut: DG anchor + putting overlay,Tier 2 - candidate,0.4599499999999999,0.4305738023952095,2.174149364061311,2.322482218930108,0.4011976047904191,0.4011976047904191,2.492537313432836,0.4062079831589849,2.461793075121845,Miss Cut: DataGolf core; ARG weakness tag,Tier 1 - core,0.0059424365884079,168.28113941522437,0.0055128849608706,181.39322824579293,0.040734166571134,24.549415986054388,0.0383025727035564,26.107906843217076,0.084030748656335,11.90040569660699,0.0818591627850809,12.216103438847435,0.0752189474460343,13.294522642947753,Top 10: DG anchor + putting overlay,Tier 2 - current-price / early value,0.1709710071832271,5.848944897004173,0.1705538927718775,5.863249344519734,0.1709351927367693,5.850170371527555,0.1705181657011801,5.864477816119736,0.1656918456412803,6.035300024148326,Top 20: DG anchor + OTT overlay,Tier 3 - experimental,-0.003,-0.158,-0.084,-0.055,-0.3,-0.008,-2.726,0,-0.06,0.0730972845123777,2.84619239242959,12.0,unibet,0.08333333333333333,0.0752189474460343,Top 10: DG anchor + putting overlay,Tier 2 - current-price / early value,0.2,10.0,-0.008114385887299028,-0.09737263064758839,False,False,False
"Armitage, Marcus",17813,-0.1417999999999999,-0.1699865057044877,0.5747126436781609,0.4862,0.5304563218390804,2.0567667626491155,1.8851693510467025,0.5955124037222304,1.6792261483548176,Make Cut: DG anchor + putting overlay,Tier 2 - candidate,0.5138,0.4695436781609196,1.9462826002335536,2.12972732146398,0.4252873563218391,0.4252873563218391,2.3513513513513518,0.4021863540512426,2.486409570904014,Miss Cut: DataGolf core; ARG weakness tag,Tier 1 - core,0.0035250904374293,283.6806651489041,0.0037208785520479,268.7537327574422,0.0250430154257637,39.93129353628958,0.0273329528187019,36.58587517539532,0.0563518941097315,17.745632436999276,0.0618083468078905,16.17904460554734,0.0745464170743996,13.414460939175232,Top 10: DG anchor + putting overlay,Tier 2 - current-price / early value,0.1239152232149869,8.070033479785192,0.1373121351742044,7.2826775195894,0.1253018198614087,7.980730057281367,0.1388486416760346,7.202087020290962,0.1403816059996203,7.1234403743942405,Top 20: DG anchor + OTT overlay,Tier 3 - experimental,-0.131,-0.363,0.075,0.135,-0.284,-0.014,-3.953,0,-0.06,-0.125932528522439,2.82453353953378,12.0,skybet,0.08333333333333333,0.0745464170743996,Top 10: DG anchor + putting overlay,Tier 2 - current-price / early value,0.2,10.0,-0.008786916258933727,-0.10544299510720478,False,False,False
"Ritchie, JC",18174,-0.2342,-0.2468865024263831,0.5076142131979695,0.463,0.4853071065989848,2.159827213822894,2.0605509097279966,0.5109266542853738,1.9572280905929376,Make Cut: DG anchor + putting overlay,Tier 2 - candidate,0.5369999999999999,0.5146928934010152,1.8621973929236504,1.942906173411773,0.4923857868020305,0.4923857868020305,2.0309278350515463,0.4957637028217798,2.017089985225252,Miss Cut: DataGolf core; ARG weakness tag,Tier 1 - core,0.0041681858324744,239.91252794176384,0.0033007595829038,302.9605685853177,0.0210797356566829,47.43892505516151,0.0195087864791351,51.25895457769815,0.0490291831239642,20.396015929362363,0.0464666984134639,21.52078873996876,0.042573427164898,23.488830159872688,Top 10: DG anchor + putting overlay,Tier 2 - current-price / early value,0.1090137746993876,9.173152684214116,0.1069124975496788,9.353443450662372,0.1079311135036324,9.26516893542792,0.1058507050123825,9.447268205563857,0.1052177846883579,9.50409669773866,Top 20: DG anchor + OTT overlay,Tier 3 - experimental,-0.398,-0.022,-0.074,-0.024,-0.518,0.018,-4.544,0,-0.06,-0.0484325121319155,2.87000468048355,21.0,skybet,0.047619047619047616,0.042573427164898,Top 10: DG anchor + putting overlay,Tier 2 - current-price / early value,0.2,10.0,-0.005045620454149614,-0.10595802953714195,False,False,False
"Van Driel, Darius",13374,-0.14235,-0.1347978877030783,0.5102040816326531,0.50485,0.5075270408163266,1.9807863721897592,1.970338365403271,0.5073678485779043,1.9709565807192728,Make Cut: DG anchor + putting overlay,Tier 2 - candidate,0.49515,0.4924729591836734,2.019590023225285,2.0305683415747477,0.4897959183673469,0.4897959183673469,2.0416666666666665,0.4957280567636005,2.017235027060156,Miss Cut: DataGolf core; ARG weakness tag,Tier 1 - core,0.0037219142631763,268.67894564196484,0.0029109571315881,343.5296209444426,0.0292603153437251,34.17598164110178,0.023053676190381,43.3770298386181,0.06466115491769,15.465235677787422,0.05329918743683,18.76201210731769,0.0387956579108826,25.77608046490916,Top 10: DG anchor + putting overlay,Tier 2 - current-price / early value,0.143421047071719,6.97247733451521,0.1246741478860465,8.020909041335582,0.1429117010106495,6.997327671059499,0.1242313796352249,8.049496052738492,0.0994715044788311,10.053130343603211,Top 20: DG anchor + OTT overlay,Tier 3 - experimental,-0.085,-0.316,-0.088,-0.078,-0.567,0.032,-9.141,0,-0.06,0.0527605614846086,2.81763424893831,23.0,skybet,0.043478260869565216,0.0387956579108826,Top 10: DG anchor + putting overlay,Tier 2 - current-price / early value,0.2,10.0,-0.0046826029586826134,-0.10769986804970011,False,False,False
"Winther, Jeff",15680,-0.1579,-0.1593499986229151,0.4830917874396135,0.49275,0.4879208937198068,2.029426686960933,2.049512560071386,0.5046231214419756,1.981676933752996,Make Cut: DG anchor + putting overlay,Tier 2 - candidate,0.50725,0.5120791062801933,1.971414489896501,1.9528232801063203,0.5169082125603864,0.5169082125603864,1.9345794392523368,0.5281110380048554,1.8935411836455616,Miss Cut: DataGolf core; ARG weakness tag,Tier 1 - core,0.003623380842445,275.98534172444187,0.0025783570878891,387.84387340958494,0.026015818759245,38.43815215866075,0.0197074728716859,50.74217310920235,0.0560435099111769,17.843279294692532,0.0453276003833089,22.06161348810849,0.0386249160577196,25.890023903369457,Top 10: DG anchor + putting overlay,Tier 2 - current-price / early value,0.1274322937209678,7.847304406131544,0.1078233097785843,9.274432421463455,0.1277585175423157,7.827266778270054,0.1080993350396799,9.250750706587883,0.0784010213210667,12.754935881572434,Top 20: DG anchor + OTT overlay,Tier 3 - experimental,-0.041,-0.549,-0.117,0.136,-0.571,0.021,-14.775,0,-0.06,0.0077500068854247,2.80995430909062,23.0,skybet,0.043478260869565216,0.0386249160577196,Top 10: DG anchor + putting overlay,Tier 2 - current-price / early value,0.2,10.0,-0.004853344811845614,-0.11162693067244922,False,False,False
"Bryant, Davis",32550,-0.08145,-0.0772583353866538,0.5494505494505494,0.5304,0.5399252747252747,1.885369532428356,1.8521081468335057,0.571232291119333,1.7506013149930548,Make Cut: DG anchor + putting overlay,Tier 2 - candidate,0.4696,0.4600747252747252,2.1294718909710397,2.173559956815424,0.4505494505494506,0.4505494505494506,2.219512195121951,0.457337223317471,2.186570322761214,Miss Cut: DataGolf core; ARG weakness tag,Tier 1 - core,0.006097027453665,164.01435086189122,0.0045318470601658,220.66057983064653,0.0319587000671401,31.290384086310155,0.0273754975203425,36.52901647748709,0.0704258541361937,14.19933080351627,0.061693363275408,16.209198962550566,0.0591519109345257,16.90562458932025,Top 10: DG anchor + putting overlay,Tier 2 - current-price / early value,0.1479771354969212,6.757800768624863,0.1377815820721001,7.257864113337784,0.1488064066408103,6.720140769300378,0.1385537168332447,7.217417351593265,0.1194521853201663,8.371550485407289,Top 20: DG anchor + OTT overlay,Tier 3 - experimental,-0.005,-0.334,-0.093,0.141,-0.29,0.034,-9.458,0,-0.06,0.0359583230667306,2.78553914254842,15.0,skybet,0.06666666666666667,0.0591519109345257,Top 10: DG anchor + putting overlay,Tier 2 - current-price / early value,0.2,10.0,-0.007514755732140964,-0.11272133598211453,False,False,False
"Lombard, Zander",16897,-0.53115,-0.520096529822261,0.4149377593360995,0.3592,0.3870688796680498,2.783964365256125,2.583519503964255,0.4107511396802568,2.434564151857096,Make Cut: DG anchor + putting overlay,Tier 2 - candidate,0.6408,0.6129311203319502,1.560549313358302,1.6315046941301037,0.5850622406639004,0.5850622406639004,1.7092198581560285,0.5522190265423034,1.8108756705857436,Miss Cut: DataGolf core; ARG weakness tag,Tier 1 - core,0.0007352066456891,1360.161807382188,0.0009926033228445,1007.4517956822966,0.008853886986578,112.9447441011994,0.009126685556781,109.568801705566,0.0231003208425498,43.28944203052102,0.0233781874174269,42.77491587113225,0.0216232645099316,46.24648602622876,Top 10: DG anchor + putting overlay,Tier 2 - current-price / early value,0.058114164588862,17.207508824649885,0.0604154128065115,16.55206765205154,0.058356261950749,17.136121584414884,0.0606670969210685,16.483399581507225,0.0560086747760175,17.854377094245987,Top 20: DG anchor + OTT overlay,Tier 3 - experimental,-0.737,-0.518,0.128,-0.091,-1.217,-0.059,-2.601,0,-0.06,0.0702673508886955,2.96139716213232,41.0,skybet,0.024390243902439025,0.0216232645099316,Top 10: DG anchor + putting overlay,Tier 2 - current-price / early value,0.2,10.0,-0.002766979392507425,-0.11344615509280442,False,False,False
"Robinson Thompson, Brandon",24497,-0.3775,-0.389175229946843,0.4694835680751174,0.40585,0.4376667840375586,2.463964518910928,2.284843256266357,0.4738082986826334,2.1105582210788176,Make Cut: DG anchor + putting overlay,Tier 2 - candidate,0.59415,0.5623332159624413,1.6830766641420518,1.778305054038975,0.5305164319248826,0.5305164319248826,1.8849557522123892,0.531881959026101,1.880116411225986,Miss Cut: DataGolf core; ARG weakness tag,Tier 1 - core,0.001898078754948,526.8485290155285,0.0019157060441406,522.0007542694636,0.0110500008267666,90.49773078547445,0.0126476227678806,79.0662418031279,0.0290541269785196,34.41851826211544,0.0319660299394762,31.28320914087161,0.0340974594209509,29.327698220987017,Top 10: DG anchor + putting overlay,Tier 2 - current-price / early value,0.0761805601820335,13.126708409737322,0.0819994969967961,12.195196758817572,0.0757210996815652,13.206358653075077,0.0815049413012451,12.26919477561446,0.0836877723313311,11.949176948346365,Top 20: DG anchor + OTT overlay,Tier 3 - experimental,-0.559,-0.249,-0.063,-0.015,-0.885,0.014,-3.35,0,-0.06,-0.043376149734215,2.92266979013027,26.0,skybet,0.038461538461538464,0.0340974594209509,Top 10: DG anchor + putting overlay,Tier 2 - current-price / early value,0.2,10.0,-0.004364079040587561,-0.11346605505527652,False,False,False
"Schmidt, Ben",27258,-0.35025,-0.365591691649392,0.4424778761061947,0.41795,0.4302139380530974,2.3926306974518483,2.324424923389114,0.4507079752794325,2.218731539818026,Make Cut: DG anchor + putting overlay,Tier 2 - candidate,0.58205,0.5697860619469026,1.7180654582939612,1.755044685689746,0.5575221238938053,0.5575221238938053,1.7936507936507935,0.6137017793104426,1.6294559242171391,Miss Cut: DataGolf core; ARG weakness tag,Tier 1 - core,0.0027482426011261,363.8688955590098,0.0021907879672297,456.4567703302233,0.0153884468250208,64.98381619476027,0.0134104965606585,74.56845430568377,0.0355789147838332,28.1065346168004,0.0318734735146827,31.374051514634694,0.0284100192727612,35.19884975786594,Top 10: DG anchor + putting overlay,Tier 2 - current-price / early value,0.0833232842333624,12.00144724491792,0.078696132973047,12.707104685086549,0.0838452687959857,11.926731398920351,0.0791891304218158,12.627995719530082,0.0720137830901096,13.886230622667286,Top 20: DG anchor + OTT overlay,Tier 3 - experimental,-0.499,-0.162,-0.373,0.02,-1.014,-0.009,-1.0,0,-0.06,-0.06170845824696,2.93705629063758,31.0,skybet,0.03225806451612903,0.0284100192727612,Top 10: DG anchor + putting overlay,Tier 2 - current-price / early value,0.2,10.0,-0.0038480452433678307,-0.11928940254440279,False,False,False
"Kimsey, Nathan",18027,-0.08625,-0.0848560208754161,0.6134969325153374,0.52555,0.5695234662576687,1.902768528208544,1.7558539011061072,0.6010116897647367,1.6638611478446377,Make Cut: DG anchor + putting overlay,Tier 2 - candidate,0.47445,0.4304765337423313,2.1077036568658447,2.3230069971678557,0.3865030674846625,0.3865030674846625,2.5873015873015874,0.3838254684630826,2.605350822612708,Miss Cut: DataGolf core; ARG weakness tag,Tier 1 - core,0.0058395781828196,171.2452455799045,0.0062031224247431,161.20913493681567,0.0333143431548206,30.017100903137536,0.0361712721065108,27.64624912984465,0.0732401338886663,13.65371616496657,0.0789676348856511,12.6634158595233,0.0727258596805668,13.750267159333582,Top 10: DG anchor + putting overlay,Tier 2 - current-price / early value,0.1558702992163431,6.415590430169325,0.168381889777724,5.938880964693236,0.1554457902484751,6.433110851066035,0.1679233057973469,5.955099533395437,0.1947763065088004,5.134094684944739,Top 20: DG anchor + OTT overlay,Tier 3 - experimental,-0.269,0.33,-0.04,-0.168,-0.147,0.072,-2.034,0,-0.06,0.0219698956229193,2.83561054196512,12.0,unibet,0.08333333333333333,0.0727258596805668,Top 10: DG anchor + putting overlay,Tier 2 - current-price / early value,0.2,10.0,-0.010607473652766528,-0.12728968383319839,False,False,False
"Guillamoundeguy, Oihan",28239,-0.1943,-0.2051266326209744,0.5319148936170213,0.4803,0.5061074468085106,2.0820320632937745,1.9758650189914264,0.5315849571120983,1.8811668513582944,Make Cut: DG anchor + putting overlay,Tier 2 - candidate,0.5197,0.4938925531914894,1.924187030979411,2.024731884573051,0.4680851063829787,0.4680851063829787,2.136363636363636,0.4665425386817351,2.1434272699454264,Miss Cut: DataGolf core; ARG weakness tag,Tier 1 - core,0.0037219142631763,268.67894564196484,0.0035609571315881,280.82337502165035,0.0235127314984097,42.53015010474794,0.0235084953788345,42.53781383645394,0.0532724306449451,18.77143557921899,0.0537339742071064,18.61019987365362,0.0511100645304148,19.565618028224456,Top 10: DG anchor + putting overlay,Tier 2 - current-price / early value,0.1210120051817556,8.263642921196423,0.1230481717296093,8.126898481656742,0.1214489126471529,8.233914805851843,0.1234924306669884,8.097662298806114,0.1279906632830293,7.813069909550139,Top 20: DG anchor + OTT overlay,Tier 3 - experimental,-0.365,0.067,-0.047,-0.056,-0.401,-0.009,1.677,0,-0.06,-0.0391331631048719,2.87397810972055,17.0,bet365,0.058823529411764705,0.0511100645304148,Top 10: DG anchor + putting overlay,Tier 2 - current-price / early value,0.2,10.0,-0.007713464881349906,-0.13112890298294844,False,False,False
"Neergaard-Petersen, Rasmus",23841,0.09005,0.0869738263121166,0.6711409395973155,0.5957,0.6334204697986577,1.6786973308712438,1.5787301605801674,0.6588700979386514,1.517749861662582,Make Cut: DG anchor + putting overlay,Tier 2 - candidate,0.4043,0.3665795302013422,2.473410833539451,2.727921003801697,0.3288590604026845,0.3288590604026845,3.0408163265306127,0.3297476864627456,3.0326217318676427,Miss Cut: DataGolf core; ARG weakness tag,Tier 1 - core,0.0124623442826951,80.24172477633822,0.0120645054746809,82.8877737341692,0.0624589412175751,16.01051795797353,0.0626424302648722,15.96362075627782,0.1189908532995993,8.404007301991228,0.1225848154785636,8.15761720647097,0.1082741677496078,9.235813313408013,Top 10: DG anchor + putting overlay,Tier 2 - current-price / early value,0.2309056972733458,4.330772310118452,0.2390287461419454,4.18359722895487,0.2298655851790939,4.350368495661826,0.2379520438662029,4.202527466258226,0.267844354589873,3.733511581870799,Top 20: DG anchor + OTT overlay,Tier 3 - experimental,0.021,0.408,-0.061,-0.174,0.194,0.041,2.927,0,-0.06,-0.0003808684394167,2.86124217347369,8.0,bet365,0.125,0.1082741677496078,Top 10: DG anchor + putting overlay,Tier 2 - current-price / early value,0.2,10.0,-0.016725832250392203,-0.13380665800313762,False,False,False
"Hollick, Michael",15993,-0.21605,-0.216628116491322,0.4366812227074236,0.47315,0.4549156113537118,2.113494663425975,2.198209898807951,0.4015458373110514,2.490375710769391,Make Cut: DG anchor + putting overlay,Tier 2 - candidate,0.52685,0.5450843886462882,1.8980734554427252,1.8345783163658207,0.5633187772925764,0.5633187772925764,1.7751937984496124,0.5522472628219965,1.8107830809155605,Miss Cut: DataGolf core; ARG weakness tag,Tier 1 - core,0.0033292610721702,300.3669518017513,0.0022479638694184,444.8470073759318,0.025810790567245,38.74348588411858,0.0179304217386489,55.77113659543783,0.0569175129873144,17.56928487411029,0.0416512180136187,24.00890172462734,0.0188130436838724,53.154610003763054,Top 10: DG anchor + putting overlay,Tier 2 - current-price / early value,0.1227435081911446,8.147070380640669,0.0960590226834659,10.410266230744444,0.1220725234773087,8.191851626511868,0.0955339103024001,10.46748737526424,0.0631969993651456,15.823536086295888,Top 20: DG anchor + OTT overlay,Tier 3 - experimental,-0.128,-0.437,0.006,-0.37,-0.929,0.001,-7.344,0,-0.06,0.01210941754339,2.89844945843635,46.0,bet365,0.021739130434782608,0.0188130436838724,Top 10: DG anchor + putting overlay,Tier 2 - current-price / early value,0.2,10.0,-0.002926086750910207,-0.13459999054186955,False,False,False
"Rozner, Antoine",18770,0.2052,0.223014212069084,0.6756756756756757,0.64425,0.6599628378378378,1.5521924718665114,1.5152368325407348,0.6626749221854339,1.5090355263514463,Make Cut: DG anchor + putting overlay,Tier 2 - candidate,0.35575,0.3400371621621622,2.8109627547435,2.940855033730415,0.3243243243243243,0.3243243243243243,3.083333333333333,0.3284187654172154,3.0448930003424857,Miss Cut: DataGolf core; ARG weakness tag,Tier 1 - core,0.0164791952220053,60.68257500006198,0.0137062642776693,72.95934032362362,0.0812496531460491,12.307744849106795,0.0711756797476277,14.049742883324264,0.1525375006847767,6.555764946395243,0.1394843209292088,7.169264569223665,0.1077954489524698,9.276829492504172,Top 10: DG anchor + putting overlay,Tier 2 - current-price / early value,0.2779909957335624,3.5972388147364294,0.2629063734032817,3.803635442743959,0.2781885080291996,3.594684795157091,0.2630931680914027,3.800934882705065,0.2615828453595409,3.822880658039781,Top 20: DG anchor + OTT overlay,Tier 3 - experimental,0.3,0.266,-0.081,-0.182,0.303,0.015,3.196,0,-0.06,0.10407106034542,2.79118244979921,8.0,bet365,0.125,0.1077954489524698,Top 10: DG anchor + putting overlay,Tier 2 - current-price / early value,0.2,10.0,-0.0172045510475302,-0.1376364083802416,False,False,False
"Law, David",14784,-0.3167500000000001,-0.3066294832814328,0.5025125628140703,0.44435,0.4734312814070351,2.2504782266231573,2.112238965342564,0.4906782880169972,2.0379952087167954,Make Cut: DG anchor + putting overlay,Tier 2 - candidate,0.55565,0.5265687185929648,1.7996940520111582,1.8990873644603927,0.4974874371859297,0.4974874371859297,2.01010101010101,0.5090774765131987,1.964337544157826,Miss Cut: DataGolf core; ARG weakness tag,Tier 1 - core,0.0026046347980076,383.9309836315272,0.0024023173990038,416.2647285552952,0.0161789814490212,61.80858808392393,0.0168308729996429,59.41462454272076,0.0397996275532496,25.12586326749057,0.0415435421316031,24.07112992031741,0.0373744778145246,26.756226667904752,Top 10: DG anchor + putting overlay,Tier 2 - current-price / early value,0.0962951963185639,10.384734007829405,0.1002493101163064,9.97513098932878,0.0958504084486709,10.432923721295484,0.0997862581800773,10.021419965416174,0.1057760364744077,9.453937142388089,Top 20: DG anchor + OTT overlay,Tier 3 - experimental,-0.538,0.027,-0.119,-0.157,-0.787,-0.016,0.725,0,-0.06,0.0656025835928365,2.87958128282625,23.0,skybet,0.043478260869565216,0.0373744778145246,Top 10: DG anchor + putting overlay,Tier 2 - current-price / early value,0.2,10.0,-0.006103783055040619,-0.14038701026593425,False,False,False
"Lowry, Shane",13900,0.3886,0.3651060353689369,0.7692307692307692,0.70045,0.7348403846153846,1.427653651224213,1.3608397428012886,0.7699652522316225,1.2987599078031875,Make Cut: DG anchor + putting overlay,Tier 2 - candidate,0.29955,0.2651596153846154,3.338340844600234,3.771313359877577,0.2307692307692308,0.2307692307692308,4.333333333333332,0.2232770667118734,4.478740314563717,Miss Cut: DataGolf core; ARG weakness tag,Tier 1 - core,0.0274816910640486,36.38786265624655,0.0275075121986909,36.35370559056184,0.1127780603375454,8.86697285808067,0.1181411035814712,8.464454535168535,0.2043246710069377,4.894171590106441,0.2142493467561053,4.667458805082697,0.2133073071633634,4.688071933860852,Top 10: DG anchor + putting overlay,Tier 2 - current-price / early value,0.3521730127715869,2.8395134315660413,0.3675318094970339,2.7208529279914484,0.352584365074559,2.8362006346723163,0.3679611014949139,2.7176785696566963,0.3991769409450009,2.505154725702909,Top 20: DG anchor + OTT overlay,Tier 3 - experimental,0.589,0.275,0.003,-0.044,0.822,0.03,-0.13,0,-0.06,-0.102469823155316,2.77040666744888,4.0,skybet,0.25,0.2133073071633634,Top 10: DG anchor + putting overlay,Tier 2 - current-price / early value,0.2,10.0,-0.03669269283663659,-0.14677077134654637,False,False,False
"Chacarra, Eugenio",26745,0.4063,0.4054338039649726,0.7575757575757576,0.7134,0.7354878787878788,1.4017381553125876,1.3596417138077797,0.7559900967237454,1.3227686504541882,Make Cut: DG anchor + putting overlay,Tier 2 - candidate,0.2865999999999999,0.2645121212121212,3.489183531053734,3.7805450858641994,0.2424242424242424,0.2424242424242424,4.125,0.2422247277298507,4.128397663492406,Miss Cut: DataGolf core; ARG weakness tag,Tier 1 - core,0.0320697461096507,31.18203669529736,0.0269182063881587,37.14957770885872,0.1309420639490118,7.6369653100121795,0.1191214717893209,8.394792181283714,0.2296791265440823,4.353900221786458,0.2164409052633831,4.620198750246019,0.189490976122948,5.277296156578805,Top 10: DG anchor + putting overlay,Tier 2 - current-price / early value,0.380516369569409,2.628007833491097,0.369586799954257,2.7057243389746817,0.3797402836073349,2.6333787674579074,0.3688330055050539,2.711254104362679,0.3824516186544197,2.6147098122327264,Top 20: DG anchor + OTT overlay,Tier 3 - experimental,0.578,0.404,-0.054,-0.072,0.856,0.0,7.747,0,-0.06,0.010669019824863,2.78079538522118,4.5,skybet,0.2222222222222222,0.189490976122948,Top 10: DG anchor + putting overlay,Tier 2 - current-price / early value,0.2,10.0,-0.03273124609927422,-0.14729060744673406,False,False,False
"Syme, Connor",22089,-0.3833999999999999,-0.3865793891010566,0.3484320557491289,0.411,0.3797160278745644,2.4330900243309004,2.6335469840381363,0.3080927284529396,3.245776052623545,Make Cut: DG anchor + putting overlay,Tier 2 - candidate,0.589,0.6202839721254356,1.697792869269949,1.6121648227882586,0.6515679442508711,0.6515679442508711,1.5347593582887702,0.6985085633588042,1.4316216757479152,Miss Cut: DataGolf core; ARG weakness tag,Tier 1 - core,0.0024617435248723,406.2161593587907,0.0015225384291028,656.797871820731,0.0151420133806094,66.04141568654116,0.0101592011347491,98.43293648154471,0.035829387205942,27.910050324113733,0.0249880341513115,40.01915452590781,0.0093137532152313,107.36810143999118,Top 10: DG anchor + putting overlay,Tier 2 - current-price / early value,0.0860443064360132,11.621919467078852,0.0634015069429853,15.7724957688981,0.0855142682813386,11.693954939894224,0.063010949808695,15.870257519305117,0.0372029767401831,26.879569529711727,Top 20: DG anchor + OTT overlay,Tier 3 - experimental,-0.36,-0.42,-0.349,-0.455,-1.583,-0.021,-3.666,0,-0.06,-0.0008969455052836,2.99831443042128,91.0,skybet,0.01098901098901099,0.0093137532152313,Top 10: DG anchor + putting overlay,Tier 2 - current-price / early value,0.2,10.0,-0.001675257773779689,-0.15244845741395163,False,False,False
"Von Dellingshausen, Nicolai",22231,-0.2637,-0.255806564664978,0.4926108374384237,0.4528,0.4727054187192118,2.208480565371025,2.1154824133590107,0.4744187657984944,2.107842421277117,Make Cut: DG anchor + putting overlay,Tier 2 - candidate,0.5472,0.5272945812807881,1.827485380116959,1.8964731205297425,0.5073891625615763,0.5073891625615763,1.9708737864077672,0.4875927149536189,2.0508920033703184,Miss Cut: DataGolf core; ARG weakness tag,Tier 1 - core,0.0030859458922262,324.0497516560793,0.0025596396127797,390.67999846822426,0.02012226859749,49.69618585275904,0.0180607143252,55.36879560764125,0.0460762168347863,21.703170717892466,0.0428166218252816,23.355415662651318,0.0325019559054266,30.7673791358826,Top 10: DG anchor + putting overlay,Tier 2 - current-price / early value,0.1076434691864284,9.289927271556932,0.1022050801596847,9.784249456461502,0.1078821455232909,9.269374419181412,0.1024316980337241,9.762602975406734,0.0956425914201732,10.455592902191862,Top 20: DG anchor + OTT overlay,Tier 3 - experimental,-0.409,-0.091,0.053,-0.213,-0.659,-0.013,0.701,0,-0.06,0.0544671766751099,2.8978255694254,26.0,skybet,0.038461538461538464,0.0325019559054266,Top 10: DG anchor + putting overlay,Tier 2 - current-price / early value,0.2,10.0,-0.005959582556111863,-0.15494914645890834,False,False,False
"De Leo, Gregorio",26506,-0.16435,-0.1627344689350063,0.5,0.48915,0.494575,2.044362669937647,2.0219380275994543,0.4891914260836402,2.0441895476496423,Make Cut: DG anchor + putting overlay,Tier 2 - candidate,0.51085,0.505425,1.9575217774297735,1.9785329178414208,0.5,0.5,2.0,0.5185177151881227,1.928574416473295,Miss Cut: DataGolf core; ARG weakness tag,Tier 1 - core,0.0049721771575938,201.1191412342827,0.0037527552454635,266.4708819496874,0.0277633148761895,36.018753684835495,0.0225541375968249,44.33776267024176,0.0625907676788924,15.976797171274038,0.0522667928702303,19.1326068634598,0.0364957582159318,27.40044456902008,Top 10: DG anchor + putting overlay,Tier 2 - current-price / early value,0.1350366862560726,7.405394990985491,0.1186669915051223,8.42694322419756,0.1356618108278664,7.371271206668787,0.1192163359411226,8.388112183668099,0.1000965207726846,9.990357230007644,Top 20: DG anchor + OTT overlay,Tier 3 - experimental,-0.182,-0.135,-0.157,-0.148,-0.622,0.001,-3.194,0,-0.06,0.0230776553249686,2.86457766401254,23.0,skybet,0.043478260869565216,0.0364957582159318,Top 10: DG anchor + putting overlay,Tier 2 - current-price / early value,0.2,10.0,-0.006982502653633413,-0.1605975610335686,False,False,False
"Ayora, Angel",30445,0.24995,0.2516101075807347,0.7042253521126761,0.6513,0.677762676056338,1.5353907569476433,1.4754427107415349,0.704708313773836,1.4190268235162793,Make Cut: DG anchor + putting overlay,Tier 2 - candidate,0.3487,0.322237323943662,2.8677946659019216,3.103302832091648,0.2957746478873239,0.2957746478873239,3.380952380952382,0.2949407642942195,3.390511319766044,Miss Cut: DataGolf core; ARG weakness tag,Tier 1 - core,0.0211071269102751,47.37736235968676,0.0193035634551375,51.80390668925194,0.0991245768483926,10.088315449048151,0.0917841865723444,10.895122976459549,0.1716922525556333,5.824374630276171,0.1662300930286586,6.015757927943868,0.1525883974115287,6.553578233756623,Top 10: DG anchor + putting overlay,Tier 2 - current-price / early value,0.2975722864056005,3.360527998353207,0.2955270667121612,3.383784812421207,0.297569548626885,3.3605589167790653,0.2955243477502482,3.383815944820608,0.3084971944310929,3.2415205650220704,Top 20: DG anchor + OTT overlay,Tier 3 - experimental,0.35,0.269,-0.05,-0.048,0.522,-0.037,10.944,0,-0.06,0.0233005379036735,2.88763565377357,5.5,skybet,0.18181818181818182,0.1525883974115287,Top 10: DG anchor + putting overlay,Tier 2 - current-price / early value,0.2,10.0,-0.029229784406653136,-0.16076381423659214,False,False,False
"Senior, Jack",15115,-0.5389999999999999,-0.536474775790482,0.3663003663003663,0.3518,0.3590501831501831,2.842524161455372,2.785125998896152,0.364091970559005,2.7465587842122963,Make Cut: DG anchor + putting overlay,Tier 2 - candidate,0.6482,0.6409498168498169,1.54273372415921,1.5601845475436236,0.6336996336996337,0.6336996336996337,1.578034682080925,0.635309885765896,1.5740350062307829,Miss Cut: DataGolf core; ARG weakness tag,Tier 1 - core,0.0008207704027245,1218.3675199306003,0.0007020518680289,1424.3961814496165,0.007723392351143,129.47678358616673,0.0063804660168413,156.72836394089228,0.0209070498952415,47.83075589385756,0.017800615195336,56.17783368869247,0.0136340012337333,73.34604001104204,Top 10: DG anchor + putting overlay,Tier 2 - current-price / early value,0.0532857210618316,18.766753645683423,0.048333917714473,20.689405024177493,0.0532916715266407,18.76465817928221,0.0483393152069102,20.68709487752625,0.0375018430037571,26.66535615062478,Top 20: DG anchor + OTT overlay,Tier 3 - experimental,-0.662,-0.644,-0.065,-0.074,-1.445,0.016,-13.26,0,-0.06,0.0276261210475899,2.90605531557253,61.0,skybet,0.01639344262295082,0.0136340012337333,Top 10: DG anchor + putting overlay,Tier 2 - current-price / early value,0.2,10.0,-0.0027594413892175207,-0.1683259247422687,False,False,False
"Norgaard, Niklas",15676,-0.2318,-0.2245451977068933,0.5235602094240838,0.4689,0.4962301047120419,2.1326508850501176,2.0151941417989776,0.5419414418839307,1.8452178090011675,Make Cut: DG anchor + putting overlay,Tier 2 - candidate,0.5311,0.5037698952879581,1.8828845791752964,1.9850332648964533,0.4764397905759162,0.4764397905759162,2.098901098901099,0.5415731963111704,1.8464724746559145,Miss Cut: DataGolf core; ARG weakness tag,Tier 1 - core,0.0041183760020649,242.81415769191605,0.0036258546676991,275.79704418615745,0.0237163537217663,42.16499769449049,0.022927356755063,43.616017785354536,0.0538875358466462,18.557166964283017,0.0524436341219393,19.068091232481144,0.0554413770794983,18.037070012999184,Top 10: DG anchor + putting overlay,Tier 2 - current-price / early value,0.11928122350451,8.38354915065228,0.1190387859969915,8.400623306300126,0.1192777230459361,8.383795183740059,0.1190352926530533,8.400869840465331,0.126205332727028,7.923595448719422,Top 20: DG anchor + OTT overlay,Tier 3 - experimental,-0.473,0.235,-0.413,0.109,-0.541,-0.035,10.73,0,-0.06,0.0512740114655335,2.8911786768193,15.0,skybet,0.06666666666666667,0.0554413770794983,Top 10: DG anchor + putting overlay,Tier 2 - current-price / early value,0.2,10.0,-0.011225289587168369,-0.16837934380752562,False,False,False
"Wu, Ashun",11763,-0.3993,-0.3753301943411338,0.4444444444444444,0.4059,0.4251722222222222,2.463661000246366,2.3519880832603786,0.4676198404069636,2.1384892461571194,Make Cut: DG anchor + putting overlay,Tier 2 - candidate,0.5941000000000001,0.5748277777777778,1.68321831341525,1.7396514898182065,0.5555555555555556,0.5555555555555556,1.7999999999999998,0.5284728762276372,1.892244701635841,Miss Cut: DataGolf core; ARG weakness tag,Tier 1 - core,0.0009506328746118,1051.9307996878513,0.0009419831039725,1061.5901663020873,0.0107135376755605,93.33985003675996,0.0100886769065633,99.12102540913332,0.027620274945367,36.2052876728419,0.0264368844063054,37.8259398736672,0.0286330440061508,34.92468351549287,Top 10: DG anchor + putting overlay,Tier 2 - current-price / early value,0.0721649560027644,13.85714140755096,0.0711340969611261,14.0579559271904,0.0728636755034217,13.724259627186113,0.0718228354217507,13.92314845449782,0.0620863376819745,16.10660311649094,Top 20: DG anchor + OTT overlay,Tier 3 - experimental,-0.518,-0.556,0.094,0.152,-0.828,0.012,-11.622,0,-0.06,0.134849028294331,2.78303821205477,29.0,skybet,0.034482758620689655,0.0286330440061508,Top 10: DG anchor + putting overlay,Tier 2 - current-price / early value,0.2,10.0,-0.005849714614538856,-0.1696417238216268,False,False,False
"Reed, Patrick",14838,0.212,0.2199985219309178,0.7407407407407407,0.64355,0.6921453703703704,1.55388081734131,1.4447831955661208,0.7517899674570988,1.330158745510348,Make Cut: DG anchor + putting overlay,Tier 2 - candidate,0.35645,0.3078546296296296,2.805442558563613,3.2482863785516853,0.2592592592592593,0.2592592592592593,3.857142857142856,0.2150527150547158,4.650022668839918,Miss Cut: DataGolf core; ARG weakness tag,Tier 1 - core,0.0132906059709062,75.24111407629161,0.0149953029854531,66.68754882579533,0.0712007993436811,14.044786143103137,0.0810507435871844,12.337949730520638,0.1428203221528915,7.001804679655346,0.1594798463217557,6.270384773148499,0.1831512485178061,5.4599682398713165,Top 10: DG anchor + putting overlay,Tier 2 - current-price / early value,0.273193078487176,3.660414844832685,0.299470985919597,3.3392216509030472,0.272844671665692,3.6650889822956434,0.2990890665279758,3.343485643285671,0.3137599191445336,3.18715023488819,Top 20: DG anchor + OTT overlay,Tier 3 - experimental,0.425,-0.229,0.28,0.075,0.55,-0.001,-4.772,0,-0.06,0.054992609654589,2.70461863592784,4.5,skybet,0.2222222222222222,0.1831512485178061,Top 10: DG anchor + putting overlay,Tier 2 - current-price / early value,0.2,10.0,-0.03907097370441612,-0.17581938166987265,False,False,False
"Hoshino, Rikuya",19190,-0.4269500000000001,-0.4288015708969735,0.3787878787878788,0.38845,0.3836189393939394,2.574333891105676,2.6067534662909253,0.3923969371682996,2.548439871158063,Make Cut: DG anchor + putting overlay,Tier 2 - candidate,0.61155,0.6163810606060606,1.635189273158368,1.6223730155120983,0.6212121212121212,0.6212121212121212,1.6097560975609757,0.6351096401792687,1.5745312883579217,Miss Cut: DataGolf core; ARG weakness tag,Tier 1 - core,0.001805492813686,553.8654003049862,0.0012360797401763,809.0092956764679,0.0108576417435889,92.10103110930731,0.0085360331733817,117.15043506606048,0.0272254608909154,36.730324015696524,0.0220737492646015,45.30268003014987,0.0179097484749031,55.83551334633732,Top 10: DG anchor + putting overlay,Tier 2 - current-price / early value,0.0691575000475041,14.459747667470667,0.0579752863809134,17.248728939943963,0.0695593237967665,14.37621795924481,0.0583121384493389,17.14908810742365,0.0418775151373248,23.879162761228724,Top 20: DG anchor + OTT overlay,Tier 3 - experimental,-0.536,-0.503,-0.137,0.073,-1.102,-0.008,-4.743,0,-0.06,0.0057421455151327,2.88062304046804,46.0,skybet,0.021739130434782608,0.0179097484749031,Top 10: DG anchor + putting overlay,Tier 2 - current-price / early value,0.2,10.0,-0.003829381959879509,-0.17615157015445737,False,False,False
"Guerrier, Julien",10201,-0.13615,-0.1536218480987786,0.53475935828877,0.49325,0.514004679144385,2.0273694880892044,1.9455075811072489,0.5322751663208812,1.8787275140263664,Make Cut: DG anchor + putting overlay,Tier 2 - candidate,0.50675,0.485995320855615,1.973359644795264,2.057632979345271,0.46524064171123,0.46524064171123,2.1494252873563213,0.4430777470300155,2.2569402474014493,Miss Cut: DataGolf core; ARG weakness tag,Tier 1 - core,0.0045183427996819,221.32008223687333,0.0038925047331742,256.90399075880185,0.0270427403175602,36.97850100459864,0.0248728582540182,40.20446664341242,0.061247084033478,16.32730791646169,0.0566496251696971,17.65236746058678,0.0482889350165107,20.70867787119521,Top 10: DG anchor + putting overlay,Tier 2 - current-price / early value,0.1329939834593099,7.519137136801037,0.1278266736680869,7.823093344324884,0.1325508240959996,7.544275992397846,0.1274007326905828,7.849248421739393,0.1234306268454239,8.101716936529304,Top 20: DG anchor + OTT overlay,Tier 3 - experimental,-0.242,-0.009,0.067,-0.075,-0.258,-0.001,-1.508,0,-0.06,-0.0723592404938934,2.84995424916599,17.0,skybet,0.058823529411764705,0.0482889350165107,Top 10: DG anchor + putting overlay,Tier 2 - current-price / early value,0.2,10.0,-0.010534594395254004,-0.17908810471931813,False,False,False
"Stone, Brandon",15229,-0.08145,-0.0653770133195349,0.5376344086021505,0.52935,0.5334922043010752,1.889109284972136,1.8744416355813365,0.518572068766169,1.9283722750037144,Make Cut: DG anchor + putting overlay,Tier 2 - candidate,0.47065,0.4665077956989247,2.124721130351641,2.14358690084009,0.4623655913978495,0.4623655913978495,2.1627906976744184,0.4915889624887935,2.0342197980549583,Miss Cut: DataGolf core; ARG weakness tag,Tier 1 - core,0.0066668623279367,149.99559775062622,0.0047084311639683,212.38496755619548,0.0355128283598783,28.15883854325099,0.0286082627249127,34.95493625794959,0.0751197419700482,13.312079804516902,0.0639772762880544,15.630549751720451,0.0431888924317892,23.154101522268917,Top 10: DG anchor + putting overlay,Tier 2 - current-price / early value,0.1598212894089432,6.256988688417143,0.1424841629339271,7.018323857253672,0.1584642946621546,6.3105698487599176,0.1412743725404384,7.07842464289664,0.1296719692857615,7.711766895405697,Top 20: DG anchor + OTT overlay,Tier 3 - experimental,-0.125,0.124,-0.216,-0.221,-0.437,-0.013,5.359,0,-0.06,0.0953649334023255,2.83556681622609,19.0,skybet,0.05263157894736842,0.0431888924317892,Top 10: DG anchor + putting overlay,Tier 2 - current-price / early value,0.2,10.0,-0.009442686515579217,-0.17941104379600514,False,False,False
"Elvira Mijares, Ignacio",12988,-0.0755,-0.0589926492505514,0.5780346820809249,0.5387,0.5583673410404624,1.8563207722294413,1.790935691433168,0.5990042859514085,1.669437136683727,Make Cut: DG anchor + putting overlay,Tier 2 - candidate,0.4613,0.4416326589595376,2.1677866897897244,2.264325293233397,0.4219653179190751,0.4219653179190751,2.3698630136986303,0.4137103097939715,2.4171503013739297,Miss Cut: DataGolf core; ARG weakness tag,Tier 1 - core,0.0062002869241858,161.28285871727056,0.0051751434620929,193.2313581883941,0.0351456958805179,28.452986203477693,0.0317519187074547,31.49415974554066,0.0764788981861328,13.075502180565149,0.0713525813080736,14.014909925716296,0.0735330247514538,13.599331774805432,Top 10: DG anchor + putting overlay,Tier 2 - current-price / early value,0.165059441620594,6.058423499932843,0.157534342831794,6.3478222083151845,0.1634173503429748,6.119301273097585,0.1559671148819735,6.411607990291667,0.1407600800481411,7.104286951655553,Top 20: DG anchor + OTT overlay,Tier 3 - experimental,-0.011,-0.329,-0.009,0.137,-0.212,0.005,-7.88,0,-0.06,0.0975367537472429,2.80500860225331,11.0,skybet,0.09090909090909091,0.0735330247514538,Top 10: DG anchor + putting overlay,Tier 2 - current-price / early value,0.2,10.0,-0.017376066157637107,-0.19113672773400814,False,False,False
"Meronk, Adrian",14196,-0.2991,-0.2785825337099342,0.4784688995215311,0.4478,0.4631344497607655,2.233139794551139,2.1592002074485173,0.5060300058805499,1.9761673979389545,Make Cut: DG anchor + putting overlay,Tier 2 - candidate,0.5522,0.5368655502392344,1.810938065918145,1.8626637517612867,0.5215311004784688,0.5215311004784688,1.9174311926605507,0.5376267975071629,1.860026331716988,Miss Cut: DataGolf core; ARG weakness tag,Tier 1 - core,0.0029407814212034,340.0456738436477,0.002303724043935,434.079768639255,0.0178184032909335,56.12175140905165,0.0162597935766837,61.50139577626519,0.0432858462000261,23.10223982636145,0.0398486240194639,25.094969389948133,0.0425390601025945,23.50780665083404,Top 10: DG anchor + putting overlay,Tier 2 - current-price / early value,0.1015087979983008,9.85136283474403,0.0951664424649438,10.507905666100386,0.1016833203545893,9.83445462355878,0.0953300605168378,10.489870609317125,0.0843550151040808,11.854659723149323,Top 20: DG anchor + OTT overlay,Tier 3 - experimental,-0.432,-0.264,-0.144,0.189,-0.65,-0.06,2.874,0,-0.06,0.117587331450329,2.87558542826123,19.0,skybet,0.05263157894736842,0.0425390601025945,Top 10: DG anchor + putting overlay,Tier 2 - current-price / early value,0.2,10.0,-0.01009251884477392,-0.19175785805070455,False,False,False
"Migliozzi, Guido",17357,-0.1266,-0.1115420313940092,0.5405405405405405,0.512,0.5262702702702702,1.953125,1.9001643385373876,0.5441695926878469,1.8376624005406927,Make Cut: DG anchor + putting overlay,Tier 2 - candidate,0.488,0.4737297297297298,2.0491803278688523,2.110908261068005,0.4594594594594595,0.4594594594594595,2.176470588235294,0.4562904051374672,2.191586736737821,Miss Cut: DataGolf core; ARG weakness tag,Tier 1 - core,0.0047195588973652,211.8842081954457,0.0041264461153492,242.33928471288445,0.0314904207528854,31.755688748883145,0.0273934279690353,36.50510630251786,0.0686571450446765,14.565126460607704,0.0619033858340265,16.15420524300833,0.0535998966982353,18.65675237454186,Top 10: DG anchor + putting overlay,Tier 2 - current-price / early value,0.146287315866822,6.835862658867746,0.1377862212959745,7.257619743065089,0.1468242492729668,6.810864042906562,0.1382919522589215,7.231078769701058,0.1244291755380706,8.0367003612753,Top 20: DG anchor + OTT overlay,Tier 3 - experimental,-0.124,-0.21,-0.038,-0.021,-0.393,-0.005,-4.692,0,-0.06,0.0902898430299535,2.83062899060666,15.0,bet365,0.06666666666666667,0.0535998966982353,Top 10: DG anchor + putting overlay,Tier 2 - current-price / early value,0.2,10.0,-0.013066769968431369,-0.19600154952647053,False,False,False
"Frittelli, Dylan",11955,-0.35325,-0.3548961465176117,0.4016064257028112,0.4202,0.4109032128514056,2.379819133745835,2.433663132153772,0.3808939654731305,2.625402580893719,Make Cut: DG anchor + putting overlay,Tier 2 - candidate,0.5798,0.5890967871485944,1.7247326664367024,1.6975139260906529,0.5983935742971889,0.5983935742971889,1.6711409395973151,0.5729818459212285,1.7452559921723532,Miss Cut: DataGolf core; ARG weakness tag,Tier 1 - core,0.0026046347980076,383.9309836315272,0.0017189840656704,581.7389584760023,0.0161789814490212,61.80858808392393,0.0122322883435582,81.75085249086867,0.0370330243495892,27.00292556611273,0.0294146882810957,33.99662068296269,0.0173772178782796,57.54661114365918,Top 10: DG anchor + putting overlay,Tier 2 - current-price / early value,0.0887678376098095,11.265341444900672,0.0736457733970718,13.578511758011622,0.0882225158957005,11.334974862678278,0.0731933500817455,13.662443362452407,0.0532047922208969,18.79529941303361,Top 20: DG anchor + OTT overlay,Tier 3 - experimental,-0.413,-0.442,0.088,-0.244,-1.011,-0.091,5.146,0,-0.06,0.0067692674119415,2.95861226835491,46.0,bet365,0.021739130434782608,0.0173772178782796,Top 10: DG anchor + putting overlay,Tier 2 - current-price / early value,0.2,10.0,-0.004361912556503009,-0.20064797759913844,False,False,False
"Veerman, Johannes",20522,-0.50245,-0.5400156799000158,0.3278688524590164,0.36045,0.3441594262295082,2.7743098904147594,2.9056301347188263,0.3400379534282467,2.9408481903800645,Make Cut: DG anchor + putting overlay,Tier 2 - candidate,0.6395500000000001,0.6558405737704918,1.5635994058322256,1.524760803149006,0.6721311475409836,0.6721311475409836,1.4878048780487805,0.6929282362089426,1.4431508888583728,Miss Cut: DataGolf core; ARG weakness tag,Tier 1 - core,0.0011263005534086,887.8624777139172,0.0007881502767043,1268.7935658431825,0.008806558761036,113.55173196872543,0.0064810736926873,154.29542193422515,0.0213933646687876,46.74346534460639,0.0168280613026477,59.42455176596359,0.0129160296589391,77.42317309622358,Top 10: DG anchor + putting overlay,Tier 2 - current-price / early value,0.0557233076974177,17.945811929006165,0.0451148942656992,22.1656288078746,0.0562366700394416,17.78199170218735,0.045530524434428,21.963287539992564,0.0300393608035318,33.289656412476866,Top 20: DG anchor + OTT overlay,Tier 3 - experimental,-0.614,-0.611,-0.187,0.067,-1.344,-0.062,-1.445,0,-0.06,-0.172828399500079,2.97657140489276,61.0,skybet,0.01639344262295082,0.0129160296589391,Top 10: DG anchor + putting overlay,Tier 2 - current-price / early value,0.2,10.0,-0.0034774129640117203,-0.21212219080471484,False,False,False
"Steinlechner, Maximilian",21677,-0.1744,-0.16540020112396,0.5128205128205129,0.4912,0.5020102564102564,2.035830618892508,1.9919911739467984,0.5082769204549609,1.967431452730326,Make Cut: DG anchor + putting overlay,Tier 2 - candidate,0.5087999999999999,0.4979897435897435,1.9654088050314469,2.008073485191745,0.4871794871794871,0.4871794871794871,2.0526315789473686,0.4921982439146818,2.031701681920956,Miss Cut: DataGolf core; ARG weakness tag,Tier 1 - core,0.0045183427996819,221.32008223687333,0.0035175047331742,284.2924390602237,0.0287434520414753,34.79053241611513,0.0236734257561874,42.24145716378346,0.0629528092867523,15.884914610322838,0.0539460072167287,18.537053094263083,0.0410356629340217,24.369047031306103,Top 10: DG anchor + putting overlay,Tier 2 - current-price / early value,0.1338620213001606,7.470378754835072,0.1210915450231148,8.258214888653976,0.1346709366159422,7.425507129662459,0.1218232895794084,8.208611041882653,0.105322553877935,9.494642535529124,Top 20: DG anchor + OTT overlay,Tier 3 - experimental,-0.211,-0.163,-0.083,-0.093,-0.55,-0.036,3.346,0,-0.06,0.0599989943801998,2.88443701103751,19.0,skybet,0.05263157894736842,0.0410356629340217,Top 10: DG anchor + putting overlay,Tier 2 - current-price / early value,0.2,10.0,-0.011595916013346717,-0.22032240425358762,False,False,False
"Ding, Wenyi",26193,-0.4841000000000001,-0.499958571179357,0.4385964912280702,0.3645,0.4015482456140351,2.7434842249657065,2.490360774633272,0.4616071494861706,2.166344262893526,Make Cut: DG anchor + putting overlay,Tier 2 - candidate,0.6355,0.5984517543859649,1.5735641227380015,1.670978475158853,0.5614035087719298,0.5614035087719298,1.78125,0.5528500434127666,1.8088087573023564,Miss Cut: DataGolf core; ARG weakness tag,Tier 1 - core,0.0013045040722832,766.5748396244493,0.0013189187028082,758.1968455453407,0.0087119588968625,114.78474724669948,0.009510007226209,105.1523911826328,0.0228071770174001,43.845847262775095,0.024584575461562,40.67591085977874,0.0298567368695695,33.493278397051334,Top 10: DG anchor + putting overlay,Tier 2 - current-price / early value,0.0571176191031839,17.507732564858532,0.063717603107573,15.694250116592144,0.0573697045360327,17.430802687364718,0.063998817202482,15.625288774262174,0.0669746166623124,14.931029841380392,Top 20: DG anchor + OTT overlay,Tier 3 - experimental,-0.793,-0.249,-0.008,0.151,-0.898,-0.021,-0.566,0,-0.06,-0.0642928558967844,2.90904790316205,26.0,skybet,0.038461538461538464,0.0298567368695695,Top 10: DG anchor + putting overlay,Tier 2 - current-price / early value,0.2,10.0,-0.008604801591968962,-0.22372484139119297,False,False,False
"Sullivan, Andy",15326,-0.1082,-0.1277602002055662,0.5681818181818182,0.50435,0.5362659090909091,1.982750074353128,1.8647465428022905,0.5712076412159762,1.7506768604691958,Make Cut: DG anchor + putting overlay,Tier 2 - candidate,0.49565,0.4637340909090909,2.0175527085645117,2.1564082080737883,0.4318181818181817,0.4318181818181817,2.3157894736842106,0.4192398992663786,2.385269154366949,Miss Cut: DataGolf core; ARG weakness tag,Tier 1 - core,0.0044681644234612,223.80555083184768,0.0042007488783972,238.0527922396396,0.0268371212004613,37.261820764248405,0.0267313185367386,37.40930319713315,0.060266213506336,16.593045121291137,0.0609034726141588,16.419424986409055,0.0595453725673963,16.793916250471888,Top 10: DG anchor + putting overlay,Tier 2 - current-price / early value,0.1336066989858964,7.484654643743278,0.1371470107506722,7.291445832661713,0.1336480843257279,7.48233695264044,0.1371894927196893,7.289187970417218,0.1382409718735515,7.233745440640391,Top 20: DG anchor + OTT overlay,Tier 3 - experimental,-0.142,-0.116,0.015,-0.026,-0.27,0.027,-7.682,0,-0.06,-0.0828010010278311,2.8075381297315,13.0,skybet,0.07692307692307693,0.0595453725673963,Top 10: DG anchor + putting overlay,Tier 2 - current-price / early value,0.2,10.0,-0.017377704355680625,-0.22591015662384806,False,False,False
"Del Rey, Alejandro",22259,-0.1883,-0.1845187067508787,0.5586592178770949,0.48785,0.5232546089385475,2.0498103925386904,1.911115512252359,0.5590064822387467,1.7888880214682534,Make Cut: DG anchor + putting overlay,Tier 2 - candidate,0.51215,0.4767453910614525,1.9525529629991212,2.0975556738441545,0.441340782122905,0.441340782122905,2.2658227848101262,0.4340663281812187,2.303795376596245,Miss Cut: DataGolf core; ARG weakness tag,Tier 1 - core,0.0050735555138526,197.1004352410524,0.0049201110902596,203.24744333104707,0.0282272763163569,35.426726574413614,0.0289723286343689,34.51569297794484,0.060988873404375,16.396433384983055,0.0643801194916203,15.532745324123848,0.0642419019126338,15.56616429818587,Top 10: DG anchor + putting overlay,Tier 2 - current-price / early value,0.1327897632012213,7.530700980953345,0.1398304243911536,7.15151945189451,0.1324193720901415,7.551765155020311,0.1394403947307007,7.171523014771193,0.1504737333152083,6.6456781390890765,Top 20: DG anchor + OTT overlay,Tier 3 - experimental,-0.366,0.078,-0.015,-0.05,-0.353,-0.082,11.879,0,-0.06,0.0339064662456066,2.92917761063964,12.0,skybet,0.08333333333333333,0.0642419019126338,Top 10: DG anchor + putting overlay,Tier 2 - current-price / early value,0.2,10.0,-0.019091431420699523,-0.22909717704839438,False,False,False
"Rodrigues, Daniel",27149,-0.2735000000000001,-0.2811594960608568,0.4184100418410041,0.4519,0.435155020920502,2.212878955521133,2.2980316253381545,0.4127767881575503,2.42261684447798,Make Cut: DG anchor + putting overlay,Tier 2 - candidate,0.5481,0.5648449790794979,1.8244845831052727,1.7703972541805264,0.5815899581589958,0.5815899581589958,1.7194244604316546,0.590181992183684,1.6943925996453773,Miss Cut: DataGolf core; ARG weakness tag,Tier 1 - core,0.0029407814212034,340.0456738436477,0.0019703907106017,507.51355790477805,0.0190679350018645,52.44406381195533,0.0141008028183925,70.91794792674052,0.0425265732162296,23.514709142338443,0.0330961771203803,30.214970036047134,0.0213831856214143,46.765716657229135,Top 10: DG anchor + putting overlay,Tier 2 - current-price / early value,0.0998375517454275,10.016271257831589,0.0813356325345704,12.294734408993078,0.0994971335960731,10.050540793061272,0.0810583007589015,12.336799447281573,0.0573059621585728,17.450191259905452,Top 20: DG anchor + OTT overlay,Tier 3 - experimental,-0.264,-0.43,-0.104,-0.104,-0.902,-0.008,-4.621,0,-0.06,-0.0232974803042837,2.8841819085127,36.0,skybet,0.027777777777777776,0.0213831856214143,Top 10: DG anchor + putting overlay,Tier 2 - current-price / early value,0.2,10.0,-0.006394592156363475,-0.23020531762908514,False,False,False
"Jordan, Matthew",25601,0.1005,0.1028804507713356,0.6756756756756757,0.5993,0.6374878378378379,1.6686133822793257,1.568657377671222,0.6576665263431248,1.5205274404953817,Make Cut: DG anchor + putting overlay,Tier 2 - candidate,0.4006999999999999,0.3625121621621621,2.4956326428749693,2.7585281388508878,0.3243243243243243,0.3243243243243243,3.083333333333333,0.2897931495493015,3.4507371949793915,Miss Cut: DataGolf core; ARG weakness tag,Tier 1 - core,0.0111475963051744,89.70543717445385,0.0120321314859205,83.1107938913527,0.0591829144796204,16.896768413531724,0.0629648236419266,15.881883600387413,0.1186691169630103,8.426792290969049,0.1262734891573106,7.919318668340641,0.1098311037212156,9.104888925984946,Top 10: DG anchor + putting overlay,Tier 2 - current-price / early value,0.2289343791722664,4.368063912530713,0.2433604791091102,4.109130634771852,0.2280321058818923,4.385347388397768,0.2424013498554494,4.125389568153508,0.2637312750562225,3.791738388959818,Top 20: DG anchor + OTT overlay,Tier 3 - experimental,0.148,0.102,0.167,-0.231,0.187,-0.004,0.724,0,-0.06,0.0269022538566784,2.83249310202753,7.0,skybet,0.14285714285714285,0.1098311037212156,Top 10: DG anchor + putting overlay,Tier 2 - current-price / early value,0.2,10.0,-0.03302603913592725,-0.23118227395149082,False,False,False
"Olesen, Thorbjorn",13412,-0.0014499999999999,-0.0170392059177876,0.6211180124223602,0.5497,0.5854090062111801,1.819174094960888,1.708207406087054,0.630834476398889,1.5852018832396224,Make Cut: DG anchor + putting overlay,Tier 2 - candidate,0.4503,0.4145909937888199,2.220741727737064,2.412015733533685,0.3788819875776398,0.3788819875776398,2.6393442622950816,0.3572397390450332,2.799240651874793,Miss Cut: DataGolf core; ARG weakness tag,Tier 1 - core,0.0073460394443591,136.1277743707016,0.0074980197221795,133.36854757022584,0.0412114042365397,24.26512802767733,0.0426671637584815,23.43722694249198,0.0868201439858682,11.518064288890958,0.0903609780775902,11.066723947380588,0.0956838735176106,10.45108191419476,Top 10: DG anchor + putting overlay,Tier 2 - current-price / early value,0.1762707794365262,5.673090022048109,0.1855107886249121,5.390522068352151,0.1772091622314028,5.643049080578477,0.1864983608865545,5.361977420317876,0.1929777686210515,5.1819440505796805,Top 20: DG anchor + OTT overlay,Tier 3 - experimental,0.011,-0.074,0.072,0.038,0.046,-0.013,1.198,0,-0.06,-0.0629460295889382,2.81680633849316,8.0,skybet,0.125,0.0956838735176106,Top 10: DG anchor + putting overlay,Tier 2 - current-price / early value,0.2,10.0,-0.029316126482389404,-0.23452901185911523,False,False,False
"Van Rooyen, Erik",17550,-0.2412,-0.2240979741821328,0.5714285714285714,0.4684,0.5199142857142857,2.134927412467976,1.923393966038358,0.6074742501767159,1.6461603100198854,Make Cut: DG anchor + putting overlay,Tier 2 - candidate,0.5316000000000001,0.4800857142857143,1.8811136192626032,2.082961375944772,0.4285714285714286,0.4285714285714286,2.333333333333333,0.4085892866184361,2.4474454733656703,Miss Cut: DataGolf core; ARG weakness tag,Tier 1 - core,0.0032804645935955,304.8348706315282,0.0040152322967977,249.05159305416092,0.02128172385451,46.98867473501578,0.0257726972447153,38.80075067443897,0.0493352484678152,20.269483402974423,0.0586827745465579,17.040775725534537,0.0846518354708845,11.81309294048259,Top 10: DG anchor + putting overlay,Tier 2 - current-price / early value,0.1129244198066806,8.855480521502225,0.1316280274885328,7.597166189298994,0.1127714390029044,8.867493479215467,0.1314497085608895,7.607472172802761,0.1456260504762879,6.866903254804869,Top 20: DG anchor + OTT overlay,Tier 3 - experimental,-0.416,-0.182,0.057,0.274,-0.267,-0.042,2.267,0,-0.06,0.100510129089336,2.86330345891619,9.0,skybet,0.1111111111111111,0.0846518354708845,Top 10: DG anchor + putting overlay,Tier 2 - current-price / early value,0.2,10.0,-0.0264592756402266,-0.23813348076203944,False,False,False
"Koepka, Brooks",16243,0.23215,0.2081395110564708,0.6711409395973155,0.6338,0.6524704697986577,1.577784790154623,1.5326364123553124,0.6644796159282397,1.50493706056439,Make Cut: DG anchor + putting overlay,Tier 2 - candidate,0.3661999999999999,0.3475295302013422,2.730748225013654,2.877453318630641,0.3288590604026845,0.3288590604026845,3.0408163265306127,0.3218905494879998,3.106646037265162,Miss Cut: DataGolf core; ARG weakness tag,Tier 1 - core,0.0212226672415354,47.11943077743175,0.0181280002874343,55.163282443963766,0.0893113006309621,11.196791368340271,0.0814121417175974,12.28318011174305,0.1602712250538414,6.239423200665377,0.1508312575531907,6.629925495697399,0.1269305410770995,7.878324566446031,Top 10: DG anchor + putting overlay,Tier 2 - current-price / early value,0.2810691934310607,3.5578427781174646,0.2735385468394803,3.655791885839134,0.2811761217737423,3.556489767664848,0.273642610266411,3.65440162636377,0.2836176877255332,3.525873185200406,Top 20: DG anchor + OTT overlay,Tier 3 - experimental,0.295,0.332,-0.012,-0.119,0.496,-0.029,7.558,0,-0.06,-0.105052444717646,2.91683736213857,6.0,skybet,0.16666666666666666,0.1269305410770995,Top 10: DG anchor + putting overlay,Tier 2 - current-price / early value,0.2,10.0,-0.039736125589567156,-0.23841675353740288,False,False,False
"Straka, Sepp",17511,0.21545,0.1948368593428573,0.6535947712418301,0.62345,0.638522385620915,1.6039778651054617,1.5661158050513375,0.6466610004762484,1.546405302412743,Make Cut: DG anchor + putting overlay,Tier 2 - candidate,0.37655,0.361477614379085,2.6556898154295574,2.7664230376138605,0.3464052287581699,0.3464052287581699,2.8867924528301887,0.3454986326003419,2.8943674609466754,Miss Cut: DataGolf core; ARG weakness tag,Tier 1 - core,0.0177825791272317,56.234812332066326,0.0148329562302825,67.41744426902764,0.0809707642155713,12.350136616441768,0.0707983086950872,14.12463120138618,0.1478643959258404,6.762953270383886,0.1346479836587057,7.426772929141778,0.1087967041917981,9.191454901401205,Top 10: DG anchor + putting overlay,Tier 2 - current-price / early value,0.2692835461052515,3.71355775153504,0.2533330237348137,3.947373245135183,0.2689871297559339,3.7176499890807126,0.2530541650702457,3.9517231408635713,0.2444039766249201,4.091586453745275,Top 20: DG anchor + OTT overlay,Tier 3 - experimental,0.364,0.129,-0.05,-0.12,0.322,0.035,-2.708,0,-0.06,-0.0880657032857133,2.87331410099583,7.0,skybet,0.14285714285714285,0.1087967041917981,Top 10: DG anchor + putting overlay,Tier 2 - current-price / early value,0.2,10.0,-0.03406043866534475,-0.2384230706574133,False,False,False
"Couvra, Martin",27811,-0.06,-0.0656857156249306,0.5586592178770949,0.5356,0.5471296089385475,1.8670649738610905,1.827720495587944,0.5417582182040529,1.8458418652420896,Make Cut: DG anchor + putting overlay,Tier 2 - candidate,0.4644,0.4528703910614525,2.153316106804479,2.2081372943286643,0.441340782122905,0.441340782122905,2.2658227848101262,0.4324530638683079,2.3123896754366005,Miss Cut: DataGolf core; ARG weakness tag,Tier 1 - core,0.0074510507461965,134.20925907805216,0.0054505253730982,183.46855239599927,0.038143242746512,26.21696342509957,0.0321019421404517,31.150763266123292,0.0801449085875772,12.477398971729606,0.0705436432668525,14.175621695879792,0.0506546662651875,19.74151788435039,Top 10: DG anchor + putting overlay,Tier 2 - current-price / early value,0.1661898795641686,6.017213578964559,0.1531548404369848,6.529339831158961,0.1665378794380758,6.004639925608229,0.1534755450749575,6.515696031648558,0.1432979486723641,6.978466958284214,Top 20: DG anchor + OTT overlay,Tier 3 - experimental,-0.102,0.068,-0.006,-0.203,-0.243,0.011,-3.254,0,-0.06,-0.013428578124653,2.84374172830083,15.0,skybet,0.06666666666666667,0.0506546662651875,Top 10: DG anchor + putting overlay,Tier 2 - current-price / early value,0.2,10.0,-0.016012000401479168,-0.2401800060221876,False,False,False
"Li, Haotong",15310,0.03625,0.0380789095962909,0.6097560975609756,0.5725,0.5911280487804877,1.7467248908296944,1.691680849966476,0.5971197482841164,1.6747059578478194,Make Cut: DG anchor + putting overlay,Tier 2 - candidate,0.4275,0.4088719512195122,2.3391812865497075,2.445753485944373,0.3902439024390244,0.3902439024390244,2.5625,0.439015155202851,2.277825692686943,Miss Cut: DataGolf core; ARG weakness tag,Tier 1 - core,0.0108210396746022,92.41256201537352,0.0087938531706344,113.7157944982898,0.0590739405902705,16.92793793689633,0.0501911105067754,19.92384687055304,0.1113899047498522,8.977474235620322,0.0997009868034605,10.029990996691826,0.075535822612325,13.238751699737652,Top 10: DG anchor + putting overlay,Tier 2 - current-price / early value,0.2134925599221193,4.6840039782407095,0.1991891646689441,5.020353399553722,0.2137792148007161,4.677723233908379,0.1994566144846979,5.01362164691068,0.1938819895424775,5.157776657645193,Top 20: DG anchor + OTT overlay,Tier 3 - experimental,0.065,0.202,-0.331,-0.169,-0.233,-0.028,5.647,0,-0.06,0.0241445479814547,2.90320182306107,10.0,unibet,0.1,0.075535822612325,Top 10: DG anchor + putting overlay,Tier 2 - current-price / early value,0.2,10.0,-0.024464177387675007,-0.2446417738767499,False,False,False
"Norris, Shaun",7677,-0.25545,-0.2590489205722762,0.5102040816326531,0.45625,0.4832270408163265,2.191780821917808,2.069420615019137,0.551042234400009,1.8147429317987385,Make Cut: DG anchor + putting overlay,Tier 2 - candidate,0.54375,0.5167729591836735,1.8390804597701151,1.9350857707022089,0.4897959183673469,0.4897959183673469,2.0416666666666665,0.505582906382973,1.9779149717583848,Miss Cut: DataGolf core; ARG weakness tag,Tier 1 - core,0.0032317340135774,309.4314061116112,0.0027908670067887,358.3115919058543,0.020575394546805,48.60174115860528,0.0199960074585877,50.00998334647685,0.0471950826927114,21.18864811639445,0.0460808942203335,21.700967763744963,0.0580103338471195,17.238307964842953,Top 10: DG anchor + putting overlay,Tier 2 - current-price / early value,0.1114003151043628,8.976635291050775,0.1095137437576424,9.131273990715115,0.1111446927395676,8.997280709958714,0.1092624503736813,9.152275064122811,0.1012368747640752,9.87782369151975,Top 20: DG anchor + OTT overlay,Tier 3 - experimental,-0.354,-0.309,-0.142,0.307,-0.498,0.015,-6.764,0,-0.06,-0.0029946028613812,2.86854434274594,13.0,bet365,0.07692307692307693,0.0580103338471195,Top 10: DG anchor + putting overlay,Tier 2 - current-price / early value,0.2,10.0,-0.01891274307595743,-0.24586565998744658,False,False,False
"Lemke, Niklas",10418,-0.36445,-0.3667047113190018,0.4032258064516129,0.4173,0.4102629032258065,2.3963575365444525,2.4374614232415874,0.3790456426991764,2.6382047103325608,Make Cut: DG anchor + putting overlay,Tier 2 - candidate,0.5827,0.5897370967741935,1.7161489617298782,1.6956708429398557,0.596774193548387,0.596774193548387,1.675675675675676,0.6003720911362574,1.6656337207604226,Miss Cut: DataGolf core; ARG weakness tag,Tier 1 - core,0.0022723954948265,440.0642415797134,0.0016111977474132,620.656279842415,0.0143554411937363,69.65999766251173,0.0111328098825824,89.82458252202129,0.0354286791805447,28.225720606291716,0.0282745364998442,35.367511683365976,0.016361012107065,61.12091314743155,Top 10: DG anchor + putting overlay,Tier 2 - current-price / early value,0.084683477004823,11.80867904069463,0.0709168436056416,14.101022396891436,0.0846522978924752,11.813028410288323,0.0708907331492416,14.106216081794011,0.052288482499025,19.12467052411869,Top 20: DG anchor + OTT overlay,Tier 3 - experimental,-0.41,-0.415,-0.076,-0.276,-1.177,-0.061,1.192,0,-0.06,0.003726443404991,2.91802599357506,46.0,skybet,0.021739130434782608,0.016361012107065,Top 10: DG anchor + putting overlay,Tier 2 - current-price / early value,0.2,10.0,-0.005378118327717608,-0.24739344307501,False,False,False
"Otaegui, Adrian",14975,-0.2204999999999999,-0.2156062010548981,0.4629629629629629,0.4728,0.4678814814814814,2.1150592216582065,2.13729339497182,0.4433310157701121,2.255650889353852,Make Cut: DG anchor + putting overlay,Tier 2 - candidate,0.5272,0.5321185185185185,1.896813353566009,1.8792805835514224,0.5370370370370371,0.5370370370370371,1.862068965517241,0.5083620199309049,1.9671021059675489,Miss Cut: DataGolf core; ARG weakness tag,Tier 1 - core,0.0019445274482775,514.2637615559588,0.0015639303908054,639.4146477868582,0.0201725789236133,49.57224377639845,0.0157944574512246,63.31334919785173,0.0481625870856055,20.76300424274492,0.0390505419795512,25.607839208061407,0.0242632807484054,41.21454185727626,Top 10: DG anchor + putting overlay,Tier 2 - current-price / early value,0.115669313670367,8.64533529480245,0.0966192785444927,10.349901335058144,0.1147436699824258,8.715077704531852,0.0958460827635182,10.433394575627132,0.0685574404921578,14.586308835645456,Top 20: DG anchor + OTT overlay,Tier 3 - experimental,-0.12,-0.568,0.102,-0.227,-0.814,0.053,-16.233,0,-0.06,0.0394689947255091,2.81695414786983,31.0,skybet,0.03225806451612903,0.0242632807484054,Top 10: DG anchor + putting overlay,Tier 2 - current-price / early value,0.2,10.0,-0.007994783767723633,-0.2478382967994326,False,False,False
"Canter, Laurie",14795,0.2046,0.1888676832019966,0.6451612903225806,0.63465,0.6399056451612903,1.575671630032301,1.5627303924595737,0.6241528461086366,1.6021716575268896,Make Cut: DG anchor + putting overlay,Tier 2 - candidate,0.3653499999999999,0.3600943548387096,2.7371014096072264,2.77704992195146,0.3548387096774194,0.3548387096774194,2.818181818181818,0.3616377054418865,2.7651983876462665,Miss Cut: DataGolf core; ARG weakness tag,Tier 1 - core,0.0171014271662024,58.47465186860529,0.0129423802497678,77.26554008625527,0.0764072922736868,13.087756027501324,0.0642778590998063,15.557456548875823,0.1435248097518691,6.967436513093702,0.1263834038538085,7.912431296412381,0.0877491561850708,11.396120982530135,Top 10: DG anchor + putting overlay,Tier 2 - current-price / early value,0.2635525609812792,3.7943095535733846,0.2417192628092471,4.137030654396586,0.2635337489577633,3.794580405564186,0.2417020092168734,4.1373259710999095,0.2338887403060771,4.275537157929688,Top 20: DG anchor + OTT overlay,Tier 3 - experimental,0.303,0.291,-0.096,-0.252,0.246,0.032,0.365,0,-0.06,-0.0636615839900169,2.82170817258367,8.5,skybet,0.11764705882352941,0.0877491561850708,Top 10: DG anchor + putting overlay,Tier 2 - current-price / early value,0.2,10.0,-0.02989790263845861,-0.2541321724268981,False,False,False
"Garcia, Sergio",5689,0.0894,0.1081691366830728,0.6666666666666666,0.60125,0.6339583333333333,1.6632016632016633,1.5773907328294448,0.6563730094572386,1.5235239499365,Make Cut: DG anchor + putting overlay,Tier 2 - candidate,0.39875,0.3660416666666667,2.507836990595611,2.7319294251565163,0.3333333333333333,0.3333333333333333,3.0,0.320406368217218,3.1210365935113207,Miss Cut: DataGolf core; ARG weakness tag,Tier 1 - core,0.0100625884350451,99.3780085964051,0.0103229608841892,96.87143167728304,0.0590194592273861,16.943564259836197,0.0587897229999364,17.009775671184578,0.1186691169630103,8.426792290969049,0.1200582468301936,8.329290376981485,0.1058632285480174,9.4461506012583,Top 10: DG anchor + putting overlay,Tier 2 - current-price / early value,0.227015412780021,4.404987255068027,0.233530773357765,4.282090902289856,0.2270797167255862,4.403739860255538,0.2335969228317319,4.280878309002105,0.2503499623720063,3.9944084294051336,Top 20: DG anchor + OTT overlay,Tier 3 - experimental,0.096,0.198,0.025,-0.154,0.166,0.031,-2.122,0,-0.06,0.108845683415364,2.82983794861846,7.0,bet365,0.14285714285714285,0.1058632285480174,Top 10: DG anchor + putting overlay,Tier 2 - current-price / early value,0.2,10.0,-0.03699391430912545,-0.25895740016387814,False,False,False
"Bradbury, Dan",29971,0.04395,0.0316103704908338,0.5235602094240838,0.5692,0.5463801047120419,1.756851721714687,1.83022769565709,0.4897606358228591,2.041813749118229,Make Cut: DG anchor + putting overlay,Tier 2 - candidate,0.4307999999999999,0.4536198952879581,2.3212627669452184,2.204488847133126,0.4764397905759162,0.4764397905759162,2.098901098901099,0.5239482270231165,1.9085855212864,Miss Cut: DataGolf core; ARG weakness tag,Tier 1 - core,0.0089347019243318,111.92315182633092,0.0057506842954992,173.8923489127466,0.0476122374651837,21.003003707423886,0.0337232186003167,29.65316009280943,0.0984515695000947,10.157278396654084,0.0733134960896337,13.640053378130974,0.0351518185366543,28.44803033326016,Top 10: DG anchor + putting overlay,Tier 2 - current-price / early value,0.1962756484358516,5.094875538402961,0.1559904171573938,6.4106502067431705,0.1970080428645127,5.075934898189535,0.1565724889190262,6.386818060465047,0.1187138655768429,8.423615852629316,Top 20: DG anchor + OTT overlay,Tier 3 - experimental,0.166,0.077,-0.316,-0.35,-0.422,0.04,-2.014,0,-0.06,-0.046698147545831,2.85563847047871,21.0,skybet,0.047619047619047616,0.0351518185366543,Top 10: DG anchor + putting overlay,Tier 2 - current-price / early value,0.2,10.0,-0.012467229082393318,-0.2618118107302597,False,False,False
"Kobori, Kazuma",24369,-0.0223999999999999,-0.0336545342944032,0.5681818181818182,0.54265,0.5554159090909091,1.842808440062656,1.8004525683046693,0.5716539505550611,1.7493100485512714,Make Cut: DG anchor + putting overlay,Tier 2 - candidate,0.45735,0.4445840909090909,2.1865092380015305,2.249293261833072,0.4318181818181817,0.4318181818181817,2.3157894736842106,0.426365883544222,2.3454034166321414,Miss Cut: DataGolf core; ARG weakness tag,Tier 1 - core,0.0053278021334289,187.69465812657745,0.0042555677333811,234.9862727259378,0.033001133364732,30.301989599808397,0.0285709800421543,35.00054945698656,0.0736054016145234,13.585959427774991,0.0660030018719377,15.150826047885644,0.0567054608973116,17.63498584044501,Top 10: DG anchor + putting overlay,Tier 2 - current-price / early value,0.1612073791602628,6.2031899855270245,0.1493975499905543,6.69355019585813,0.1611556422059605,6.205181440200382,0.1493496032138188,6.69569907439482,0.1300503857175896,7.689327443991944,Top 20: DG anchor + OTT overlay,Tier 3 - experimental,0.101,-0.293,-0.025,-0.022,-0.24,0.1,-21.309,0,-0.06,-0.0412726714720164,2.73254479973684,13.0,unibet,0.07692307692307693,0.0567054608973116,Top 10: DG anchor + putting overlay,Tier 2 - current-price / early value,0.2,10.0,-0.020217616025765328,-0.26282900833494915,False,False,False
"Scrivener, Jason",12734,-0.3334,-0.3327191490956291,0.4329004329004329,0.42335,0.4281252164502164,2.362111727884729,2.3357652424481348,0.4485191144904,2.229559382627836,Make Cut: DG anchor + putting overlay,Tier 2 - candidate,0.57665,0.5718747835497835,1.7341541663053843,1.7486345416259237,0.5670995670995671,0.5670995670995671,1.763358778625954,0.5704140714858116,1.7531124318080114,Miss Cut: DataGolf core; ARG weakness tag,Tier 1 - core,0.0019910772344361,502.2406879576252,0.0014538719505513,687.8184833408051,0.0148466853087621,67.35510177546685,0.0115903367020001,86.27877047156308,0.0365813969477062,27.33629886878073,0.0299084717191263,33.435342647765715,0.0248580334592844,40.228443719730485,Top 10: DG anchor + putting overlay,Tier 2 - current-price / early value,0.0883641960687459,11.316800746107802,0.0764314183668183,13.083624788966846,0.089093624112061,11.224147743077664,0.0770623438143121,12.976506429775604,0.0586496490704609,17.050400400497086,Top 20: DG anchor + OTT overlay,Tier 3 - experimental,-0.407,-0.443,-0.074,0.086,-0.838,0.013,-9.529,0,-0.06,0.0184042545218546,2.83511957703809,29.0,skybet,0.034482758620689655,0.0248580334592844,Top 10: DG anchor + putting overlay,Tier 2 - current-price / early value,0.2,10.0,-0.009624725161405254,-0.27911702968075236,False,False,False
"Kaneko, Kota",28268,-0.0737,-0.1088110462195016,0.5102040816326531,0.51595,0.5130770408163265,1.9381723035177827,1.9490250399997613,0.5203419776717344,1.9218130439417769,Make Cut: DG anchor + putting overlay,Tier 2 - candidate,0.48405,0.4869229591836734,2.0659022828220226,2.053712976846482,0.4897959183673469,0.4897959183673469,2.0416666666666665,0.4862412484266027,2.0565922846649407,Miss Cut: DataGolf core; ARG weakness tag,Tier 1 - core,0.0037712704457599,265.1626326943214,0.0026273018895466,380.61861256932286,0.0255034746049808,39.210343511573946,0.0194892306887338,51.31038859209938,0.0624356432293233,16.016492315567948,0.0497158317757968,20.1143169948296,0.0378169804730331,26.443147694276902,Top 10: DG anchor + putting overlay,Tier 2 - current-price / early value,0.1419373826874009,7.045360292449333,0.1190401911170752,8.400524147483154,0.1416655875469016,7.0588772991106765,0.1188122416871425,8.416641128893174,0.0904086068884448,11.060893806647185,Top 20: DG anchor + OTT overlay,Tier 3 - experimental,0.006,-0.308,-0.036,0.036,-0.301,0.071,-17.24,0,-0.06,-0.160555231097508,2.75716104025888,19.0,skybet,0.05263157894736842,0.0378169804730331,Top 10: DG anchor + putting overlay,Tier 2 - current-price / early value,0.2,10.0,-0.01481459847433532,-0.28147737101237114,False,False,False
"Elvira, Manuel",26008,-0.1177,-0.1149529310444367,0.5102040816326531,0.5118,0.5110020408163265,1.9538882375928093,1.9569393468615088,0.5017871754046656,1.9928767593423475,Make Cut: DG anchor + putting overlay,Tier 2 - candidate,0.4881999999999999,0.4889979591836735,2.048340843916428,2.044998309746295,0.4897959183673469,0.4897959183673469,2.0416666666666665,0.5085023737499396,1.9665591580733872,Miss Cut: DataGolf core; ARG weakness tag,Tier 1 - core,0.0044681644234612,223.80555083184768,0.0035340822117306,282.95889571575947,0.0291568881791347,34.297212852626025,0.0232383283488266,43.032355210287456,0.0649202198689212,15.403521460941986,0.0537611212148469,18.60080253913744,0.0377589917473557,26.48375800633051,Top 10: DG anchor + putting overlay,Tier 2 - current-price / early value,0.1433187109836811,6.977456000939499,0.1234416124594101,8.100995928976694,0.1439984141669438,6.944520922575267,0.1240270465339971,8.062757502863617,0.1045840765468847,9.56168503865598,Top 20: DG anchor + OTT overlay,Tier 3 - experimental,-0.164,0.004,-0.158,-0.127,-0.444,-0.01,-0.489,0,-0.06,0.0287353447778162,2.83742691517772,19.0,skybet,0.05263157894736842,0.0377589917473557,Top 10: DG anchor + putting overlay,Tier 2 - current-price / early value,0.2,10.0,-0.014872587200012721,-0.2825791568002417,False,False,False
"Manassero, Matteo",11460,-0.0585499999999999,-0.0585808233307166,0.4878048780487805,0.53725,0.5125274390243902,1.8613308515588645,1.9511150503542345,0.4530971797005376,2.207032055818408,Make Cut: DG anchor + putting overlay,Tier 2 - candidate,0.46275,0.4874725609756097,2.1609940572663424,2.051397514556792,0.5121951219512195,0.5121951219512195,1.9523809523809523,0.4727147696795112,2.115440566153613,Miss Cut: DataGolf core; ARG weakness tag,Tier 1 - core,0.0057882104996471,172.76496769786897,0.0037774385831568,264.7296515842453,0.0339937108761,29.41720613100433,0.0238507443269389,41.92741267493778,0.0762697076034432,13.111365329986585,0.0552393250018178,18.10304524841844,0.0246798025571717,40.51896273008912,Top 10: DG anchor + putting overlay,Tier 2 - current-price / early value,0.161618139226523,6.187424287804763,0.1253110623890042,7.9801414251496094,0.161263710917752,6.201023121128732,0.125036255438959,7.99768032471339,0.0756933576478601,13.211198856472844,Top 20: DG anchor + OTT overlay,Tier 3 - experimental,0.265,-0.738,0.161,-0.359,-0.67,0.0,-14.905,0,-0.06,0.0148458833464166,2.78423505895212,29.0,skybet,0.034482758620689655,0.0246798025571717,Top 10: DG anchor + putting overlay,Tier 2 - current-price / early value,0.2,10.0,-0.009802956063517956,-0.2842857258420207,False,False,False
"Gouveia, Ricardo",18722,-0.35335,-0.3641150392535964,0.4048582995951417,0.41825,0.4115541497975709,2.390914524805738,2.4298139151114504,0.4026746973439717,2.483394180453764,Make Cut: DG anchor + putting overlay,Tier 2 - candidate,0.58175,0.5884458502024291,1.7189514396218306,1.6993917106493208,0.5951417004048583,0.5951417004048583,1.6802721088435375,0.6334320450952456,1.5787013109664123,Miss Cut: DataGolf core; ARG weakness tag,Tier 1 - core,0.0019445274482775,514.2637615559588,0.0015722637241387,636.0256136722709,0.0138165089192145,72.3771834004542,0.0108601724490252,92.07956914991333,0.0348280986566958,28.71244881488085,0.028068196431245,35.627511815715295,0.0197910267601182,50.5279494652163,Top 10: DG anchor + putting overlay,Tier 2 - current-price / early value,0.0872544594004893,11.460732286588344,0.0732493839580239,13.651991948124191,0.0868859144125674,11.509345407261518,0.0729399935439226,13.709899760243667,0.0588707933625706,16.98635168446342,Top 20: DG anchor + OTT overlay,Tier 3 - experimental,-0.547,-0.07,-0.277,-0.073,-0.968,0.005,-2.02,0,-0.06,-0.0388251962679816,2.93882890545223,36.0,skybet,0.027777777777777776,0.0197910267601182,Top 10: DG anchor + putting overlay,Tier 2 - current-price / early value,0.2,10.0,-0.007986751017659575,-0.28752303663574474,False,False,False
"Schneider, Marcel",12522,-0.44625,-0.4441140813438024,0.4016064257028112,0.3941,0.3978532128514056,2.537427048972342,2.5134898191044406,0.403040677761286,2.481139138497288,Make Cut: DG anchor + putting overlay,Tier 2 - candidate,0.6059,0.6021467871485944,1.650437365901964,1.6607246295133444,0.5983935742971889,0.5983935742971889,1.6711409395973151,0.5983078621198025,1.671380343318578,Miss Cut: DataGolf core; ARG weakness tag,Tier 1 - core,0.0016674255560366,599.7269241674314,0.0012587127780183,794.4624202309168,0.0099474465620533,100.52831083453238,0.0089275923286456,112.0122831764318,0.0260429786797892,38.39806545539484,0.0233362181758734,42.851844821791474,0.0197329877333122,50.67656320040427,Top 10: DG anchor + putting overlay,Tier 2 - current-price / early value,0.0691575000475041,14.459747667470667,0.0628062822137842,15.921974120297914,0.0691659742833065,14.457976054872882,0.0628139782011318,15.920023355278923,0.0521860218339693,19.16221940008218,Top 20: DG anchor + OTT overlay,Tier 3 - experimental,-0.625,-0.372,-0.055,-0.04,-1.092,-0.011,-3.978,0,-0.06,0.0256795932809877,2.91585994128478,36.0,skybet,0.027777777777777776,0.0197329877333122,Top 10: DG anchor + putting overlay,Tier 2 - current-price / early value,0.2,10.0,-0.008044790044465577,-0.28961244160076083,False,False,False
"Pepperell, Eddie",15113,-0.25535,-0.2783611010220106,0.4854368932038835,0.4489,0.4671684466019418,2.227667631989307,2.140555526114257,0.4814651330820294,2.076993599928296,Make Cut: DG anchor + putting overlay,Tier 2 - candidate,0.5510999999999999,0.5328315533980582,1.814552712756306,1.8767657313510075,0.5145631067961165,0.5145631067961165,1.9433962264150944,0.5210357643904185,1.9192540480785265,Miss Cut: DataGolf core; ARG weakness tag,Tier 1 - core,0.0025569231536315,391.0950544523475,0.001961794910149,509.7372792775828,0.0162780027128052,61.43259819052238,0.014693078737355,68.0592555090339,0.0401021125532649,24.93634216082176,0.0368329556272818,27.149599671531917,0.030771234694192,32.49788349210262,Top 10: DG anchor + putting overlay,Tier 2 - current-price / early value,0.0985719976410719,10.144868968175714,0.0936361389581761,10.679637276016518,0.0982424628918207,10.178897907935646,0.0933231052131891,10.715459989416123,0.0793160854822442,12.607783073508594,Top 20: DG anchor + OTT overlay,Tier 3 - experimental,-0.194,-0.523,-0.091,-0.088,-0.896,0.045,-16.052,0,-0.06,-0.100055505110053,2.80294900425483,23.0,skybet,0.043478260869565216,0.030771234694192,Top 10: DG anchor + putting overlay,Tier 2 - current-price / early value,0.2,10.0,-0.012707026175373216,-0.292261602033584,False,False,False
"Power, Seamus",10104,-0.1835,-0.2272934495895078,0.5405405405405405,0.471,0.5057702702702702,2.123142250530785,1.9771822481096537,0.5682317232397,1.759845427669242,Make Cut: DG anchor + putting overlay,Tier 2 - candidate,0.529,0.4942297297297298,1.8903591682419656,2.023350559155661,0.4594594594594595,0.4594594594594595,2.176470588235294,0.4298169982897342,2.326571550169155,Miss Cut: DataGolf core; ARG weakness tag,Tier 1 - core,0.0030859458922262,324.0497516560793,0.0031346396127797,319.01593916029617,0.0213827713161177,46.76662277383223,0.0223316766633498,44.77944110847581,0.0475004902048422,21.05241431588552,0.0510189244554754,19.600569997760463,0.0636501934340924,15.710871342998582,Top 10: DG anchor + putting overlay,Tier 2 - current-price / early value,0.110892414729789,9.017749342339552,0.11873692027467,8.42198027106257,0.1115532513716809,8.964328584813092,0.1194445043583433,8.372088823776417,0.1192205919993945,8.387812736285342,Top 20: DG anchor + OTT overlay,Tier 3 - experimental,-0.249,-0.307,0.109,0.193,-0.254,0.011,-4.776,0,-0.06,-0.203967247947539,2.81943178360718,11.0,skybet,0.09090909090909091,0.0636501934340924,Top 10: DG anchor + putting overlay,Tier 2 - current-price / early value,0.2,10.0,-0.027258897474998517,-0.29984787222498366,False,False,False
"Paratore, Renato",16549,-0.56865,-0.5665862426689442,0.3831417624521073,0.34655,0.3648458812260536,2.885586495455201,2.7408833467970912,0.4095235627744528,2.4418619364052443,Make Cut: DG anchor + putting overlay,Tier 2 - candidate,0.65345,0.6351541187739463,1.5303389700818733,1.5744210270262038,0.6168582375478927,0.6168582375478927,1.6211180124223603,0.6238232810780469,1.603018082736302,Miss Cut: DataGolf core; ARG weakness tag,Tier 1 - core,0.0007352066456891,1360.161807382188,0.0007926033228445,1261.6651623552066,0.0079579585388491,125.6603681859114,0.007684081782652,130.1391666936244,0.0193068228572454,51.79516108859515,0.0192714579654192,51.89020995683879,0.022568146089982,44.310241346935385,Top 10: DG anchor + putting overlay,Tier 2 - current-price / early value,0.0524904702645433,19.05107717572665,0.0518112887661378,19.30081308175387,0.0524246347148256,19.075001770440565,0.0517463050717584,19.32505129812193,0.0458231121020948,21.82304854746614,Top 20: DG anchor + OTT overlay,Tier 3 - experimental,-0.824,-0.499,-0.096,0.189,-1.23,-0.059,-1.997,0,-0.06,0.0253187866552791,2.96635954016,31.0,skybet,0.03225806451612903,0.022568146089982,Top 10: DG anchor + putting overlay,Tier 2 - current-price / early value,0.2,10.0,-0.009689918426147033,-0.300387471210558,False,False,False
"Laporta, Francesco",14987,-0.0574,-0.0486361537905731,0.5847953216374269,0.5419,0.5633476608187135,1.8453589223103888,1.775102782084334,0.5745931209440179,1.7403619423028718,Make Cut: DG anchor + putting overlay,Tier 2 - candidate,0.4580999999999999,0.4366523391812865,2.1829294913774286,2.2901514781186743,0.4152046783625731,0.4152046783625731,2.408450704225352,0.4168916117950025,2.398705015182048,Miss Cut: DataGolf core; ARG weakness tag,Tier 1 - core,0.0065109964427026,153.5863225851979,0.0056971648880179,175.52590097982923,0.0366159041921855,27.3105368298789,0.03415828939768,29.27547068759003,0.0779441349162187,12.82970169692548,0.0749060925302594,13.350048924205137,0.0628508065792889,15.910694777456154,Top 10: DG anchor + putting overlay,Tier 2 - current-price / early value,0.1657787852272862,6.0321349238322535,0.1624197233939741,6.15688771722844,0.1641835329622606,6.090744802219969,0.1608567946315643,6.216709727994129,0.1671711802607936,5.9818923240235575,Top 20: DG anchor + OTT overlay,Tier 3 - experimental,-0.158,0.202,-0.065,-0.145,-0.166,0.049,-3.676,0,-0.06,0.0588192310471343,2.81090763158199,11.0,skybet,0.09090909090909091,0.0628508065792889,Top 10: DG anchor + putting overlay,Tier 2 - current-price / early value,0.2,10.0,-0.028058284329802008,-0.30864112762782214,False,False,False
"Mansell, Richard",24185,-0.1329,-0.1473936989163182,0.53475935828877,0.50425,0.5195046791443849,1.983143282102132,1.9249104775090429,0.5063501044729607,1.9749181271343064,Make Cut: DG anchor + putting overlay,Tier 2 - candidate,0.49575,0.4804953208556151,2.0171457387796266,2.081185719393284,0.46524064171123,0.46524064171123,2.1494252873563213,0.4631546952791547,2.1591058240212275,Miss Cut: DataGolf core; ARG weakness tag,Tier 1 - core,0.0058909869769974,169.75084207530853,0.005178826821832,193.09392540108985,0.0324796069180155,30.78854995148748,0.0297299324272617,33.63613430493441,0.0674621222297328,14.82313284771326,0.0637831216700519,15.67812885002662,0.045812809318747,21.827956304587268,Top 10: DG anchor + putting overlay,Tier 2 - current-price / early value,0.1430628800779662,6.989933373737625,0.1385127513087321,7.219551922487572,0.1420765750533552,7.038457955679616,0.1375578158110401,7.269670531652493,0.1376727181768118,7.263603226862341,Top 20: DG anchor + OTT overlay,Tier 3 - experimental,-0.219,0.089,-0.044,-0.303,-0.477,-0.025,4.58,0,-0.06,-0.0574684945815912,2.92892242351789,15.0,bet365,0.06666666666666667,0.045812809318747,Top 10: DG anchor + putting overlay,Tier 2 - current-price / early value,0.2,10.0,-0.02085385734791967,-0.31280786021879503,False,False,False
"Forrest, Grant",16475,-0.42065,-0.4771059035124252,0.4504504504504504,0.37795,0.4142002252252252,2.645852626008731,2.4142912994705417,0.4576888800153677,2.184890312315264,Make Cut: DG anchor + putting overlay,Tier 2 - candidate,0.62205,0.5857997747747747,1.6075878144843665,1.70706791477425,0.5495495495495496,0.5495495495495496,1.8196721311475408,0.5636934043048988,1.774014016064494,Miss Cut: DataGolf core; ARG weakness tag,Tier 1 - core,0.001898078754948,526.8485290155285,0.0019907060441406,502.3343365753788,0.0113872246890059,87.81771040010086,0.0127809701487357,78.2413219311772,0.0273241342080955,36.59768292690211,0.0299802002209308,33.35534761711977,0.0326470520073646,30.63063702579994,Top 10: DG anchor + putting overlay,Tier 2 - current-price / early value,0.0689070483463918,14.51230351607947,0.0745354577951295,13.416433326922483,0.0690343595476961,14.48554033892493,0.0746731679263771,13.391691122384612,0.0741557206513814,13.48513629448992,Top 20: DG anchor + OTT overlay,Tier 3 - experimental,-0.572,-0.375,-0.134,0.011,-1.069,-0.073,3.944,0,-0.06,-0.267279517562126,2.97673471285605,21.0,skybet,0.047619047619047616,0.0326470520073646,Top 10: DG anchor + putting overlay,Tier 2 - current-price / early value,0.2,10.0,-0.014971995611683019,-0.31441190784534345,False,False,False
"Sterne, Richard",7049,-0.3787,-0.3946278748788414,0.3937007874015747,0.41255,0.4031253937007873,2.42394861228942,2.4806177324126404,0.3613904412264143,2.76709034308268,Make Cut: DG anchor + putting overlay,Tier 2 - candidate,0.58745,0.5968746062992126,1.7022725338326663,1.675393775252521,0.6062992125984252,0.6062992125984252,1.6493506493506491,0.6224703906137896,1.606502116532717,Miss Cut: DataGolf core; ARG weakness tag,Tier 1 - core,0.0015759499446599,634.5379200579567,0.0011213083056632,891.8153864993131,0.0123547455262584,80.94055825550024,0.0095449322869387,104.76763689234346,0.0320332836680955,31.217530190199565,0.0250719760137569,39.88516898114853,0.0130612858961352,76.56214004900482,Top 10: DG anchor + putting overlay,Tier 2 - current-price / early value,0.0794478009787696,12.58688079066184,0.0655399313335406,15.257873782486572,0.0801572761811605,12.475473814004562,0.0661252081502014,15.122825741864286,0.0492088523425147,20.32154688427948,Top 20: DG anchor + OTT overlay,Tier 3 - experimental,-0.486,-0.244,-0.149,-0.355,-1.234,0.052,-9.55,0,-0.06,-0.0646393743942071,2.88645814282937,51.0,skybet,0.0196078431372549,0.0130612858961352,Top 10: DG anchor + putting overlay,Tier 2 - current-price / early value,0.2,10.0,-0.006546557241119702,-0.3338744192971048,False,False,False
"Cantero Gutierrez, Ivan",19635,-0.45305,-0.4401428035428888,0.3703703703703703,0.38595,0.3781601851851852,2.591009198082653,2.644382034851976,0.3500147252827881,2.857022655809889,Make Cut: DG anchor + putting overlay,Tier 2 - candidate,0.61405,0.6218398148148148,1.628531878511522,1.6081311877686737,0.6296296296296297,0.6296296296296297,1.588235294117647,0.6358234404784292,1.5727636578600246,Miss Cut: DataGolf core; ARG weakness tag,Tier 1 - core,0.0019445274482775,514.2637615559588,0.0013972637241387,715.6845073154543,0.0115802581374829,86.35386086629609,0.0092728870052493,107.8412795749477,0.0290046159038501,34.47727090456861,0.0234571423073844,42.63093887976267,0.0142312908974185,70.26769442126957,Top 10: DG anchor + putting overlay,Tier 2 - current-price / early value,0.0720646477714932,13.876429441115947,0.0597628551022153,16.732801642251715,0.0715314512390385,13.979864558574002,0.0593206778614254,16.857528201819,0.0463682928883542,21.566461426729767,Top 20: DG anchor + OTT overlay,Tier 3 - experimental,-0.698,-0.141,-0.092,-0.247,-1.179,-0.089,8.517,0,-0.06,0.0795359822855557,2.97246640139057,46.0,bet365,0.021739130434782608,0.0142312908974185,Top 10: DG anchor + putting overlay,Tier 2 - current-price / early value,0.2,10.0,-0.007507839537364109,-0.345360618718749,False,False,False
"Lee, Junghwan",13498,-0.60955,-0.6247914207003669,0.3236245954692557,0.3293,0.3264622977346278,3.0367446097783177,3.0631408494614965,0.314920245942043,3.1754071479546506,Make Cut: DG anchor + putting overlay,Tier 2 - candidate,0.6707000000000001,0.6735377022653721,1.490979573579842,1.4846978819991914,0.6763754045307443,0.6763754045307443,1.4784688995215312,0.6854965058391246,1.4587966408025492,Miss Cut: DataGolf core; ARG weakness tag,Tier 1 - core,0.0007352066456891,1360.161807382188,0.0005842699895112,1711.537504838346,0.005500641178859,181.79698829353836,0.0048484389756728,206.2519514048776,0.0152686873580749,65.4935147042058,0.0131873926208364,75.83000133172463,0.0097000983888017,103.09173782757212,Top 10: DG anchor + putting overlay,Tier 2 - current-price / early value,0.0429763919057514,23.268589000980626,0.0381101105660403,26.239755937394055,0.0434764739680426,23.000945309756467,0.0385535675860667,25.937936813956487,0.0300307149555006,33.29924051031735,Top 20: DG anchor + OTT overlay,Tier 3 - experimental,-0.853,-0.46,-0.113,-0.141,-1.567,0.002,-10.486,0,-0.06,-0.0612071035018342,2.96587350002279,67.0,skybet,0.014925373134328358,0.0097000983888017,Top 10: DG anchor + putting overlay,Tier 2 - current-price / early value,0.2,10.0,-0.005225274745526658,-0.3500934079502861,False,False,False
"Du Plessis, Hennie",19421,0.0368999999999999,0.0177814581676464,0.5813953488372093,0.5666,0.5739976744186046,1.7649135192375571,1.742167337198514,0.5425095801009158,1.8432854214555685,Make Cut: DG anchor + putting overlay,Tier 2 - candidate,0.4334,0.4260023255813954,2.3073373327180438,2.3474050256303878,0.4186046511627906,0.4186046511627906,2.3888888888888893,0.4096623439976719,2.4410347073678875,Miss Cut: DataGolf core; ARG weakness tag,Tier 1 - core,0.0107123849398014,93.34989412904082,0.0081311924699007,122.98319142016412,0.0520776803628457,19.202084137246636,0.0434252885941212,23.02805651671308,0.0989291275639557,10.108246424729856,0.0875507623750515,11.421945085026016,0.0536049207663263,18.655003788909283,Top 10: DG anchor + putting overlay,Tier 2 - current-price / early value,0.1979282758812746,5.052335223694063,0.1810535515016133,5.523227750608853,0.197412434426743,5.0655370463560425,0.1805816890204248,5.537660022035204,0.1709659991069937,5.849116229094072,Top 20: DG anchor + OTT overlay,Tier 3 - experimental,0.068,0.16,-0.005,-0.4,-0.177,-0.017,7.565,0,-0.06,-0.0805927091617675,2.87062572655507,12.0,skybet,0.08333333333333333,0.0536049207663263,Top 10: DG anchor + putting overlay,Tier 2 - current-price / early value,0.2,10.0,-0.029728412567007027,-0.3567409508040844,False,False,False
"Soderberg, Sebastian",18517,-0.3282,-0.3329150356581289,0.3968253968253968,0.4364,0.4166126984126984,2.2914757103574703,2.400310897411474,0.3674784521973975,2.721247991604233,Make Cut: DG anchor + putting overlay,Tier 2 - candidate,0.5636,0.5833873015873016,1.7743080198722498,1.714127128374518,0.6031746031746033,0.6031746031746033,1.657894736842105,0.6095364662843585,1.6405909331329227,Miss Cut: DataGolf core; ARG weakness tag,Tier 1 - core,0.0028925361286298,345.7173758703217,0.0018379347309815,544.0889619980926,0.0175194625709586,57.07937649055881,0.0127319634283364,78.5424813406539,0.0384903737256998,25.980521964438697,0.0297272467474098,33.63917312951731,0.0155280824597037,64.39945193458726,Top 10: DG anchor + putting overlay,Tier 2 - current-price / early value,0.0947276426335467,10.55658065796584,0.0755706226057621,13.232655303328825,0.0948465086010158,10.543350669940104,0.0756654499963584,13.21607153658806,0.049496757750261,20.203343520914284,Top 20: DG anchor + OTT overlay,Tier 3 - experimental,-0.253,-0.589,-0.092,-0.326,-1.261,-0.034,-5.079,0,-0.06,-0.0085751782906449,2.94942498783494,41.0,skybet,0.024390243902439025,0.0155280824597037,Top 10: DG anchor + putting overlay,Tier 2 - current-price / early value,0.2,10.0,-0.008862161442735324,-0.3633486191521482,False,False,False
"Campillo, Jorge",14016,-0.0187,-0.0259180134053323,0.5181347150259068,0.54815,0.5331423575129535,1.8243181610872936,1.875671639869101,0.4885405891778588,2.046912830073856,Make Cut: DG anchor + putting overlay,Tier 2 - candidate,0.45185,0.4668576424870465,2.2131238242779685,2.1419805717922804,0.4818652849740932,0.4818652849740932,2.075268817204301,0.4525285264252238,2.209805441216181,Miss Cut: DataGolf core; ARG weakness tag,Tier 1 - core,0.0061486374827387,162.63765798639642,0.0041576520747026,240.52036631071735,0.0378795799285119,26.39944798456704,0.0273430009430919,36.57243043955802,0.0834524680955842,11.982869084885856,0.0633889120642201,15.775629639879083,0.0326215653800751,30.6545681774912,Top 10: DG anchor + putting overlay,Tier 2 - current-price / early value,0.1745208198982319,5.729975372469189,0.1410168246917804,7.091352412633693,0.1753466986249156,5.702987326491396,0.1416841536424772,7.057952313590261,0.0978426286298399,10.22049401169728,Top 20: DG anchor + OTT overlay,Tier 3 - experimental,0.21,-0.454,0.106,-0.313,-0.452,-0.03,-3.657,0,-0.06,-0.0210900670266617,2.80058129766368,19.0,skybet,0.05263157894736842,0.0326215653800751,Top 10: DG anchor + putting overlay,Tier 2 - current-price / early value,0.2,10.0,-0.020010013567293317,-0.38019025777857307,False,False,False
"Hidalgo, Angel",24127,-0.0815,-0.0512451151697156,0.53475935828877,0.53395,0.534354679144385,1.8728345350688265,1.871416194204965,0.5331824779257446,1.8755305010966024,Make Cut: DG anchor + putting overlay,Tier 2 - candidate,0.4660499999999999,0.465645320855615,2.14569252226156,2.1475572827887923,0.46524064171123,0.46524064171123,2.1494252873563213,0.5003184845086893,1.998726872907756,Miss Cut: DataGolf core; ARG weakness tag,Tier 1 - core,0.0082428269899136,121.31760150051058,0.0055630801616234,179.75653252283317,0.0377214474058511,26.510117420491284,0.0291924598140366,34.2554209672721,0.0783630618059406,12.761114445431112,0.0644367253612897,15.51910023970194,0.0471829098818234,21.19411461702228,Top 10: DG anchor + putting overlay,Tier 2 - current-price / early value,0.1643915614413214,6.083037299678816,0.1424078064611237,7.022086954713347,0.1655095371371756,6.041947897970327,0.1433762775014105,6.974654506497158,0.1243755866209457,8.040163083191384,Top 20: DG anchor + OTT overlay,Tier 3 - experimental,-0.14,0.108,-0.248,-0.067,-0.347,0.053,-5.104,0,-0.06,0.166274424151422,2.84986061526894,13.0,unibet,0.07692307692307693,0.0471829098818234,Top 10: DG anchor + putting overlay,Tier 2 - current-price / early value,0.2,10.0,-0.029740167041253526,-0.38662217153629574,False,False,False
"Gumberg, Jordan",23892,-0.33485,-0.343149475372854,0.3597122302158274,0.43385,0.3967811151079137,2.304944105105452,2.5202812380020334,0.3077298078536604,3.2496039528141707,Make Cut: DG anchor + putting overlay,Tier 2 - candidate,0.5661499999999999,0.6032188848920863,1.766316347257794,1.657773032385908,0.6402877697841727,0.6402877697841727,1.5617977528089888,0.6920799081557674,1.4449198542185226,Miss Cut: DataGolf core; ARG weakness tag,Tier 1 - core,0.0029890987779842,334.5489976327841,0.0018778827223254,532.5146177188774,0.0189176624206022,52.86065359274801,0.0126751142790841,78.89475218776927,0.0430832991301418,23.210850148204702,0.0298970475929689,33.44811881140983,0.0099535717903621,100.46644772967628,Top 10: DG anchor + putting overlay,Tier 2 - current-price / early value,0.0981671199693095,10.186710176611424,0.0718002935751383,13.927519654965044,0.0982558623573881,10.17750977913846,0.0718652005370477,13.914940646196108,0.0488300530611471,20.47919134447298,Top 20: DG anchor + OTT overlay,Tier 3 - experimental,-0.553,0.254,-0.375,-0.567,-1.24,0.068,-2.893,0,-0.06,-0.0264973768642702,3.01804517544881,61.0,skybet,0.01639344262295082,0.0099535717903621,Top 10: DG anchor + putting overlay,Tier 2 - current-price / early value,0.2,10.0,-0.0064398708325887205,-0.39283212078791196,False,False,False
"Fisher, Ross",9396,-0.2354,-0.241033184059049,0.4048582995951417,0.461,0.4329291497975708,2.169197396963124,2.309846773929592,0.3453708846603082,2.8954380476615933,Make Cut: DG anchor + putting overlay,Tier 2 - candidate,0.5389999999999999,0.5670708502024291,1.855287569573284,1.763448076449401,0.5951417004048583,0.5951417004048583,1.6802721088435375,0.6303756187006193,1.5863557700110291,Miss Cut: DataGolf core; ARG weakness tag,Tier 1 - core,0.0042679674834577,234.3035657783036,0.0026173170750621,382.07063619765967,0.0242769801789227,41.19128460912112,0.0165679676026888,60.35743333042887,0.0519410865182354,19.25258147322197,0.0374216402408397,26.722505843254293,0.0131433588495375,76.08405213977593,Top 10: DG anchor + putting overlay,Tier 2 - current-price / early value,0.1179581774038435,8.477580969875314,0.089072993512389,11.226747418799969,0.1180850351017491,8.468473580401957,0.0891687867431021,11.214686624379324,0.0631826480981865,15.827130234332506,Top 20: DG anchor + OTT overlay,Tier 3 - experimental,-0.343,0.161,-0.259,-0.611,-1.052,0.017,0.28,0,-0.06,-0.0131659202952448,2.9379375807297,46.0,bet365,0.021739130434782608,0.0131433588495375,Top 10: DG anchor + putting overlay,Tier 2 - current-price / early value,0.2,10.0,-0.008595771585245108,-0.3954054929212749,False,False,False
"Crocker, Sean",23610,-0.17475,-0.1609700652068898,0.425531914893617,0.49165,0.4585909574468085,2.0339672531272246,2.180592494818193,0.393060102090248,2.5441401828425625,Make Cut: DG anchor + putting overlay,Tier 2 - candidate,0.5083500000000001,0.5414090425531914,1.9671486180780955,1.8470323201182104,0.574468085106383,0.574468085106383,1.7407407407407405,0.61500051780756,1.6260148911173928,Miss Cut: DataGolf core; ARG weakness tag,Tier 1 - core,0.0058909869769974,169.75084207530853,0.0037204934884987,268.7815482250743,0.0307111035284322,32.56151310467248,0.0206696787483431,48.38004558150956,0.0620220848020488,16.123289037955175,0.044073466019073,22.689388657729918,0.0189959688693817,52.64274788383289,Top 10: DG anchor + putting overlay,Tier 2 - current-price / early value,0.1361605574196154,7.344270756164947,0.1019993361107401,9.80398538000586,0.1364411300410821,7.329168262523935,0.1022095160752085,9.78382481787873,0.0679770385570086,14.710849740259796,Top 20: DG anchor + OTT overlay,Tier 3 - experimental,-0.187,-0.034,-0.286,-0.348,-0.855,-0.001,1.969,0,-0.06,0.0838996739655508,2.93221880346207,31.0,skybet,0.03225806451612903,0.0189959688693817,Top 10: DG anchor + putting overlay,Tier 2 - current-price / early value,0.2,10.0,-0.01326209564674733,-0.4111249650491673,False,False,False
"Waring, Paul",12426,-0.11355,-0.1361742325563936,0.4854368932038835,0.50765,0.4965434466019418,1.969861124790702,2.0139224610523527,0.4496216932454335,2.224091975593654,Make Cut: DG anchor + putting overlay,Tier 2 - candidate,0.4923499999999999,0.5034565533980582,2.0310754544531333,1.9862687122663183,0.5145631067961165,0.5145631067961165,1.9433962264150944,0.5355881829483471,1.8671061682039416,Miss Cut: DataGolf core; ARG weakness tag,Tier 1 - core,0.0058395781828196,171.2452455799045,0.0041781224247431,239.34195754483747,0.0323232694189683,30.937464494639453,0.025336902566627,39.468123515506896,0.0696972539740279,14.347767565887764,0.056362802071189,17.742198103226833,0.0308368228978947,32.42876230509042,Top 10: DG anchor + putting overlay,Tier 2 - current-price / early value,0.1453146468374735,6.881618761517173,0.1240516978174862,8.06115528923491,0.1458693654706647,6.855449029845176,0.1245252480738161,8.030499962603727,0.1035918023139631,9.653273499086618,Top 20: DG anchor + OTT overlay,Tier 3 - experimental,-0.106,-0.005,-0.171,-0.369,-0.651,-0.016,-0.198,0,-0.06,-0.0981211627819679,2.93260188205938,19.0,skybet,0.05263157894736842,0.0308368228978947,Top 10: DG anchor + putting overlay,Tier 2 - current-price / early value,0.2,10.0,-0.02179475604947372,-0.4141003649400007,False,False,False
"Jamieson, Scott",11397,-0.43875,-0.4480372309967797,0.4201680672268907,0.38605,0.4031090336134454,2.5903380391141044,2.480718407712324,0.423511793304743,2.361209335392552,Make Cut: DG anchor + putting overlay,Tier 2 - candidate,0.61395,0.5968909663865546,1.6287971333170457,1.6753478546572385,0.5798319327731092,0.5798319327731092,1.7246376811594204,0.5856029201333316,1.707641757954891,Miss Cut: DataGolf core; ARG weakness tag,Tier 1 - core,0.0017133366517299,583.6564571185073,0.0014566683258649,686.4980738880208,0.0123062321365054,81.25964055509557,0.011188949401586,89.3738959851088,0.027916595522096,35.82098681082008,0.0268228453199705,37.28165256410977,0.0249835441571917,40.02634669077335,Top 10: DG anchor + putting overlay,Tier 2 - current-price / early value,0.0690072258506152,14.491236065115416,0.0676326334880781,14.785761671934209,0.0690720840864993,14.477628889084835,0.0676961997775814,14.771877938282216,0.0640499946974321,15.612803790600337,Top 20: DG anchor + OTT overlay,Tier 3 - experimental,-0.693,-0.186,-0.088,-0.023,-0.99,-0.002,-4.528,0,-0.06,-0.0314361549838988,2.93550371038427,23.0,skybet,0.043478260869565216,0.0249835441571917,Top 10: DG anchor + putting overlay,Tier 2 - current-price / early value,0.2,10.0,-0.018494716712373516,-0.4253784843845909,False,False,False
"Molinari, Francesco",7655,0.09965,0.070504745086847,0.5494505494505494,0.58975,0.5696002747252746,1.6956337431114878,1.7556171307717725,0.502809409183823,1.9888251527019616,Make Cut: DG anchor + putting overlay,Tier 2 - candidate,0.41025,0.4303997252747253,2.437538086532602,2.323421557394576,0.4505494505494506,0.4505494505494506,2.219512195121951,0.4430634947817152,2.2570128475438302,Miss Cut: DataGolf core; ARG weakness tag,Tier 1 - core,0.0089881303942911,111.2578429697856,0.0063190651971455,158.25125533626678,0.0515381195163185,19.40311383855145,0.0377096120068365,26.51843778765757,0.1038714376475884,9.627285639318544,0.0799752462408216,12.503868972016638,0.0371103378091067,26.946669285090813,Top 10: DG anchor + putting overlay,Tier 2 - current-price / early value,0.2090421385030811,4.783724502441697,0.1698638904118615,5.887066389303481,0.2095456889178855,4.772228935675546,0.1702730664425398,5.872919428143729,0.1332750807878085,7.503278137884843,Top 20: DG anchor + OTT overlay,Tier 3 - experimental,0.244,0.053,-0.014,-0.464,-0.18,0.06,-6.939,0,-0.06,-0.130726274565765,2.79256483278385,15.0,skybet,0.06666666666666667,0.0371103378091067,Top 10: DG anchor + putting overlay,Tier 2 - current-price / early value,0.2,10.0,-0.029556328857559967,-0.4433449328633996,False,False,False
"Ravetto, David",23416,-0.128,-0.1538948982897762,0.4739336492890995,0.4967,0.4853168246445497,2.01328769881216,2.060509648995599,0.4356662366205991,2.295335088982009,Make Cut: DG anchor + putting overlay,Tier 2 - candidate,0.5033000000000001,0.5146831753554503,1.9868865487780645,1.942942858603024,0.5260663507109005,0.5260663507109005,1.900900900900901,0.5339785414942863,1.872734430866077,Miss Cut: DataGolf core; ARG weakness tag,Tier 1 - core,0.0054298134748921,184.1683889555441,0.0036482400707793,274.10476849084205,0.0292085983703739,34.23649390223028,0.0213469876772504,46.84501697003847,0.0605758651724741,16.50822480459435,0.0474365211504506,21.080803898506392,0.0240296446627161,41.61526373095217,Top 10: DG anchor + putting overlay,Tier 2 - current-price / early value,0.1360583761146648,7.349786382554189,0.1118886067751886,8.93746046913644,0.1357777666400664,7.364976054223237,0.1116578455089048,8.955931358358951,0.090799892074576,11.013228949420736,Top 20: DG anchor + OTT overlay,Tier 3 - experimental,-0.193,0.109,-0.099,-0.392,-0.574,0.002,2.767,0,-0.06,-0.114474491448881,2.88816484637469,23.0,skybet,0.043478260869565216,0.0240296446627161,Top 10: DG anchor + putting overlay,Tier 2 - current-price / early value,0.2,10.0,-0.019448616206849116,-0.4473181727575297,False,False,False
"Wiesberger, Bernd",9531,0.0182,0.033425070809558,0.6024096385542169,0.5788,0.5906048192771085,1.7277125086385623,1.6931795463910797,0.5881512880034101,1.7002428123462716,Make Cut: DG anchor + putting overlay,Tier 2 - candidate,0.4212,0.4093951807228915,2.3741690408357075,2.4426276787974035,0.3975903614457831,0.3975903614457831,2.515151515151516,0.3589037890302468,2.7862620305625265,Miss Cut: DataGolf core; ARG weakness tag,Tier 1 - core,0.0078724279735933,127.02561437898412,0.0062445473201299,160.13971049212634,0.0459522001172338,21.76174366948236,0.0399767878893047,25.014515992855344,0.0970196840968896,10.307186725132398,0.0867980046266074,11.521002173976884,0.0648702275158486,15.415392211406797,Top 10: DG anchor + putting overlay,Tier 2 - current-price / early value,0.195656017435789,5.111010706983152,0.1820333365613475,5.493499261675003,0.195667129733926,5.110720443233513,0.1820436751583059,5.493187275693022,0.1664819340849162,6.006657752365714,Top 20: DG anchor + OTT overlay,Tier 3 - experimental,0.075,-0.087,0.17,-0.183,-0.025,0.042,-9.557,0,-0.06,0.0911253540477903,2.77019309351367,8.5,skybet,0.11764705882352941,0.0648702275158486,Top 10: DG anchor + putting overlay,Tier 2 - current-price / early value,0.2,10.0,-0.05277683130768081,-0.4486030661152869,False,False,False
"Luiten, Joost",10158,-0.1232,-0.1037453579882772,0.4807692307692307,0.52175,0.5012596153846154,1.91662673694298,1.9949741996125143,0.4707801281055307,2.124133837220586,Make Cut: DG anchor + putting overlay,Tier 2 - candidate,0.4782499999999999,0.4987403846153846,2.090956612650288,2.0050511866432745,0.5192307692307693,0.5192307692307693,1.9259259259259256,0.5231496113012344,1.9114990786530293,Miss Cut: DataGolf core; ARG weakness tag,Tier 1 - core,0.0055319993519256,180.76647092373665,0.0037243330092961,268.50445368444423,0.0302960635571697,33.00758853086521,0.0218456045299076,45.775798908698285,0.0702696894561197,14.230886855198856,0.0516513397376798,19.360582030953516,0.0288999325226927,34.602156915583905,Top 10: DG anchor + putting overlay,Tier 2 - current-price / early value,0.149052768379676,6.709033390461696,0.1166290121059034,8.574195922125819,0.1479316418760793,6.75987900436939,0.1157517665640617,8.639177005100477,0.0796957358921106,12.547722770936776,Top 20: DG anchor + OTT overlay,Tier 3 - experimental,-0.058,-0.278,-0.077,-0.141,-0.554,0.013,-5.9,0,-0.06,0.112273210058614,2.81329662750765,19.0,skybet,0.05263157894736842,0.0288999325226927,Top 10: DG anchor + putting overlay,Tier 2 - current-price / early value,0.2,10.0,-0.023731646424675717,-0.4509012820688386,False,False,False
"Lawrence, Thriston",18105,-0.0068,0.0247750422976339,0.5681818181818182,0.5577,0.5629409090909091,1.7930787161556394,1.7763853787334372,0.5549562841018058,1.8019437361962585,Make Cut: DG anchor + putting overlay,Tier 2 - candidate,0.4423,0.4370590909090909,2.2609088853719195,2.2880201345771845,0.4318181818181817,0.4318181818181817,2.3157894736842106,0.4585897114555693,2.1805984195022337,Miss Cut: DataGolf core; ARG weakness tag,Tier 1 - core,0.0086679978935067,115.36689467231038,0.0066339989467533,150.7386431662599,0.047344195362218,21.12191351757618,0.0389038999297862,25.70436387623862,0.0978150294247683,10.2233777966516,0.0834386201116145,11.98485783516452,0.0590578713449033,16.93254391374705,Top 10: DG anchor + putting overlay,Tier 2 - current-price / early value,0.1942620569015997,5.147685636349118,0.1728310194898533,5.7859983870471146,0.1942023773903372,5.149267549851096,0.1727779238368027,5.787776457740916,0.1512104236082879,6.613300698042547,Top 20: DG anchor + OTT overlay,Tier 3 - experimental,0.074,-0.04,-0.204,-0.171,-0.34,0.006,-3.295,0,-0.06,0.17287521148817,2.85909801777209,9.0,skybet,0.1111111111111111,0.0590578713449033,Top 10: DG anchor + putting overlay,Tier 2 - current-price / early value,0.2,10.0,-0.05205323976620781,-0.46847915789587036,False,False,False
"Aphibarnrat, Kiradech",12321,-0.3400999999999999,-0.3344818481011967,0.4329004329004329,0.42725,0.4300752164502164,2.340550029256875,2.3251746711979053,0.4279959944175709,2.33647046477813,Make Cut: DG anchor + putting overlay,Tier 2 - candidate,0.57275,0.5699247835497836,1.7459624618070713,1.7546175019297945,0.5670995670995671,0.5670995670995671,1.763358778625954,0.5538847944089224,1.8054295949163024,Miss Cut: DataGolf core; ARG weakness tag,Tier 1 - core,0.0021782496691178,459.08419690246166,0.0016391248345589,610.0816599908974,0.0148958766759368,67.13267179604307,0.0118258087083387,84.56081310488875,0.0362303490627776,27.60116934747893,0.0302694100181243,33.03665315581748,0.0221017909922747,45.245202090162365,Top 10: DG anchor + putting overlay,Tier 2 - current-price / early value,0.0891210678250171,11.220691407820974,0.0785876286233532,12.724649127570668,0.0899978123607465,11.11138119659629,0.0793607485561927,12.600687596739755,0.0659437974372298,15.164428480963249,Top 20: DG anchor + OTT overlay,Tier 3 - experimental,-0.524,-0.176,0.018,-0.097,-0.779,0.007,-5.849,0,-0.06,0.0430907594940163,2.88348004348062,23.0,skybet,0.043478260869565216,0.0221017909922747,Top 10: DG anchor + putting overlay,Tier 2 - current-price / early value,0.2,10.0,-0.021376469877290517,-0.4916588071776819,False,False,False
"Micheluzzi, David",19224,-0.9122,-0.9193964418108156,0.2531645569620253,0.23585,0.2445072784810126,4.239983040067839,4.08985779978593,0.2555054070803467,3.913811497873852,Make Cut: DG anchor + putting overlay,Tier 2 - candidate,0.76415,0.7554927215189874,1.3086435909180134,1.3236394891924417,0.7468354430379747,0.7468354430379747,1.3389830508474576,0.7140233269215825,1.4005144682196424,Miss Cut: DataGolf core; ARG weakness tag,Tier 1 - core,0.000283909188737,3522.253029034884,0.0002419545943685,4133.006866886898,0.0020447400632774,489.0597186212112,0.0019622774390461,509.6119336142903,0.0059345215433026,168.50558089700377,0.0057539319476974,173.7942000513516,0.0054001779905982,185.17908145639117,Top 10: DG anchor + putting overlay,Tier 2 - current-price / early value,0.0187272708852975,53.39806350454856,0.0181865018586401,54.98583552641344,0.01931212513876,51.78094035818821,0.0187544678496687,53.32062781070382,0.0145955549517653,68.51401014245437,Top 20: DG anchor + OTT overlay,Tier 3 - experimental,-1.318,-0.808,0.173,-0.026,-1.979,-0.054,-8.142,0,-0.06,-0.0209822090540772,3.0045693221896,91.0,skybet,0.01098901098901099,0.0054001779905982,Top 10: DG anchor + putting overlay,Tier 2 - current-price / early value,0.2,10.0,-0.00558883299841279,-0.5085838028555638,False,False,False
"Girrbach, Joel",15592,0.01585,0.0358829436310204,0.5050505050505051,0.5736,0.5393252525252525,1.7433751743375174,1.854168695639145,0.4576655687426098,2.185001600070985,Make Cut: DG anchor + putting overlay,Tier 2 - candidate,0.4264,0.4606747474747474,2.345215759849906,2.17072892638817,0.4949494949494949,0.4949494949494949,2.0204081632653064,0.517848007789181,1.9310685470612177,Miss Cut: DataGolf core; ARG weakness tag,Tier 1 - core,0.0093093030216943,107.41942739103136,0.0056963181775138,175.55199145081062,0.0498143531429737,20.07453548839364,0.0336127751164604,29.750593235317016,0.0989821976383704,10.102826809862115,0.0710722396922011,14.070191179155032,0.0282954024352194,35.34143054828203,Top 10: DG anchor + putting overlay,Tier 2 - current-price / early value,0.2003563003903034,4.991108330768502,0.1513849226819242,6.605677647972289,0.2004828474255378,4.9879578868781485,0.1514805389071553,6.601508069712605,0.1024680033451706,9.759143999629137,Top 20: DG anchor + OTT overlay,Tier 3 - experimental,0.164,-0.037,-0.181,-0.47,-0.524,0.081,-9.747,0,-0.06,0.115164718155102,2.84059143432965,17.0,bet365,0.058823529411764705,0.0282954024352194,Top 10: DG anchor + putting overlay,Tier 2 - current-price / early value,0.2,10.0,-0.030528126976545306,-0.5189781586012702,False,False,False
"Johnston, Ryggs",32449,-0.8531500000000001,-0.8697719850892959,0.1915708812260536,0.2535,0.2225354406130268,3.9447731755424074,4.493666254890736,0.1839351941014257,5.4366974459960025,Make Cut: DG anchor + putting overlay,Tier 2 - candidate,0.7464999999999999,0.7774645593869731,1.3395847287340923,1.2862322634854184,0.8084291187739463,0.8084291187739463,1.2369668246445498,0.8423745280581769,1.1871204157907975,Miss Cut: DataGolf core; ARG weakness tag,Tier 1 - core,0.0002451253953026,4079.5446704542737,0.0001808960309846,5528.037262934427,0.0027753100810954,360.3200978556233,0.0019937760722937,501.5608392017488,0.0083116144942382,120.31356852428787,0.0057101260301878,175.1274831261643,0.0026597190410457,375.9795619641117,Top 10: DG anchor + putting overlay,Tier 2 - current-price / early value,0.0245864347303706,40.67283487689825,0.0173261872194051,57.71610264490333,0.0251758367297717,39.720626199384576,0.0177415418448767,56.36488692716239,0.0089043580637008,112.30455837985195,Top 20: DG anchor + OTT overlay,Tier 3 - experimental,-1.209,-0.536,-0.379,-0.163,-2.286,-0.077,2.815,0,-0.06,-0.0681099254464792,3.12560865514852,176.0,skybet,0.005681818181818182,0.0026597190410457,Top 10: DG anchor + putting overlay,Tier 2 - current-price / early value,0.2,10.0,-0.003022099140772482,-0.5318894487759569,False,False,False
"Cabrera Bello, Rafa",7457,-0.3498,-0.3505216094773812,0.4149377593360995,0.4203,0.4176188796680498,2.3792529145848205,2.3945277588859586,0.4120750576302301,2.426742365215747,Make Cut: DG anchor + putting overlay,Tier 2 - candidate,0.5797,0.5823811203319502,1.7250301880282906,1.7170886299164576,0.5850622406639004,0.5850622406639004,1.7092198581560285,0.5962716103645085,1.677088062919325,Miss Cut: DataGolf core; ARG weakness tag,Tier 1 - core,0.0024142780879667,414.2024918273491,0.0016821390439833,594.4811777461365,0.0178682630529953,55.96514876874767,0.0129234304682965,77.37883547663104,0.0394468928476717,25.350539112462,0.0307904608908503,32.47759114567719,0.0204486028729517,48.90309652023926,Top 10: DG anchor + putting overlay,Tier 2 - current-price / early value,0.0906353716519306,11.033220052766222,0.0749249403885323,13.3466906321764,0.0912608599379749,10.957600012531616,0.0754420086334287,13.255214410567737,0.054288984212432,18.419943097240765,Top 20: DG anchor + OTT overlay,Tier 3 - experimental,-0.415,-0.407,-0.119,-0.079,-1.02,0.009,-8.505,0,-0.06,0.011391952613094,2.90591564364581,21.0,skybet,0.047619047619047616,0.0204486028729517,Top 10: DG anchor + putting overlay,Tier 2 - current-price / early value,0.2,10.0,-0.027170444746095916,-0.5705793396680143,False,False,False
"Harrington, Padraig",5716,-0.2475,-0.2560079408103853,0.4166666666666667,0.4494,0.4330333333333334,2.2251891410769917,2.309291047648372,0.3691216387883723,2.7091340493677416,Make Cut: DG anchor + putting overlay,Tier 2 - candidate,0.5506,0.5669666666666666,1.8162005085361423,1.7637721206420132,0.5833333333333333,0.5833333333333333,1.7142857142857144,0.5662983692574028,1.7658535752298172,Miss Cut: DataGolf core; ARG weakness tag,Tier 1 - core,0.0029890987779842,334.5489976327841,0.0020112160556587,497.2116233789997,0.0212312134373559,47.10046380300229,0.0153413772213234,65.18319610902127,0.048570288003322,20.58871876427013,0.0362366107525027,27.596399862835767,0.0152832551328313,65.43108724605456,Top 10: DG anchor + putting overlay,Tier 2 - current-price / early value,0.1093183554022731,9.147594622331892,0.086451642655164,11.567160198317726,0.1094589388882498,9.135845917718353,0.0865628195316195,11.552303926915428,0.0566532463791684,17.651239141834996,Top 20: DG anchor + OTT overlay,Tier 3 - experimental,-0.128,-0.528,0.04,-0.491,-1.107,-0.041,-4.161,0,-0.06,-0.0275397040519267,2.93040260302915,26.0,skybet,0.038461538461538464,0.0152832551328313,Top 10: DG anchor + putting overlay,Tier 2 - current-price / early value,0.2,10.0,-0.023178283328707163,-0.6026353665463862,False,False,False
"Larrazabal, Pablo",9133,-0.5811000000000001,-0.566724423722783,0.2702702702702702,0.34065,0.3054601351351351,2.935564362248642,3.273749615666219,0.2555368769951803,3.9133295035880913,Make Cut: DG anchor + putting overlay,Tier 2 - candidate,0.65935,0.6945398648648649,1.516645180859938,1.4398021634000344,0.7297297297297298,0.7297297297297298,1.3703703703703702,0.718133926820404,1.3924979208649573,Miss Cut: DataGolf core; ARG weakness tag,Tier 1 - core,0.0005254377873582,1903.1748839909956,0.0003543855603457,2821.7853995640057,0.0065124675180793,153.55162958185852,0.0042234559812618,236.77291877473925,0.0166087156794433,60.20935148150591,0.0111915238450126,89.35333685105235,0.0046928399742912,213.09058171134976,Top 10: DG anchor + putting overlay,Tier 2 - current-price / early value,0.0485691611411088,20.58919644699405,0.0337309993716607,29.646319961695387,0.0491735589060445,20.336132308639502,0.0341507500972301,29.28193369553855,0.0159890797891398,62.54268620757181,Top 20: DG anchor + OTT overlay,Tier 3 - experimental,-0.695,-0.717,0.024,-0.22,-1.609,-0.043,-9.14,0,-0.06,0.0868778813860853,2.90622018293458,81.0,skybet,0.012345679012345678,0.0046928399742912,Top 10: DG anchor + putting overlay,Tier 2 - current-price / early value,0.2,10.0,-0.007652839038054479,-0.6198799620824129,False,False,False
"Catlin, John",18524,-0.3697,-0.3634710960735282,0.3773584905660377,0.4169,0.3971292452830188,2.3986567522187574,2.518071917084168,0.3443892945254927,2.903690724120279,Make Cut: DG anchor + putting overlay,Tier 2 - candidate,0.5831,0.6028707547169811,1.7149717029669012,1.658730320181897,0.6226415094339622,0.6226415094339622,1.6060606060606062,0.6373613400255923,1.568968710841242,Miss Cut: DataGolf core; ARG weakness tag,Tier 1 - core,0.0020377261752471,490.743070461231,0.0014521964209568,688.6120813747007,0.0143063845099839,69.89886223889312,0.0105533939745686,94.75624641795602,0.0336786307826133,29.69241850877896,0.0256897999761662,38.92595508442072,0.0126275896907164,79.19167667723484,Top 10: DG anchor + putting overlay,Tier 2 - current-price / early value,0.0840284893048022,11.900725673796556,0.0662756649335089,15.088494411987414,0.083645737807173,11.955181772743536,0.0659737779161468,15.157537306276565,0.0485628661299643,20.59186534262192,Top 20: DG anchor + OTT overlay,Tier 3 - experimental,-0.561,-0.041,-0.142,-0.367,-1.111,0.042,-6.304,0,-0.06,0.0461445196323589,2.92201891908046,29.0,skybet,0.034482758620689655,0.0126275896907164,Top 10: DG anchor + putting overlay,Tier 2 - current-price / early value,0.2,10.0,-0.021855168929973252,-0.6337998989692244,False,False,False
"Naidoo, Dylan",19429,-0.7856000000000001,-0.8052691713555574,0.2096436058700209,0.26735,0.2384968029350104,3.740415186085656,4.192928323120945,0.1902047025652235,5.257493566212369,Make Cut: DG anchor + putting overlay,Tier 2 - candidate,0.73265,0.7615031970649895,1.3649082099228826,1.3131921229670902,0.790356394129979,0.790356394129979,1.2652519893899203,0.7959268862327635,1.2563968089244275,Miss Cut: DataGolf core; ARG weakness tag,Tier 1 - core,0.0007778815273568,1285.5428041823377,0.0004222740970117,2368.1301009853846,0.0042777824844335,233.76597656353863,0.0025674428295183,389.4926066134126,0.0102142688902561,97.902259157672,0.0065833186081872,151.8990739345915,0.0021900491570734,456.6107554116605,Top 10: DG anchor + putting overlay,Tier 2 - current-price / early value,0.0293625703230423,34.05696398503809,0.0202102056160666,49.4799518123173,0.0290061206521606,34.47548232981343,0.0199648619332404,50.087999773995634,0.0093598520737948,106.8392953345638,Top 20: DG anchor + OTT overlay,Tier 3 - experimental,-1.028,-0.712,-0.102,-0.32,-2.161,-0.04,-6.573,0,-0.06,-0.0833458567777869,3.04378440704112,151.0,skybet,0.006622516556291391,0.0021900491570734,Top 10: DG anchor + putting overlay,Tier 2 - current-price / early value,0.2,10.0,-0.004432467399217991,-0.6693025772819166,False,False,False
"Capan III, Frankie",21412,-1.0375,-1.0938208315153832,0.1694915254237288,0.1917,0.1805957627118644,5.216484089723526,5.537228476370582,0.1869000951771421,5.350452063987497,Make Cut: DG anchor + putting overlay,Tier 2 - candidate,0.8083,0.8194042372881356,1.2371644191513052,1.220398863581126,0.8305084745762712,0.8305084745762712,1.2040816326530612,0.8188502292182179,1.2212245467095142,Miss Cut: DataGolf core; ARG weakness tag,Tier 1 - core,0.0001692963004545,5906.803617770108,0.0001179814835606,8475.906301740235,0.0010478163457271,954.3657188378976,0.000932598649054,1072.272623399506,0.0033918192917387,294.82702761779,0.0028177548839645,354.89247332720805,0.0026894061928491,371.8292917815431,Top 10: DG anchor + putting overlay,Tier 2 - current-price / early value,0.0109230393405646,91.54961076504829,0.0090989598689725,109.90267177790338,0.0108877291104084,91.84651729110526,0.0090695462271153,110.25909951374268,0.0051407172990428,194.5253827099575,Top 20: DG anchor + OTT overlay,Tier 3 - experimental,-1.286,-1.426,0.055,0.208,-2.449,-0.133,-5.605,0,-0.06,-0.266604157576916,3.05025201029662,111.0,skybet,0.009009009009009009,0.0026894061928491,Top 10: DG anchor + putting overlay,Tier 2 - current-price / early value,0.2,10.0,-0.006319602816159909,-0.70147591259375,False,False,False
"Gavins, Daniel",18241,-1.2582,-1.2684147279720623,0.1113585746102449,0.17605,0.1437042873051225,5.680204487361545,6.958734626175303,0.1082454839072313,9.238260700622126,Make Cut: DG anchor + putting overlay,Tier 2 - candidate,0.82395,0.8562957126948775,1.2136658777838465,1.1678208651224773,0.888641425389755,0.888641425389755,1.1253132832080202,0.8863462709023522,1.128227232210208,Miss Cut: DataGolf core; ARG weakness tag,Tier 1 - core,9.651922880731106e-05,10360.62981808919,7.325961440365553e-05,13650.085495810386,0.0010478163457271,954.3657188378976,0.0007033526173079,1421.761966035488,0.0031293376860889,319.5564366368494,0.002130720430346,469.3248282401804,0.0010043446988931,995.674095857771,Top 10: DG anchor + putting overlay,Tier 2 - current-price / early value,0.0110179941995866,90.76062138764958,0.0073404277755989,136.23184241716797,0.0110613552916465,90.40483499840168,0.0073693158798011,135.69780646001894,0.0021909071795164,456.431933470001,Top 20: DG anchor + OTT overlay,Tier 3 - experimental,-1.315,-2.081,-0.024,-0.123,-3.543,-0.151,-11.663,0,-0.06,-0.0360736398603128,3.35644872668719,176.0,skybet,0.005681818181818182,0.0010043446988931,Top 10: DG anchor + putting overlay,Tier 2 - current-price / early value,0.2,10.0,-0.004677473482925082,-0.8232353329948144,False,False,False
