player_name,dg_id,skill_pred,custom_pred,p_make_cut,p_make_cut_model,p_make_cut_anchored,make_cut_fair_odds_dec_model,make_cut_fair_odds_dec_anchored,make_cut_strategy_prob,make_cut_strategy_fair_odds_dec,make_cut_strategy_name,make_cut_strategy_tier,p_miss_cut_model,p_miss_cut_anchored,miss_cut_fair_odds_dec_model,miss_cut_fair_odds_dec_anchored,p_miss_cut_dg,miss_cut_strategy_prob,miss_cut_strategy_fair_odds_dec,miss_cut_arg_overlay_prob,miss_cut_arg_overlay_fair_odds_dec,miss_cut_strategy_name,miss_cut_strategy_tier,win_prob_model,win_fair_odds_dec,win_prob_anchored,win_fair_odds_dec_anchored,win_strategy_prob,win_strategy_fair_odds_dec,win_strategy_name,win_strategy_tier,top5_prob_model,top5_fair_odds_dec,top5_prob_anchored,top5_fair_odds_dec_anchored,top5_strategy_prob,top5_strategy_fair_odds_dec,top5_strategy_name,top5_strategy_tier,top10_prob_model,top10_fair_odds_dec,top10_prob_anchored,top10_fair_odds_dec_anchored,top10_strategy_prob,top10_strategy_fair_odds_dec,top10_strategy_name,top10_strategy_tier,top20_prob_model,top20_fair_odds_dec,top20_prob_anchored,top20_fair_odds_dec_anchored,top20_prob_dh,top20_fair_odds_dec_dh,top20_prob_anchored_dh,top20_fair_odds_dec_anchored_dh,top20_strategy_prob,top20_strategy_fair_odds_dec,top20_strategy_name,top20_strategy_tier,sg_app,sg_ott,sg_arg,sg_putt,sg_total,driving_acc,driving_dist,total_fit_adjustment,total_course_history_adjustment,timing_adjustment,std_deviation,market_odds_best_dec,market_book_best,market_prob_best,edge_prob,ev_per_unit,value_flag,bet_flag
"Aberg, Ludvig",23950,0.5910000000000001,0.6037237797871534,0.8849557522123894,0.7992,0.8420778761061947,1.2512512512512513,1.18753862127817,0.9008949131145936,1.110007377600544,Make Cut: DG anchor + putting overlay,Tier 2 - candidate,0.2007999999999999,0.1579221238938053,4.980079681274901,6.332234998767174,0.1150442477876105,0.1150442477876105,8.692307692307695,0.1011601623695772,9.885314303338234,Miss Cut: DataGolf core; ARG weakness tag,Tier 1 - core,0.0795449063256552,12.5715152131303,0.0987641198294941,10.125134529891977,0.1417644265697538,7.05395580680432,Winner: DG anchor + total SG overlay,Tier 4 - speculative,0.2486664014112487,4.0214520109059,0.2932477843395829,3.410085441061657,0.4195155899359921,2.383701640629317,Top 5: DG anchor + total SG overlay,Tier 3 - semi-core,0.376111400620898,2.658786727414177,0.431068629938691,2.3198162207772475,0.5342245854852882,1.871871918982543,Top 10: DG anchor + putting overlay,Tier 2 - current-price / early value,0.5332977375788218,1.8751251496771992,0.5945714224510269,1.6818837270679068,0.5329067944957044,1.8765007508420133,0.5941355616388626,1.6831175653610122,0.6868935385387822,1.4558296794104135,Top 20: DG anchor + OTT overlay,Tier 3 - experimental,0.785,0.463,0.135,0.3,1.684,-0.01,11.47,0.0241206237861248,-0.0020291194942528,0.0520658669162679,2.87439147154896,,,,,,False,False
"Gerard, Ryan",29767,0.4705000000000001,0.4808951705205918,0.8620689655172414,0.7622,0.8121344827586208,1.311991603253739,1.2313231628870709,0.8777496388644931,1.1392770281212043,Make Cut: DG anchor + putting overlay,Tier 2 - candidate,0.2378,0.1878655172413792,4.205214465937763,5.322956627081003,0.1379310344827585,0.1379310344827585,7.250000000000003,0.1303642694625044,7.670813514493105,Miss Cut: DataGolf core; ARG weakness tag,Tier 1 - core,0.0515643680075797,19.39323681525592,0.0617988506704565,16.181530710538905,0.0838142647026611,11.931143267170484,Winner: DG anchor + total SG overlay,Tier 4 - speculative,0.1865637598889483,5.360097805679128,0.2193774817963262,4.558352989612749,0.3211402782047907,3.113904009768284,Top 5: DG anchor + total SG overlay,Tier 3 - semi-core,0.303040025100822,3.2998941300486564,0.348231421581195,2.871653555728417,0.4329548517102345,2.3097096522878884,Top 10: DG anchor + putting overlay,Tier 2 - current-price / early value,0.4651930754482711,2.1496450673440832,0.520027243384216,1.9229761761946031,0.4638295121700587,2.155964581299345,0.5185029514500219,1.9286293302737143,0.6162564807312618,1.622700987766296,Top 20: DG anchor + OTT overlay,Tier 3 - experimental,0.555,0.561,0.016,0.234,1.366,0.039,4.491,0.0997224455454233,-0.06,0.0171146298302467,2.81615161960542,,,,,,False,False
"Fitzpatrick, Matt",17646,0.4384,0.4545403733516698,0.8849557522123894,0.76605,0.8255028761061947,1.3053978199856406,1.2113828176067525,0.9065233274453718,1.1031155732286009,Make Cut: DG anchor + putting overlay,Tier 2 - candidate,0.23395,0.1744971238938053,4.274417610600556,5.730753479974693,0.1150442477876105,0.1150442477876105,8.692307692307695,0.0869280870491807,11.503761717823563,Miss Cut: DataGolf core; ARG weakness tag,Tier 1 - core,0.0456941368455435,21.88464579996825,0.0638470684227718,15.66242624294616,0.0981675957342389,10.186660807169178,Winner: DG anchor + total SG overlay,Tier 4 - speculative,0.1689119193127874,5.920245321161863,0.2277408342956432,4.390956075544378,0.365592912299228,2.735282786832385,Top 5: DG anchor + total SG overlay,Tier 3 - semi-core,0.2880094863714934,3.472107855191044,0.3645475827767112,2.7431261301559897,0.5223400848668615,1.9144615337245057,Top 10: DG anchor + putting overlay,Tier 2 - current-price / early value,0.4563625642191561,2.191240207686659,0.5402728642542851,1.8509165759791693,0.4536685461533987,2.2042524404190686,0.5370835034897142,1.8619078662861053,0.6364177061167726,1.5712950635859837,Top 20: DG anchor + OTT overlay,Tier 3 - experimental,0.597,0.105,0.387,0.451,1.54,0.038,-1.153,0.0783053327710201,0.0472705051094302,0.0297315740954815,2.73679670437586,,,,,,False,False
"Hovland, Viktor",18841,0.4196000000000001,0.4466571183842173,0.8620689655172414,0.75875,0.8104094827586208,1.317957166392092,1.2339441002047706,0.8846115376217958,1.1304396986370044,Make Cut: DG anchor + putting overlay,Tier 2 - candidate,0.2412499999999999,0.1895905172413792,4.145077720207254,5.274525406388545,0.1379310344827585,0.1379310344827585,7.250000000000003,0.1215936562928195,8.224113251367477,Miss Cut: DataGolf core; ARG weakness tag,Tier 1 - core,0.0459399843854951,21.76753025444509,0.0586366588594142,17.05417770131779,0.0822350148148346,12.160270199399378,Winner: DG anchor + total SG overlay,Tier 4 - speculative,0.17654506929961,5.664276005935494,0.2129736755228209,4.695415982961922,0.3150437429451153,3.1741623898057,Top 5: DG anchor + total SG overlay,Tier 3 - semi-core,0.2882343413149636,3.4693992236937,0.3394525244934608,2.9459200561027608,0.4609423257198715,2.1694688124772683,Top 10: DG anchor + putting overlay,Tier 2 - current-price / early value,0.448382369692369,2.2302393394416704,0.5103043079961825,1.959615046023638,0.4474872659350567,2.2347004621694166,0.5092855897451205,1.963534842013623,0.5938579142439011,1.6839044761627844,Top 20: DG anchor + OTT overlay,Tier 3 - experimental,0.561,0.235,0.136,0.387,1.318,0.043,0.589,0.0945478591359587,-0.0215881594942529,0.0934087022266699,2.80539137782145,,,,,,False,False
"Fleetwood, Tommy",12294,0.41195,0.4331273316218569,0.8771929824561404,0.75585,0.8165214912280703,1.3230138254944763,1.2247075070810116,0.8937131946667887,1.118927197189742,Make Cut: DG anchor + putting overlay,Tier 2 - candidate,0.2441499999999999,0.1834785087719297,4.095842719639566,5.450229602874282,0.1228070175438595,0.1228070175438595,8.142857142857148,0.0973379061558499,10.273489943361607,Miss Cut: DataGolf core; ARG weakness tag,Tier 1 - core,0.0432423612553767,23.12547166641276,0.0595461806276883,16.793688351776673,0.0890298986294848,11.232181720903592,Winner: DG anchor + total SG overlay,Tier 4 - speculative,0.1635838121173178,6.113074313751945,0.2172869694905974,4.602208785664308,0.3427793502869531,2.9173285939274445,Top 5: DG anchor + total SG overlay,Tier 3 - semi-core,0.2778453055030987,3.5991250533791987,0.3477263856159073,2.875824330180635,0.4678946948561404,2.1372330376762694,Top 10: DG anchor + putting overlay,Tier 2 - current-price / early value,0.436340662244263,2.291787327031651,0.5190992043553795,1.926414048817135,0.4359489224340193,2.293846706666306,0.5186331652226387,1.928145107285456,0.6281546046420035,1.591964768880295,Top 20: DG anchor + OTT overlay,Tier 3 - experimental,0.49,0.329,0.311,0.291,1.421,0.074,-2.401,0.1462920657906818,0.156947787724307,-0.0064963217171332,2.75380705045033,,,,,,False,False
"Chacarra, Eugenio",26745,0.36355,0.3670138079774561,0.8,0.73745,0.7687250000000001,1.3560241372296429,1.3008553123678817,0.8049399969872556,1.242328625416576,Make Cut: DG anchor + putting overlay,Tier 2 - candidate,0.2625499999999999,0.2312749999999999,3.808798324128738,4.323856880337263,0.1999999999999999,0.1999999999999999,5.000000000000001,0.1941031903345518,5.151898834204748,Miss Cut: DataGolf core; ARG weakness tag,Tier 1 - core,0.0324936291364032,30.77526353865101,0.0330218145682016,30.2830117931481,0.0359800510021552,27.793179057475424,Winner: DG anchor + total SG overlay,Tier 4 - speculative,0.1372010640568413,7.288573210960721,0.1442565908307296,6.932092282517598,0.1859821044913188,5.3768614068278655,Top 5: DG anchor + total SG overlay,Tier 3 - semi-core,0.2394080776736344,4.176968503808041,0.2532715229036762,3.9483317687489023,0.2623978560382371,3.8110067479144254,Top 10: DG anchor + putting overlay,Tier 2 - current-price / early value,0.4028025811818781,2.4826057396798764,0.42371489396673,2.3600775291097498,0.4021207000306783,2.4868155255964406,0.4229976115728815,2.3640795423917003,0.4828994979564314,2.070824269298004,Top 20: DG anchor + OTT overlay,Tier 3 - experimental,0.457,0.466,-0.026,-0.017,0.88,0.005,7.682,0.0411540459146512,-0.06,0.0117420169299544,2.77753221266691,,,,,,False,False
"Reitan, Kristoffer",21407,0.226,0.2269509147131466,0.78125,0.67885,0.73005,1.473079472637549,1.3697691938908294,0.8032862510657015,1.2448862390876514,Make Cut: DG anchor + putting overlay,Tier 2 - candidate,0.32115,0.26995,3.113809746224505,3.7043897017966287,0.21875,0.21875,4.571428571428571,0.2154623307482363,4.641182505207748,Miss Cut: DataGolf core; ARG weakness tag,Tier 1 - core,0.02577102784242,38.803264119483885,0.0301771805878766,33.13762188909515,0.0357621306375204,27.962539764083083,Winner: DG anchor + total SG overlay,Tier 4 - speculative,0.1085788546408142,9.209896377227995,0.1278816793045341,7.819728403930528,0.1726259075667428,5.79287323725361,Top 5: DG anchor + total SG overlay,Tier 3 - semi-core,0.191911560331504,5.210733518463508,0.224745971363443,4.449467965692127,0.292934106888268,3.413737002572472,Top 10: DG anchor + putting overlay,Tier 2 - current-price / early value,0.3317339691220362,3.014463675958752,0.3762791429003641,2.657601461223676,0.3311006315798802,3.0202298172262574,0.375560760914462,2.662684987550551,0.4481925710844609,2.231183791334088,Top 20: DG anchor + OTT overlay,Tier 3 - experimental,0.245,0.297,-0.053,0.223,0.713,-0.003,7.212,0.0221460667395132,0.0769293139951485,-0.0255507883028105,2.89886557189142,,,,,,False,False
"Rozner, Antoine",18770,0.194,0.2053397151863875,0.6993006993006994,0.6735,0.6864003496503497,1.4847809948032666,1.4568757147478102,0.6807695423924202,1.4689258812691768,Make Cut: DG anchor + putting overlay,Tier 2 - candidate,0.3265,0.3135996503496503,3.062787136294028,3.1887790655539394,0.3006993006993006,0.3006993006993006,3.3255813953488382,0.3048864984865663,3.2799090972015,Miss Cut: DataGolf core; ARG weakness tag,Tier 1 - core,0.0209733302173126,47.67960021792543,0.0169616651086563,58.956475888069214,0.0119520198404476,83.66786646520077,Winner: DG anchor + total SG overlay,Tier 4 - speculative,0.0963776812990006,10.375846217939346,0.0848301964696061,11.788255145186309,0.0747517453270902,13.3776140694015,Top 5: DG anchor + total SG overlay,Tier 3 - semi-core,0.1784796435686567,5.602879857922423,0.1638489808197373,6.1031810817314485,0.1206548235335195,8.288106274691836,Top 10: DG anchor + putting overlay,Tier 2 - current-price / early value,0.3135750523304974,3.1890292055059093,0.2984874737639462,3.350224340706616,0.3129691148247812,3.1952034645970087,0.2979106907769201,3.3567106886701645,0.3052991090986693,3.275476312237816,Top 20: DG anchor + OTT overlay,Tier 3 - experimental,0.308,0.26,-0.112,-0.292,0.164,0.017,3.193,0.0479950143333893,-0.0189708557921742,0.0374437827132865,2.82249259423707,,,,,,False,False
"Ferguson, Ewen",21646,0.15535,0.1872662987677512,0.7352941176470588,0.67035,0.7028220588235294,1.4917580368464236,1.4228352503248458,0.7471062271058814,1.3384977446564343,Make Cut: DG anchor + putting overlay,Tier 2 - candidate,0.32965,0.2971779411764705,3.0335204004246927,3.3649873070699376,0.2647058823529412,0.2647058823529412,3.777777777777777,0.2718580040336462,3.67839087009642,Miss Cut: DataGolf core; ARG weakness tag,Tier 1 - core,0.0190921017581196,52.37768018781439,0.0175127175457264,57.10136061915897,0.0154402880167867,64.76563124423566,Winner: DG anchor + total SG overlay,Tier 4 - speculative,0.0902069946785008,11.085614852418216,0.0891454754537285,11.217619233171916,0.0964506308899935,10.367998537412848,Top 5: DG anchor + total SG overlay,Tier 3 - semi-core,0.1681566386607326,5.946836282911004,0.1706694716271438,5.859278700907145,0.1798065821412786,5.561531664142718,Top 10: DG anchor + putting overlay,Tier 2 - current-price / early value,0.3091837693647352,3.2343224291968857,0.3159612355745311,3.1649452129203146,0.3086143397032897,3.2402901335091148,0.3153793237239422,3.170784908129615,0.3493994697928332,2.8620535703529324,Top 20: DG anchor + OTT overlay,Tier 3 - experimental,0.153,0.318,-0.137,0.054,0.387,0.059,-2.967,0.1139911752921226,0.112647355724849,0.0744240672614824,2.7665159980254,,,,,,False,False
"Ayora, Angel",30445,0.1795,0.1774577374189138,0.7352941176470588,0.65865,0.6969720588235293,1.5182570409170273,1.4347777465971503,0.7471062271058814,1.3384977446564343,Make Cut: DG anchor + putting overlay,Tier 2 - candidate,0.34135,0.3030279411764707,2.929544455837117,3.300025720788705,0.2647058823529412,0.2647058823529412,3.777777777777777,0.2633987531239458,3.796525185255667,Miss Cut: DataGolf core; ARG weakness tag,Tier 1 - core,0.0205729489522339,48.607518655774015,0.0204781411427836,48.83255726325498,0.0199674472186721,50.08151462971533,Winner: DG anchor + total SG overlay,Tier 4 - speculative,0.0929520162943234,10.758238926561834,0.0967789876445162,10.332821455760117,0.1114639356885428,8.971511671669672,Top 5: DG anchor + total SG overlay,Tier 3 - semi-core,0.1696292089916996,5.895211125160247,0.1792509242409193,5.578771792863764,0.1957035093488718,5.109770403847716,Top 10: DG anchor + putting overlay,Tier 2 - current-price / early value,0.3006155681546344,3.326507692660839,0.3187886496238077,3.1368745442476325,0.301583497225182,3.315831301118358,0.3198150928091213,3.126806778305616,0.3593898592879028,2.7824936462631578,Top 20: DG anchor + OTT overlay,Tier 3 - experimental,0.221,0.239,-0.072,0.054,0.442,-0.037,10.66,-0.0358067435508299,-0.06,0.0226920588699843,2.89609404684986,,,,,,False,False
"Pieters, Thomas",13944,0.1787,0.1629491233494585,0.6711409395973155,0.66195,0.6665454697986577,1.5106881184379484,1.500272742536332,0.6584183793913122,1.518791138431569,Make Cut: DG anchor + putting overlay,Tier 2 - candidate,0.3380499999999999,0.3334545302013423,2.958142286643988,2.998909624638156,0.3288590604026845,0.3288590604026845,3.0408163265306127,0.3100770828851746,3.2250045398237708,Miss Cut: DataGolf core; ARG weakness tag,Tier 1 - core,0.0175089684686776,57.11358734747451,0.0139128175676721,71.87616707658115,0.009599993357916,104.16673873794004,Winner: DG anchor + total SG overlay,Tier 4 - speculative,0.0866309843220077,11.54321410320118,0.073341765309152,13.634795887237994,0.0623640254089304,16.03488539174383,Top 5: DG anchor + total SG overlay,Tier 3 - semi-core,0.1622737107132841,6.162427639107026,0.1436634769295135,6.9607113886756045,0.1061597556112876,9.419765468013884,Top 10: DG anchor + putting overlay,Tier 2 - current-price / early value,0.2966995404714168,3.3704130394375755,0.2724010445863579,3.67105787541492,0.296910556012753,3.3680176731643305,0.2725947788058063,3.6684488396323593,0.2568447605062862,3.893402372813929,Top 20: DG anchor + OTT overlay,Tier 3 - experimental,0.344,0.028,0.048,-0.223,0.198,-0.028,0.874,-0.0584720699501001,0.260548210682963,-0.114655400948398,2.80129201046721,,,,,,False,False
"Cauley, Bud",14502,0.15315,0.1541392543297296,0.7633587786259541,0.6581,0.7107293893129771,1.51952590791673,1.407005275195732,0.7718979014989528,1.2955081210327095,Make Cut: DG anchor + putting overlay,Tier 2 - candidate,0.3419,0.2892706106870228,2.9248318221702254,3.4569706117914367,0.2366412213740458,0.2366412213740458,4.225806451612902,0.196813076249731,5.08096321166753,Miss Cut: DataGolf core; ARG weakness tag,Tier 1 - core,0.0154926394192382,64.54678076081937,0.0195129863762857,51.247921805311385,0.0239524760288036,41.7493372625638,Winner: DG anchor + total SG overlay,Tier 4 - speculative,0.0827322219286107,12.087188965659545,0.0989411837156283,10.107014717694792,0.1341262139982797,7.455664110617675,Top 5: DG anchor + total SG overlay,Tier 3 - semi-core,0.1568916026100822,6.373827428388686,0.1848008295638196,5.411231120337895,0.2151517203453023,4.647882891175936,Top 10: DG anchor + putting overlay,Tier 2 - current-price / early value,0.2897588305857476,3.45114589943126,0.3309954491895328,3.0211895735985945,0.2876555477188693,3.4763800244079315,0.328592840592971,3.043279939378543,0.3921972803049513,2.549737211901251,Top 20: DG anchor + OTT overlay,Tier 3 - experimental,0.14,0.187,0.272,0.022,0.621,0.016,0.407,0.0364709926084598,-0.06,0.0017107753444183,2.81834985181253,,,,,,False,False
"Kim, Michael",17543,0.12175,0.1270279648236664,0.7462686567164178,0.65055,0.6984093283582089,1.5371608638844056,1.4318250908113694,0.7814394952187544,1.279689606320784,Make Cut: DG anchor + putting overlay,Tier 2 - candidate,0.34945,0.3015906716417911,2.861639719559307,3.315752422169516,0.2537313432835821,0.2537313432835821,3.941176470588234,0.2348445402127465,4.258136037968336,Miss Cut: DataGolf core; ARG weakness tag,Tier 1 - core,0.0154369560336102,64.77961055422705,0.0175268113501384,57.0554438010824,0.0193101438631251,51.78625322981732,Winner: DG anchor + total SG overlay,Tier 4 - speculative,0.0772415517926953,12.946399661724156,0.0894583486476706,11.178386535374951,0.1133748131028004,8.820301199467199,Top 5: DG anchor + total SG overlay,Tier 3 - semi-core,0.1462131068982611,6.839332131118902,0.1699420515852535,5.884358760364485,0.2459200705248168,4.066361878743386,Top 10: DG anchor + putting overlay,Tier 2 - current-price / early value,0.2734439742371946,3.657056268252473,0.3110221219837322,3.215205380317945,0.2735852169264359,3.655168255194465,0.3111827750061479,3.2135454797594227,0.3445076869139704,2.902692851233004,Top 20: DG anchor + OTT overlay,Tier 3 - experimental,0.239,-0.214,0.072,0.366,0.463,-0.026,-1.679,-0.0579973788581342,-0.06,0.0703885135473992,2.83324935985674,,,,,,False,False
"Rosenmueller, Thomas",22736,0.0853,0.0856485687458699,0.6451612903225806,0.6314,0.6382806451612903,1.5837820715869495,1.5667089509620098,0.6363583925813596,1.5714415204670191,Make Cut: DG anchor + putting overlay,Tier 2 - candidate,0.3686,0.3617193548387096,2.712967986977753,2.7645742109816025,0.3548387096774194,0.3548387096774194,2.818181818181818,0.3667628754105565,2.726557312761261,Miss Cut: DataGolf core; ARG weakness tag,Tier 1 - core,0.0139957593871479,71.45021376391205,0.0109728796935739,91.13377963905208,0.0069501766752899,143.88123449513347,Winner: DG anchor + total SG overlay,Tier 4 - speculative,0.0727154387534334,13.75223772479517,0.0614568761227484,16.271572248525768,0.0472007159297997,21.18611932681848,Top 5: DG anchor + total SG overlay,Tier 3 - semi-core,0.1362789643582207,7.337889634759885,0.1222109845540503,8.182570524646488,0.0948002884225227,10.548491113687568,Top 10: DG anchor + putting overlay,Tier 2 - current-price / early value,0.2586131835951981,3.866778893860568,0.239641365230185,4.172902282706746,0.2581087603340303,3.8743357594908994,0.2391739463721066,4.181057406830596,0.2308333485886547,4.33212967759698,Top 20: DG anchor + OTT overlay,Tier 3 - experimental,0.184,0.072,-0.16,-0.179,-0.083,0.005,3.08,0.0228465005948729,-0.06,0.005319593431913,2.85720540941674,,,,,,False,False
"Girrbach, Joel",15592,0.0391,0.0740578898267491,0.5988023952095809,0.6315,0.6151511976047904,1.5835312747426762,1.625616602704656,0.5663848107292219,1.7655840712121105,Make Cut: DG anchor + putting overlay,Tier 2 - candidate,0.3685,0.3848488023952096,2.71370420624152,2.5984230528358987,0.4011976047904191,0.4011976047904191,2.492537313432836,0.4136807248497032,2.4173231671920803,Miss Cut: DataGolf core; ARG weakness tag,Tier 1 - core,0.0150476864927405,66.45539834195974,0.0097655099130369,102.40120678849584,0.0037104358336708,269.5101181713928,Winner: DG anchor + total SG overlay,Tier 4 - speculative,0.070240357648408,14.236829558948934,0.0519231291609043,19.259239883272528,0.0289247277530077,34.57249480579869,Top 5: DG anchor + total SG overlay,Tier 3 - semi-core,0.1340708504303945,7.458742872069493,0.1047369617111087,9.547727790292935,0.0551880628585945,18.11986049523513,Top 10: DG anchor + putting overlay,Tier 2 - current-price / early value,0.2547663739377477,3.92516478742344,0.2124151544227163,4.707762036648063,0.2540533201707375,3.9361815831729583,0.2118206355162762,4.720975355222934,0.1799164438377828,5.558135647131982,Top 20: DG anchor + OTT overlay,Tier 3 - experimental,0.124,0.108,-0.16,-0.401,-0.329,0.089,-9.067,0.153372092800522,0.0723851591965936,0.0800071129343364,2.83932252481924,,,,,,False,False
"Perez, Victor",20730,0.0678,0.0797959005188188,0.7407407407407407,0.6349,0.6878203703703704,1.5750511891636478,1.453867961865582,0.7524714605309344,1.3289540566686908,Make Cut: DG anchor + putting overlay,Tier 2 - candidate,0.3651,0.3121796296296296,2.7389756231169544,3.203283959258973,0.2592592592592593,0.2592592592592593,3.857142857142856,0.2379194425846969,4.203103324117826,Miss Cut: DataGolf core; ARG weakness tag,Tier 1 - core,0.0127866942200145,78.20629654494552,0.0153850137766739,64.99831683713894,0.0172516847385474,57.96535324840382,Winner: DG anchor + total SG overlay,Tier 4 - speculative,0.063672196923524,15.705442066041616,0.077391426443965,12.92132792931587,0.0981454290919358,10.188961516111664,Top 5: DG anchor + total SG overlay,Tier 3 - semi-core,0.1305206586821664,7.661622382975562,0.1548496404582067,6.457877441891097,0.1860171773433263,5.375847619461131,Top 10: DG anchor + putting overlay,Tier 2 - current-price / early value,0.2538828853932844,3.938823991427866,0.2926428080211327,3.4171350622352783,0.2531176504850961,3.950731993930551,0.2917607458372989,3.427465874924972,0.3507512439748324,2.851023388164386,Top 20: DG anchor + OTT overlay,Tier 3 - experimental,0.011,0.189,0.09,0.055,0.344,0.014,1.013,0.0330544208214057,0.112938056834563,0.0152177779747508,2.78126739365181,,,,,,False,False
"Elvira, Manuel",26008,0.04065,0.0553420153545256,0.6289308176100629,0.62285,0.6258904088050314,1.6055229991169624,1.59772379626208,0.6279043660470447,1.5925992142648626,Make Cut: DG anchor + putting overlay,Tier 2 - candidate,0.37715,0.3741095911949685,2.651464934376243,2.6730135327614373,0.3710691823899371,0.3710691823899371,2.694915254237288,0.3862011902484973,2.5893239721932497,Miss Cut: DataGolf core; ARG weakness tag,Tier 1 - core,0.0128961947944578,77.54225303961347,0.0096230973972289,103.91664541272944,0.0054772851126211,182.57220127097787,Winner: DG anchor + total SG overlay,Tier 4 - speculative,0.0697461085945458,14.337717474867132,0.0575253101895288,17.383652460200512,0.0417010403852329,23.98021705842421,Top 5: DG anchor + total SG overlay,Tier 3 - semi-core,0.1335325968970221,7.488808150501121,0.1155728755288381,8.65254927182699,0.0909114680362932,10.999712375129445,Top 10: DG anchor + putting overlay,Tier 2 - current-price / early value,0.2523759646869361,3.962342456978684,0.22826829430003,4.380809884554643,0.2513364003988796,3.9787312876804353,0.2273280321512781,4.398929558034172,0.2115272642137521,4.727522968336989,Top 20: DG anchor + OTT overlay,Tier 3 - experimental,0.116,0.019,-0.179,-0.1,-0.144,-0.007,0.063,-0.0121106327997025,0.0169571249325898,0.0752761119393319,2.83950520209987,,,,,,False,False
"Coussaud, Ugo",20727,0.07295,0.0695256953189344,0.6666666666666666,0.623,0.6448333333333334,1.6051364365971108,1.5507883173946757,0.6605205298788275,1.513957484687796,Make Cut: DG anchor + putting overlay,Tier 2 - candidate,0.377,0.3551666666666666,2.6525198938992043,2.815579540122009,0.3333333333333333,0.3333333333333333,3.0,0.3390935033017417,2.949039100610995,Miss Cut: DataGolf core; ARG weakness tag,Tier 1 - core,0.0149921506703107,66.70157084135496,0.0127294086684887,78.55824461630101,0.0092081325351042,108.59965320738954,Winner: DG anchor + total SG overlay,Tier 4 - speculative,0.0687035473908953,14.555289180490268,0.0644584965790456,15.513858576792863,0.0570718628705494,17.521769041746595,Top 5: DG anchor + total SG overlay,Tier 3 - semi-core,0.1334787782894397,7.49182763593751,0.1283437915016223,7.791572839636419,0.1101947476492952,9.074842688351993,Top 10: DG anchor + putting overlay,Tier 2 - current-price / early value,0.2521161772139228,3.9664253640951057,0.2476133570884799,4.038554348433913,0.2502846802552729,3.995450296758354,0.2458145708485797,4.068107096124883,0.2539948795744754,3.937087242370112,Top 20: DG anchor + OTT overlay,Tier 3 - experimental,0.149,0.074,-0.121,-0.154,-0.053,-0.04,5.038,-0.0631232092703071,-0.0532658027954038,0.0277565319286766,2.87281665244693,,,,,,False,False
"Kobori, Kazuma",24369,0.02765,0.0575637425665018,0.6493506493506493,0.63185,0.6406003246753247,1.582654110944053,1.5610357370749537,0.6543814435580968,1.5281606925811593,Make Cut: DG anchor + putting overlay,Tier 2 - candidate,0.36815,0.3593996753246753,2.7162841233193,2.7824176499230773,0.3506493506493506,0.3506493506493506,2.851851851851852,0.3408668212269436,2.933697085567082,Miss Cut: DataGolf core; ARG weakness tag,Tier 1 - core,0.0104541082939996,95.65617381005777,0.0082937208136664,120.5731447280198,0.0053575420126584,186.6527593507004,Winner: DG anchor + total SG overlay,Tier 4 - speculative,0.0594293616750278,16.82669932529663,0.0506322701232282,19.75025013822632,0.0393611576578764,25.40575682991614,Top 5: DG anchor + total SG overlay,Tier 3 - semi-core,0.1204918759053901,8.2993147254608,0.1084418052566873,9.221535897829698,0.0941800025236541,10.617965313271696,Top 10: DG anchor + putting overlay,Tier 2 - current-price / early value,0.2455721271178721,4.072123378725348,0.2271325596901195,4.4027153190379895,0.2459484127147011,4.065893286166456,0.2274805906811989,4.39597944161066,0.207970031354596,4.808385099942432,Top 20: DG anchor + OTT overlay,Tier 3 - experimental,0.138,-0.171,-0.017,-0.038,-0.088,0.113,-20.922,0.1611250584716725,-0.06,0.0840061835966728,2.72488199853663,,,,,,False,False
"LaCroix, Frederic",23733,0.0112,0.0424951158746204,0.6289308176100629,0.60815,0.6185404088050315,1.6443311682972952,1.6167092493308832,0.6054245381776489,1.6517335141552711,Make Cut: DG anchor + putting overlay,Tier 2 - candidate,0.39185,0.3814595911949685,2.551996937603674,2.6215096515659195,0.3710691823899371,0.3710691823899371,2.694915254237288,0.37695661216757,2.652825199828213,Miss Cut: DataGolf core; ARG weakness tag,Tier 1 - core,0.0131154491293793,76.24595926036149,0.0095327245646896,104.90180359391876,0.0049668882335312,201.33330024401303,Winner: DG anchor + total SG overlay,Tier 4 - speculative,0.0654190070889812,15.286077311442927,0.0545463256344377,18.333040555322977,0.0380757756598725,26.263417689317983,Top 5: DG anchor + total SG overlay,Tier 3 - semi-core,0.1247767013227031,8.014316690531471,0.1106734492664501,9.0355908000343,0.0756136068977781,13.225132896409743,Top 10: DG anchor + putting overlay,Tier 2 - current-price / early value,0.2415235840078158,4.140382414860321,0.2216471328436239,4.511675775682233,0.240852240123546,4.151923185298365,0.2210310379487432,4.524251477441365,0.2123003896558221,4.710306945838316,Top 20: DG anchor + OTT overlay,Tier 3 - experimental,0.058,0.094,-0.12,-0.322,-0.29,0.034,-1.24,0.067757409118327,0.0444887539858858,0.111474686317467,2.86207623128402,,,,,,False,False
"Detry, Thomas",14181,0.02705,0.0415909082340514,0.7142857142857143,0.61895,0.6666178571428572,1.6156393892883107,1.5001098294696575,0.7518599398968694,1.3300349532349969,Make Cut: DG anchor + putting overlay,Tier 2 - candidate,0.38105,0.3333821428571428,2.624327516074006,2.9995607786002765,0.2857142857142857,0.2857142857142857,3.5,0.2867820111211382,3.486969060892716,Miss Cut: DataGolf core; ARG weakness tag,Tier 1 - core,0.0119138078340104,83.93622038667559,0.0137819039170052,72.55891537352257,0.0148640000060321,67.27664152275138,Winner: DG anchor + total SG overlay,Tier 4 - speculative,0.0591038975883115,16.919357957837303,0.0716878981688551,13.94935582634296,0.0895945563100706,11.161392401332735,Top 5: DG anchor + total SG overlay,Tier 3 - semi-core,0.1224725538756336,8.16509469554675,0.1431371649849548,6.986305758571579,0.2097666507914272,4.767202013413983,Top 10: DG anchor + putting overlay,Tier 2 - current-price / early value,0.2385662809434414,4.191707210446378,0.2721040863776667,3.675064249538871,0.2388700914859646,4.186375924165279,0.2724506068070343,3.6703900634299527,0.3164888707155894,3.1596687673060173,Top 20: DG anchor + OTT overlay,Tier 3 - experimental,-0.022,0.049,-0.09,0.359,0.296,-0.017,6.765,-0.009107992037298,0.255239291060112,0.0134487144238782,2.8228106328286,,,,,,False,False
"Sullivan, Andy",15326,5.0000000000000565e-05,0.0407518783331748,0.6622516556291391,0.6134,0.6378258278145695,1.6302575806977504,1.5678261311969366,0.667952885243515,1.497111580909529,Make Cut: DG anchor + putting overlay,Tier 2 - candidate,0.3866,0.3621741721854304,2.5866528711846866,2.761102466158209,0.3377483443708609,0.3377483443708609,2.960784313725491,0.3231859025083273,3.094194369985657,Miss Cut: DataGolf core; ARG weakness tag,Tier 1 - core,0.0130057799587839,76.88889118292425,0.0109195566460586,91.57880969104583,0.0078380208184889,127.58322836309976,Winner: DG anchor + total SG overlay,Tier 4 - speculative,0.0623099624856609,16.048797978816385,0.0582347166925659,17.171887437509543,0.0521356715533072,19.18072540750777,Top 5: DG anchor + total SG overlay,Tier 3 - semi-core,0.1237047025099039,8.083767065523956,0.1198365119091124,8.344702161878923,0.1138916263743116,8.78027675813005,Top 10: DG anchor + putting overlay,Tier 2 - current-price / early value,0.2363360386722571,4.231263270798773,0.23542721829689,4.24759722870671,0.2353084628156556,4.249740906188383,0.2344035939403685,4.266146193365945,0.2411813784447208,4.1462570885388725,Top 20: DG anchor + OTT overlay,Tier 3 - experimental,0.007,-0.01,0.017,-0.03,-0.016,0.035,-7.158,0.0486846438059105,0.295805427044315,0.10521571300184,2.81564879735937,,,,,,False,False
"Bradbury, Dan",29971,0.0328,0.0327701959770996,0.5714285714285714,0.60835,0.5898892857142857,1.6437905810799704,1.6952333670361872,0.5248490757562428,1.9053096331723995,Make Cut: DG anchor + putting overlay,Tier 2 - candidate,0.39165,0.4101107142857143,2.5533001404315074,2.438365946477868,0.4285714285714286,0.4285714285714286,2.333333333333333,0.4649686658533992,2.15068255871524,Miss Cut: DataGolf core; ARG weakness tag,Tier 1 - core,0.0138854382016483,72.01789280811391,0.0090927191008241,109.97810323969644,0.0034227897962969,292.1593377080577,Winner: DG anchor + total SG overlay,Tier 4 - speculative,0.0655829492701295,15.247865659122796,0.0482298245027896,20.73405844431717,0.0248881926059018,40.17969548189952,Top 5: DG anchor + total SG overlay,Tier 3 - semi-core,0.1247230889616138,8.017761653640338,0.0972898342234716,10.278566183009744,0.0460166547124567,21.731262436365213,Top 10: DG anchor + putting overlay,Tier 2 - current-price / early value,0.2361804631807603,4.234050465193014,0.1956023526868762,5.112412945261544,0.2359322652093803,4.238504636542783,0.195396797551281,5.117791143621759,0.1681462124511743,5.947205027234117,Top 20: DG anchor + OTT overlay,Tier 3 - experimental,0.112,0.218,-0.304,-0.529,-0.502,0.053,-1.213,0.1057655213306005,0.128102550240327,-0.0850574183398836,2.90973467423128,,,,,,False,False
"Waring, Paul",12426,-0.0099999999999999,0.031078195350944,0.6134969325153374,0.6111,0.6122984662576687,1.6363933889707083,1.6331904375196948,0.597815283714489,1.6727575009232964,Make Cut: DG anchor + putting overlay,Tier 2 - candidate,0.3889,0.3877015337423313,2.5713551041398817,2.579303698768976,0.3865030674846625,0.3865030674846625,2.5873015873015874,0.3836524293695305,2.6065259162918246,Miss Cut: DataGolf core; ARG weakness tag,Tier 1 - core,0.0116964757450745,85.49583838714028,0.0096065712058705,104.09541329261162,0.0062315353386962,160.47409597282572,Winner: DG anchor + total SG overlay,Tier 4 - speculative,0.0642176983746403,15.572031158234418,0.0542059523619233,18.44815848494239,0.0380943793902063,26.25059171477377,Top 5: DG anchor + total SG overlay,Tier 3 - semi-core,0.1237582900015507,8.080266784451123,0.1087736219127522,9.1934053717739,0.07811151048327,12.802210504099532,Top 10: DG anchor + putting overlay,Tier 2 - current-price / early value,0.2352989251628578,4.249913166020068,0.2142825870726784,4.666734771411123,0.2358109686157842,4.240684841209987,0.2147488960271742,4.65660135395276,0.1958535738719083,5.105855258245211,Top 20: DG anchor + OTT overlay,Tier 3 - experimental,0.079,-0.091,-0.064,-0.243,-0.32,-0.021,-0.019,-0.0423182386411444,0.146289744045382,0.189977660063947,2.88801202349897,,,,,,False,False
"Manassero, Matteo",11460,0.02025,0.0400216606667267,0.5813953488372093,0.6146,0.5979976744186046,1.6270745200130166,1.6722473059318113,0.5511765847585609,1.814300584699263,Make Cut: DG anchor + putting overlay,Tier 2 - candidate,0.3853999999999999,0.4020023255813953,2.594706798131812,2.487547798520198,0.4186046511627906,0.4186046511627906,2.3888888888888893,0.3780305599675281,2.6452887832293177,Miss Cut: DataGolf core; ARG weakness tag,Tier 1 - core,0.0099715137193088,100.28567659327403,0.006602423526321,151.45953542868375,0.0026018908411762,384.3358776526978,Winner: DG anchor + total SG overlay,Tier 4 - speculative,0.0597549578455164,16.735013060929344,0.0432157328910121,23.1397209558368,0.0219122764950713,45.63651796858829,Top 5: DG anchor + total SG overlay,Tier 3 - semi-core,0.1195289669526776,8.36617286582847,0.0920700244862548,10.86129829529143,0.0480978933990304,20.790931355429347,Top 10: DG anchor + putting overlay,Tier 2 - current-price / early value,0.232084721772476,4.30877135023282,0.191928868961496,5.210263601358563,0.2329302849651041,4.293130024504166,0.1926281307912156,5.191349757133202,0.1378654766370662,7.25344752285245,Top 20: DG anchor + OTT overlay,Tier 3 - experimental,0.343,-0.592,0.173,-0.377,-0.454,0.011,-15.038,-0.0301226633128571,0.235757985057903,0.0549801387255864,2.77158350076437,,,,,,False,False
"Ortiz, Carlos",14735,0.05155,0.025158318536445,0.6802721088435374,0.6044,0.6423360544217687,1.6545334215751155,1.5568174838016848,0.6819230761010596,1.4664410621173964,Make Cut: DG anchor + putting overlay,Tier 2 - candidate,0.3955999999999999,0.3576639455782313,2.527805864509606,2.795920618678271,0.3197278911564626,0.3197278911564626,3.127659574468085,0.3016528268888054,3.315069214877996,Miss Cut: DataGolf core; ARG weakness tag,Tier 1 - core,0.01083087004639,92.32868603508894,0.011715435023195,85.3574790880688,0.0117444625129333,85.14651044258254,Winner: DG anchor + total SG overlay,Tier 4 - speculative,0.059972095035923,16.674421652286853,0.064253267034556,15.563410954063867,0.0711601736607788,14.052804378570077,Top 5: DG anchor + total SG overlay,Tier 3 - semi-core,0.1176044688548763,8.503078239603271,0.1272159345236382,7.86065050533578,0.1301437013455864,7.683814042944563,Top 10: DG anchor + putting overlay,Tier 2 - current-price / early value,0.230011728911323,4.347604379712012,0.246707709115631,4.053379619083178,0.2291630384411002,4.363705450942609,0.2457974143117619,4.068391047969408,0.283929347745207,3.522002948766612,Top 20: DG anchor + OTT overlay,Tier 3 - experimental,-0.015,0.25,0.045,-0.072,0.208,-0.006,3.778,-0.0017236596738527,0.0021500805057471,-0.131634097607285,2.86951338165345,,,,,,False,False
"Luiten, Joost",10158,-0.02145,0.0184423472944716,0.6211180124223602,0.60975,0.61543400621118,1.6400164001640016,1.6248695878154968,0.6138053205220484,1.6291810555657755,Make Cut: DG anchor + putting overlay,Tier 2 - candidate,0.39025,0.3845659937888199,2.5624599615631007,2.600333924868923,0.3788819875776398,0.3788819875776398,2.6393442622950816,0.3779245943735985,2.6460304909699706,Miss Cut: DataGolf core; ARG weakness tag,Tier 1 - core,0.0120770441214591,82.80171786597542,0.0089968553940628,111.14994697590777,0.0049724964573247,201.10622673786693,Winner: DG anchor + total SG overlay,Tier 4 - speculative,0.0565590700759406,17.680630156353722,0.0473989629480232,21.097508000261108,0.0337538252497072,29.626271766299208,Top 5: DG anchor + total SG overlay,Tier 3 - semi-core,0.1134941934113576,8.811023453645053,0.1000641114964436,9.993592958006138,0.0768456151007213,13.013104244000171,Top 10: DG anchor + putting overlay,Tier 2 - current-price / early value,0.2237960332063254,4.468354446113282,0.2054944996571457,4.86631029866218,0.2232489845235789,4.47930368925993,0.2049921873786905,4.878234691708805,0.191365437369795,5.225604026225476,Top 20: DG anchor + OTT overlay,Tier 3 - experimental,0.027,-0.05,-0.076,-0.162,-0.26,0.027,-4.947,0.0394383186560383,0.158292143838365,0.140169541184748,2.81788029849531,,,,,,False,False
"Laporta, Francesco",14987,-0.0247,0.0052131126812439,0.6711409395973155,0.6037,0.6374204697986577,1.6564518800728838,1.568823166780117,0.6650358502398478,1.50367833499404,Make Cut: DG anchor + putting overlay,Tier 2 - candidate,0.3963,0.3625795302013422,2.5233409033560434,2.758015598521778,0.3288590604026845,0.3288590604026845,3.0408163265306127,0.3273761854302987,3.054589932024572,Miss Cut: DataGolf core; ARG weakness tag,Tier 1 - core,0.0088538355107643,112.94540075701778,0.0095935844220488,104.23632669575606,0.0091419785991732,109.38551093200218,Winner: DG anchor + total SG overlay,Tier 4 - speculative,0.0553707597532693,18.06007366443903,0.0573860577866875,17.425835447995876,0.0568331725788328,17.59535768679653,Top 5: DG anchor + total SG overlay,Tier 3 - semi-core,0.1117352055224357,8.949730707741937,0.1173416212196113,8.522125309044812,0.1099599772642735,9.094217958927354,Top 10: DG anchor + putting overlay,Tier 2 - current-price / early value,0.2192927882463121,4.560113481145529,0.2314609665646035,4.320382891518289,0.2186035871590476,4.57449035029987,0.2307335228985745,4.3340039515609465,0.2692857561769452,3.71352727376679,Top 20: DG anchor + OTT overlay,Tier 3 - experimental,-0.172,0.37,-0.072,-0.154,-0.028,0.049,-2.364,0.0953619255682944,0.105258649125381,0.0755699383407274,2.81848769368759,,,,,,False,False
"Lawrence, Thriston",18105,-0.02765,-0.0052020143409435,0.5780346820809249,0.5962,0.5871173410404624,1.677289500167729,1.703237036446319,0.5587749944620147,1.789629117106062,Make Cut: DG anchor + putting overlay,Tier 2 - candidate,0.4038,0.4128826589595376,2.476473501733531,2.421995640407847,0.4219653179190751,0.4219653179190751,2.3698630136986303,0.4447678644226494,2.248363876958814,Miss Cut: DataGolf core; ARG weakness tag,Tier 1 - core,0.0098645547067262,101.37305025214604,0.0071739440200297,139.39333750137797,0.0036343702075914,275.15083573797665,Winner: DG anchor + total SG overlay,Tier 4 - speculative,0.0560727173424948,17.83398500008395,0.0431699168723056,23.16427902694249,0.0251662332064308,39.73578373041805,Top 5: DG anchor + total SG overlay,Tier 3 - semi-core,0.1121614838505729,8.915716569265872,0.0909510278199473,10.9949279735427,0.0565283467175848,17.690239641997536,Top 10: DG anchor + putting overlay,Tier 2 - current-price / early value,0.2155679983800638,4.638907479378822,0.1865478126682204,5.360556018839647,0.2156358452080399,4.6374479114788425,0.1866065258234686,5.358869394235487,0.1651446257008245,6.055298474027225,Top 20: DG anchor + OTT overlay,Tier 3 - experimental,0.012,0.061,-0.222,-0.273,-0.421,0.015,-3.115,0.0216137385596527,0.0505519535648764,0.088795070624237,2.87850472626867,,,,,,False,False
"Migliozzi, Guido",17357,-0.04935,-0.0139692031253466,0.6451612903225806,0.59825,0.6217056451612903,1.671541997492687,1.6084782369003068,0.655656913936544,1.5251879126783403,Make Cut: DG anchor + putting overlay,Tier 2 - candidate,0.40175,0.3782943548387096,2.489110143123833,2.6434441519127665,0.3548387096774194,0.3548387096774194,2.818181818181818,0.3466538441135693,2.884722085102233,Miss Cut: DataGolf core; ARG weakness tag,Tier 1 - core,0.0094377814555032,105.9571049313598,0.0089522240610849,111.70408528389862,0.007237262720223,138.17378733615757,Winner: DG anchor + total SG overlay,Tier 4 - speculative,0.0502079506315922,19.91716426224279,0.0504831161286869,19.80860288914993,0.0459829879980167,21.747173107652976,Top 5: DG anchor + total SG overlay,Tier 3 - semi-core,0.1068928444858704,9.355163152498802,0.1067425925772307,9.368331570890756,0.1086237143988282,9.206092845696205,Top 10: DG anchor + putting overlay,Tier 2 - current-price / early value,0.2155162783096074,4.640020734598131,0.2183441190314087,4.579926422731589,0.2148100202291767,4.655276317804537,0.217628593969497,4.594984426265975,0.2210503076041469,4.52385708411129,Top 20: DG anchor + OTT overlay,Tier 3 - experimental,-0.017,-0.156,-0.028,0.018,-0.183,-0.001,-4.611,-0.0175066952398562,0.189325701505948,0.138325906616708,2.83142525107707,,,,,,False,False
"Crocker, Sean",23610,-0.0761,-0.0515793896570786,0.5586592178770949,0.5777,0.5681796089385475,1.7310022503029254,1.7600068433785645,0.5386878185072388,1.8563627497111523,Make Cut: DG anchor + putting overlay,Tier 2 - candidate,0.4223,0.4318203910614525,2.3679848448969927,2.315777625836316,0.441340782122905,0.441340782122905,2.2658227848101262,0.4749340409241629,2.105555537889269,Miss Cut: DataGolf core; ARG weakness tag,Tier 1 - core,0.0102393660303813,97.66229637976484,0.0071196830151906,140.45569133715404,0.0031089038048764,321.65678411517564,Winner: DG anchor + total SG overlay,Tier 4 - speculative,0.0529998328053406,18.867984049550284,0.0398715466936756,25.080541963490425,0.0207042083115811,48.29935948048968,Top 5: DG anchor + total SG overlay,Tier 3 - semi-core,0.1072649002784926,9.322714116208491,0.0850722649540611,11.754712308882311,0.0507099829968586,19.71998294816916,Top 10: DG anchor + putting overlay,Tier 2 - current-price / early value,0.206212635703226,4.849363360250943,0.174740943642489,5.722757237971362,0.2058970776842757,4.856795498250871,0.1744735453532556,5.731527940097195,0.1478539457655787,6.763431268756888,Top 20: DG anchor + OTT overlay,Tier 3 - experimental,-0.029,-0.015,-0.286,-0.278,-0.608,0.002,2.257,0.0138272062768764,-0.0463303387149931,0.127272033254917,2.89898855191576,,,,,,False,False
"Winther, Jeff",15680,-0.07895,-0.0202871157859439,0.6369426751592356,0.59375,0.6153463375796178,1.6842105263157894,1.6251010836163675,0.6718756626363853,1.4883706251184654,Make Cut: DG anchor + putting overlay,Tier 2 - candidate,0.40625,0.3846536624203822,2.4615384615384617,2.59974126778784,0.3630573248407643,0.3630573248407643,2.7543859649122804,0.3695107777292672,2.706281007945805,Miss Cut: DataGolf core; ARG weakness tag,Tier 1 - core,0.008431323996162,118.60533416284298,0.007415661998081,134.84972754405084,0.0053711524980693,186.17978178043543,Winner: DG anchor + total SG overlay,Tier 4 - speculative,0.0462015238012452,21.64430775707548,0.0446321871651728,22.40535504789947,0.0378877761553062,26.393737016944108,Top 5: DG anchor + total SG overlay,Tier 3 - semi-core,0.1016388688405588,9.838755698557632,0.0978978090895915,10.2147331926994,0.1164378209888387,8.5882747676621,Top 10: DG anchor + putting overlay,Tier 2 - current-price / early value,0.2050763510070915,4.876232657199074,0.2034918703619282,4.914201231830105,0.2055008533702865,4.866159841186287,0.2039130928940993,4.904049984271202,0.1900849322793464,5.260806251230964,Top 20: DG anchor + OTT overlay,Tier 3 - experimental,0.032,-0.445,-0.124,0.271,-0.266,0.03,-13.946,0.0141173797351586,0.334089445384788,0.202733369856504,2.79118626550839,,,,,,False,False
"Stone, Brandon",15229,-0.07385,-0.0530378210616924,0.5681818181818182,0.5824,0.5752909090909091,1.717032967032967,1.7382510034448977,0.5514743459008503,1.8133209775451464,Make Cut: DG anchor + putting overlay,Tier 2 - candidate,0.4175999999999999,0.4247090909090909,2.3946360153256707,2.354552849008947,0.4318181818181817,0.4318181818181817,2.3157894736842106,0.4494709230174615,2.224838023529168,Miss Cut: DataGolf core; ARG weakness tag,Tier 1 - core,0.0092250461595681,108.40054160193088,0.006512523079784,153.5503195534403,0.0030695084663081,325.78506004342466,Winner: DG anchor + total SG overlay,Tier 4 - speculative,0.0482817879638489,20.711743333713144,0.0371280569809624,26.93380912749496,0.0214772320476429,46.56093475088876,Top 5: DG anchor + total SG overlay,Tier 3 - semi-core,0.0993615740202239,10.06425280457474,0.0818170926257925,12.22238493090566,0.0531178997766383,18.82604553653318,Top 10: DG anchor + putting overlay,Tier 2 - current-price / early value,0.2037337055502615,4.908367995855737,0.1760218646613927,5.681112411368131,0.2029364404931494,4.9276512270045325,0.1753330435279273,5.703431480334273,0.1569778729392941,6.370324564065893,Top 20: DG anchor + OTT overlay,Tier 3 - experimental,-0.101,0.102,-0.19,-0.248,-0.437,-0.011,5.158,-0.0035637362550274,0.197332798214511,0.0565095632654238,2.85502816926043,,,,,,False,False
"Fisher, Ross",9396,-0.107,-0.0574416175640739,0.5617977528089888,0.5712,0.5664988764044945,1.7507002801120446,1.765228567348428,0.5279958980123551,1.8939541079097548,Make Cut: DG anchor + putting overlay,Tier 2 - candidate,0.4287999999999999,0.4335011235955055,2.332089552238806,2.3067990959421074,0.4382022471910112,0.4382022471910112,2.2820512820512824,0.4712619456666058,2.121962125724978,Miss Cut: DataGolf core; ARG weakness tag,Tier 1 - core,0.0098111146399489,101.92521815290908,0.0069222239866411,144.46224247147313,0.0031589139255814,316.5644976590885,Winner: DG anchor + total SG overlay,Tier 4 - speculative,0.0495652774286244,20.17541415843037,0.0386433166243651,25.87769599904077,0.0217424589861408,45.9929578635712,Top 5: DG anchor + total SG overlay,Tier 3 - semi-core,0.0980918049745968,10.194531543781595,0.0810865954286163,12.332494596845397,0.0465095486797768,21.50096116574051,Top 10: DG anchor + putting overlay,Tier 2 - current-price / early value,0.1983141216879345,5.042505251207434,0.1711695291048732,5.842161307736691,0.1974142882799844,5.065489477548564,0.1703928619699224,5.868790443677851,0.1605794828338221,6.227445638462193,Top 20: DG anchor + OTT overlay,Tier 3 - experimental,-0.223,0.339,-0.283,-0.408,-0.574,0.027,1.391,0.0628842896064289,0.140447879116536,0.181237797597282,2.88993854683831,,,,,,False,False
"De Leo, Gregorio",26506,-0.0415,-0.0501441099727487,0.6060606060606061,0.57145,0.588755303030303,1.7499343774608451,1.698498501589769,0.5993654891448766,1.668431062700514,Make Cut: DG anchor + putting overlay,Tier 2 - candidate,0.42855,0.411244696969697,2.333450005833625,2.4316422980493435,0.3939393939393939,0.3939393939393939,2.5384615384615388,0.3917015587032236,2.5529640558761715,Miss Cut: DataGolf core; ARG weakness tag,Tier 1 - core,0.0082207820735077,121.6429277723582,0.0066020577034205,151.46792786768592,0.0041791460104571,239.2833362361085,Winner: DG anchor + total SG overlay,Tier 4 - speculative,0.0470008211583594,21.27622401810192,0.0412319515844707,24.25303585136708,0.0312035279334018,32.04765826910072,Top 5: DG anchor + total SG overlay,Tier 3 - semi-core,0.0972986707679936,10.277632696385712,0.0890849621877486,11.22523909133482,0.0721073024220405,13.868220920913783,Top 10: DG anchor + putting overlay,Tier 2 - current-price / early value,0.1980045603347612,5.0503887299834185,0.1871034263129016,5.344637560659388,0.1984505791121682,5.039037953297078,0.1875248895423931,5.332625458093836,0.181202574876954,5.518685375630298,Top 20: DG anchor + OTT overlay,Tier 3 - experimental,-0.024,-0.024,-0.068,-0.155,-0.27,0.008,-2.666,0.0049887067791194,-0.06,-0.0307149032533032,2.85690183811775,,,,,,False,False
"Kimsey, Nathan",18027,-0.06135,-0.0526741378009732,0.6369426751592356,0.5789,0.6079213375796177,1.7274140611504578,1.644949664016412,0.6320481111736835,1.582158038797153,Make Cut: DG anchor + putting overlay,Tier 2 - candidate,0.4211,0.3920786624203822,2.374732842555213,2.5505085990316183,0.3630573248407643,0.3630573248407643,2.7543859649122804,0.3618098996064682,2.763882362223023,Miss Cut: DataGolf core; ARG weakness tag,Tier 1 - core,0.0079582936911413,125.65507617708764,0.0076624801789039,130.50604721342836,0.006465423165741,154.66891715592408,Winner: DG anchor + total SG overlay,Tier 4 - speculative,0.0450842296091337,22.18070506404765,0.0461188178468949,21.683123000242468,0.0446592391103034,22.39178319921905,Top 5: DG anchor + total SG overlay,Tier 3 - semi-core,0.0958719527841003,10.430579235743313,0.1000994683399171,9.990063050127365,0.0942971492015216,10.604774465269449,Top 10: DG anchor + putting overlay,Tier 2 - current-price / early value,0.1958896027592835,5.1049161666269605,0.2056390451913858,4.862889725389028,0.1969719871249339,5.076864048519383,0.2067752999203105,4.836167571201162,0.2406597368235021,4.1552443013489695,Top 20: DG anchor + OTT overlay,Tier 3 - experimental,-0.256,0.403,-0.074,-0.139,-0.066,0.077,-1.235,0.154119315970665,0.177340405058586,-0.0780154482548451,2.86478490165785,,,,,,False,False
"Vaillant, Tom",28157,-0.06835,-0.0584642074826893,0.6451612903225806,0.5714,0.6082806451612903,1.7500875043752186,1.6439780025136954,0.6575889875797412,1.5207067315413902,Make Cut: DG anchor + putting overlay,Tier 2 - candidate,0.4286,0.3917193548387097,2.333177788147457,2.5528480725997054,0.3548387096774194,0.3548387096774194,2.818181818181818,0.3414090848442497,2.929037463827884,Miss Cut: DataGolf core; ARG weakness tag,Tier 1 - core,0.0074878069615815,133.55045143802496,0.0077105701474574,129.69209550992193,0.0068276351748995,146.4635960158367,Winner: DG anchor + total SG overlay,Tier 4 - speculative,0.0467875760130036,21.37319530556725,0.0478728163855302,20.88868120786508,0.0448696869093578,22.28676126089581,Top 5: DG anchor + total SG overlay,Tier 3 - semi-core,0.0946575469582176,10.564398002426636,0.1000340369771848,9.996597460403144,0.1090728255922876,9.16818643479525,Top 10: DG anchor + putting overlay,Tier 2 - current-price / early value,0.1936206320165809,5.16473884825644,0.2051263870437364,4.875043208296663,0.1939994026878888,5.154655046071588,0.2055276658667333,4.86552501719361,0.2180173144982166,4.586791660568684,Top 20: DG anchor + OTT overlay,Tier 3 - experimental,-0.077,-0.122,0.007,0.038,-0.153,-0.006,-2.065,-0.0195594008241688,0.0986252488778254,0.0345523507791815,2.84912266629074,,,,,,False,False
"Bairstow, Sam",28615,-0.1016,-0.0690798995242436,0.6493506493506493,0.57635,0.6128503246753247,1.7350568231109569,1.631719784973238,0.6653434952680173,1.502983056289105,Make Cut: DG anchor + putting overlay,Tier 2 - candidate,0.4236499999999999,0.3871496753246752,2.360439041661749,2.582980339997367,0.3506493506493506,0.3506493506493506,2.851851851851852,0.3516887954596263,2.8434229719860364,Miss Cut: DataGolf core; ARG weakness tag,Tier 1 - core,0.0081682226145269,122.42565453854355,0.0082507779739301,121.2006920025826,0.0071859505736334,139.16043392633043,Winner: DG anchor + total SG overlay,Tier 4 - speculative,0.0451905510449847,22.12851972096012,0.0485338376316794,20.60418151123641,0.0476671479097556,20.978809176777663,Top 5: DG anchor + total SG overlay,Tier 3 - semi-core,0.0944992109553982,10.582098939132733,0.1018809552852991,9.815377144822422,0.1162862017014794,8.599472554509253,Top 10: DG anchor + putting overlay,Tier 2 - current-price / early value,0.1934144002105653,5.170245849902208,0.2083954079622406,4.798570226562722,0.1931722163857716,5.176727889289034,0.2081344656698632,4.804586288876203,0.2347301889549704,4.260210433315143,Top 20: DG anchor + OTT overlay,Tier 3 - experimental,-0.226,0.096,-0.089,0.076,-0.144,-0.001,3.534,0.0127099241827905,0.104791060141037,0.130047775252127,2.84643526390356,,,,,,False,False
"Du Plessis, Hennie",19421,-0.065,-0.0848324166248988,0.5847953216374269,0.56345,0.5741226608187134,1.7747803709290977,1.7417880676822175,0.5636111346686133,1.7742729667467807,Make Cut: DG anchor + putting overlay,Tier 2 - candidate,0.43655,0.4258773391812865,2.290688351849731,2.348093941608671,0.4152046783625731,0.4152046783625731,2.408450704225352,0.4130893283490627,2.4207839113069376,Miss Cut: DataGolf core; ARG weakness tag,Tier 1 - core,0.0076443455006692,130.81564666490365,0.0062388394170012,160.28622202952147,0.0039614364994093,252.43368160744444,Winner: DG anchor + total SG overlay,Tier 4 - speculative,0.0456160217444578,21.92212213511356,0.0393315426182606,25.424886323571883,0.0279847026558895,35.73380829864001,Top 5: DG anchor + total SG overlay,Tier 3 - semi-core,0.0928639555886338,10.768440711590754,0.083680215378492,11.950256048899057,0.0595114632684103,16.803485330040875,Top 10: DG anchor + putting overlay,Tier 2 - current-price / early value,0.1899609746084829,5.264239152599839,0.177484013118705,5.634310281969899,0.1904249023909835,5.251414008587929,0.1779174693315148,5.620583542230432,0.1735248444020015,5.762863545253035,Top 20: DG anchor + OTT overlay,Tier 3 - experimental,-0.088,0.078,-0.069,-0.292,-0.372,-0.016,6.384,-0.0087388846199965,0.0080142518286253,-0.0967962037716524,2.88471757153378,,,,,,False,False
"Zanotti, Fabrizio",9842,-0.1266,-0.0955403183731185,0.4739336492890995,0.56285,0.5183918246445498,1.776672292795594,1.929042767380984,0.4338894749051786,2.304734403199197,Make Cut: DG anchor + putting overlay,Tier 2 - candidate,0.43715,0.4816081753554502,2.2875443211712225,2.076376712795524,0.5260663507109005,0.5260663507109005,1.900900900900901,0.5402576076821345,1.850968844826261,Miss Cut: DataGolf core; ARG weakness tag,Tier 1 - core,0.0068646750698662,145.67331881295874,0.0042073375349331,237.6800034932048,0.0011440555926773,874.0833980451523,Winner: DG anchor + total SG overlay,Tier 4 - speculative,0.0438098316296359,22.82592657405995,0.028490077851855,35.09993918584144,0.0093309269354747,107.17048873227796,Top 5: DG anchor + total SG overlay,Tier 3 - semi-core,0.0884411997685627,11.306947470374093,0.0611285811853876,16.358959763310242,0.0231929760224747,43.11650212680632,Top 10: DG anchor + putting overlay,Tier 2 - current-price / early value,0.1871274376046899,5.343951762501647,0.1371574570548332,7.290890495295614,0.1857978859984077,5.382192561698844,0.1361829451410535,7.34306339875551,0.0871942754585065,11.46864280644058,Top 20: DG anchor + OTT overlay,Tier 3 - experimental,-0.042,-0.16,-0.168,-0.467,-0.837,0.063,-10.354,0.0893677128729446,0.292332081891285,0.0375315312251139,2.85478684990867,,,,,,False,False
"Dean, Joe",16497,-0.1094,-0.0898850077682472,0.6711409395973155,0.564,0.6175704697986577,1.773049645390071,1.6192484079201896,0.6814338320299205,1.4674939120957702,Make Cut: DG anchor + putting overlay,Tier 2 - candidate,0.436,0.3824295302013423,2.293577981651376,2.614860833245586,0.3288590604026845,0.3288590604026845,3.0408163265306127,0.292743268552243,3.415962406054573,Miss Cut: DataGolf core; ARG weakness tag,Tier 1 - core,0.007123714175744,140.3762104050951,0.008811857087872,113.48345644147209,0.0092829309953508,107.7245969512031,Winner: DG anchor + total SG overlay,Tier 4 - speculative,0.0420091420680603,23.80434235909574,0.0516625339969931,19.356386972001843,0.0585645719120503,17.07516963500996,Top 5: DG anchor + total SG overlay,Tier 3 - semi-core,0.0922313892859729,10.842295749220444,0.1097024119650164,9.115569859292563,0.1295334352954171,7.720014509916885,Top 10: DG anchor + putting overlay,Tier 2 - current-price / early value,0.1862518689733439,5.369073639433483,0.2186849700228949,4.572787969357502,0.1858772247430927,5.3798952581852575,0.2182450868544019,4.582004637140495,0.2594233876212508,3.854702573925084,Top 20: DG anchor + OTT overlay,Tier 3 - experimental,-0.242,0.018,0.172,0.02,-0.031,0.003,0.964,0.0122988622103065,0.0490290426387251,0.0791682693939291,2.85949210818785,,,,,,False,False
"Saddier, Adrien",14792,-0.10995,-0.0883665091598684,0.6211180124223602,0.5658,0.5934590062111801,1.7674089784376106,1.6850363538743802,0.625317451298654,1.5991877372416337,Make Cut: DG anchor + putting overlay,Tier 2 - candidate,0.4342,0.4065409937888199,2.3030861354214647,2.4597765422875306,0.3788819875776398,0.3788819875776398,2.6393442622950816,0.3649033893008753,2.7404513888345,Miss Cut: DataGolf core; ARG weakness tag,Tier 1 - core,0.0064520665605945,154.98910164805406,0.0063510332802972,157.45469372712722,0.0051879250391177,192.755290884092,Winner: DG anchor + total SG overlay,Tier 4 - speculative,0.042749923814273,23.391854552641945,0.0428287945790941,23.348777611596034,0.0370637487308843,26.980541209171403,Top 5: DG anchor + total SG overlay,Tier 3 - semi-core,0.0894405117698135,11.180615810580631,0.0911656899878408,10.969038901952851,0.0900735936607137,11.102032897308026,Top 10: DG anchor + putting overlay,Tier 2 - current-price / early value,0.186097369289922,5.373531091898967,0.1908120123126635,5.240760200995132,0.1865704892453674,5.359904473878791,0.1912971184219453,5.227470273725154,0.1956810536135754,5.11035678484626,Top 20: DG anchor + OTT overlay,Tier 3 - experimental,-0.124,-0.151,0.008,-0.048,-0.315,-0.009,-0.926,-0.0200939654120387,0.24260020211196,0.0573143863786872,2.88004717398512,,,,,,False,False
"Armitage, Marcus",17813,-0.0948499999999999,-0.0880661371653984,0.6535947712418301,0.57085,0.612222385620915,1.7517736708417273,1.6333933934575122,0.6734621926444626,1.484864348618193,Make Cut: DG anchor + putting overlay,Tier 2 - candidate,0.42915,0.387777614379085,2.330187580100198,2.578797648237674,0.3464052287581699,0.3464052287581699,2.8867924528301887,0.3260872876543054,3.066663552552005,Miss Cut: DataGolf core; ARG weakness tag,Tier 1 - core,0.0080107292561722,124.83257990894,0.0077886979614194,128.3911643452356,0.0065138771953613,153.51839925875836,Winner: DG anchor + total SG overlay,Tier 4 - speculative,0.0406887307751529,24.576829528697484,0.044888076005662,22.27763114359953,0.0450034425473244,22.220522328895736,Top 5: DG anchor + total SG overlay,Tier 3 - semi-core,0.0890722702807556,11.226838575552213,0.0982656601524028,10.176495008012704,0.1180625570841067,8.470085899355956,Top 10: DG anchor + putting overlay,Tier 2 - current-price / early value,0.1828537434535679,5.468851668622963,0.2037034814133934,4.909096266109521,0.1832585313997011,5.4567718750235,0.2041544249505842,4.898252880103143,0.2214691908946872,4.515300733073607,Top 20: DG anchor + OTT overlay,Tier 3 - experimental,-0.103,-0.222,0.055,0.118,-0.152,-0.007,-3.663,-0.0250744241529633,0.0006455253320495,0.0462951449164768,2.81493092654829,,,,,,False,False
"Steinlechner, Maximilian",21677,-0.11265,-0.1171786973813251,0.5714285714285714,0.5535,0.5624642857142856,1.806684733514002,1.7778906597244273,0.5732890273895966,1.7443208438043565,Make Cut: DG anchor + putting overlay,Tier 2 - candidate,0.4465,0.4375357142857143,2.2396416573348263,2.285527712023508,0.4285714285714286,0.4285714285714286,2.333333333333333,0.4262752333731295,2.345902181759348,Miss Cut: DataGolf core; ARG weakness tag,Tier 1 - core,0.0069164129006066,144.58361789133403,0.0055915397836366,178.84161406245477,0.0034293145002864,291.6034676657611,Winner: DG anchor + total SG overlay,Tier 4 - speculative,0.0404777565797749,24.704926470644832,0.0351166031576123,28.476558382134613,0.0243853487178839,41.00823045711098,Top 5: DG anchor + total SG overlay,Tier 3 - semi-core,0.0855520782789106,11.68878676143756,0.0767378498056409,13.031378941848988,0.0646738303248749,15.46220465026917,Top 10: DG anchor + putting overlay,Tier 2 - current-price / early value,0.1785829568665073,5.599638496004468,0.1648781361967866,6.065085541763232,0.1788132775202212,5.592425875013193,0.1650907815733572,6.057273401153867,0.1479272126411615,6.760081408589623,Top 20: DG anchor + OTT overlay,Tier 3 - experimental,-0.063,-0.256,-0.068,-0.072,-0.459,-0.041,2.674,-0.0742380804214936,-0.06,0.029475553304121,2.89029840415889,,,,,,False,False
"Clements, Todd",22608,-0.11985,-0.1205009620364729,0.591715976331361,0.55795,0.5748329881656804,1.7922752934850794,1.7396357213093283,0.5998405026297683,1.6671098327236782,Make Cut: DG anchor + putting overlay,Tier 2 - candidate,0.44205,0.4251670118343196,2.26218753534668,2.3520169066872083,0.408284023668639,0.408284023668639,2.449275362318841,0.411475420217514,2.4302788231466668,Miss Cut: DataGolf core; ARG weakness tag,Tier 1 - core,0.0076443455006692,130.81564666490365,0.0062638394170012,159.64649369615103,0.0039425004599556,253.6461340099012,Winner: DG anchor + total SG overlay,Tier 4 - speculative,0.0402141533779357,24.8668669113066,0.0365430825812237,27.36496018849297,0.0271354581005782,36.85215102297062,Top 5: DG anchor + total SG overlay,Tier 3 - semi-core,0.0856570416476908,11.674463427222015,0.0799842036942157,12.502468660225183,0.0742453151256108,13.468863298757158,Top 10: DG anchor + putting overlay,Tier 2 - current-price / early value,0.1782229050520486,5.610951071120503,0.1723207062468403,5.803133133446846,0.1775484239474547,5.632266272867333,0.1716685618983918,5.825178407400453,0.1636566802791475,6.110352466482333,Top 20: DG anchor + OTT overlay,Tier 3 - experimental,-0.091,-0.234,-0.102,-0.011,-0.439,-0.02,-1.954,-0.0480354120864694,0.0199020606553236,0.0157873806970392,2.86476424804424,,,,,,False,False
"Couvra, Martin",27811,-0.1285,-0.1189430800649709,0.6134969325153374,0.5602,0.5868484662576687,1.7850767583006069,1.7040174039765283,0.6072550300854486,1.646754576671497,Make Cut: DG anchor + putting overlay,Tier 2 - candidate,0.4397999999999999,0.4131515337423312,2.2737608003638017,2.420419430473823,0.3865030674846625,0.3865030674846625,2.5873015873015874,0.3725670914076919,2.6840803255640258,Miss Cut: DataGolf core; ARG weakness tag,Tier 1 - core,0.0068646750698662,145.67331881295874,0.0064740042015997,154.46390963924466,0.0050621655159781,197.5439161053945,Winner: DG anchor + total SG overlay,Tier 4 - speculative,0.0401614480665908,24.89950059424952,0.0394746625253589,25.33270548817459,0.0336703744303341,29.699699421788605,Top 5: DG anchor + total SG overlay,Tier 3 - semi-core,0.0833495436220879,11.997666172403568,0.0855059929510151,11.695086689103563,0.0784375848760409,12.7489901885729,Top 10: DG anchor + putting overlay,Tier 2 - current-price / early value,0.1762687087567952,5.673156665484734,0.1825788229422411,5.477086465369264,0.1758461756212981,5.686788447157346,0.1821411638530173,5.490247118476586,0.1986587343348886,5.033758034088003,Top 20: DG anchor + OTT overlay,Tier 3 - experimental,-0.247,0.087,0.007,-0.151,-0.304,0.01,-3.463,0.0090042854774511,0.0592657364337737,0.0284660228279763,2.85272968521502,,,,,,False,False
"Elvira Mijares, Ignacio",12988,-0.1113499999999999,-0.0938346185359928,0.6134969325153374,0.562,0.5877484662576687,1.779359430604982,1.7014080978674988,0.6373537544878229,1.5689873840997444,Make Cut: DG anchor + putting overlay,Tier 2 - candidate,0.4379999999999999,0.4122515337423312,2.2831050228310503,2.425703528431329,0.3865030674846625,0.3865030674846625,2.5873015873015874,0.3691586041048216,2.708862773021139,Miss Cut: DataGolf core; ARG weakness tag,Tier 1 - core,0.005735822425815,174.34291471425874,0.0054179112129075,184.5729766884372,0.004293316358221,232.9201755852773,Winner: DG anchor + total SG overlay,Tier 4 - speculative,0.038162495900631,26.20373684687285,0.0373395416011091,26.781260752550185,0.03233086979273,30.93019168401285,Top 5: DG anchor + total SG overlay,Tier 3 - semi-core,0.0830875547473588,12.035496808645556,0.0829509809918205,12.055312523653052,0.0935593618482267,10.688401248634142,Top 10: DG anchor + putting overlay,Tier 2 - current-price / early value,0.1749833969188297,5.714827907152095,0.1794149065823103,5.573672885096808,0.175434769824387,5.700124331117577,0.1798777106489265,5.55933248423277,0.1760507501249953,5.680180284889463,Top 20: DG anchor + OTT overlay,Tier 3 - experimental,-0.071,-0.36,0.029,0.148,-0.253,0.008,-8.237,-0.0106982964619795,0.051343877769892,0.0800900861085522,2.81293868607089,,,,,,False,False
"Kaneko, Kota",28268,-0.1128,-0.1092861274748609,0.5882352941176471,0.55795,0.5730926470588236,1.7922752934850794,1.7449185661901498,0.5945240523355061,1.6820177351473626,Make Cut: DG anchor + putting overlay,Tier 2 - candidate,0.44205,0.4269073529411764,2.26218753534668,2.342428616210295,0.4117647058823529,0.4117647058823529,2.428571428571429,0.4054859839496012,2.466176488419122,Miss Cut: DataGolf core; ARG weakness tag,Tier 1 - core,0.0056849606969859,175.9027112588802,0.0047341470151596,211.2312940003372,0.0030934614363649,323.26247492357953,Winner: DG anchor + total SG overlay,Tier 4 - speculative,0.0357008381465973,28.01054686429846,0.0315941393113939,31.651439849142065,0.0231994177064976,43.10453015033743,Top 5: DG anchor + total SG overlay,Tier 3 - semi-core,0.0783798796188382,12.758376318807905,0.0724593475775768,13.80084189868497,0.0655685897302675,15.251204946053353,Top 10: DG anchor + putting overlay,Tier 2 - current-price / early value,0.1717970140030245,5.820822939229869,0.1629080599716902,6.138431702972692,0.1719107351521785,5.816972390437291,0.163015897071735,6.134371051922322,0.1519126579482002,6.582729928542125,Top 20: DG anchor + OTT overlay,Tier 3 - experimental,-0.092,-0.22,-0.043,-0.029,-0.383,0.068,-16.234,0.0844531840915023,-0.06,-0.0096572294200559,2.77424608013292,,,,,,False,False
"Hidalgo, Angel",24127,-0.15815,-0.1301050494930964,0.5617977528089888,0.5465,0.5541488764044944,1.8298261665141813,1.8045692097913089,0.5653533898412689,1.7688051720725764,Make Cut: DG anchor + putting overlay,Tier 2 - candidate,0.4535,0.4458511235955056,2.2050716648291067,2.2429011548420834,0.4382022471910112,0.4382022471910112,2.2820512820512824,0.4684501157797234,2.134699013438229,Miss Cut: DataGolf core; ARG weakness tag,Tier 1 - core,0.0059907407421255,166.9242658037626,0.0048370370377294,206.73813167025315,0.0029227918339114,342.1386321111145,Winner: DG anchor + total SG overlay,Tier 4 - speculative,0.0377951006408768,26.458455806265555,0.0322680496590627,30.99040724697597,0.0214480150279002,46.624361214740254,Top 5: DG anchor + total SG overlay,Tier 3 - semi-core,0.0828256126244214,12.073559957045784,0.0723719630582424,13.817505533119704,0.0597234426635358,16.743843881098794,Top 10: DG anchor + putting overlay,Tier 2 - current-price / early value,0.1717456347481875,5.822564290883983,0.1571106933175947,6.364939132300363,0.1725638898075368,5.794955138733343,0.1578592225007293,6.334758173507282,0.1496856342720898,6.680667820014432,Top 20: DG anchor + OTT overlay,Tier 3 - experimental,-0.259,0.066,-0.266,-0.056,-0.516,0.056,-6.491,0.093017274839937,0.0645874371277711,0.0775692558326067,2.87722981293186,,,,,,False,False
"Van Driel, Darius",13374,-0.14775,-0.1348844659006562,0.5555555555555556,0.55105,0.5533027777777778,1.814717357771527,1.8073287179512925,0.5551048851782225,1.801461357485512,Make Cut: DG anchor + putting overlay,Tier 2 - candidate,0.4489499999999999,0.4466972222222222,2.227419534469317,2.238652828475664,0.4444444444444444,0.4444444444444444,2.25,0.4511550744275318,2.216532754882331,Miss Cut: DataGolf core; ARG weakness tag,Tier 1 - core,0.0064006557190629,156.23399287384282,0.0049336611928647,202.6892323790362,0.0027212893830953,367.47286275836206,Winner: DG anchor + total SG overlay,Tier 4 - speculative,0.0371658964521596,26.90638718447736,0.0306058318239634,32.673511563146974,0.0189374789414761,52.80533924765663,Top 5: DG anchor + total SG overlay,Tier 3 - semi-core,0.0819877135349359,12.196949480410725,0.0701702146919508,14.251060858086682,0.0545915511609684,18.31785283131823,Top 10: DG anchor + putting overlay,Tier 2 - current-price / early value,0.1710777452204124,5.845295650299951,0.1536883226971562,6.506675214163838,0.170699954484134,5.85823237634751,0.1533489329973776,6.521075696151736,0.1345435466754404,7.43253782667333,Top 20: DG anchor + OTT overlay,Tier 3 - experimental,-0.131,-0.216,-0.123,-0.094,-0.564,0.041,-8.877,0.0545344974044686,0.08621809482825,0.0155058980874222,2.84901705622749,,,,,,False,False
"Hill, Calum",25131,-0.1245,-0.1232218377048643,0.6451612903225806,0.55035,0.5977556451612903,1.8170255292086848,1.672924393261353,0.68351343113866,1.463029041483658,Make Cut: DG anchor + putting overlay,Tier 2 - candidate,0.44965,0.4022443548387097,2.223951962637607,2.486051048251444,0.3548387096774194,0.3548387096774194,2.818181818181818,0.3409613123689218,2.9328840655035817,Miss Cut: DataGolf core; ARG weakness tag,Tier 1 - core,0.0061953899799219,161.41033950095317,0.0075226949899609,132.93108405092863,0.007725472233001,129.44192533995198,Winner: DG anchor + total SG overlay,Tier 4 - speculative,0.0371134981867698,26.94437465764081,0.0442531115272473,22.597281083484564,0.0481995730682381,20.74707173410559,Top 5: DG anchor + total SG overlay,Tier 3 - semi-core,0.0816736260337033,12.243854577821011,0.0948255410712046,10.54568198297016,0.1369442645932768,7.302240827463573,Top 10: DG anchor + putting overlay,Tier 2 - current-price / early value,0.1709749997183189,5.848808314943697,0.1962050797329894,5.096708002468003,0.1722734722982715,5.804724236756636,0.1976951625901349,5.0582927113559055,0.2179059195579149,4.589136458655132,Top 20: DG anchor + OTT overlay,Tier 3 - experimental,-0.179,-0.233,0.01,0.312,-0.089,-0.02,-1.654,-0.0475358773400587,0.15100983735016,-0.0075937091918325,2.86548001073341,,,,,,False,False
"Smith, Cameron",15856,-0.10235,-0.1303592424143907,0.6896551724137931,0.5445,0.6170775862068966,1.8365472910927456,1.6205417638758888,0.7446041833901612,1.3429954092482117,Make Cut: DG anchor + putting overlay,Tier 2 - candidate,0.4555,0.3829224137931034,2.195389681668496,2.611495080933835,0.3103448275862068,0.3103448275862068,3.2222222222222228,0.243682137999972,4.103706608155722,Miss Cut: DataGolf core; ARG weakness tag,Tier 1 - core,0.0058886526414082,169.8181334331279,0.0085776596540374,116.58191631901668,0.0106039244356424,94.30470823035576,Winner: DG anchor + total SG overlay,Tier 4 - speculative,0.0349178023579087,28.638686643276245,0.0509712193006474,19.61891462908947,0.0706946405625211,14.145343862603232,Top 5: DG anchor + total SG overlay,Tier 3 - semi-core,0.0774924181756821,12.904488252423771,0.106768819116701,9.366030347371122,0.2001875819510989,4.995314845474661,Top 10: DG anchor + putting overlay,Tier 2 - current-price / early value,0.1668153295493987,5.994652905708356,0.2163525240126833,4.622086128014741,0.1669850137114819,5.988561355139378,0.216572597292824,4.617389330414308,0.2415893598353815,4.139255142202447,Top 20: DG anchor + OTT overlay,Tier 3 - experimental,-0.067,-0.648,0.421,0.544,0.25,-0.068,-4.975,-0.1611573340554881,-0.06,-0.0444675450442092,2.79412098445134,,,,,,False,False
"Ravetto, David",23416,-0.14095,-0.1396013642604566,0.5524861878453039,0.5446,0.5485430939226519,1.8362100624311424,1.8230108282814448,0.5166559062588705,1.935524181347401,Make Cut: DG anchor + putting overlay,Tier 2 - candidate,0.4554,0.4514569060773481,2.195871761089152,2.2150508421476447,0.4475138121546961,0.4475138121546961,2.234567901234568,0.44650766522849,2.2396032092489904,Miss Cut: DataGolf core; ARG weakness tag,Tier 1 - core,0.0060418443319699,165.5123742113947,0.0045125888326516,221.6022857576405,0.0023073224476179,433.4027959691399,Winner: DG anchor + total SG overlay,Tier 4 - speculative,0.0366421611607399,27.29096669853211,0.0308503629877773,32.41452946262548,0.0192379592576531,51.98056543352885,Top 5: DG anchor + total SG overlay,Tier 3 - semi-core,0.0775967956766046,12.88713008418077,0.067957414042006,14.715097890303438,0.0416492732253775,24.01002280612868,Top 10: DG anchor + putting overlay,Tier 2 - current-price / early value,0.1667639943180484,5.996498249453197,0.1514988180811577,6.600711561091529,0.1669663520497027,5.989230690638308,0.1516826524711924,6.592711715599249,0.143191002077131,6.983679040540142,Top 20: DG anchor + OTT overlay,Tier 3 - experimental,-0.195,0.066,-0.076,-0.426,-0.63,-0.001,1.889,0.0051766287518198,-0.0071062852178014,0.0059314356262574,2.88640824417438,,,,,,False,False
"Celli, Filippo",23549,-0.1626,-0.134493367288432,0.5847953216374269,0.5463,0.5655476608187134,1.8304960644334607,1.768197570744706,0.5970926084363238,1.6747820788115546,Make Cut: DG anchor + putting overlay,Tier 2 - candidate,0.4537,0.4344523391812865,2.204099625303064,2.301748453891334,0.4152046783625731,0.4152046783625731,2.408450704225352,0.4250512588502416,2.352657424671527,Miss Cut: DataGolf core; ARG weakness tag,Tier 1 - core,0.0070199939720148,142.45026477038164,0.0058349969860074,171.37969435083554,0.0037205301403022,268.77890039583843,Winner: DG anchor + total SG overlay,Tier 4 - speculative,0.0361189798089264,27.686274786555867,0.0342533821002304,29.194197439360988,0.0263323823031684,37.976055052173336,Top 5: DG anchor + total SG overlay,Tier 3 - semi-core,0.0770228180309991,12.98316558084817,0.0752620776408557,13.28690399395982,0.0757942880145782,13.193606354711848,Top 10: DG anchor + putting overlay,Tier 2 - current-price / early value,0.1657373865248899,6.033641660264888,0.1644510674160689,6.080836176453345,0.1660371584074935,6.022748218478717,0.1647485127125657,6.069857527300932,0.1627982592334966,6.142571822993084,Top 20: DG anchor + OTT overlay,Tier 3 - experimental,-0.199,-0.167,-0.143,0.029,-0.479,-0.015,-1.551,-0.0340794822805125,-0.06,0.172572904698096,2.86454888690717,,,,,,False,False
"Pavon, Matthieu",19960,-0.16845,-0.1667551806919043,0.5847953216374269,0.53135,0.5580726608187134,1.8819986826009223,1.79188136278341,0.5861201399753415,1.7061348549498243,Make Cut: DG anchor + putting overlay,Tier 2 - candidate,0.46865,0.4419273391812865,2.133788541555532,2.2628154253877963,0.4152046783625731,0.4152046783625731,2.408450704225352,0.4299266432195903,2.325978200632794,Miss Cut: DataGolf core; ARG weakness tag,Tier 1 - core,0.006246649267312,160.08582476894964,0.0056316579669893,177.5676019143259,0.0041264602263704,242.3384559990224,Winner: DG anchor + total SG overlay,Tier 4 - speculative,0.0347613502440443,28.76758218479532,0.0337268953601174,29.64992743395278,0.0278552384380862,35.89989014894614,Top 5: DG anchor + total SG overlay,Tier 3 - semi-core,0.0733759717623691,13.62843961015655,0.073893735340059,13.532946946016455,0.0705641427434197,14.171503558629317,Top 10: DG anchor + putting overlay,Tier 2 - current-price / early value,0.1554816772579897,6.431626013016997,0.1607450657907218,6.221030767450901,0.1559437369234803,6.412569172243756,0.1612227671677482,6.202597918193061,0.1822890781765908,5.485792182410728,Top 20: DG anchor + OTT overlay,Tier 3 - experimental,-0.389,0.282,-0.173,-0.077,-0.356,0.022,1.487,0.0524758048367702,-0.0456006859080881,-0.0063636344008843,2.89175986727946,,,,,,False,False
"Rodrigues, Daniel",27149,-0.1674,-0.177791991119338,0.53475935828877,0.53055,0.5326546791443849,1.884836490434455,1.877388933495004,0.5377151402104563,1.8597207428613785,Make Cut: DG anchor + putting overlay,Tier 2 - candidate,0.46945,0.4673453208556151,2.130152305889871,2.139745398903752,0.46524064171123,0.46524064171123,2.1494252873563213,0.4660453093240058,2.1457141183343102,Miss Cut: DataGolf core; ARG weakness tag,Tier 1 - core,0.0052795811346339,189.4089653135592,0.0039981239006502,250.1173112312396,0.0021282912712481,469.8604995986061,Winner: DG anchor + total SG overlay,Tier 4 - speculative,0.0327322924097985,30.55086968796129,0.0268755446536727,37.20854825032702,0.0164997834728788,60.60685594109327,Top 5: DG anchor + total SG overlay,Tier 3 - semi-core,0.0697393600605963,14.339104906197916,0.0600326096238527,16.65761335823505,0.0483221954570208,20.694423971059603,Top 10: DG anchor + putting overlay,Tier 2 - current-price / early value,0.1551230767425012,6.446494106482715,0.1391542884683756,7.1862679261032,0.1543426659633903,6.479089846985004,0.1384542152815827,7.222604223108982,0.1201370187604618,8.323828993907988,Top 20: DG anchor + OTT overlay,Tier 3 - experimental,-0.155,-0.269,-0.087,-0.062,-0.573,0.008,-3.727,0.000867604808257,-0.06,-0.0373937580008186,2.87063362223342,,,,,,False,False
"Guerrier, Julien",10201,-0.17255,-0.1721333688846428,0.6060606060606061,0.5327,0.5693803030303031,1.8772292096865029,1.7562953875957643,0.602653242487924,1.6593289963424334,Make Cut: DG anchor + putting overlay,Tier 2 - candidate,0.4673,0.4306196969696969,2.139952921035737,2.322234693482613,0.3939393939393939,0.3939393939393939,2.5384615384615388,0.3756869585043241,2.661790560899893,Miss Cut: DataGolf core; ARG weakness tag,Tier 1 - core,0.0045272225480054,220.88598238683403,0.0047386112740027,211.0322924115488,0.0040342551483387,247.87723216063372,Winner: DG anchor + total SG overlay,Tier 4 - speculative,0.0300414048768136,33.28739132209535,0.0340741978087771,29.34771951527528,0.0319396606957593,31.309036421065365,Top 5: DG anchor + total SG overlay,Tier 3 - semi-core,0.068080444891177,14.68850565824661,0.0763358456418367,13.100005529406737,0.0773639248611166,12.925921245531368,Top 10: DG anchor + putting overlay,Tier 2 - current-price / early value,0.1547645003705315,6.461430092856153,0.1682476656263062,5.943618868514307,0.1552917273345305,6.439493057127202,0.1688208248826971,5.923439840403794,0.1869576832322961,5.348803979120203,Top 20: DG anchor + OTT overlay,Tier 3 - experimental,-0.288,-0.021,0.034,-0.123,-0.397,0.001,-1.543,-0.0023625362094901,0.0739979248487824,-0.0152350575306647,2.84816090133255,,,,,,False,False
"Van Tonder, Daniel",15193,-0.16845,-0.2039960794321695,0.495049504950495,0.5267,0.5108747524752475,1.898614011771407,1.957426933225578,0.4593354004343354,2.177058417562475,Make Cut: DG anchor + putting overlay,Tier 2 - candidate,0.4733,0.4891252475247525,2.112824846820198,2.0444661261314145,0.504950495049505,0.504950495049505,1.9803921568627447,0.493973038310263,2.024401986433727,Miss Cut: DataGolf core; ARG weakness tag,Tier 1 - core,0.0058376686913695,171.3012596070087,0.004252167679018,235.17416891492968,0.0020549967382079,486.6187772502525,Winner: DG anchor + total SG overlay,Tier 4 - speculative,0.0330958130493694,30.215302416299178,0.0251039647257429,39.83434532851086,0.0130608164630479,76.56489185260588,Top 5: DG anchor + total SG overlay,Tier 3 - semi-core,0.0714005120889071,14.005501791847252,0.0571946526894752,17.48415197884429,0.0306331589687182,32.6443642662245,Top 10: DG anchor + putting overlay,Tier 2 - current-price / early value,0.1510777002196508,6.619110554013644,0.1267315713237964,7.890693609763757,0.1516038598823459,6.596138124557398,0.1271729405048443,7.863307996420098,0.1072031043945274,9.32808807774645,Top 20: DG anchor + OTT overlay,Tier 3 - experimental,-0.244,0.039,-0.016,-0.424,-0.646,0.032,-6.483,0.0373690109349327,-0.0221723441893028,-0.190871816580988,2.94426076536342,,,,,,False,False
"Otaegui, Adrian",14975,-0.2346,-0.1935089717491765,0.5291005291005292,0.52965,0.5293752645502645,1.8880392712168408,1.8890191268184,0.5226632591256261,1.9132777797944325,Make Cut: DG anchor + putting overlay,Tier 2 - candidate,0.47035,0.4706247354497355,2.126076326140108,2.124835191767781,0.4708994708994708,0.4708994708994708,2.123595505617978,0.4396003375915756,2.2747935214942467,Miss Cut: DataGolf core; ARG weakness tag,Tier 1 - core,0.004577046821411,218.4814879590208,0.0033301900773721,300.2831600498572,0.0015942908674464,627.2381159666799,Winner: DG anchor + total SG overlay,Tier 4 - speculative,0.0281374660909308,35.53980293635308,0.023190862675095,43.12043126683298,0.0137575939229228,72.68712869434295,Top 5: DG anchor + total SG overlay,Tier 3 - semi-core,0.0653379174654279,15.305048565851928,0.0559087245456047,17.88629606787576,0.0415346225895573,24.07629918494603,Top 10: DG anchor + putting overlay,Tier 2 - current-price / early value,0.1507705842563464,6.632593519036566,0.1329075281329092,7.524028277766081,0.1508030133848387,6.631167226400643,0.1329361151104597,7.522410288348478,0.1089022977274777,9.182542709084494,Top 20: DG anchor + OTT overlay,Tier 3 - experimental,-0.238,-0.398,0.108,-0.15,-0.677,0.059,-15.296,0.0694809497479437,0.279783071117479,0.100768898600776,2.80907485401979,,,,,,False,False
"Law, David",14784,-0.23335,-0.2040190333758792,0.5847953216374269,0.52165,0.5532226608187134,1.916994153167833,1.807590452856905,0.5819566361081661,1.7183410892734177,Make Cut: DG anchor + putting overlay,Tier 2 - candidate,0.47835,0.4467773391812866,2.0905194940942824,2.2382513890084184,0.4152046783625731,0.4152046783625731,2.408450704225352,0.4171197983808432,2.397392796701942,Miss Cut: DataGolf core; ARG weakness tag,Tier 1 - core,0.0048268999356614,207.172307967672,0.004671783301164,214.05102410268773,0.0036195790680294,276.27521908077085,Winner: DG anchor + total SG overlay,Tier 4 - speculative,0.0320061504222256,31.243994882483072,0.0315831413486789,31.66246159493656,0.0254056381310449,39.36134155898365,Top 5: DG anchor + total SG overlay,Tier 3 - semi-core,0.0669930205888659,14.92692807713462,0.0690496559219536,14.482331398295363,0.0653181847219148,15.309672249120103,Top 10: DG anchor + putting overlay,Tier 2 - current-price / early value,0.1485701218225538,6.730828431266681,0.1539150543668954,6.497090256137305,0.148530997789702,6.732601375342894,0.1538745228147261,6.498801632054827,0.173064454896608,5.7781940294869845,Top 20: DG anchor + OTT overlay,Tier 3 - experimental,-0.49,0.229,-0.094,-0.117,-0.472,0.002,1.742,0.011205536651481,0.154318560278794,0.102472424725165,2.8641852318965,,,,,,False,False
"Schott, Freddy",27588,-0.21675,-0.2065779492488179,0.5813953488372093,0.5145,0.5479476744186047,1.9436345966958213,1.8249917769265864,0.5768777467126295,1.7334695361340535,Make Cut: DG anchor + putting overlay,Tier 2 - candidate,0.4855,0.4520523255813953,2.0597322348094744,2.2121332938921974,0.4186046511627906,0.4186046511627906,2.3888888888888893,0.4286354011346302,2.33298509024902,Miss Cut: DataGolf core; ARG weakness tag,Tier 1 - core,0.0068646750698662,145.67331881295874,0.0067656708682664,147.80500255937355,0.0053310210896183,187.58132507624148,Winner: DG anchor + total SG overlay,Tier 4 - speculative,0.0346049502723385,28.897599682417376,0.0371962615118306,26.884422233722034,0.0322973508517145,30.96229175548352,Top 5: DG anchor + total SG overlay,Tier 3 - semi-core,0.0717122233351278,13.944624130906776,0.0776548270956543,12.87749953738498,0.0758532521654962,13.183350369977614,Top 10: DG anchor + putting overlay,Tier 2 - current-price / early value,0.1478538963091559,6.763433531092371,0.1606123053899349,6.226173004441953,0.1472793719008669,6.789817114871287,0.159988204895991,6.250460780218792,0.189237953092896,5.284352233027509,Top 20: DG anchor + OTT overlay,Tier 3 - experimental,-0.461,0.258,-0.144,-0.133,-0.481,-0.047,11.376,-0.0554439513647254,0.0604525290325048,0.0634690971801473,3.00595556559095,,,,,,False,False
"Langasque, Romain",16652,-0.2229,-0.201390906242023,0.6535947712418301,0.528,0.590797385620915,1.8939393939393936,1.6926276661651474,0.674027274419708,1.483619488337371,Make Cut: DG anchor + putting overlay,Tier 2 - candidate,0.472,0.409202614379085,2.1186440677966103,2.4437771530794783,0.3464052287581699,0.3464052287581699,2.8867924528301887,0.3065618486103977,3.2619845050284666,Miss Cut: DataGolf core; ARG weakness tag,Tier 1 - core,0.0048770139677001,205.04349723475812,0.0063301736505167,157.9735494173011,0.0067529783793547,148.0828078847717,Winner: DG anchor + total SG overlay,Tier 4 - speculative,0.0280861376972836,35.60475316250818,0.0396171065470545,25.24162128832573,0.0474789069033949,21.061984473119697,Top 5: DG anchor + total SG overlay,Tier 3 - semi-core,0.0635819684552133,15.727729485198186,0.0866270690686916,11.543735817808187,0.1209840232024808,8.265554190790825,Top 10: DG anchor + putting overlay,Tier 2 - current-price / early value,0.1452967761112097,6.882465163814803,0.1858182444723363,5.381602882104909,0.1459297465623748,6.852612462891996,0.1866277425299417,5.3582601731335,0.2359227079675827,4.238676338597326,Top 20: DG anchor + OTT overlay,Tier 3 - experimental,-0.488,0.056,0.191,0.124,-0.117,-0.014,-0.421,-0.0286658869162045,0.0760682546118288,0.10286134859503,2.82065024184434,,,,,,False,False
"Mory, Felix",25089,-0.2166,-0.2344894616244185,0.495049504950495,0.51045,0.5027497524752476,1.9590557351356648,1.9890611483677143,0.4734095756040878,2.1123358113826987,Make Cut: DG anchor + putting overlay,Tier 2 - candidate,0.48955,0.4972502475247524,2.042692268409764,2.011059833510131,0.504950495049505,0.504950495049505,1.9803921568627447,0.5266505627272557,1.8987922367755727,Miss Cut: DataGolf core; ARG weakness tag,Tier 1 - core,0.0047268140437349,211.5589889400065,0.0036300736885341,275.47650152628376,0.0019104136425945,523.4468482134055,Winner: DG anchor + total SG overlay,Tier 4 - speculative,0.0321098109456836,31.143129484367883,0.0255169954199317,39.18956693541128,0.0139143395951943,71.86830486337823,Top 5: DG anchor + total SG overlay,Tier 3 - semi-core,0.0672518411309319,14.86948138792379,0.05571974962992,17.94695788552192,0.0351278271835687,28.46745956629381,Top 10: DG anchor + putting overlay,Tier 2 - current-price / early value,0.1417701063760858,7.053673200662016,0.1236342232078379,8.088375322413187,0.1418458502092101,7.049906631213308,0.1237002775419318,8.084056235532861,0.1125407434357704,8.885670819925965,Top 20: DG anchor + OTT overlay,Tier 3 - experimental,-0.357,0.121,-0.213,-0.292,-0.742,0.002,3.036,0.0098890975847396,-0.06,-0.0793918569144627,2.97094705327775,,,,,,False,False
"Kinhult, Marcus",18514,-0.256,-0.2214389274265941,0.53475935828877,0.51485,0.524804679144385,1.942313295134505,1.9054708156001,0.5174281453658488,1.932635495297512,Make Cut: DG anchor + putting overlay,Tier 2 - candidate,0.4851499999999999,0.475195320855615,2.061218179944347,2.1043978257181606,0.46524064171123,0.46524064171123,2.1494252873563213,0.4528530063708633,2.208222063079452,Miss Cut: DataGolf core; ARG weakness tag,Tier 1 - core,0.0052795811346339,189.4089653135592,0.0041647905673169,240.10811200146813,0.0023109561135589,432.721328688478,Winner: DG anchor + total SG overlay,Tier 4 - speculative,0.0299898267321344,33.3446407987575,0.0259547744771783,38.528556696930096,0.0162483200602744,61.54482409814812,Top 5: DG anchor + total SG overlay,Tier 3 - semi-core,0.0651828722320465,15.341453448692304,0.0589569023858645,16.961542406945718,0.0433730776149396,23.05577687794871,Top 10: DG anchor + putting overlay,Tier 2 - current-price / early value,0.137888616285164,7.252230292397199,0.1304509208123195,7.665718216268522,0.1385656176172853,7.216797479746915,0.1310914047735462,7.628265191966241,0.1252236384025911,7.985712703739069,Top 20: DG anchor + OTT overlay,Tier 3 - experimental,-0.382,-0.08,-0.007,-0.252,-0.721,0.042,-9.415,0.055320696629369,0.228663197563568,0.0879792151614526,2.90655764781902,,,,,,False,False
"Guillamoundeguy, Oihan",28239,-0.2239999999999999,-0.2258223965490172,0.5813953488372093,0.51275,0.5470726744186047,1.9502681618722573,1.8279107086873576,0.5861572154884103,1.706026938808147,Make Cut: DG anchor + putting overlay,Tier 2 - candidate,0.4872499999999999,0.4529273255813952,2.0523345305284764,2.207859723889171,0.4186046511627906,0.4186046511627906,2.3888888888888893,0.4130994563359828,2.420724560786345,Miss Cut: DataGolf core; ARG weakness tag,Tier 1 - core,0.0040811013061848,245.0318982487702,0.004257217319759,234.89522025542183,0.0035106653915491,284.84628652084007,Winner: DG anchor + total SG overlay,Tier 4 - speculative,0.0272658357156035,36.67593432420361,0.0289819194811783,34.504270866166294,0.0245277932356074,40.77007623124784,Top 5: DG anchor + total SG overlay,Tier 3 - semi-core,0.0617772376825359,16.187191877028418,0.0664574809745051,15.047214931056848,0.0692542461108265,14.43954784230436,Top 10: DG anchor + putting overlay,Tier 2 - current-price / early value,0.1362552511849838,7.339166683876081,0.1483093545810959,6.742663015590144,0.1362491112219762,7.339497417864295,0.1483026714335263,6.742966868592314,0.1631928346380968,6.127720020414141,Top 20: DG anchor + OTT overlay,Tier 3 - experimental,-0.356,-0.076,-0.048,-0.044,-0.525,-0.015,-0.277,-0.0299505730208029,0.0624377802963316,-0.0097461413087676,2.87236125053479,,,,,,False,False
"Norris, Shaun",7677,-0.26025,-0.2395734479729405,0.5882352941176471,0.5086,0.5484176470588236,1.966181675186787,1.823427829799101,0.6346849446741437,1.5755848762308584,Make Cut: DG anchor + putting overlay,Tier 2 - candidate,0.4913999999999999,0.4515823529411764,2.035002035002035,2.214435514335213,0.4117647058823529,0.4117647058823529,2.428571428571429,0.4191615906730207,2.385714775045024,Miss Cut: DataGolf core; ARG weakness tag,Tier 1 - core,0.0040811013061848,245.0318982487702,0.0043405506530924,230.3855155537822,0.003728911427685,268.1747795283002,Winner: DG anchor + total SG overlay,Tier 4 - speculative,0.0277270340819552,36.06588418523992,0.0293186129404485,34.108025575124664,0.025698651795785,38.912547161871565,Top 5: DG anchor + total SG overlay,Tier 3 - semi-core,0.061828760434077,16.17370286868712,0.0666138703565286,15.01188858488227,0.0958563848112972,10.432273259299304,Top 10: DG anchor + putting overlay,Tier 2 - current-price / early value,0.1360000892232847,7.352936352550489,0.1481478937416788,6.750011591414662,0.1364272116345625,7.329915989770618,0.1486131675952628,6.728878848228494,0.1567031191821215,6.38149390528591,Top 20: DG anchor + OTT overlay,Tier 3 - experimental,-0.398,-0.261,-0.128,0.367,-0.421,0.012,-6.021,0.0044941694122203,-0.06,0.116135675429187,2.87949995028187,,,,,,False,False
"Smylie, Elvis",24200,-0.2404,-0.2530284486400613,0.5617977528089888,0.50205,0.5319238764044945,1.9918334827208448,1.879968251772108,0.5857605267131152,1.707182294463083,Make Cut: DG anchor + putting overlay,Tier 2 - candidate,0.49795,0.4680761235955055,2.008233758409479,2.1364046350378767,0.4382022471910112,0.4382022471910112,2.2820512820512824,0.4363837057395314,2.291561272447876,Miss Cut: DataGolf core; ARG weakness tag,Tier 1 - core,0.0038351304454085,260.7473237832652,0.0036925652227042,270.81444461735026,0.0027766626072344,360.14458414736305,Winner: DG anchor + total SG overlay,Tier 4 - speculative,0.0262430291684356,38.10535718196627,0.026171064848768,38.21013801993127,0.020425238696966,48.95903616286939,Top 5: DG anchor + total SG overlay,Tier 3 - semi-core,0.0601812477717903,16.61647169217959,0.0605176178178891,16.52411373840294,0.0685941765214062,14.578497049059678,Top 10: DG anchor + putting overlay,Tier 2 - current-price / early value,0.1354387820213207,7.38340957498112,0.1386325906119848,7.213311066218722,0.1356404731473945,7.372430785561651,0.1388390378562214,7.202585205434635,0.1354601557516736,7.38224457554298,Top 20: DG anchor + OTT overlay,Tier 3 - experimental,-0.284,-0.364,-0.071,0.139,-0.58,-0.009,-3.551,-0.0301117807243275,-0.06,-0.0330863528381425,2.87232080303987,,,,,,False,False
"Halvorsen, Andreas",17747,-0.2675,-0.2768777039619573,0.5291005291005292,0.49025,0.5096752645502646,2.039775624681285,1.9620336115043684,0.5272576604923946,1.8966059195159373,Make Cut: DG anchor + putting overlay,Tier 2 - candidate,0.5097499999999999,0.4903247354497354,1.9617459538989703,2.039464721441761,0.4708994708994708,0.4708994708994708,2.123595505617978,0.4879459132214263,2.049407471000187,Miss Cut: DataGolf core; ARG weakness tag,Tier 1 - core,0.0043780503475655,228.4121745096097,0.0041390251737827,241.6027827842542,0.0030067003952514,332.59050405531246,Winner: DG anchor + total SG overlay,Tier 4 - speculative,0.0277270340819552,36.06588418523992,0.0263432524907131,37.96038474567764,0.0190588034489957,52.46919108411779,Top 5: DG anchor + total SG overlay,Tier 3 - semi-core,0.0599754866654765,16.673478709354544,0.0590582479669929,16.93243593272341,0.0538254236932599,18.578581112501688,Top 10: DG anchor + putting overlay,Tier 2 - current-price / early value,0.1310017609557849,7.633485173817741,0.1310530794825914,7.630496009312287,0.1316063099134075,7.598419867998474,0.1316578652657472,7.595444434569342,0.1404193893234723,7.121523635859036,Top 20: DG anchor + OTT overlay,Tier 3 - experimental,-0.501,0.149,-0.185,-0.107,-0.644,-0.012,4.368,-0.0077626659653888,-0.06,-0.0280071868270921,2.94970131652383,,,,,,False,False
"Lemke, Niklas",10418,-0.2855,-0.2792362929332654,0.4672897196261682,0.49735,0.4823198598130841,2.0106564793405046,2.0733129263794674,0.4438873668002708,2.252823744925263,Make Cut: DG anchor + putting overlay,Tier 2 - candidate,0.50265,0.5176801401869159,1.9894558838157763,1.9316947326566083,0.5327102803738317,0.5327102803738317,1.8771929824561409,0.5244158097767655,1.9068837768748472,Miss Cut: DataGolf core; ARG weakness tag,Tier 1 - core,0.0041798730082703,239.2417181147355,0.0028899365041351,346.0283637959231,0.0011356987342784,880.5152016264007,Winner: DG anchor + total SG overlay,Tier 4 - speculative,0.0261919653347931,38.17964735435906,0.020300923143587,49.25884369528748,0.0095424458160759,104.79493614889834,Top 5: DG anchor + total SG overlay,Tier 3 - semi-core,0.0582794932268666,17.15869415863424,0.0475387091555208,21.03548913641181,0.0287851045082036,34.740190007474354,Top 10: DG anchor + putting overlay,Tier 2 - current-price / early value,0.1294218030341154,7.726673377718288,0.1098639530719842,9.102166561809288,0.1299125295426155,7.697486943874551,0.1102805224044855,9.067784393804487,0.0856015884916384,11.682026205596404,Top 20: DG anchor + OTT overlay,Tier 3 - experimental,-0.281,-0.387,-0.032,-0.31,-1.01,-0.064,1.83,-0.1238404633878606,0.176469766072715,0.0491213255094239,2.92580602474143,,,,,,False,False
"Gumberg, Jordan",23892,-0.3211,-0.3125978678362274,0.4385964912280702,0.47855,0.4585732456140351,2.0896458050360467,2.180676717545935,0.3858886460098304,2.591421153071514,Make Cut: DG anchor + putting overlay,Tier 2 - candidate,0.52145,0.5414267543859649,1.9177294083804777,1.8469718976745169,0.5614035087719298,0.5614035087719298,1.78125,0.6081018429642064,1.6444613868056657,Miss Cut: DataGolf core; ARG weakness tag,Tier 1 - core,0.004577046821411,218.4814879590208,0.0030051900773721,332.75765400983335,0.0009790486584285,1021.3996938672138,Winner: DG anchor + total SG overlay,Tier 4 - speculative,0.025834725641864,38.70759124221333,0.0187351405987098,53.37563359779989,0.0072066393152443,138.76093366913426,Top 5: DG anchor + total SG overlay,Tier 3 - semi-core,0.0579200932147968,17.265165584100433,0.0438422904746422,22.80902729245829,0.0182681090610527,54.74020308604258,Top 10: DG anchor + putting overlay,Tier 2 - current-price / early value,0.1242781280730034,8.046468155785066,0.0998530577973704,10.014715844048334,0.124584071895644,8.026708268434463,0.1000988727825055,9.990122487920477,0.085417500197498,11.707202829488695,Top 20: DG anchor + OTT overlay,Tier 3 - experimental,-0.572,0.362,-0.372,-0.598,-1.18,0.072,-2.406,0.1404553474069016,-0.0428745465560407,-0.0169983762455777,3.0286160726474,,,,,,False,False
"Walker, Euan",27147,-0.2548,-0.277753846774702,0.4464285714285714,0.4939,0.4701642857142857,2.024701356549909,2.126916123543442,0.4331015006515069,2.3089275804764418,Make Cut: DG anchor + putting overlay,Tier 2 - candidate,0.5061,0.5298357142857143,1.9758940920766648,1.8873774889790635,0.5535714285714286,0.5535714285714286,1.806451612903225,0.5551905578317223,1.8011833700945237,Miss Cut: DataGolf core; ARG weakness tag,Tier 1 - core,0.0034445770753988,290.3114019837137,0.002263955204366,441.7048526717683,0.0007854512195577,1273.153539137688,Winner: DG anchor + total SG overlay,Tier 4 - speculative,0.0233951659771339,42.74387285721264,0.0166889123536463,59.92002227643748,0.0068560127511622,145.85737166700548,Top 5: DG anchor + total SG overlay,Tier 3 - semi-core,0.0534640236978733,18.704166481202886,0.0401264806440304,24.92119876824452,0.0226318229068898,44.18557020855653,Top 10: DG anchor + putting overlay,Tier 2 - current-price / early value,0.1239727557764727,8.066288385191944,0.0986424636080721,10.13762190665895,0.1244374908264981,8.03616332471931,0.0990122433227553,10.09976106429836,0.0697555526514165,14.3357763215957,Top 20: DG anchor + OTT overlay,Tier 3 - experimental,-0.24,-0.368,-0.092,-0.216,-0.916,0.042,-15.567,0.0272306077206921,-0.06,-0.113384537733856,2.85655793224845,,,,,,False,False
"Meronk, Adrian",14196,-0.2987999999999999,-0.2809482122541904,0.5649717514124294,0.49405,0.5295108757062147,2.024086630907803,1.8885353368168096,0.6085462376542062,1.64326050860942,Make Cut: DG anchor + putting overlay,Tier 2 - candidate,0.50595,0.4704891242937853,1.9764798893171265,2.1254476423892315,0.4350282485875706,0.4350282485875706,2.2987012987012987,0.4422010488990042,2.261414807788919,Miss Cut: DataGolf core; ARG weakness tag,Tier 1 - core,0.0031061042478961,321.9466959865645,0.003378052123948,296.02858786893324,0.002912055413321,343.4000587439247,Winner: DG anchor + total SG overlay,Tier 4 - speculative,0.0235471069246148,42.4680621361028,0.026005842122721,38.45289820960302,0.0230377472706715,43.40702188677373,Top 5: DG anchor + total SG overlay,Tier 3 - semi-core,0.0537706840110544,18.59749449708348,0.060019228790039,16.661327047340585,0.0866532073655581,11.540253735575716,Top 10: DG anchor + putting overlay,Tier 2 - current-price / early value,0.1225479755465913,8.160069520037164,0.1358702424329876,7.359963315684877,0.1236003482117248,8.090592093535374,0.1370370191871835,7.297298247811897,0.1474082638798529,6.783880182016548,Top 20: DG anchor + OTT overlay,Tier 3 - experimental,-0.484,-0.212,-0.126,0.33,-0.492,-0.05,3.603,-0.0890876507092406,0.0139765437854927,0.130308628137295,2.86740569859735,,,,,,False,False
"Gouveia, Ricardo",18722,-0.3137,-0.2935946622997318,0.5050505050505051,0.48205,0.4935502525252525,2.0744736023234105,2.0261361328122,0.504380078674809,1.982631833175025,Make Cut: DG anchor + putting overlay,Tier 2 - candidate,0.51795,0.5064497474747475,1.9306882903755187,1.9745295658378463,0.4949494949494949,0.4949494949494949,2.0204081632653064,0.5174973903225957,1.932376894454721,Miss Cut: DataGolf core; ARG weakness tag,Tier 1 - core,0.0038842128602999,257.45241982509884,0.0032171064301499,310.83833305240586,0.0018928426984128,528.3059183092757,Winner: DG anchor + total SG overlay,Tier 4 - speculative,0.0237498078107195,42.105603884030046,0.0216025957043015,46.29073346963009,0.0139212934289346,71.83240588274343,Top 5: DG anchor + total SG overlay,Tier 3 - semi-core,0.0556127082124487,17.981501569386847,0.0509726942938145,19.6183469179762,0.0432735769057717,23.108789970782865,Top 10: DG anchor + putting overlay,Tier 2 - current-price / early value,0.1218866340706719,8.204345026216602,0.1159018320388509,8.6279913130691,0.1217131213529184,8.21604103883268,0.1157368390351225,8.640291270582663,0.1147446722997514,8.715001576610593,Top 20: DG anchor + OTT overlay,Tier 3 - experimental,-0.526,0.028,-0.218,-0.096,-0.812,0.008,-1.33,0.0136148444198827,0.239039961667608,0.0339592758744978,2.92436368801006,,,,,,False,False
"Dantorp, Jens",14018,-0.29975,-0.2747178386780892,0.5263157894736842,0.48995,0.5081328947368421,2.041024594346362,1.9679891035550687,0.5561732895711743,1.7980007647814749,Make Cut: DG anchor + putting overlay,Tier 2 - candidate,0.51005,0.4918671052631579,1.9605920988138417,2.033069480149484,0.4736842105263158,0.4736842105263158,2.111111111111111,0.4834387175819716,2.068514505833804,Miss Cut: DataGolf core; ARG weakness tag,Tier 1 - core,0.0040811013061848,245.0318982487702,0.003257217319759,307.0105251908621,0.001834588744769,545.0812902081298,Winner: DG anchor + total SG overlay,Tier 4 - speculative,0.0230915036706114,43.305971506424704,0.0209967736607025,47.62636470533537,0.0138926668882678,71.98042017724362,Top 5: DG anchor + total SG overlay,Tier 3 - semi-core,0.0512692351639554,19.504874547124977,0.0488535787712514,20.46932947701395,0.0547592694186173,18.26174838738837,Top 10: DG anchor + putting overlay,Tier 2 - current-price / early value,0.1192423185541882,8.386284434293033,0.1173108949696421,8.52435743720804,0.1198520656972864,8.343619229106377,0.1179107657531804,8.48098978589685,0.1082190535770609,9.240516960240434,Top 20: DG anchor + OTT overlay,Tier 3 - experimental,-0.355,-0.438,-0.141,0.191,-0.743,0.022,-10.45,0.0095277696511899,0.125485811973749,0.0890254687905221,2.83609227474745,,,,,,False,False
"Veerman, Johannes",20522,-0.3463,-0.3073789502641585,0.5319148936170213,0.48515,0.5085324468085106,2.061218179944347,1.9664428617601128,0.5622407073380364,1.7785976485668604,Make Cut: DG anchor + putting overlay,Tier 2 - candidate,0.51485,0.4914675531914894,1.942313295134505,2.0347223199297804,0.4680851063829787,0.4680851063829787,2.136363636363636,0.4755099775993699,2.1030052934925525,Miss Cut: DataGolf core; ARG weakness tag,Tier 1 - core,0.0037861050711441,264.123678875559,0.0033263858689053,300.6265777364774,0.0021696000193302,460.91445017073687,Winner: DG anchor + total SG overlay,Tier 4 - speculative,0.0234964518491667,42.55961735922532,0.0226226538346362,44.20347883628736,0.0160905083661456,62.14844038762593,Top 5: DG anchor + total SG overlay,Tier 3 - semi-core,0.0520342665444834,19.2181050374778,0.0523215599797934,19.112579983972186,0.0621816517353429,16.081914392628097,Top 10: DG anchor + putting overlay,Tier 2 - current-price / early value,0.1189373143922689,8.40779031466849,0.1229265324574474,8.134940276999698,0.1183809641046846,8.447304070912086,0.1223515218980288,8.17317173082185,0.1234189687219134,8.102482222592474,Top 20: DG anchor + OTT overlay,Tier 3 - experimental,-0.514,-0.282,-0.127,0.196,-0.726,-0.038,-0.288,-0.0777776703192897,0.191977105899351,0.185499807364014,2.90349230102898,,,,,,False,False
"Katsuragawa, Yuto",20448,-0.3198499999999999,-0.3002134478767269,0.53475935828877,0.48425,0.509504679144385,2.065049044914817,1.962690512831614,0.5393123194682589,1.8542131597994305,Make Cut: DG anchor + putting overlay,Tier 2 - candidate,0.5157499999999999,0.490495320855615,1.9389238972370333,2.038755432479173,0.46524064171123,0.46524064171123,2.1494252873563213,0.4461163576042208,2.2415676604424486,Miss Cut: DataGolf core; ARG weakness tag,Tier 1 - core,0.0031061042478961,321.9466959865645,0.0029113854572813,343.4790805521815,0.0020855109604159,479.4987986064256,Winner: DG anchor + total SG overlay,Tier 4 - speculative,0.0204223837201019,48.9658804626069,0.0213116118335959,46.92277655055573,0.0168301682408025,59.41711251439731,Top 5: DG anchor + total SG overlay,Tier 3 - semi-core,0.0499447152416856,20.022138381627304,0.051881377882988,19.274738659705115,0.0523022132168144,19.11964979100568,Top 10: DG anchor + putting overlay,Tier 2 - current-price / early value,0.118276550261598,8.454761301274436,0.1217096582037445,8.216274819587275,0.117967318776174,8.476924036032012,0.1213914509317742,8.237812402143794,0.1260099426306624,7.935881717929349,Top 20: DG anchor + OTT overlay,Tier 3 - experimental,-0.521,-0.128,0.034,-0.047,-0.663,0.005,-3.496,0.0004485284027466,-0.0586644259071756,0.112624602891786,2.87285756910249,,,,,,False,False
"Vidal, Quim",29712,-0.3327,-0.352178025190028,0.4132231404958678,0.4638,0.4385115702479338,2.1561017680034498,2.2804415387137933,0.3835299231465379,2.607358486649093,Make Cut: DG anchor + putting overlay,Tier 2 - candidate,0.5362,0.5614884297520661,1.864975755315181,1.7809805990865482,0.5867768595041323,0.5867768595041323,1.704225352112676,0.6089426334637326,1.6421908157618892,Miss Cut: DataGolf core; ARG weakness tag,Tier 1 - core,0.0033960309662274,294.461390353833,0.002181348816447,458.4319538719176,0.0006646025223479,1504.6587492131755,Winner: DG anchor + total SG overlay,Tier 4 - speculative,0.0209743353074721,47.67731541145663,0.0148128422569106,67.50898866377031,0.0054172110692466,184.59683169388907,Top 5: DG anchor + total SG overlay,Tier 3 - semi-core,0.0492323316062716,20.31185538798677,0.0359955101393551,27.78124260855147,0.0167583403107171,59.67178022757346,Top 10: DG anchor + putting overlay,Tier 2 - current-price / early value,0.114365016897236,8.743932603958438,0.0884961693941539,11.299924130569876,0.1137321929810835,8.792585228408674,0.0880064873742507,11.362798696276377,0.0635202115240405,15.743020622995402,Top 20: DG anchor + OTT overlay,Tier 3 - experimental,-0.449,-0.103,-0.221,-0.379,-1.151,0.009,-2.945,0.0036136205476167,-0.06,-0.0841969362239483,2.99315325764506,,,,,,False,False
"Levy, Alexander",14973,-0.3529,-0.3470657158692228,0.4784688995215311,0.4617,0.4700844497607656,2.1659085986571367,2.1272773445471724,0.4740594033660097,2.1094402787912307,Make Cut: DG anchor + putting overlay,Tier 2 - candidate,0.5383,0.5299155502392344,1.8577001671930151,1.8870931406873084,0.5215311004784688,0.5215311004784688,1.9174311926605507,0.5608944320866888,1.782866690759814,Miss Cut: DataGolf core; ARG weakness tag,Tier 1 - core,0.0038351304454085,260.7473237832652,0.0029675652227042,336.97658684944537,0.001485607026821,673.1255183545176,Winner: DG anchor + total SG overlay,Tier 4 - speculative,0.0230409219276694,43.40104111889358,0.0194063141384378,51.52962035275468,0.0103846899476329,96.29560488013765,Top 5: DG anchor + total SG overlay,Tier 3 - semi-core,0.0511672795755238,19.543739833265533,0.0453124233421704,22.06900285267549,0.0358037363202598,27.93004593305926,Top 10: DG anchor + putting overlay,Tier 2 - current-price / early value,0.1138065413175799,8.786841146586427,0.1045386990267183,9.56583551651448,0.1136978742352452,8.795239196213657,0.1044388812545342,9.574978092333644,0.0983678331853399,10.165924851834934,Top 20: DG anchor + OTT overlay,Tier 3 - experimental,-0.549,-0.023,-0.321,-0.131,-1.025,0.002,-1.143,0.0010755487363169,0.0822953282061464,0.0080598142341912,2.969046265419,,,,,,False,False
"Von Dellingshausen, Nicolai",22231,-0.35265,-0.3456911061774937,0.4784688995215311,0.46035,0.4694094497607656,2.1722602367763657,2.130336320475972,0.4587059126241996,2.1800460218162963,Make Cut: DG anchor + putting overlay,Tier 2 - candidate,0.53965,0.5305905502392344,1.8530529046604285,1.884692442315674,0.5215311004784688,0.5215311004784688,1.9174311926605507,0.5072458948818346,1.9714304444651147,Miss Cut: DataGolf core; ARG weakness tag,Tier 1 - core,0.0033960309662274,294.461390353833,0.0027230154831137,367.23992434171527,0.001467691720046,681.3419918786611,Winner: DG anchor + total SG overlay,Tier 4 - speculative,0.0209743353074721,47.67731541145663,0.0182646908018842,54.75044778183916,0.0104558979342992,95.63980121875797,Top 5: DG anchor + total SG overlay,Tier 3 - semi-core,0.0464393984398992,21.53344000125617,0.0428943873212002,23.31307339843406,0.031700492146315,31.5452515810939,Top 10: DG anchor + putting overlay,Tier 2 - current-price / early value,0.1099501835750979,9.095028016183182,0.1028378805612752,9.72404326637359,0.1098413945671959,9.104035905045302,0.1027361287438863,9.733674143912184,0.0948326271783123,10.544893985903345,Top 20: DG anchor + OTT overlay,Tier 3 - experimental,-0.501,-0.2,0.004,-0.275,-0.972,-0.02,0.555,-0.0376043712356565,0.0827705317367477,0.0329040217961729,2.94526284892095,,,,,,False,False
"Garcia Rodriguez, Sebastian",12258,-0.3768000000000001,-0.4091171648122444,0.4,0.4425,0.42125,2.2598870056497176,2.373887240356083,0.3697576843922613,2.70447388170881,Make Cut: DG anchor + putting overlay,Tier 2 - candidate,0.5575,0.57875,1.7937219730941705,1.7278617710583153,0.6,0.6,1.6666666666666667,0.6002980126504663,1.6658392647091218,Miss Cut: DataGolf core; ARG weakness tag,Tier 1 - core,0.003058015539442,327.00945665646907,0.002079007769721,480.998683393172,0.0007510000708263,1331.5577971913062,Winner: DG anchor + total SG overlay,Tier 4 - speculative,0.0185242945807571,53.983162254329066,0.0132519290364102,75.4607119652132,0.004935527411823,202.6125916360012,Top 5: DG anchor + total SG overlay,Tier 3 - semi-core,0.0447681564344376,22.33730579155045,0.0330128095784501,30.291272168872656,0.0155295048434639,64.393553437789,Top 10: DG anchor + putting overlay,Tier 2 - current-price / early value,0.107972783127667,9.261593255567004,0.0827600304712224,12.083127498940724,0.1074831120886336,9.303787177053184,0.0823847026438072,12.13817575240309,0.0569694007080457,17.553282772356248,Top 20: DG anchor + OTT overlay,Tier 3 - experimental,-0.507,-0.203,-0.084,-0.388,-1.182,-0.017,-5.698,-0.0603200883500999,0.142878927492708,-0.167145511759349,3.02271108328376,,,,,,False,False
"Scrivener, Jason",12734,-0.34675,-0.3404009615648808,0.4878048780487805,0.4689,0.4783524390243903,2.1326508850501176,2.0905088349492287,0.4991287690429599,2.003491006774506,Make Cut: DG anchor + putting overlay,Tier 2 - candidate,0.5311,0.5216475609756097,1.8828845791752964,1.9170031162989685,0.5121951219512195,0.5121951219512195,1.9523809523809523,0.5178126463201865,1.9312004198940629,Miss Cut: DataGolf core; ARG weakness tag,Tier 1 - core,0.003058015539442,327.00945665646907,0.0023206744363876,430.9092151489261,0.001137918713856,878.7973937182979,Winner: DG anchor + total SG overlay,Tier 4 - speculative,0.0191222023597371,52.29523154223897,0.0163432374232548,61.1873874252784,0.0091769853426097,108.96824639752822,Top 5: DG anchor + total SG overlay,Tier 3 - semi-core,0.0454767444244941,21.98926094325677,0.0403464806778555,24.785309231416,0.0360747579650503,27.72021370091555,Top 10: DG anchor + putting overlay,Tier 2 - current-price / early value,0.1047807559180198,9.543737218143352,0.0978955234732179,10.214971681249333,0.1053163598779796,9.495200946544369,0.0983959324421665,10.163021734539305,0.0850967739128333,11.751326801463994,Top 20: DG anchor + OTT overlay,Tier 3 - experimental,-0.41,-0.445,-0.116,0.016,-0.955,0.013,-9.562,-0.0074880661853256,0.162671513851618,-0.0051786531946458,2.84193230530224,,,,,,False,False
"Aphibarnrat, Kiradech",12321,-0.36075,-0.354655343683701,0.5025125628140703,0.46565,0.4840812814070351,2.1475357027810587,2.065768783898007,0.4955224771645363,2.018071926266937,Make Cut: DG anchor + putting overlay,Tier 2 - candidate,0.53435,0.5159187185929648,1.8714325816412465,1.93828981961973,0.4974874371859297,0.4974874371859297,2.01010101010101,0.4807088913145942,2.080261085384339,Miss Cut: DataGolf core; ARG weakness tag,Tier 1 - core,0.0028663562935533,348.8749818887055,0.0024665114801099,405.43091247052047,0.0015382201601011,650.1019983603885,Winner: DG anchor + total SG overlay,Tier 4 - speculative,0.0191720911820376,52.1591510547843,0.0179949543211775,55.57113300494117,0.0120895619947754,82.71598263296522,Top 5: DG anchor + total SG overlay,Tier 3 - semi-core,0.0434033930081605,23.039673414748545,0.0425559509533347,23.49847618483635,0.0371092025077129,26.947493678748668,Top 10: DG anchor + putting overlay,Tier 2 - current-price / early value,0.1040211635378277,9.613428325442118,0.1031713549887493,9.692612839184369,0.1040414064744936,9.61155787763361,0.1031914325492547,9.690726984749295,0.1046639527915984,9.554387860652938,Top 20: DG anchor + OTT overlay,Tier 3 - experimental,-0.603,-0.062,0.019,-0.155,-0.8,0.019,-5.5,0.0199430942264663,0.0691121920499503,0.0032236864557742,2.89358162123031,,,,,,False,False
"Robinson Thompson, Brandon",24497,-0.37055,-0.3793070961559595,0.4901960784313725,0.45325,0.4717230392156862,2.2062879205736348,2.1198879784685887,0.4899541446677629,2.0410073287125643,Make Cut: DG anchor + putting overlay,Tier 2 - candidate,0.5467500000000001,0.5282769607843137,1.8289894833104707,1.892946454669036,0.5098039215686274,0.5098039215686274,1.9615384615384617,0.5019813633398579,1.9921058290822784,Miss Cut: DataGolf core; ARG weakness tag,Tier 1 - core,0.0033475478647107,298.7261244392668,0.0027821072656886,359.439771547577,0.0016123097278889,620.228224579006,Winner: DG anchor + total SG overlay,Tier 4 - speculative,0.0187732517170737,53.26727703174231,0.0175033851177961,57.13180583470537,0.0112145753245172,89.16967170516078,Top 5: DG anchor + total SG overlay,Tier 3 - semi-core,0.0435549148647358,22.959521402018588,0.0414776296906651,24.10938154995528,0.0369189588336666,27.08635431744876,Top 10: DG anchor + putting overlay,Tier 2 - current-price / early value,0.1027049200230259,9.736631894322146,0.1011656158834188,9.884781417753432,0.1030951267448474,9.699779529588469,0.101549974328234,9.8473683190481,0.0980546280793146,10.198396746669804,Top 20: DG anchor + OTT overlay,Tier 3 - experimental,-0.547,-0.228,-0.035,-0.092,-0.902,0.017,-3.645,0.0226790436749561,-0.06,-0.0401250026172757,2.93119265489792,,,,,,False,False
"Schmidt, Ben",27258,-0.3498,-0.3700770053006744,0.4464285714285714,0.45605,0.4512392857142857,2.192742023900888,2.2161191005722336,0.4471423921794439,2.236424050794735,Make Cut: DG anchor + putting overlay,Tier 2 - candidate,0.5439499999999999,0.5487607142857143,1.838404265097896,1.822287882436399,0.5535714285714286,0.5535714285714286,1.806451612903225,0.6011472858219864,1.6634858437939002,Miss Cut: DataGolf core; ARG weakness tag,Tier 1 - core,0.0027233687413546,367.19228829166434,0.0019533510373439,511.9407525232792,0.0008161588010419,1225.2517509133472,Winner: DG anchor + total SG overlay,Tier 4 - speculative,0.0175309710801951,57.04190574643664,0.0148734617305737,67.23384361452362,0.0076953735549622,129.94820756364237,Top 5: DG anchor + total SG overlay,Tier 3 - semi-core,0.0423435834556739,23.61632904892944,0.0364869684955137,27.407045343406807,0.0289161627218927,34.582735254940644,Top 10: DG anchor + putting overlay,Tier 2 - current-price / early value,0.1023506304389425,9.7703355192966,0.0901361401815462,11.094329066963224,0.1027081088771672,9.73632959395582,0.0904509572616317,11.05571494514396,0.0766442206883731,13.04729816571414,Top 20: DG anchor + OTT overlay,Tier 3 - experimental,-0.448,-0.23,-0.376,-0.083,-1.137,-0.008,-1.381,-0.0202359326543135,-0.06,-0.0762670601762152,2.97307017778183,,,,,,False,False
"Tarren, Callum",20519,-0.38155,-0.4188249985374144,0.3731343283582089,0.44065,0.4068921641791044,2.2693747872461136,2.457653619399324,0.3434695653295564,2.91146611211537,Make Cut: DG anchor + putting overlay,Tier 2 - candidate,0.55935,0.5931078358208955,1.7877893984088673,1.686034039014073,0.6268656716417911,0.6268656716417911,1.5952380952380951,0.6347322845641038,1.5754673652479174,Miss Cut: DataGolf core; ARG weakness tag,Tier 1 - core,0.0027709571845701,360.8861246822704,0.001760478592285,568.0273559600787,0.0004895012160439,2042.895844226295,Winner: DG anchor + total SG overlay,Tier 4 - speculative,0.0189725938153971,52.70760602002937,0.0128684959817726,77.70915897370082,0.0038678467495244,258.54178429457045,Top 5: DG anchor + total SG overlay,Tier 3 - semi-core,0.0428985368774355,23.31081833529842,0.030836808722508,32.428777212283016,0.0136736218979314,73.1335126468049,Top 10: DG anchor + putting overlay,Tier 2 - current-price / early value,0.0979503353240205,10.209255503740655,0.0744290035483462,13.435622570849532,0.0987981471879651,10.121647302732134,0.0750732258679648,13.320328098845147,0.0471445153481306,21.21137512212544,Top 20: DG anchor + OTT overlay,Tier 3 - experimental,-0.383,-0.474,-0.133,-0.391,-1.381,-0.079,2.772,-0.1578770605707586,-0.06,-0.0924364624016927,3.00702021007763,,,,,,False,False
"Baldwin, Matthew",13344,-0.44915,-0.431952670374516,0.3496503496503497,0.43495,0.3923001748251749,2.2991148407862974,2.549068453629013,0.3058715628212823,3.269346096695788,Make Cut: DG anchor + putting overlay,Tier 2 - candidate,0.56505,0.6076998251748251,1.7697548889478805,1.645549263918772,0.6503496503496503,0.6503496503496503,1.5376344086021507,0.6852194880286243,1.4593863973089831,Miss Cut: DataGolf core; ARG weakness tag,Tier 1 - core,0.0024865811488444,402.158602571532,0.0015016239077555,665.9457103974172,0.0003175865252496,3148.7482008689863,Winner: DG anchor + total SG overlay,Tier 4 - speculative,0.0179278131408751,55.7792516098918,0.0114437812096871,87.38370488536592,0.002553439342493,391.6286489984376,Top 5: DG anchor + total SG overlay,Tier 3 - semi-core,0.0421418839585055,23.729361529841345,0.0281104420393778,35.57396922464521,0.0089200031259609,112.10758403094913,Top 10: DG anchor + putting overlay,Tier 2 - current-price / early value,0.0969395774847587,10.315704131857029,0.0689597442729599,14.501213868220708,0.0973186255793676,10.275525307172115,0.0692293870788148,14.44473282511573,0.0404875816904509,24.69893133271161,Top 20: DG anchor + OTT overlay,Tier 3 - experimental,-0.562,-0.211,-0.319,-0.554,-1.646,0.032,-10.188,0.0291571569404603,0.175579438425851,0.0275132100507269,2.99754860118928,,,,,,False,False
"Jamieson, Scott",11397,-0.44465,-0.4243769197106488,0.4739336492890995,0.4354,0.4546668246445497,2.296738631143776,2.1994127255310123,0.4817097002111378,2.0759390968495977,Make Cut: DG anchor + putting overlay,Tier 2 - candidate,0.5646,0.5453331753554502,1.771165426850868,1.833741362513286,0.5260663507109005,0.5260663507109005,1.900900900900901,0.5338190080899515,1.8732941031419668,Miss Cut: DataGolf core; ARG weakness tag,Tier 1 - core,0.00234547496844,426.35287669051456,0.0021894041508866,456.7452745510784,0.0014403893583644,694.2567259282379,Winner: DG anchor + total SG overlay,Tier 4 - speculative,0.0152133876980112,65.73157930700235,0.0147802718913336,67.65775402185561,0.00946749060565,105.62460969364147,Top 5: DG anchor + total SG overlay,Tier 3 - semi-core,0.0372179109335903,26.868783736528023,0.0360758524124421,27.71937274183749,0.0348256214224832,28.714491203720595,Top 10: DG anchor + putting overlay,Tier 2 - current-price / early value,0.0923950092106063,10.82309540898023,0.090618310466109,11.03529733512298,0.0929252043135413,10.761343032681149,0.0911383102459224,10.97233421709989,0.0887005205385395,11.27389099780434,Top 20: DG anchor + OTT overlay,Tier 3 - experimental,-0.706,-0.167,-0.129,-0.017,-1.019,-0.005,-4.017,-0.0239475990891804,0.167742203419841,0.0714036501363861,2.93917226258012,,,,,,False,False
"Jonsson, Tobias",28686,-0.4005000000000001,-0.439744994325785,0.4115226337448559,0.428,0.4197613168724279,2.336448598130841,2.3823062292896218,0.3896892741207572,2.566147098239401,Make Cut: DG anchor + putting overlay,Tier 2 - candidate,0.5720000000000001,0.5802386831275721,1.748251748251748,1.7234287011163276,0.5884773662551441,0.5884773662551441,1.699300699300699,0.6169088337297625,1.6209850553672749,Miss Cut: DataGolf core; ARG weakness tag,Tier 1 - core,0.0018349734635477,544.9670089869255,0.0013341533984405,749.5389969166101,0.000577086416674,1732.8427270276648,Winner: DG anchor + total SG overlay,Tier 4 - speculative,0.0161473427676685,61.929694215835646,0.0128595245584374,77.76337262359179,0.0060701227348747,164.7413147438817,Top 5: DG anchor + total SG overlay,Tier 3 - semi-core,0.0393239359097911,25.429804440074168,0.0315168819760596,31.729027026201567,0.0186298105649903,53.67741107787904,Top 10: DG anchor + putting overlay,Tier 2 - current-price / early value,0.0904781266479383,11.052395059980904,0.0767565644802203,13.028201649875742,0.0909710511823879,10.992507913260214,0.0771747339894055,12.957608640896368,0.0676038546634449,14.79205594086819,Top 20: DG anchor + OTT overlay,Tier 3 - experimental,-0.684,0.128,-0.261,-0.302,-1.119,0.016,-0.565,0.0254300068619146,-0.06,-0.193939975059882,3.00780500605393,,,,,,False,False
"Hoshino, Rikuya",19190,-0.41235,-0.410647645275865,0.4608294930875576,0.43875,0.4497897465437788,2.2792022792022792,2.2232609962412035,0.4773395039261857,2.0949449852251005,Make Cut: DG anchor + putting overlay,Tier 2 - candidate,0.56125,0.5502102534562212,1.7817371937639197,1.8174870310365223,0.5391705069124424,0.5391705069124424,1.8547008547008548,0.5398089787690469,1.8525071633309047,Miss Cut: DataGolf core; ARG weakness tag,Tier 1 - core,0.0018808995784202,531.6604945171413,0.0016487831225434,606.5079065446694,0.0010060105134204,994.025397011041,Winner: DG anchor + total SG overlay,Tier 4 - speculative,0.014772450705366,67.69357501641565,0.0134827432098258,74.16888272938591,0.0080789798675797,123.77800370723917,Top 5: DG anchor + total SG overlay,Tier 3 - semi-core,0.0372179109335903,26.868783736528023,0.0346783040117687,28.836473653977773,0.0342924108879651,29.160971016795703,Top 10: DG anchor + putting overlay,Tier 2 - current-price / early value,0.0878569447223124,11.382139490061697,0.08558149618918,11.68476884056192,0.0885951818264641,11.28729553215152,0.0863006133416756,11.58740316295166,0.0779119543937719,12.83500083884351,Top 20: DG anchor + OTT overlay,Tier 3 - experimental,-0.545,-0.442,-0.086,0.065,-1.008,-0.002,-4.571,-0.0206572275192375,-0.0716573811366926,0.0367547326644672,2.89418678447513,,,,,,False,False
"Forrest, Grant",16475,-0.42685,-0.4692344105931167,0.4524886877828054,0.42205,0.4372693438914027,2.369387513327805,2.286919981859861,0.4538413976332091,2.203412921815898,Make Cut: DG anchor + putting overlay,Tier 2 - candidate,0.57795,0.5627306561085973,1.730253482135133,1.7770490893729047,0.5475113122171946,0.5475113122171946,1.826446280991736,0.5507780019746067,1.815613543777852,Miss Cut: DataGolf core; ARG weakness tag,Tier 1 - core,0.0021120239986591,473.4794683369356,0.0017810119993295,561.4785303953142,0.0010010086447533,998.9923715857932,Winner: DG anchor + total SG overlay,Tier 4 - speculative,0.0153605786964334,65.10171392385013,0.0139163144804918,71.85810592321806,0.007869308032602,127.0759761667809,Top 5: DG anchor + total SG overlay,Tier 3 - semi-core,0.0349190436818393,28.637668577392336,0.0330701575131178,30.238743181169728,0.0296210456496661,33.75978052318587,Top 10: DG anchor + putting overlay,Tier 2 - current-price / early value,0.0863457555902383,11.581345176311752,0.0826629358967397,12.097320149010582,0.0866546937209628,11.540055789939144,0.0829586971964303,12.05419122762006,0.0748793923308509,13.354809232178985,Top 20: DG anchor + OTT overlay,Tier 3 - experimental,-0.569,-0.384,-0.102,-0.077,-1.133,-0.073,3.251,-0.1389096862355168,0.0012225136719662,-0.142772838265817,2.98937583425739,,,,,,False,False
"Paul, Jeremy",22087,-0.4532,-0.4448139464502836,0.4385964912280702,0.43085,0.4347232456140351,2.320993385168852,2.300314073583819,0.4347748757633293,2.3000409079395663,Make Cut: DG anchor + putting overlay,Tier 2 - candidate,0.56915,0.5652767543859649,1.7570060616709129,1.7690449717612318,0.5614035087719298,0.5614035087719298,1.78125,0.5499063569921225,1.818491434559512,Miss Cut: DataGolf core; ARG weakness tag,Tier 1 - core,0.0031061042478961,321.9466959865645,0.0022197187906147,450.5075166404573,0.0009111461719866,1097.5187414985066,Winner: DG anchor + total SG overlay,Tier 4 - speculative,0.0156061289479458,64.07738929592942,0.0129747741300575,77.07263263129825,0.0064100652506781,156.00465219823022,Top 5: DG anchor + total SG overlay,Tier 3 - semi-core,0.0364173667687043,27.459426332256413,0.0317684696397634,31.477751724884367,0.0247005394928384,40.484945694807045,Top 10: DG anchor + putting overlay,Tier 2 - current-price / early value,0.085439410886184,11.704200551337197,0.0786654853807469,12.712055295405904,0.0865353587449109,11.555969889115522,0.0796745427860419,12.551060414433769,0.0671899667828749,14.883174495851591,Top 20: DG anchor + OTT overlay,Tier 3 - experimental,-0.598,-0.442,-0.012,-0.126,-1.178,-0.064,0.499,-0.1300640459219368,-0.06,0.12196229070955,2.95437762553953,,,,,,False,False
"Zhou, Yanhan",29119,-0.41595,-0.4526266073178758,0.5128205128205129,0.4216,0.4672102564102564,2.3719165085389,2.1403639716374334,0.5448092531966505,1.8355048012355384,Make Cut: DG anchor + putting overlay,Tier 2 - candidate,0.5784,0.5327897435897435,1.7289073305670817,1.876913007488402,0.4871794871794871,0.4871794871794871,2.0526315789473686,0.4977795048813707,2.0089216012184288,Miss Cut: DataGolf core; ARG weakness tag,Tier 1 - core,0.00234547496844,426.35287669051456,0.0026894041508866,371.8295740974119,0.0023317463124585,428.8631205963396,Winner: DG anchor + total SG overlay,Tier 4 - speculative,0.0140884917794917,70.97991862093222,0.0174858794876294,57.18900217215021,0.0158688938393954,63.01636460113188,Top 5: DG anchor + total SG overlay,Tier 3 - semi-core,0.0358176105099898,27.91922704394509,0.0432639651876548,23.113923924045327,0.0606457997741902,16.48918810079874,Top 10: DG anchor + putting overlay,Tier 2 - current-price / early value,0.08478500254531,11.794538774302556,0.1013636738732025,9.86546720130642,0.0855386052279135,11.69062784383201,0.1022646343527232,9.778551562125353,0.1246897851823327,8.019903142328051,Top 20: DG anchor + OTT overlay,Tier 3 - experimental,-0.807,0.086,-0.146,0.21,-0.657,-0.03,5.706,-0.0451198015207262,-0.06,-0.145823135829016,2.95703932899416,,,,,,False,False
"Adam, Cameron",34024,-0.4131500000000001,-0.4745353673530605,0.3921568627450981,0.4255,0.408828431372549,2.3501762632197414,2.446013836764547,0.399404808712069,2.5037254889960527,Make Cut: DG anchor + putting overlay,Tier 2 - candidate,0.5745,0.591171568627451,1.7406440382941688,1.6915563147289778,0.6078431372549019,0.6078431372549019,1.6451612903225807,0.603381818501765,1.6573253772927117,Miss Cut: DataGolf core; ARG weakness tag,Tier 1 - core,0.0025810607071704,387.4376132347024,0.0016988636869185,588.6287450253523,0.0005506559671437,1816.015914958616,Winner: DG anchor + total SG overlay,Tier 4 - speculative,0.0130186927987198,76.81262746274571,0.0101835097591482,98.19797139209857,0.0044473381072506,224.85360363532047,Top 5: DG anchor + total SG overlay,Tier 3 - semi-core,0.0328275237428732,30.46224283721965,0.0268904025340147,37.18798923649649,0.0208721518489666,47.910728478602486,Top 10: DG anchor + putting overlay,Tier 2 - current-price / early value,0.0842313872509306,11.87205901074544,0.0706624149712491,14.151794846056076,0.0841912926147445,11.87771287199442,0.0706287792457462,14.158534391775252,0.0490303877984114,20.395514800158264,Top 20: DG anchor + OTT overlay,Tier 3 - experimental,-0.382,-0.783,-0.054,-0.019,-1.237,-0.115,0.337,-0.2416818858643523,-0.06,-0.171085893833126,2.98241568562805,,,,,,False,False
"Debove, Quentin",25325,-0.4683,-0.4943399198429624,0.3846153846153846,0.40685,0.3957326923076922,2.4579083200196634,2.52695827117178,0.3541620122285726,2.823566518914541,Make Cut: DG anchor + putting overlay,Tier 2 - candidate,0.5931500000000001,0.6042673076923077,1.685914186967883,1.654896743990656,0.6153846153846154,0.6153846153846154,1.625,0.6220998061856412,1.607459108742415,Miss Cut: DataGolf core; ARG weakness tag,Tier 1 - core,0.0026284193907221,380.45678841429833,0.001889209695361,529.3218653575067,0.0007529874997157,1328.0432947126433,Winner: DG anchor + total SG overlay,Tier 4 - speculative,0.0152624396943286,65.52032440603787,0.0118808990799685,84.16871427567509,0.0048886027598469,204.5574265541908,Top 5: DG anchor + total SG overlay,Tier 3 - semi-core,0.0361174181712038,27.68747188018251,0.0291153111178289,34.346189740271825,0.0160628173693508,62.25557926768688,Top 10: DG anchor + putting overlay,Tier 2 - current-price / early value,0.083225085919646,12.015607901750942,0.070245035004815,14.235881581259845,0.0834960292438995,11.976617439841462,0.070473721140566,14.189686365580323,0.0571900643761746,17.485554718427622,Top 20: DG anchor + OTT overlay,Tier 3 - experimental,-0.681,-0.167,-0.125,-0.395,-1.367,-0.045,4.672,-0.0806739151992952,-0.06,-0.0748626416151641,3.06834655034051,,,,,,False,False
"Cantero Gutierrez, Ivan",19635,-0.4915,-0.5029912975193368,0.4273504273504274,0.40845,0.4179002136752137,2.448280083241523,2.3929157422666125,0.408771523476912,2.446354363176381,Make Cut: DG anchor + putting overlay,Tier 2 - candidate,0.59155,0.5820997863247863,1.6904741780069308,1.717918514132633,0.5726495726495726,0.5726495726495726,1.746268656716418,0.5752265022300065,1.7384456316307662,Miss Cut: DataGolf core; ARG weakness tag,Tier 1 - core,0.0020656062166834,484.1193795425429,0.0016078031083417,621.9667040147714,0.0007749149316354,1290.4642292664853,Winner: DG anchor + total SG overlay,Tier 4 - speculative,0.014772450705366,67.69357501641565,0.0124211790563867,80.50765514774696,0.0060902300135521,164.19741089823788,Top 5: DG anchor + total SG overlay,Tier 3 - semi-core,0.0322809700524359,30.978003398771428,0.0294266655817735,33.982783309957696,0.0214924238726418,46.52802335956726,Top 10: DG anchor + putting overlay,Tier 2 - current-price / early value,0.0787513987894668,12.69818714805803,0.0734395593773434,13.616639430825709,0.0791600865861245,12.632628931147275,0.0738206808833839,13.54633942729031,0.069372638860516,14.41490501767776,Top 20: DG anchor + OTT overlay,Tier 3 - experimental,-0.788,-0.086,-0.098,-0.268,-1.24,-0.082,8.304,-0.1389718677929284,-0.0583547481610814,0.026618133340051,3.01280832713638,,,,,,False,False
"Garcia-Heredia, Alfredo",7887,-0.5114000000000001,-0.5034052190356919,0.3773584905660377,0.40765,0.3925042452830188,2.453084754078253,2.547743144227499,0.3680170867762795,2.71726513776766,Make Cut: DG anchor + putting overlay,Tier 2 - candidate,0.5923499999999999,0.6074957547169811,1.6881911032328862,1.646102038138321,0.6226415094339622,0.6226415094339622,1.6060606060606062,0.6613577722783207,1.512040898158777,Miss Cut: DataGolf core; ARG weakness tag,Tier 1 - core,0.00229860834871,435.0458400454237,0.0015326375076883,652.470003496319,0.0004866560121065,2054.839507008881,Winner: DG anchor + total SG overlay,Tier 4 - speculative,0.0141860524519557,70.49177376065143,0.0106826525487291,93.60970933375168,0.0039113310731853,255.6674393675392,Top 5: DG anchor + total SG overlay,Tier 3 - semi-core,0.0329269527574904,30.370256469375644,0.0261642754407942,38.220053227265794,0.0168397466399393,59.38331623281473,Top 10: DG anchor + putting overlay,Tier 2 - current-price / early value,0.0778474941740836,12.845628630817412,0.064844824319994,15.421431247391984,0.0779509980479871,12.828572116349209,0.0649310402038953,15.400954564408908,0.0504095881757288,19.83749592466378,Top 20: DG anchor + OTT overlay,Tier 3 - experimental,-0.71,-0.276,-0.336,-0.183,-1.504,-0.046,1.596,-0.0888727137285445,0.176667141359598,0.0402434763459134,3.02583039095175,,,,,,False,False
"Hebert, Benjamin",12213,-0.5175000000000001,-0.5137651713160745,0.3378378378378378,0.40435,0.3710939189189189,2.4731049833065413,2.694735615483077,0.3052147537295318,3.276381589620524,Make Cut: DG anchor + putting overlay,Tier 2 - candidate,0.59565,0.6289060810810811,1.6788382439351968,1.5900625388786405,0.6621621621621622,0.6621621621621622,1.510204081632653,0.6683534237268454,1.4962143747597496,Miss Cut: DataGolf core; ARG weakness tag,Tier 1 - core,0.0015165395486703,659.3959259926744,0.0010166031076684,983.6680533993696,0.0003069241597807,3258.1338683617782,Winner: DG anchor + total SG overlay,Tier 4 - speculative,0.0105644593019459,94.6569977145734,0.0075018526668459,133.30040516783887,0.0021528852802015,464.4929338298802,Top 5: DG anchor + total SG overlay,Tier 3 - semi-core,0.0293091946967167,34.11898587960932,0.0213503961097821,46.83753851020257,0.0093523021143895,106.92554493736831,Top 10: DG anchor + putting overlay,Tier 2 - current-price / early value,0.0763416672484664,13.099006558834196,0.0572563607360103,17.46530843290339,0.0766147441374474,13.052317948174467,0.0574611687972919,17.4030570719461,0.0331711343095822,30.14669292485205,Top 20: DG anchor + OTT overlay,Tier 3 - experimental,-0.509,-0.725,-0.124,-0.439,-1.797,0.012,-13.917,-0.0246041203382768,0.0355684844897991,0.0220840824663169,2.98796237298731,,,,,,False,False
"Repetto Taylor, Rocco",31235,-0.5054000000000001,-0.561101877694366,0.3831417624521073,0.38815,0.3856458812260536,2.5763235862424323,2.5930524574015377,0.3423431587160536,2.9210456658472923,Make Cut: DG anchor + putting overlay,Tier 2 - candidate,0.61185,0.6143541187739463,1.6343875132793986,1.627725719485171,0.6168582375478927,0.6168582375478927,1.6211180124223603,0.6341018290624136,1.5770337730749102,Miss Cut: DataGolf core; ARG weakness tag,Tier 1 - core,0.0017434362165933,573.5799167657414,0.0014300514416299,699.275544144198,0.0007339734834151,1362.4470401124593,Winner: DG anchor + total SG overlay,Tier 4 - speculative,0.0136500920525847,73.25957921365372,0.0110390142802606,90.58779838596142,0.0048799675586751,204.9193950525967,Top 5: DG anchor + total SG overlay,Tier 3 - semi-core,0.03153651448323,31.70927467370449,0.0264290581074158,37.83714107160729,0.014148749470638,70.67762434236552,Top 10: DG anchor + putting overlay,Tier 2 - current-price / early value,0.075789746504399,13.194396948430978,0.0657079923321936,15.218848796115934,0.0761241024750836,13.136443878958218,0.0659978713801026,15.15200383116423,0.0615534814567759,16.246034770628192,Top 20: DG anchor + OTT overlay,Tier 3 - experimental,-0.908,0.254,-0.193,-0.502,-1.35,-0.046,11.019,-0.0602542571098121,-0.06,-0.233382259916924,3.13192190027687,,,,,,False,False
"Senior, Jack",15115,-0.49385,-0.4852669457640198,0.4219409282700421,0.4127,0.4173204641350211,2.42306760358614,2.3962400264091936,0.423586722368963,2.360791656564144,Make Cut: DG anchor + putting overlay,Tier 2 - candidate,0.5872999999999999,0.5826795358649789,1.702707304614337,1.7162092341470605,0.5780590717299579,0.5780590717299579,1.7299270072992698,0.5713838972466749,1.7501368253790412,Miss Cut: DataGolf core; ARG weakness tag,Tier 1 - core,0.0012041073964746,830.4907045067084,0.0009520536982373,1050.3609217121118,0.0004668901991399,2141.831209655208,Winner: DG anchor + total SG overlay,Tier 4 - speculative,0.0106122062607743,94.23111230850093,0.0093416686065776,107.04725698531908,0.004794044217555,208.59215197435208,Top 5: DG anchor + total SG overlay,Tier 3 - semi-core,0.0280266088616331,35.680378062753896,0.0251941642191763,39.69173143830094,0.0212710249267828,47.01230915962476,Top 10: DG anchor + putting overlay,Tier 2 - current-price / early value,0.0749370085835009,13.344541220720314,0.0687992714875176,14.535037630179431,0.0753358357108382,13.273895358887408,0.0691654325650537,14.458089292790104,0.057163117556294,17.493797447544786,Top 20: DG anchor + OTT overlay,Tier 3 - experimental,-0.632,-0.539,-0.041,-0.074,-1.285,0.021,-12.64,-0.0011870494729161,-0.06,0.058508795916359,2.8931609721012,,,,,,False,False
"Siem, Marcel",6950,-0.58725,-0.5676599104929466,0.3533568904593639,0.38545,0.369403445229682,2.594370216629913,2.7070673349519936,0.3416742647023358,2.926764182462477,Make Cut: DG anchor + putting overlay,Tier 2 - candidate,0.6145499999999999,0.6305965547703181,1.6272068993572537,1.5857999737474455,0.646643109540636,0.646643109540636,1.5464480874316942,0.6652031515195195,1.5033001538187336,Miss Cut: DataGolf core; ARG weakness tag,Tier 1 - core,0.0016523339809903,605.2045237250776,0.0011678336571618,856.2863331326732,0.0004188136931431,2387.696525620235,Winner: DG anchor + total SG overlay,Tier 4 - speculative,0.0125345346498936,79.77958719101582,0.0094150916996461,106.2124546314913,0.0032259270961062,309.9884064977876,Top 5: DG anchor + total SG overlay,Tier 3 - semi-core,0.0307930524102605,32.47485785679341,0.024031074966554,41.612786835036765,0.0146489643498257,68.26421145682534,Top 10: DG anchor + putting overlay,Tier 2 - current-price / early value,0.0743352458661946,13.452568675161524,0.0606391275164769,16.491002442742587,0.0740645993563379,13.501726988204217,0.0604183470773749,16.5512637861368,0.0436119816969198,22.92947857654051,Top 20: DG anchor + OTT overlay,Tier 3 - experimental,-0.783,-0.46,-0.206,-0.21,-1.659,-0.002,-7.713,-0.0325969198428118,0.309717312197755,0.0368195794072346,3.07071937957663,,,,,,False,False
"Lombard, Zander",16897,-0.5281,-0.5458987180059758,0.4149377593360995,0.39275,0.4038438796680498,2.5461489497135585,2.476204420435878,0.4173050310087922,2.3963286461766407,Make Cut: DG anchor + putting overlay,Tier 2 - candidate,0.6072500000000001,0.5961561203319502,1.6467682173734046,1.6774129559270186,0.5850622406639004,0.5850622406639004,1.7092198581560285,0.550509825347865,1.8164980059494924,Miss Cut: DataGolf core; ARG weakness tag,Tier 1 - core,0.0019730563450491,506.82789800160936,0.0015031948391912,665.2497560050409,0.0007053210750472,1417.7940166228364,Winner: DG anchor + total SG overlay,Tier 4 - speculative,0.0118590447789426,84.32382359965733,0.0101563610138099,98.46046223054368,0.0052271127942546,191.31020113037363,Top 5: DG anchor + total SG overlay,Tier 3 - semi-core,0.0284209037964995,35.185369443570025,0.0253563059747288,39.43792132011027,0.0213291248704596,46.88424893535966,Top 10: DG anchor + putting overlay,Tier 2 - current-price / early value,0.0724306049874834,13.806318477842446,0.0668442354589246,14.960153155083852,0.0722125709766118,13.848004391422096,0.0666430178001286,15.005322883173353,0.0563693985556845,17.74012186793425,Top 20: DG anchor + OTT overlay,Tier 3 - experimental,-0.743,-0.503,0.13,-0.067,-1.183,-0.056,-2.967,-0.1305352513392705,0.189005408688484,-0.0709773165323646,2.9893988088317,,,,,,False,False
"Bergstrom, Albin",23620,-0.4865999999999999,-0.5198893527705204,0.4219409282700421,0.3999,0.410920464135021,2.500625156289072,2.4335609619856218,0.4513091847842221,2.215775866556129,Make Cut: DG anchor + putting overlay,Tier 2 - candidate,0.6001000000000001,0.589079535864979,1.66638893517747,1.6975636380436183,0.5780590717299579,0.5780590717299579,1.7299270072992698,0.6002146695361285,1.6660705756706058,Miss Cut: DataGolf core; ARG weakness tag,Tier 1 - core,0.0016069520266192,622.296113035701,0.0014701426799762,680.2060872187853,0.0009334453907837,1071.299949491797,Winner: DG anchor + total SG overlay,Tier 4 - speculative,0.0123412556827546,81.02903186726553,0.0114661404075148,87.21330495347867,0.0068451664580018,146.0884853765705,Top 5: DG anchor + total SG overlay,Tier 3 - semi-core,0.0294079886775356,34.0043656492525,0.0278771719481954,35.871644435752486,0.0311842820120996,32.067437038056354,Top 10: DG anchor + putting overlay,Tier 2 - current-price / early value,0.071629084972536,13.960809360937926,0.0704387716714347,14.196726834825444,0.0715222361284255,13.981665760623,0.0703336984133225,14.217935677481467,0.0670493085124648,14.91439691453484,Top 20: DG anchor + OTT overlay,Tier 3 - experimental,-0.745,-0.295,-0.22,0.189,-1.071,-0.021,-0.803,-0.0512175647540154,-0.06,-0.125837981475595,2.97528949925212,,,,,,False,False
"Mazzoli, Stefano",20844,-0.51555,-0.5275525570692841,0.4524886877828054,0.39965,0.4260693438914027,2.5021894157387714,2.347035792030326,0.4628827133152515,2.1603744776680367,Make Cut: DG anchor + putting overlay,Tier 2 - candidate,0.6003499999999999,0.5739306561085973,1.6656950112434414,1.7423707713755288,0.5475113122171946,0.5475113122171946,1.826446280991736,0.5313239248400922,1.882091043238757,Miss Cut: DataGolf core; ARG weakness tag,Tier 1 - core,0.0008560453900423,1168.1623563799287,0.0011696893616878,854.9278404627435,0.0010314538271011,969.5053464587968,Winner: DG anchor + total SG overlay,Tier 4 - speculative,0.009755257864973,102.50882281549627,0.0110461970541796,90.52889379894076,0.0078822192967661,126.86782267149928,Top 5: DG anchor + total SG overlay,Tier 3 - semi-core,0.0273373500688285,36.579990287363394,0.0293590069247461,34.06109758968444,0.0319451375442282,31.303668629239496,Top 10: DG anchor + putting overlay,Tier 2 - current-price / early value,0.071378663394543,14.009788814236202,0.0761290299619697,13.13559361651593,0.0713383716236708,14.01770151518554,0.0760860567079737,13.143012573750596,0.0775705548690901,12.891489582453334,Top 20: DG anchor + OTT overlay,Tier 3 - experimental,-0.789,-0.336,0.016,0.008,-1.101,-0.05,0.587,-0.1000541027408613,-0.06,0.00501426602401,2.95723471809928,,,,,,False,False
"Sharma, Shubhankar",17081,-0.53005,-0.5554546249816593,0.3436426116838488,0.3864,0.3650213058419244,2.587991718426501,2.73956611297933,0.3470076812107253,2.881780589152826,Make Cut: DG anchor + putting overlay,Tier 2 - candidate,0.6135999999999999,0.6349786941580756,1.6297262059973927,1.5748559899728756,0.6563573883161512,0.6563573883161512,1.523560209424084,0.6889240720820674,1.4515387696902482,Miss Cut: DataGolf core; ARG weakness tag,Tier 1 - core,0.0017434362165933,573.5799167657414,0.0010883847749633,918.7927128378756,0.0002726365959309,3667.886171279714,Winner: DG anchor + total SG overlay,Tier 4 - speculative,0.0115223559288632,86.78780677960332,0.0079963829908866,125.05654133121033,0.0023966468994813,417.24961662746455,Top 5: DG anchor + total SG overlay,Tier 3 - semi-core,0.0294079886775356,34.0043656492525,0.0208387793916778,47.98745556082605,0.011861902413677,84.3035092623064,Top 10: DG anchor + putting overlay,Tier 2 - current-price / early value,0.0704773581825915,14.18895409514665,0.0536768317025733,18.6300116508564,0.0707425942853004,14.13575527025574,0.0538788403194353,18.56016191275142,0.0337106316611572,29.66423204559057,Top 20: DG anchor + OTT overlay,Tier 3 - experimental,-0.661,-0.522,-0.305,-0.055,-1.543,0.009,-9.999,-0.0211688109540293,0.111105304533286,-0.144215045564603,2.97037955308241,,,,,,False,False
"Paratore, Renato",16549,-0.5326000000000001,-0.53012250548258,0.4444444444444444,0.39335,0.4188972222222222,2.542265158256006,2.3872204133870016,0.4683294736340068,2.135248914061485,Make Cut: DG anchor + putting overlay,Tier 2 - candidate,0.60665,0.5811027777777777,1.6483969339817028,1.720865978001597,0.5555555555555556,0.5555555555555556,1.7999999999999998,0.5507745627265814,1.815624881166536,Miss Cut: DataGolf core; ARG weakness tag,Tier 1 - core,0.0013818428403541,723.671296616991,0.0014742547535103,678.3088184853253,0.0010774140550798,928.1482780785582,Winner: DG anchor + total SG overlay,Tier 4 - speculative,0.01157041023005,86.4273591097793,0.0115792924166123,86.36106283708165,0.0072621511169037,137.70024664900623,Top 5: DG anchor + total SG overlay,Tier 3 - semi-core,0.0285688444942823,35.00316578082588,0.0295352192048131,33.85788312812108,0.03449160224081,28.99256442244403,Top 10: DG anchor + putting overlay,Tier 2 - current-price / early value,0.0700768855724142,14.270040568036466,0.0739497623694017,13.52269389325004,0.0705734304511098,14.169638539715812,0.0744737493514907,13.4275500925882,0.0725154179298751,13.790170815357271,Top 20: DG anchor + OTT overlay,Tier 3 - experimental,-0.776,-0.456,-0.053,0.135,-1.15,-0.052,-2.69,-0.1178395460501077,0.143565298600153,0.0354159209621161,2.97700540952188,,,,,,False,False
"Wu, Ashun",11763,-0.50385,-0.4973893570328644,0.4739336492890995,0.40525,0.4395918246445497,2.4676125848241828,2.2748375741714293,0.500446527879063,1.9982154821576827,Make Cut: DG anchor + putting overlay,Tier 2 - candidate,0.59475,0.5604081753554502,1.6813787305590584,1.784413654147229,0.5260663507109005,0.5260663507109005,1.900900900900901,0.5010016184585679,1.996001536036352,Miss Cut: DataGolf core; ARG weakness tag,Tier 1 - core,0.0013818428403541,723.671296616991,0.001390921420177,718.947875482922,0.0009941741514304,1005.8599879720452,Winner: DG anchor + total SG overlay,Tier 4 - speculative,0.0094708202183745,105.58747573519368,0.0112062368287639,89.23602234009718,0.0085756334032654,116.6094622957194,Top 5: DG anchor + total SG overlay,Tier 3 - semi-core,0.0243459182610637,41.07464706308865,0.0286400641088868,34.91612295971447,0.0379343027353962,26.36136498871001,Top 10: DG anchor + putting overlay,Tier 2 - current-price / early value,0.0689258993249613,14.508334454735987,0.0771578338292398,12.960446792909304,0.069504335181215,14.387591758021305,0.0778053532394296,12.852586080069711,0.0786065089725448,12.72159281808677,Top 20: DG anchor + OTT overlay,Tier 3 - experimental,-0.726,-0.509,0.069,0.158,-1.008,0.019,-11.784,-0.0029433251755712,0.0506610377192406,0.0211096179936536,2.82410553276422,,,,,,False,False
"Young, Daniel",19908,-0.5053500000000001,-0.5552942380672268,0.3610108303249097,0.3864,0.3737054151624549,2.587991718426501,2.6759044943603136,0.3531167006627453,2.831924964531994,Make Cut: DG anchor + putting overlay,Tier 2 - candidate,0.6135999999999999,0.6262945848375451,1.6297262059973927,1.5966927133169937,0.6389891696750902,0.6389891696750902,1.5649717514124295,0.6323566903237118,1.5813859729832016,Miss Cut: DataGolf core; ARG weakness tag,Tier 1 - core,0.0015165395486703,659.3959259926744,0.0010166031076684,983.6680533993696,0.0003363636668223,2972.9727037614584,Winner: DG anchor + total SG overlay,Tier 4 - speculative,0.0102306815133137,97.7451989585102,0.0075270041164452,132.8549824777129,0.0027448299359698,364.3212961558827,Top 5: DG anchor + total SG overlay,Tier 3 - semi-core,0.0254225232133817,39.33519861921595,0.0198761227178019,50.31162335822938,0.0125701362454853,79.55363255184731,Top 10: DG anchor + putting overlay,Tier 2 - current-price / early value,0.0672754639136406,14.864260189772434,0.0552159358593992,18.11071359084416,0.0672116022440565,14.878383591702413,0.0551635217748801,18.12792163779816,0.0391586802055787,25.537122159125648,Top 20: DG anchor + OTT overlay,Tier 3 - experimental,-0.629,-0.554,-0.039,-0.17,-1.392,-0.005,-11.919,-0.0578811851701552,-0.06,-0.205780597751056,2.96632270347112,,,,,,False,False
"Biondi, Fred",25614,-0.54395,-0.5804882907870508,0.3333333333333333,0.3762,0.3547666666666667,2.658160552897395,2.818754110683078,0.3245137526152858,3.081533500324437,Make Cut: DG anchor + putting overlay,Tier 2 - candidate,0.6238,0.6452333333333333,1.6030779095864058,1.5498269359921475,0.6666666666666667,0.6666666666666667,1.4999999999999998,0.6747135903444573,1.4821103566173557,Miss Cut: DataGolf core; ARG weakness tag,Tier 1 - core,0.0014266146934658,700.9601152856316,0.0009633073467329,1038.090286959315,0.0003142996861517,3181.6767373964303,Winner: DG anchor + total SG overlay,Tier 4 - speculative,0.0099927602352061,100.07245010010703,0.0075065388477617,133.21718841143024,0.0026876153188865,372.0770576699514,Top 5: DG anchor + total SG overlay,Tier 3 - semi-core,0.0246881877024766,40.50520078878375,0.0188498258738453,53.05088793353406,0.0112878387836923,88.59091799261955,Top 10: DG anchor + putting overlay,Tier 2 - current-price / early value,0.0635289015901299,15.740867148179436,0.0505750771594413,19.772584762400527,0.063998726593864,15.625310896355796,0.0509491027638597,19.627431019439648,0.0342136526211363,29.22809824117478,Top 20: DG anchor + OTT overlay,Tier 3 - experimental,-0.684,-0.543,-0.137,-0.183,-1.547,-0.033,-7.676,-0.1017630101719636,-0.06,-0.116809948849272,2.99240489371798,,,,,,False,False
"Follet-Smith, Benjamin",15211,-0.61555,-0.6206543210105223,0.2680965147453083,0.36715,0.3176232573726542,2.723682418629988,3.1483840581193383,0.254839456012233,3.924039140752196,Make Cut: DG anchor + putting overlay,Tier 2 - candidate,0.63285,0.6823767426273458,1.580153274867662,1.4654661238155828,0.7319034852546917,0.7319034852546917,1.366300366300366,0.7680701159652181,1.3019644681049989,Miss Cut: DataGolf core; ARG weakness tag,Tier 1 - core,0.0009852940348332,1014.9254584386412,0.0006176470174166,1619.0477275881674,0.0001391056237721,7188.781969290911,Winner: DG anchor + total SG overlay,Tier 4 - speculative,0.0089981688698488,111.13372225662616,0.0056315348317497,177.57148448450442,0.0009790737064572,1021.3735629960244,Top 5: DG anchor + total SG overlay,Tier 3 - semi-core,0.0226874020596482,44.077325264958354,0.014589746003369,68.54128918824775,0.005316950471797,188.0777346534176,Top 10: DG anchor + putting overlay,Tier 2 - current-price / early value,0.062081934316138,16.107745530410327,0.0415258460060728,24.08138776639872,0.0612753816541806,16.319767792613547,0.0409863528023708,24.398365105132147,0.0176682886424635,56.59857727231288,Top 20: DG anchor + OTT overlay,Tier 3 - experimental,-0.625,-0.838,-0.373,-0.25,-2.086,-0.055,-5.771,-0.1342277810499376,-0.06,0.0565922854723575,3.04383037274433,,,,,,False,False
"Peake, Ryan",15169,-0.56435,-0.6271596293135911,0.2816901408450704,0.36905,0.3253700704225352,2.709659937677821,3.0734234365852102,0.2373718119064175,4.212800129756958,Make Cut: DG anchor + putting overlay,Tier 2 - candidate,0.63095,0.6746299295774648,1.5849116411760045,1.4822941529236946,0.7183098591549295,0.7183098591549295,1.3921568627450982,0.7219060079509368,1.385221883439379,Miss Cut: DataGolf core; ARG weakness tag,Tier 1 - core,0.0012483308609399,801.0696773506297,0.0007908320971366,1264.490912319709,0.0001915323744069,5221.049460158121,Winner: DG anchor + total SG overlay,Tier 4 - speculative,0.0091397755434875,109.41187726568872,0.0058185782479342,171.86328986037674,0.0011420181033937,875.6428615520643,Top 5: DG anchor + total SG overlay,Tier 3 - semi-core,0.0234182830546894,42.70167875521304,0.0158248359717891,63.19180822996805,0.0048827910408891,204.8009000643013,Top 10: DG anchor + putting overlay,Tier 2 - current-price / early value,0.0607854872945518,16.45129527635834,0.0427054898362721,23.416193183449813,0.0614930496626278,16.262000429094762,0.0432025952945532,23.1467575774568,0.0221955071528332,45.05416312924173,Top 20: DG anchor + OTT overlay,Tier 3 - experimental,-0.631,-0.574,-0.109,-0.629,-1.944,-0.084,-0.525,-0.1810076390193453,-0.06,-0.208544327058283,3.09093189246996,,,,,,False,False
"Lee, Junghwan",13498,-0.5725500000000001,-0.5716064215738453,0.390625,0.3741,0.3823625,2.6730820636193533,2.615319232403805,0.3848010955749206,2.598745199791928,Make Cut: DG anchor + putting overlay,Tier 2 - candidate,0.6259,0.6176375000000001,1.5976993129892954,1.6190726761247494,0.609375,0.609375,1.641025641025641,0.6118805681349543,1.6343058630674532,Miss Cut: DataGolf core; ARG weakness tag,Tier 1 - core,0.0009852940348332,1014.9254584386412,0.0009426470174166,1060.8424802961254,0.0005851599567398,1708.934434904436,Winner: DG anchor + total SG overlay,Tier 4 - speculative,0.0085273501910103,117.2697236070133,0.0079727326351876,125.42750970808868,0.0042139587506314,237.30654692577625,Top 5: DG anchor + total SG overlay,Tier 3 - semi-core,0.0226387235478832,44.1721017479142,0.021341129150084,46.857876777155575,0.0179324334577964,55.76488000657995,Top 10: DG anchor + putting overlay,Tier 2 - current-price / early value,0.0594400291060497,16.823679514285786,0.0568032183168536,17.604636315180368,0.0597299421503731,16.742021907244613,0.0570802705693049,17.519188154264853,0.0525301365963496,19.03669140790869,Top 20: DG anchor + OTT overlay,Tier 3 - experimental,-0.866,-0.287,-0.098,-0.147,-1.398,0.013,-9.817,-0.0076408779425079,-0.06,0.0235383311020274,2.95243309361951,,,,,,False,False
"Arnaus, Adri",23236,-0.605,-0.6493545584143399,0.3546099290780142,0.3494,0.3520049645390071,2.862049227246709,2.840869023849196,0.3657409745511241,2.7341754672888525,Make Cut: DG anchor + putting overlay,Tier 2 - candidate,0.6506000000000001,0.6479950354609929,1.537042729787888,1.5432216996671675,0.6453900709219857,0.6453900709219857,1.5494505494505495,0.6623501314013884,1.5097754987746708,Miss Cut: DataGolf core; ARG weakness tag,Tier 1 - core,0.0007708410586506,1297.284295870909,0.0007104205293253,1407.6169799733702,0.000422505539145,2366.8328751937097,Winner: DG anchor + total SG overlay,Tier 4 - speculative,0.0069877949753442,143.10666004489298,0.0061263478844974,163.22938541091798,0.0029881566351103,334.65447836641323,Top 5: DG anchor + total SG overlay,Tier 3 - semi-core,0.0191019827930782,52.3505863675241,0.0169939745013972,58.8443862804303,0.0153686497202953,65.06752500705576,Top 10: DG anchor + putting overlay,Tier 2 - current-price / early value,0.0528753676910941,18.91239803460374,0.047902503817242,20.875735510928752,0.0529811047324207,18.874653615670454,0.0479982964187301,20.834072761169395,0.041570941019782,24.05526493913469,Top 20: DG anchor + OTT overlay,Tier 3 - experimental,-0.936,-0.292,-0.195,0.023,-1.399,-0.041,-0.762,-0.0923079333812629,-0.0926540848331471,-0.152455304172781,2.99059657260066,,,,,,False,False
"Townsend, Hugo",31165,-0.6109,-0.6841740396549852,0.3787878787878788,0.35,0.3643939393939394,2.857142857142857,2.7442827442827444,0.3809821958733924,2.624794572637507,Make Cut: DG anchor + putting overlay,Tier 2 - candidate,0.65,0.6356060606060606,1.5384615384615383,1.573301549463647,0.6212121212121212,0.6212121212121212,1.6097560975609757,0.5930079381085746,1.6863180671569842,Miss Cut: DataGolf core; ARG weakness tag,Tier 1 - core,0.0008989436388202,1112.416793240041,0.0008744718194101,1143.5474280629503,0.0005545246459718,1803.346356675367,Winner: DG anchor + total SG overlay,Tier 4 - speculative,0.0073124410241467,136.75323967712814,0.0068207178665707,146.6121337317205,0.003615685754126,276.5727079182305,Top 5: DG anchor + total SG overlay,Tier 3 - semi-core,0.0204545013509169,48.8889943022332,0.019437539275747,51.44684138324733,0.0176116815310748,56.780495277271264,Top 10: DG anchor + putting overlay,Tier 2 - current-price / early value,0.0524286090967607,19.073555778571745,0.0517352713824722,19.329172792138817,0.0529486189152705,18.88623387137293,0.0522484043750431,19.139340463335888,0.0464717249493513,21.51846098008804,Top 20: DG anchor + OTT overlay,Tier 3 - experimental,-0.869,-0.543,0.096,-0.068,-1.383,-0.101,3.68,-0.2008976816963428,-0.06,-0.250921357426755,3.03391537060581,,,,,,False,False
"Forsstrom, Simon",19806,-0.7115499999999999,-0.7065384766258913,0.2793296089385474,0.3416,0.3104648044692737,2.927400468384074,3.220977017699179,0.2530452857995172,3.951861805448849,Make Cut: DG anchor + putting overlay,Tier 2 - candidate,0.6584,0.6895351955307263,1.5188335358444716,1.4502522952875712,0.7206703910614525,0.7206703910614525,1.3875968992248062,0.7531904008802871,1.3276855345358298,Miss Cut: DataGolf core; ARG weakness tag,Tier 1 - core,0.0008133417543608,1229.4954668665948,0.000523337543847,1910.8126519052155,0.0001298313505469,7702.299912826746,Winner: DG anchor + total SG overlay,Tier 4 - speculative,0.0077314119604563,129.34248040521908,0.0053957919590641,185.3296064019204,0.0013232873909241,755.693741857272,Top 5: DG anchor + total SG overlay,Tier 3 - semi-core,0.0195844222697742,51.06099052732111,0.0139823797856807,71.51858376955904,0.0060217977244045,166.06336608539615,Top 10: DG anchor + putting overlay,Tier 2 - current-price / early value,0.0506426923212459,19.7461855632915,0.0379051397975416,26.38164653503945,0.0506009747531781,19.76246514771321,0.0378739149519194,26.403396672076017,0.0240431564805327,41.59187670760624,Top 20: DG anchor + OTT overlay,Tier 3 - experimental,-1.003,-0.344,-0.335,-0.404,-2.086,-0.012,-4.071,-0.040289197949802,0.192106884098002,-0.0028245051790567,3.08472787400042,,,,,,False,False
"Molinari, Edoardo",7033,-0.6138,-0.6577574372732795,0.3472222222222222,0.34795,0.3475861111111111,2.873976145997988,2.8769849198040456,0.3423575292000026,2.920923054727994,Make Cut: DG anchor + putting overlay,Tier 2 - candidate,0.65205,0.6524138888888888,1.533624722030519,1.532769330988764,0.6527777777777778,0.6527777777777778,1.5319148936170213,0.6332513659324603,1.5791517457329185,Miss Cut: DataGolf core; ARG weakness tag,Tier 1 - core,0.0007708410586506,1297.284295870909,0.0006854205293253,1458.9583434046249,0.0003805929700697,2627.4789043441897,Winner: DG anchor + total SG overlay,Tier 4 - speculative,0.0070341058163216,142.1644806195042,0.0058714675907004,170.31516985359008,0.0025607459223818,390.51121443155387,Top 5: DG anchor + total SG overlay,Tier 3 - semi-core,0.0175628839164621,56.93825710837128,0.0156783411585677,63.78225794975308,0.0124105050071301,80.57689831521529,Top 10: DG anchor + putting overlay,Tier 2 - current-price / early value,0.0471753799290695,21.19749754010564,0.0439794832291405,22.73787517670073,0.0480358391811617,20.817789738795103,0.0447816506584997,22.330574806763977,0.0368140130663877,27.16356943201689,Top 20: DG anchor + OTT overlay,Tier 3 - experimental,-0.838,-0.574,0.046,-0.14,-1.507,0.034,-16.34,0.0068608453100518,0.177771762304394,-0.267660549597522,2.94066812087389,,,,,,False,False
"Sandhu, Yuvraj Singh",23060,-0.6910499999999999,-0.7415357267804109,0.2695417789757412,0.33225,0.3008958894878706,3.0097817908201656,3.323408643773816,0.2455297490632718,4.0728262209167365,Make Cut: DG anchor + putting overlay,Tier 2 - candidate,0.6677500000000001,0.6991041105121294,1.497566454511419,1.4304021174577977,0.7304582210242587,0.7304582210242587,1.3690036900369005,0.7400060717319674,1.351340263546112,Miss Cut: DataGolf core; ARG weakness tag,Tier 1 - core,0.0005617359631321,1780.1957959467209,0.000405867981566,2463.85535548129,0.0001450176878695,6895.710548766104,Winner: DG anchor + total SG overlay,Tier 4 - speculative,0.0060665315677708,164.83883563923413,0.0043051011013457,232.28258209485827,0.0011826797465115,845.5374355987597,Top 5: DG anchor + total SG overlay,Tier 3 - semi-core,0.0158882252920538,62.93969160294622,0.0114722696973089,87.16670949904251,0.0051603505639331,193.7852840830664,Top 10: DG anchor + putting overlay,Tier 2 - current-price / early value,0.0450985172374351,22.17367801107939,0.0338647144591734,29.529261237550934,0.0449344833008564,22.254623321348824,0.0337415405110233,29.63705820347181,0.0214487754875995,46.62270816243766,Top 20: DG anchor + OTT overlay,Tier 3 - experimental,-0.988,-0.375,-0.156,-0.383,-1.902,-0.017,-6.011,-0.0622455570837732,-0.06,-0.206305855360168,3.05706594337461,,,,,,False,False
"Morrison, James",11061,-0.68785,-0.6920897990074195,0.3496503496503497,0.3333,0.3414751748251748,3.0003000300030003,2.9284705704066782,0.3510878574561926,2.8482899045427006,Make Cut: DG anchor + putting overlay,Tier 2 - candidate,0.6667000000000001,0.6585248251748251,1.4999250037498124,1.5185456368095462,0.6503496503496503,0.6503496503496503,1.5376344086021507,0.6214374927037395,1.6091723009006382,Miss Cut: DataGolf core; ARG weakness tag,Tier 1 - core,0.0004799207542692,2083.6773386111045,0.0003899603771346,2564.3630959325983,0.0001868328417778,5352.3780427692745,Winner: DG anchor + total SG overlay,Tier 4 - speculative,0.0050198794408173,199.2079713845021,0.0044447413077102,224.9849723009326,0.00203768201834,490.7537049449061,Top 5: DG anchor + total SG overlay,Tier 3 - semi-core,0.013797175542447,72.47860237216626,0.0130047788486646,76.8948101030324,0.0116084944611481,86.14381506119062,Top 10: DG anchor + putting overlay,Tier 2 - current-price / early value,0.0439129801967854,22.772310044063083,0.0405807415645191,24.642230808180376,0.0441143896526096,22.66834037316993,0.0407668675126744,24.52972379320288,0.0328554459593286,30.436354485581703,Top 20: DG anchor + OTT overlay,Tier 3 - experimental,-0.954,-0.665,0.106,-0.075,-1.588,0.039,-19.412,0.0093427754820677,0.259561122782959,-0.0907606634738714,2.88885756764313,,,,,,False,False
"Quayle, Anthony",18900,-0.69015,-0.768573409347631,0.2824858757062147,0.3228,0.3026429378531073,3.0978934324659235,3.3042238060924656,0.2824633368679841,3.540282470242761,Make Cut: DG anchor + putting overlay,Tier 2 - candidate,0.6772,0.6973570621468926,1.4766686355581806,1.4339856212560418,0.7175141242937852,0.7175141242937852,1.393700787401575,0.7451386496848396,1.3420321176776369,Miss Cut: DataGolf core; ARG weakness tag,Tier 1 - core,0.0008560453900423,1168.1623563799287,0.0005446893616878,1835.9088139730577,0.0001339785323093,7463.882330722112,Winner: DG anchor + total SG overlay,Tier 4 - speculative,0.0059291961768394,168.6569258588867,0.0043254945530661,231.1874371200266,0.001243268903683,804.3312247556362,Top 5: DG anchor + total SG overlay,Tier 3 - semi-core,0.0155068091726164,64.48779944786497,0.0119549672366208,83.64723885957349,0.0078868264040984,126.79371254835088,Top 10: DG anchor + putting overlay,Tier 2 - current-price / early value,0.0429750895547979,23.26929415062393,0.0339439555425597,29.460326117449,0.0425994437296973,23.47448493330608,0.0336472509790775,29.72010999120901,0.0217888717609705,45.89498763268942,Top 20: DG anchor + OTT overlay,Tier 3 - experimental,-0.87,-0.693,-0.294,-0.09,-1.947,-0.094,1.119,-0.1948686031187431,-0.06,-0.279682745178783,3.08525321865789,,,,,,False,False
"Buchanan, Jack",27379,-0.7049000000000001,-0.7515055620607743,0.303951367781155,0.32025,0.3121006838905775,3.1225604996096803,3.2040942286130973,0.3001343431111248,3.3318413002465026,Make Cut: DG anchor + putting overlay,Tier 2 - candidate,0.6797500000000001,0.6878993161094225,1.4711290915777857,1.4537011108772966,0.696048632218845,0.696048632218845,1.4366812227074237,0.6889606084864319,1.4514617928547269,Miss Cut: DataGolf core; ARG weakness tag,Tier 1 - core,0.0006030645844742,1658.1971910551156,0.0004931989589037,2027.5793002943403,0.0002296251629216,4354.923420746104,Winner: DG anchor + total SG overlay,Tier 4 - speculative,0.0058834697606322,169.96773004447897,0.0048125715205277,207.7891197532464,0.0018408606352092,543.2241750806612,Top 5: DG anchor + total SG overlay,Tier 3 - semi-core,0.01564977868617,63.8986671986431,0.0131425661107617,76.08864140931732,0.0096326645583368,103.8134354148686,Top 10: DG anchor + putting overlay,Tier 2 - current-price / early value,0.0429750895547979,23.26929415062393,0.0365507559412351,27.35921526788011,0.0434078673840261,23.03729854206093,0.0369188379388939,27.086443014678444,0.0267802325291375,37.340975247768064,Top 20: DG anchor + OTT overlay,Tier 3 - experimental,-0.965,-0.631,-0.032,-0.132,-1.76,-0.054,-3.636,-0.1309744610460733,-0.06,-0.152540579780835,3.04146872844908,,,,,,False,False
"Paul, Yannik",19898,-0.7205,-0.7082649131332623,0.3174603174603174,0.3373,0.3273801587301587,2.964719833975689,3.054552859522084,0.3448499318461436,2.899812085351244,Make Cut: DG anchor + putting overlay,Tier 2 - candidate,0.6627000000000001,0.6726198412698413,1.5089784216085709,1.4867239094703133,0.6825396825396826,0.6825396825396826,1.4651162790697674,0.6806475736800635,1.469189105594384,Miss Cut: DataGolf core; ARG weakness tag,Tier 1 - core,0.0008560453900423,1168.1623563799287,0.0005613560283544,1781.4006610588565,0.000158010451076,6328.695305849601,Winner: DG anchor + total SG overlay,Tier 4 - speculative,0.0056096699979899,178.26360558790654,0.0043352119831219,230.6692276855775,0.0014772322984909,676.9416029026362,Top 5: DG anchor + total SG overlay,Tier 3 - semi-core,0.0153162992648809,65.28992302291469,0.0124771290095448,80.14664264792131,0.011556450596675,86.53175917939005,Top 10: DG anchor + putting overlay,Tier 2 - current-price / early value,0.0428763986723894,23.322854319944486,0.0366539745563449,27.28217095427913,0.0431334147004961,23.18388207712424,0.0368736912127455,27.11960661140284,0.023986011499814,41.69096642048017,Top 20: DG anchor + OTT overlay,Tier 3 - experimental,-0.83,-1.108,-0.069,0.199,-1.808,-0.059,-9.997,-0.1573928545581741,0.240086994521549,0.0798501129823879,2.95803679362239,,,,,,False,False
"Charmasson, Clement",22220,-0.7155500000000002,-0.7826648781599596,0.303030303030303,0.30935,0.3061901515151515,3.232584451268789,3.2659443651325804,0.2951035628043881,3.388640891004283,Make Cut: DG anchor + putting overlay,Tier 2 - candidate,0.69065,0.6938098484848485,1.4479113878230652,1.441317101773366,0.696969696969697,0.696969696969697,1.434782608695652,0.7264958128582785,1.3764704246066666,Miss Cut: DataGolf core; ARG weakness tag,Tier 1 - core,0.0006030645844742,1658.1971910551156,0.0005348656255704,1869.62846777362,0.0002746601642022,3640.862892894049,Winner: DG anchor + total SG overlay,Tier 4 - speculative,0.0053368569247435,187.37620552719983,0.0043264443353876,231.13668464901448,0.0015817201830188,632.2230763290881,Top 5: DG anchor + total SG overlay,Tier 3 - semi-core,0.013702533726974,72.97920369511311,0.0113746007980709,87.91517326652843,0.0078792720538143,126.9152776005366,Top 10: DG anchor + putting overlay,Tier 2 - current-price / early value,0.0390819726813217,25.58724474207323,0.0335039666011411,29.847212179525645,0.0389540390261204,25.671278896893213,0.0333942923800884,29.9452370069161,0.0271896837271071,36.778655097155,Top 20: DG anchor + OTT overlay,Tier 3 - experimental,-1.092,-0.269,-0.299,-0.178,-1.838,-0.02,-2.757,-0.0575338249775672,-0.06,-0.291807478311013,3.06102328772619,,,,,,False,False
"Johnston, Ryggs",32449,-0.8232000000000002,-0.8550776336289109,0.2463054187192118,0.29675,0.2715277093596059,3.369839932603201,3.6828653781173393,0.2289057115442247,4.368610958869846,Make Cut: DG anchor + putting overlay,Tier 2 - candidate,0.7032499999999999,0.7284722906403941,1.4219694276573056,1.372735810062052,0.7536945812807881,0.7536945812807881,1.326797385620915,0.7817172782499542,1.279234868952519,Miss Cut: DataGolf core; ARG weakness tag,Tier 1 - core,0.0008560453900423,1168.1623563799287,0.0005280226950211,1893.857990251604,0.0001062882513686,9408.37756876438,Winner: DG anchor + total SG overlay,Tier 4 - speculative,0.0054276824179619,184.2406985144684,0.0036461626375523,274.2609420931629,0.0007437390974054,1344.5575249283877,Top 5: DG anchor + total SG overlay,Tier 3 - semi-core,0.0134660915039451,74.2605974203451,0.0095844346408614,104.33583591218718,0.0044219928180848,226.14238447205264,Top 10: DG anchor + putting overlay,Tier 2 - current-price / early value,0.0371641458204969,26.90765462039696,0.0275802081083836,36.25788449710886,0.0369668175131629,27.05128726983128,0.0274337670786817,36.45142853082987,0.0165062197689156,60.5832234151633,Top 20: DG anchor + OTT overlay,Tier 3 - experimental,-1.153,-0.503,-0.319,-0.314,-2.289,-0.082,3.153,-0.1591116000383348,-0.06,-0.0648323681253862,3.13873566524782,,,,,,False,False
"Toorop, Mike",25273,-0.8442,-0.8563857634407458,0.2824858757062147,0.2961,0.2892929378531073,3.377237419790612,3.4567038083306563,0.2764244789915902,3.617624617212079,Make Cut: DG anchor + putting overlay,Tier 2 - candidate,0.7039,0.7107070621468927,1.4206563432305723,1.4070494768677488,0.7175141242937852,0.7175141242937852,1.393700787401575,0.7409549609596919,1.3496096965256708,Miss Cut: DataGolf core; ARG weakness tag,Tier 1 - core,0.0003993592955812,2504.010827003743,0.0003580129811239,2793.194807799091,0.0001752495527268,5706.14865738633,Winner: DG anchor + total SG overlay,Tier 4 - speculative,0.0042563932329243,234.94069867998329,0.0036242548175203,275.91878892339446,0.0012816074437163,780.2701247584987,Top 5: DG anchor + total SG overlay,Tier 3 - semi-core,0.012852449763764,77.80617846251985,0.0105256494850566,95.00601377802944,0.0072505494921047,137.9205812040757,Top 10: DG anchor + putting overlay,Tier 2 - current-price / early value,0.0348567577007296,28.68884158950521,0.0299325202182561,33.408479897729705,0.0347796961774905,28.752407579891404,0.0298663452279656,33.48250321112739,0.0234304857947254,42.67943946024017,Top 20: DG anchor + OTT overlay,Tier 3 - experimental,-1.267,-0.421,-0.261,-0.16,-2.11,-0.061,1.221,-0.1219850660185307,-0.06,0.0150637158055362,3.10305531192531,,,,,,False,False
"Ko, Jeong Weon",26213,-0.8414999999999999,-0.8529948663845647,0.3086419753086419,0.29845,0.3035459876543209,3.350644999162339,3.29439373495789,0.3308848249604045,3.022199643394542,Make Cut: DG anchor + putting overlay,Tier 2 - candidate,0.70155,0.696454012345679,1.4254151521630676,1.435844983693853,0.691358024691358,0.691358024691358,1.4464285714285716,0.7179966587834757,1.3927641414018992,Miss Cut: DataGolf core; ARG weakness tag,Tier 1 - core,0.0006446524795846,1551.223382626643,0.0005473262397923,1827.063873969222,0.0002523362071407,3962.966755072924,Winner: DG anchor + total SG overlay,Tier 4 - speculative,0.004659432298853,214.61842041275105,0.0044899443240296,222.7199109459132,0.0018945005437353,527.8436067525851,Top 5: DG anchor + total SG overlay,Tier 3 - semi-core,0.0122404625270343,81.69625925420674,0.0118806644645753,84.1703764113282,0.013235976575022,75.55165985161422,Top 10: DG anchor + putting overlay,Tier 2 - current-price / early value,0.0348567577007296,28.68884158950521,0.0336903833967443,29.68206055193285,0.0349457327197957,28.61579718526059,0.0337763811401605,29.60648732172749,0.0279396299083213,35.791454764480086,Top 20: DG anchor + OTT overlay,Tier 3 - experimental,-1.158,-0.768,-0.275,0.149,-2.052,-0.098,-0.774,-0.2057499911593066,0.0683964251321723,0.0283015573737861,3.1271612461745,,,,,,False,False
"Naidoo, Dylan",19429,-0.8329500000000001,-0.8517630154631317,0.2444987775061124,0.29455,0.2695243887530562,3.395009336275675,3.710239376208067,0.2205628571486005,4.533854942431521,Make Cut: DG anchor + putting overlay,Tier 2 - candidate,0.70545,0.7304756112469437,1.41753490679708,1.368971098559978,0.7555012224938875,0.7555012224938875,1.3236245954692556,0.7571985056685991,1.320657651215264,Miss Cut: DataGolf core; ARG weakness tag,Tier 1 - core,0.0003596100694761,2780.789763359043,0.000254805034738,3924.5692339950106,7.95708770503629e-05,12567.412061665082,Winner: DG anchor + total SG overlay,Tier 4 - speculative,0.0045247871991988,221.0048685111768,0.0030766991551549,325.0236534581255,0.0006474721483719,1544.4679782975927,Top 5: DG anchor + total SG overlay,Tier 3 - semi-core,0.0112087695774661,89.21585844804727,0.0081812928575161,122.2300701632142,0.003703675515641,270.0020549254072,Top 10: DG anchor + putting overlay,Tier 2 - current-price / early value,0.0341212791971633,29.30722480308223,0.0255326290443211,39.16557117029107,0.0339363724942161,29.466908997726044,0.0253942651152644,39.37896983673304,0.0148240257718742,67.45805865349419,Top 20: DG anchor + OTT overlay,Tier 3 - experimental,-1.111,-0.688,-0.096,-0.403,-2.297,-0.041,-6.521,-0.1091287627184902,-0.06,-0.0245006959564131,3.0792413812809,,,,,,False,False
"Micheluzzi, David",19224,-0.8397499999999999,-0.8359088921502865,0.3558718861209964,0.29115,0.3235109430604982,3.434655675768504,3.09108554579248,0.3733130896960416,2.678716679380888,Make Cut: DG anchor + putting overlay,Tier 2 - candidate,0.70885,0.6764890569395018,1.4107356986668549,1.4782205118351674,0.6441281138790036,0.6441281138790036,1.5524861878453038,0.5937345325951631,1.6842544017594616,Miss Cut: DataGolf core; ARG weakness tag,Tier 1 - core,0.0003993592955812,2504.010827003743,0.0005163463144572,1936.684686228664,0.0003895721534108,2566.9185829751564,Winner: DG anchor + total SG overlay,Tier 4 - speculative,0.00359102829658,278.47176836572345,0.0045619890160148,219.2026321171525,0.0028524034774239,350.58153866195846,Top 5: DG anchor + total SG overlay,Tier 3 - semi-core,0.0103220542126563,96.87994069764312,0.0126401507835768,79.11298030552643,0.0162849241990964,61.4064878518429,Top 10: DG anchor + putting overlay,Tier 2 - current-price / early value,0.0305975800814958,32.68232315550863,0.0367803944548523,27.188397917469143,0.0305554682085943,32.72736628263252,0.0367297730889657,27.225869258103785,0.0375730233576883,26.61483986742778,Top 20: DG anchor + OTT overlay,Tier 3 - experimental,-1.267,-0.702,0.24,0.086,-1.643,-0.05,-6.82,-0.1273926700734737,0.0490198095990402,0.0706469218855437,2.99894156692707,,,,,,False,False
"McKinney, Connor",24172,-0.87185,-0.907082969460454,0.2132196162046908,0.2701,0.2416598081023454,3.702332469455757,4.138048473399804,0.2144253393873411,4.66362792222791,Make Cut: DG anchor + putting overlay,Tier 2 - candidate,0.7299,0.7583401918976546,1.3700506918755997,1.3186693922916324,0.7867803837953091,0.7867803837953091,1.2710027100271004,0.7933735546060006,1.260440298513117,Miss Cut: DataGolf core; ARG weakness tag,Tier 1 - core,0.0002050209395242,4877.550567860473,0.0001191771364288,8390.871185240487,1.7506662202310637e-05,57121.1112914496,Winner: DG anchor + total SG overlay,Tier 4 - speculative,0.0024173178733755,413.681630791735,0.0018237581430369,548.3183194098178,0.0004805499661074,2080.949059470601,Top 5: DG anchor + total SG overlay,Tier 3 - semi-core,0.0084237221864684,118.71236703489132,0.0061281673101654,163.18092333105795,0.0036497077294286,273.9945426141164,Top 10: DG anchor + putting overlay,Tier 2 - current-price / early value,0.0258692923768572,38.65586987971121,0.01919876260442,52.0866902000119,0.026584243068845,37.61626755406604,0.0197293595921296,50.68588239422216,0.0099466210031938,100.536654576353,Top 20: DG anchor + OTT overlay,Tier 3 - experimental,-1.062,-1.065,-0.142,-0.073,-2.341,-0.046,-10.97,-0.1410354243797277,-0.06,-0.0906471351124063,3.05041008081872,,,,,,False,False
"Kieffer, Max",12317,-0.97905,-1.0046509432988766,0.17825311942959,0.2421,0.210176559714795,4.130524576621231,4.7579045035135135,0.1551182663108797,6.446694021166105,Make Cut: DG anchor + putting overlay,Tier 2 - candidate,0.7579,0.789823440285205,1.3194352816994326,1.2661057509750535,0.82174688057041,0.82174688057041,1.2169197396963125,0.8355870062334475,1.1967634639361764,Miss Cut: DataGolf core; ARG weakness tag,Tier 1 - core,0.0003202569802723,3122.4924407568906,0.0001684618234695,5936.063016562561,7.99952916722866e-06,125007.35719505324,Winner: DG anchor + total SG overlay,Tier 4 - speculative,0.0028913231767607,345.8624093071291,0.0017456814296501,572.8422053503813,0.0002001695432906,4995.765007805167,Top 5: DG anchor + total SG overlay,Tier 3 - semi-core,0.0072320603291908,138.27318281122342,0.0047102067518969,212.3049056386464,0.0014725843208265,679.0782611611107,Top 10: DG anchor + putting overlay,Tier 2 - current-price / early value,0.0215046320661322,46.50160937070423,0.0148129281061781,67.50859741113045,0.0214458329688945,46.629105125010405,0.0147724258182333,67.69368905990478,0.0070831249489993,141.18062397604126,Top 20: DG anchor + OTT overlay,Tier 3 - experimental,-1.335,-0.696,-0.229,-0.479,-2.739,0.025,-13.168,0.0044049648275353,0.189254149465044,-0.177520736274412,3.06757647385139,,,,,,False,False
"Capan III, Frankie",21412,-0.94155,-0.9845756146859626,0.2724795640326976,0.24835,0.2604147820163487,4.02657539762432,3.840027790500849,0.3092723949886292,3.233395596256712,Make Cut: DG anchor + putting overlay,Tier 2 - candidate,0.75165,0.7395852179836513,1.3304064391671655,1.3521092305310316,0.7275204359673024,0.7275204359673024,1.3745318352059923,0.6987220107829848,1.4311843402205184,Miss Cut: DataGolf core; ARG weakness tag,Tier 1 - core,0.0002050209395242,4877.550567860473,0.0002275104697621,4395.402115100299,0.0001393891140039,7174.161390906331,Winner: DG anchor + total SG overlay,Tier 4 - speculative,0.0019922935619862,501.9340618673765,0.0023729258815222,421.4206637412945,0.0011947935317928,836.9646917149527,Top 5: DG anchor + total SG overlay,Tier 3 - semi-core,0.0064587692036426,154.82826038063257,0.0067251286494403,148.6960401989056,0.0093522652510956,106.92596639972824,Top 10: DG anchor + putting overlay,Tier 2 - current-price / early value,0.0207795630989186,48.124207195291824,0.021629924323352,46.23224681930032,0.0206037205463628,48.53492347412619,0.0214468857730946,46.62681615316423,0.0166204170404408,60.16696197013572,Top 20: DG anchor + OTT overlay,Tier 3 - experimental,-1.18,-1.353,0.13,0.327,-2.077,-0.128,-6.123,-0.2867917659815642,-0.06,-0.0567321904390303,3.02885040278468,,,,,,False,False
"Berry, Joshua",31520,-0.97435,-1.0194667879059591,0.2040816326530612,0.2467,0.2253908163265306,4.053506282934738,4.43673800156644,0.2097583318006403,4.76739108008556,Make Cut: DG anchor + putting overlay,Tier 2 - candidate,0.7533,0.7746091836734694,1.3274923669188905,1.29097359168613,0.7959183673469388,0.7959183673469388,1.2564102564102564,0.8248375619824315,1.212359919202248,Miss Cut: DataGolf core; ARG weakness tag,Tier 1 - core,0.0002813395766709,3554.423490050193,0.0001823364550021,5484.366798664896,4.261436338557452e-05,23466.266313824886,Winner: DG anchor + total SG overlay,Tier 4 - speculative,0.0023318344487247,428.8469108717672,0.0017206394465845,581.1792830769747,0.0004135857747493,2417.8781308571884,Top 5: DG anchor + total SG overlay,Tier 3 - semi-core,0.0063228316712077,158.15698598362107,0.0048333007562387,206.89794623461205,0.0033630814251587,297.3463540071091,Top 10: DG anchor + putting overlay,Tier 2 - current-price / early value,0.020006968359648,49.982585168520295,0.0157044311495209,63.67629559320282,0.0198740505935765,50.3168689891133,0.0156000976059128,64.10216302883742,0.009948369616295,100.51898336809238,Top 20: DG anchor + OTT overlay,Tier 3 - experimental,-1.387,-0.696,-0.366,-0.009,-2.459,-0.032,-8.777,-0.1038029057317823,-0.06,-0.158682486663905,3.10238910455214,,,,,,False,False
"Gavins, Daniel",18241,-1.3178,-1.3504219522041083,0.1146788990825688,0.1797,0.1471894495412844,5.564830272676684,6.793965213651507,0.1150596600023674,8.691143359709429,Make Cut: DG anchor + putting overlay,Tier 2 - candidate,0.8203,0.8528105504587156,1.2190661952944044,1.172593373126204,0.8853211009174312,0.8853211009174312,1.1295336787564767,0.8806473470375235,1.1355283171680195,Miss Cut: DataGolf core; ARG weakness tag,Tier 1 - core,0.0,1000000000.0,8.33333333333335e-06,119999.99999999977,6.558335803477967e-06,152477.70622993834,Winner: DG anchor + total SG overlay,Tier 4 - speculative,0.0008035150889627,1244.531700444997,0.000503424211148,1986.3963191591183,4.790370711135843e-05,20875.21113293736,Top 5: DG anchor + total SG overlay,Tier 3 - semi-core,0.002902472083716,344.5338908203003,0.0019060872323341,524.6349605812146,0.0008604118220323,1162.234146943698,Top 10: DG anchor + putting overlay,Tier 2 - current-price / early value,0.010294281332766,97.14131250882612,0.0070145306143979,142.56121399590282,0.0105511536008814,94.77636643603228,0.0071895635604036,139.09050133550204,0.0022681808526629,440.881951201528,Top 20: DG anchor + OTT overlay,Tier 3 - experimental,-1.426,-2.096,-0.014,-0.081,-3.617,-0.156,-11.682,-0.3655376670729009,-0.036118521422521,0.0286887028715395,3.31101748259365,,,,,,False,False
