player_name,dg_id,skill_pred,custom_pred,p_make_cut,p_make_cut_model,p_make_cut_anchored,make_cut_fair_odds_dec_model,make_cut_fair_odds_dec_anchored,make_cut_strategy_prob,make_cut_strategy_fair_odds_dec,make_cut_strategy_name,make_cut_strategy_tier,p_miss_cut_model,p_miss_cut_anchored,miss_cut_fair_odds_dec_model,miss_cut_fair_odds_dec_anchored,p_miss_cut_dg,miss_cut_strategy_prob,miss_cut_strategy_fair_odds_dec,miss_cut_arg_overlay_prob,miss_cut_arg_overlay_fair_odds_dec,miss_cut_strategy_name,miss_cut_strategy_tier,win_prob_model,win_fair_odds_dec,win_prob_anchored,win_fair_odds_dec_anchored,win_strategy_prob,win_strategy_fair_odds_dec,win_strategy_name,win_strategy_tier,top5_prob_model,top5_fair_odds_dec,top5_prob_anchored,top5_fair_odds_dec_anchored,top5_strategy_prob,top5_strategy_fair_odds_dec,top5_strategy_name,top5_strategy_tier,top10_prob_model,top10_fair_odds_dec,top10_prob_anchored,top10_fair_odds_dec_anchored,top10_strategy_prob,top10_strategy_fair_odds_dec,top10_strategy_name,top10_strategy_tier,top20_prob_model,top20_fair_odds_dec,top20_prob_anchored,top20_fair_odds_dec_anchored,top20_prob_dh,top20_fair_odds_dec_dh,top20_prob_anchored_dh,top20_fair_odds_dec_anchored_dh,top20_strategy_prob,top20_strategy_fair_odds_dec,top20_strategy_name,top20_strategy_tier,sg_app,sg_ott,sg_arg,sg_putt,sg_total,driving_acc,driving_dist,total_fit_adjustment,total_course_history_adjustment,timing_adjustment,std_deviation,market_odds_best_dec,market_book_best,market_prob_best,p_model,strategy_name,strategy_tier,strategy_rule,strategy_stake_multiplier,strategy_min_ev,strategy_odds_cap,exception_min_ev,exception_odds_cap,edge_prob,ev_per_unit,value_flag,strategy_qualified,bet_flag
"Fitzpatrick, Alex",25362,0.3067,0.288273227521909,0.7936507936507936,0.68615,0.7399003968253968,1.4574072724622895,1.3515332662214832,0.7974866676041585,1.2539394583288022,Make Cut: DG anchor + putting overlay,Tier 2 - candidate,0.3138499999999999,0.2600996031746032,3.186235462800701,3.8446809906461343,0.2063492063492064,0.2063492063492064,4.846153846153845,0.1762189710343461,5.674757911309641,Miss Cut: DataGolf core; ARG weakness tag,Tier 1 - core,0.0271406292274453,36.84512955170446,0.034503647947056,28.98244271256321,0.0474393294947556,21.079555943355984,Winner: DG anchor + total SG overlay,Tier 4 - speculative,0.1169339451594072,8.55183666844367,0.1429686891501701,6.994538496115252,0.2143369591639821,4.665550933914915,Top 5: DG anchor + total SG overlay,Tier 3 - semi-core,0.2055646600160155,4.864649399960529,0.2456851250139277,4.070250488072123,0.2840504745058725,3.520501071999884,Top 10: DG anchor + putting overlay,Tier 2 - current-price / early value,0.3487975651581816,2.8669924904621813,0.4014742959892918,2.490819487050479,0.3465374930407652,2.8856906397783755,0.398872899211154,2.507064285334219,0.5012935385813222,1.994839197070112,Top 20: DG anchor + OTT overlay,Tier 3 - experimental,0.354,0.362,0.238,-0.023,0.93,0.038,2.426,-0.0489044522417716,0.0295491695756784,-0.075068928663489,2.7869218263004,7.0,skybet,0.14285714285714285,0.2143369591639821,Top 5: DG anchor + total SG overlay,Tier 3 - semi-core,standard,1.0,0.35,15.0,0.6,25.0,0.07147981630683925,0.5003587141478747,True,True,True
"Fitzpatrick, Matt",17646,0.4622,0.4653149403511958,0.8928571428571428,0.7535,0.8231785714285713,1.3271400132714002,1.2148032452600983,0.9139743141387784,1.0941226515126763,Make Cut: DG anchor + putting overlay,Tier 2 - candidate,0.2465,0.1768214285714286,4.056795131845841,5.655423146839019,0.1071428571428572,0.1071428571428572,9.333333333333329,0.0822632721788958,12.15609315692336,Miss Cut: DataGolf core; ARG weakness tag,Tier 1 - core,0.0468754194233868,21.33314245079769,0.0753627097116934,13.26916194793933,0.1314721765800043,7.606172089130002,Winner: DG anchor + total SG overlay,Tier 4 - speculative,0.1771790419304472,5.644008394585159,0.2481456417888446,4.029891449195522,0.4145078079408597,2.412499790939224,Top 5: DG anchor + total SG overlay,Tier 3 - semi-core,0.2898619926614039,3.4499176343140943,0.3794691135375689,2.635260589926764,0.5666080758307225,1.7648883640316413,Top 10: DG anchor + putting overlay,Tier 2 - current-price / early value,0.4480136724079582,2.232074736972328,0.5475105469839401,1.8264488337415217,0.4482070704323294,2.2311116132894218,0.5477468957041477,1.8256607346253697,0.6785795261786413,1.473666624796962,Top 20: DG anchor + OTT overlay,Tier 3 - experimental,0.634,0.082,0.391,0.539,1.646,0.037,-1.503,-0.0841280124766139,0.0518176596695728,0.0446842930768925,2.71537563995937,3.4,skybet,0.29411764705882354,0.4145078079408597,Top 5: DG anchor + total SG overlay,Tier 3 - semi-core,standard,1.0,0.35,15.0,0.6,25.0,0.12039016088203613,0.4093265469989229,True,True,True
"Hellgren, Bjorn",16231,-0.27645,-0.3000805370664177,0.3115264797507788,0.4663,0.3889132398753894,2.144542140253056,2.57126756682392,0.2971074902134279,3.3657852223168367,Make Cut: DG anchor + putting overlay,Tier 2 - candidate,0.5337000000000001,0.6110867601246106,1.873711823121604,1.636428843256371,0.6884735202492211,0.6884735202492211,1.4524886877828056,0.7240791567274459,1.3810644743864855,Miss Cut: DataGolf core; ARG weakness tag,Tier 1 - core,0.0048037732172519,208.1696938582924,0.0030185532752926,331.28452897789595,0.0009008685816523,1110.03982197474,Winner: DG anchor + total SG overlay,Tier 4 - speculative,0.0266151596546012,37.57257190929986,0.01781056924529,56.14643677177526,0.0059501296174747,168.06356571848946,Top 5: DG anchor + total SG overlay,Tier 3 - semi-core,0.0565009264078542,17.698824843710696,0.0394303829369718,25.36115364637636,0.0188076278750073,53.169916304482896,Top 10: DG anchor + putting overlay,Tier 2 - current-price / early value,0.1238505164254893,8.074249739617498,0.0906879866417231,11.02681884372022,0.1240309051958498,8.062506666551847,0.0908200740553966,11.010781596478765,0.0598438590573454,16.71015231557426,Top 20: DG anchor + OTT overlay,Tier 3 - experimental,-0.332,-0.135,-0.343,-0.258,-1.067,-0.007,-3.376,-0.016688211585284,-0.06,-0.0948085795394464,2.9488276337319,226.0,skybet,0.004424778761061947,0.0059501296174747,Top 5: DG anchor + total SG overlay,Tier 3 - semi-core,standard,1.0,0.35,15.0,0.6,25.0,0.0015253508564127532,0.34472929354928206,True,False,False
"Fleetwood, Tommy",12294,0.4405,0.4340064578535237,0.8695652173913044,0.743,0.8062826086956523,1.3458950201884252,1.2402599153387794,0.8829434185979954,1.1325754051011283,Make Cut: DG anchor + putting overlay,Tier 2 - candidate,0.257,0.1937173913043477,3.891050583657588,5.162159129166201,0.1304347826086955,0.1304347826086955,7.666666666666671,0.1063241806619525,9.405198269802831,Miss Cut: DataGolf core; ARG weakness tag,Tier 1 - core,0.0441950115379126,22.626988096657737,0.0633391724356229,15.788018086538562,0.1010811398271852,9.893042378723305,Winner: DG anchor + total SG overlay,Tier 4 - speculative,0.1655890724922279,6.039045843722179,0.2191168808228334,4.563774348396954,0.3546366530482764,2.819787496313504,Top 5: DG anchor + total SG overlay,Tier 3 - semi-core,0.2740130767392945,3.649460864787247,0.3451665638071727,2.897151998067373,0.4587422478843027,2.1798733485131403,Top 10: DG anchor + putting overlay,Tier 2 - current-price / early value,0.4346808517360458,2.300538420328753,0.5133395752651659,1.948028260792964,0.4337186153782689,2.305642332478276,0.5122032151029154,1.952350103462496,0.6383362247253062,1.5665725385243925,Top 20: DG anchor + OTT overlay,Tier 3 - experimental,0.557,0.325,0.296,0.233,1.41,0.07,-2.281,-0.1538215057162933,0.229077566555765,-0.0128263495131764,2.74477243905651,3.75,bet365,0.26666666666666666,0.3546366530482764,Top 5: DG anchor + total SG overlay,Tier 3 - semi-core,standard,1.0,0.35,15.0,0.6,25.0,0.08796998638160974,0.3298874489310365,True,False,False
"Gumberg, Jordan",23892,-0.3309,-0.3466864243407165,0.3095975232198142,0.44605,0.3778237616099071,2.241901132160072,2.646736657691935,0.2670150546331275,3.74510718646174,Make Cut: DG anchor + putting overlay,Tier 2 - candidate,0.5539499999999999,0.6221762383900928,1.805217077353552,1.6072616379364504,0.6904024767801857,0.6904024767801857,1.4484304932735426,0.7298779759644008,1.3700920330945483,Miss Cut: DataGolf core; ARG weakness tag,Tier 1 - core,0.0039474533027474,253.3278859319252,0.0026653933180403,375.17915019582017,0.0009767317947949,1023.8225123100174,Winner: DG anchor + total SG overlay,Tier 4 - speculative,0.023130014619427,43.23386804780028,0.0162551663404975,61.51890291695367,0.0058427413528146,171.15253604684358,Top 5: DG anchor + total SG overlay,Tier 3 - semi-core,0.0489607882902551,20.424507752442267,0.0360789460330544,27.716995920108918,0.0148305560305562,67.42835521066392,Top 10: DG anchor + putting overlay,Tier 2 - current-price / early value,0.110564831791,9.04446724877485,0.0847834161799378,11.794759459534832,0.1098971634613364,9.099415931256642,0.0842714341966337,11.866417244859766,0.0691019222984827,14.47137744852515,Top 20: DG anchor + OTT overlay,Tier 3 - experimental,-0.586,0.362,-0.375,-0.616,-1.215,0.072,-2.366,-0.1576391102387214,-0.016515290947361,0.0040162561526184,3.01763864680769,226.0,skybet,0.004424778761061947,0.0058427413528146,Top 5: DG anchor + total SG overlay,Tier 3 - semi-core,standard,1.0,0.35,15.0,0.6,25.0,0.001417962591752653,0.32045954573609947,True,False,False
"Kimsey, Nathan",18027,-0.0662,-0.0710822519515107,0.6060606060606061,0.5443,0.5751803030303031,1.8372221201543264,1.7385852657532943,0.5944920815635835,1.6821081911972375,Make Cut: DG anchor + putting overlay,Tier 2 - candidate,0.4557,0.4248196969696969,2.194426157559798,2.35393981760533,0.3939393939393939,0.3939393939393939,2.5384615384615388,0.3888316817621414,2.5718068946134034,Miss Cut: DataGolf core; ARG weakness tag,Tier 1 - core,0.0081944762021818,122.0334253620437,0.0096139047677575,104.01600849570816,0.0100897128213932,99.11084861401564,Winner: DG anchor + total SG overlay,Tier 4 - speculative,0.043371426021218,23.056654847151755,0.0508865392214352,19.651562383687605,0.0563103435030278,17.758726688396603,Top 5: DG anchor + total SG overlay,Tier 3 - semi-core,0.0907744721336707,11.016313028264609,0.1041549975645969,9.601075544932929,0.1037051240523904,9.64272507397815,Top 10: DG anchor + putting overlay,Tier 2 - current-price / early value,0.1843345271648324,5.424919657649364,0.2072555083123307,4.824962232091878,0.1835877008796179,5.446987980179129,0.2064158183001349,4.844589955533201,0.2665299685823497,3.751923302729953,Top 20: DG anchor + OTT overlay,Tier 3 - experimental,-0.276,0.44,-0.037,-0.207,-0.08,0.08,-1.262,-0.1629473827702555,-0.0135422709382747,0.0604479993621427,2.84326994980899,23.0,skybet,0.043478260869565216,0.0563103435030278,Top 5: DG anchor + total SG overlay,Tier 3 - semi-core,standard,1.0,0.35,15.0,0.6,25.0,0.012832082633462583,0.2951379005696394,True,False,False
"Dean, Joe",16497,-0.0597,-0.0398477581866404,0.6711409395973155,0.56385,0.6174954697986577,1.7735213265939525,1.619445079210157,0.6823606500503758,1.465500684903466,Make Cut: DG anchor + putting overlay,Tier 2 - candidate,0.43615,0.3825045302013423,2.2927891780350795,2.614348121507531,0.3288590604026845,0.3288590604026845,3.0408163265306127,0.2955312252963293,3.383737197303938,Miss Cut: DataGolf core; ARG weakness tag,Tier 1 - core,0.0093752428716721,106.6639033983386,0.0132459547691694,75.49474669259378,0.0163642291682297,61.1088973223037,Winner: DG anchor + total SG overlay,Tier 4 - speculative,0.0486821717173582,20.54140077821213,0.0658622168110601,15.183211990399816,0.0854492884968217,11.70284759055887,Top 5: DG anchor + total SG overlay,Tier 3 - semi-core,0.0985156844709052,10.150667940548404,0.1298268733201086,7.702565535367569,0.1686737438790053,5.928604992116198,Top 10: DG anchor + putting overlay,Tier 2 - current-price / early value,0.1988446005714613,5.029052823793508,0.2461605477905406,4.062389399827406,0.2000794651014342,4.998014161488437,0.2476892537663209,4.03731685890352,0.3163657088113499,3.160898833685872,Top 20: DG anchor + OTT overlay,Tier 3 - experimental,-0.19,0.09,0.175,0.048,0.122,0.008,1.064,-0.0071222507942581,-0.0269609899393528,0.109562581948765,2.83929532060112,15.0,unibet,0.06666666666666667,0.0854492884968217,Top 5: DG anchor + total SG overlay,Tier 3 - semi-core,standard,1.0,0.35,15.0,0.6,25.0,0.018782621830155027,0.28173932745232544,True,False,False
"Herbert, Lucas",17064,0.17255,0.1732868424310357,0.7246376811594204,0.63925,0.6819438405797102,1.5643332029722332,1.4663964105166123,0.7605059031591955,1.314914185210041,Make Cut: DG anchor + putting overlay,Tier 2 - candidate,0.36075,0.3180561594202897,2.772002772002772,3.14409883406335,0.2753623188405796,0.2753623188405796,3.631578947368423,0.2548300171363348,3.9241844867317854,Miss Cut: DataGolf core; ARG weakness tag,Tier 1 - core,0.0248304684709391,40.27310242536784,0.0287735675688029,34.754119300945725,0.0364928119394339,27.402656765931628,Winner: DG anchor + total SG overlay,Tier 4 - speculative,0.0996172419494408,10.038422871690567,0.1158997282702029,8.62814792515,0.1680308132264467,5.95128941411686,Top 5: DG anchor + total SG overlay,Tier 3 - semi-core,0.1746780732020775,5.724816982857049,0.2014213520633542,4.9647169466197605,0.2892221138312094,3.4575502777204723,Top 10: DG anchor + putting overlay,Tier 2 - current-price / early value,0.2966335686159217,3.371162625544887,0.3374817713396913,2.963123003741297,0.2959608640148548,3.3788251136805982,0.3367164313229977,2.969858037728912,0.4134515566351761,2.4186630427476805,Top 20: DG anchor + OTT overlay,Tier 3 - experimental,0.123,0.222,0.096,0.398,0.839,-0.039,6.619,0.1348339360342201,0.0097663299446867,-0.066174338348103,2.90888644558997,7.5,skybet,0.13333333333333333,0.1680308132264467,Top 5: DG anchor + total SG overlay,Tier 3 - semi-core,standard,1.0,0.35,15.0,0.6,25.0,0.034697479893113364,0.2602310991983503,True,False,False
"MacIntyre, Robert",23323,0.2261,0.231516341698402,0.8264462809917356,0.66975,0.7480981404958678,1.4930944382232176,1.336723012487589,0.8566255891909049,1.167371150965166,Make Cut: DG anchor + putting overlay,Tier 2 - candidate,0.33025,0.2519018595041322,3.028009084027252,3.96979999261814,0.1735537190082644,0.1735537190082644,5.761904761904763,0.1562647392355674,6.399396337855277,Miss Cut: DataGolf core; ARG weakness tag,Tier 1 - core,0.0214894084290327,46.53455227966966,0.0414947042145163,24.099460857228205,0.0705867205575005,14.1669706724141,Winner: DG anchor + total SG overlay,Tier 4 - speculative,0.1012086879622172,9.880574683206204,0.1587937884255531,6.297475549358957,0.271382509561888,3.684835848907032,Top 5: DG anchor + total SG overlay,Tier 3 - semi-core,0.1840790681247383,5.432448187549306,0.2642439018473622,3.78438250801201,0.4350777598349435,2.298439709672525,Top 10: DG anchor + putting overlay,Tier 2 - current-price / early value,0.3219246580445309,3.106316881950909,0.419567902730964,2.3834044346362253,0.3217080485567228,3.108408398503845,0.4192855932332594,2.385009206466281,0.555449276784126,1.8003444091055096,Top 20: DG anchor + OTT overlay,Tier 3 - experimental,0.205,0.203,0.128,0.498,1.034,0.007,1.471,-0.001117345130393,0.0885707016734696,0.0054977056388394,2.81163144554448,4.5,skybet,0.2222222222222222,0.271382509561888,Top 5: DG anchor + total SG overlay,Tier 3 - semi-core,standard,1.0,0.35,15.0,0.6,25.0,0.049160287339665765,0.2212212930284959,True,False,False
"Celli, Filippo",23549,-0.105,-0.0663814333669487,0.5434782608695652,0.5539,0.5486891304347825,1.8053800324968408,1.822525624314077,0.5564621197599718,1.7970675172486976,Make Cut: DG anchor + putting overlay,Tier 2 - candidate,0.4461,0.4513108695652175,2.2416498542927594,2.215767594880613,0.4565217391304348,0.4565217391304348,2.1904761904761902,0.4659438380310896,2.146181402946842,Miss Cut: DataGolf core; ARG weakness tag,Tier 1 - core,0.006871389462519,145.53097382336364,0.0069023613979261,144.87795442012785,0.0060015747238008,166.62293581619946,Winner: DG anchor + total SG overlay,Tier 4 - speculative,0.0425708172829503,23.490270185639638,0.0411023431652846,24.329513185628,0.0350057837683255,28.56670790798959,Top 5: DG anchor + total SG overlay,Tier 3 - semi-core,0.0906686801979864,11.029166828240736,0.0876530230595512,11.40861963563542,0.0895108940844023,11.171824505038147,Top 10: DG anchor + putting overlay,Tier 2 - current-price / early value,0.1864496434386197,5.363378451990473,0.1815936895181779,5.506799287207048,0.1864784678136857,5.3625494231276045,0.1816217631820356,5.505948089479351,0.1838798465986688,5.43833388213866,Top 20: DG anchor + OTT overlay,Tier 3 - experimental,-0.12,-0.124,-0.131,0.051,-0.324,-0.011,-1.626,0.00434628227209,-0.043944983517558,0.201905937908601,2.84227887738385,34.0,unibet,0.029411764705882353,0.0350057837683255,Top 5: DG anchor + total SG overlay,Tier 3 - semi-core,standard,1.0,0.35,15.0,0.6,25.0,0.0055940190624431466,0.19019664812306702,True,False,False
"Jonsson, Tobias",28686,-0.3732000000000001,-0.3812534224028127,0.3597122302158274,0.44005,0.3998811151079137,2.272469037609363,2.500743251478969,0.333860124805391,2.995266357678701,Make Cut: DG anchor + putting overlay,Tier 2 - candidate,0.55995,0.6001188848920863,1.785873738726672,1.666336496275768,0.6402877697841727,0.6402877697841727,1.5617977528089888,0.6705155897142405,1.491389634096619,Miss Cut: DataGolf core; ARG weakness tag,Tier 1 - core,0.0033037008490547,302.69084450734186,0.002543517091194,393.1563909918783,0.0012892937671034,775.6184242219982,Winner: DG anchor + total SG overlay,Tier 4 - speculative,0.0190796632859801,52.41182640444226,0.0167598382567466,59.66644693587367,0.0093779130804649,106.63353258019544,Top 5: DG anchor + total SG overlay,Tier 3 - semi-core,0.0448333693622933,22.30481478916106,0.0395598956599826,25.27812531648216,0.0264121440183341,37.861371621548216,Top 10: DG anchor + putting overlay,Tier 2 - current-price / early value,0.1052835584542817,9.49815920625668,0.0931848357192599,10.731359799921986,0.1050325652988525,9.52085667102072,0.0929626855915599,10.75700420697388,0.0909895979960745,10.990267261573583,Top 20: DG anchor + OTT overlay,Tier 3 - experimental,-0.646,0.192,-0.283,-0.376,-1.112,0.02,-0.346,-0.0422994694351325,-0.06,-0.004117377296497,3.00005859944794,126.0,skybet,0.007936507936507936,0.0093779130804649,Top 5: DG anchor + total SG overlay,Tier 3 - semi-core,standard,1.0,0.35,15.0,0.6,25.0,0.0014414051439569642,0.18161704813857737,True,False,False
"Du Plessis, Hennie",19421,-0.1002,-0.0951727809327026,0.5102040816326531,0.54165,0.5259270408163266,1.8462106526354656,1.9014044199891929,0.49512741781182,2.019682134387605,Make Cut: DG anchor + putting overlay,Tier 2 - candidate,0.45835,0.4740729591836734,2.1817388458601505,2.109379960675131,0.4897959183673469,0.4897959183673469,2.0416666666666665,0.485700656877534,2.0588813003235096,Miss Cut: DataGolf core; ARG weakness tag,Tier 1 - core,0.0087830545252577,113.85560651186437,0.0072248605959621,138.4109750932602,0.0048689493942744,205.38311636098013,Winner: DG anchor + total SG overlay,Tier 4 - speculative,0.0468531846790289,21.34326635106173,0.0409138972336943,24.44157285452768,0.0305254832999823,32.759514081160425,Top 5: DG anchor + total SG overlay,Tier 3 - semi-core,0.0926269544289114,10.795993522247043,0.0848222458532243,11.789360089927245,0.0661931360881949,15.107306574319304,Top 10: DG anchor + putting overlay,Tier 2 - current-price / early value,0.1830451684443323,5.463132452491471,0.1726614148128716,5.791681952124554,0.183711626501751,5.443313627134364,0.17329006615661,5.770671234531441,0.1772355674117623,5.642208359210152,Top 20: DG anchor + OTT overlay,Tier 3 - experimental,-0.178,0.104,-0.045,-0.238,-0.357,-0.019,6.788,0.0960736081259478,-0.0113868150368247,-0.020054004967281,2.87590220121866,34.0,unibet,0.029411764705882353,0.0305254832999823,Top 5: DG anchor + total SG overlay,Tier 3 - semi-core,standard,1.0,0.35,15.0,0.6,25.0,0.001113718594099946,0.037866432199398115,True,False,False
"Perez, Victor",20730,0.0564999999999999,0.0635107263350512,0.684931506849315,0.6007,0.6428157534246575,1.6647244880972198,1.5556557142111282,0.6954808454788162,1.4378541213619365,Make Cut: DG anchor + putting overlay,Tier 2 - candidate,0.3993,0.3571842465753425,2.504382669671926,2.7996755444506016,0.3150684931506849,0.3150684931506849,3.1739130434782603,0.2949994684759301,3.3898366162025577,Miss Cut: DataGolf core; ARG weakness tag,Tier 1 - core,0.0125506178205162,79.67735248581312,0.0147919755769247,67.60422195125734,0.0169876124461935,58.86642417628688,Winner: DG anchor + total SG overlay,Tier 4 - speculative,0.0632110434952373,15.820020437968974,0.0738662292114511,13.537986312220944,0.0928999508021338,10.76426834853642,Top 5: DG anchor + total SG overlay,Tier 3 - semi-core,0.1223148356852722,8.175623131874985,0.1430838376496811,6.988909554189809,0.1709170019254471,5.850793009089836,Top 10: DG anchor + putting overlay,Tier 2 - current-price / early value,0.232783700673475,4.295833415771222,0.267160579871092,3.743067186343552,0.232104056693039,4.308412417463751,0.2663805678711373,3.7540275853896152,0.3309252541848116,3.0218304204777637,Top 20: DG anchor + OTT overlay,Tier 3 - experimental,-0.009,0.197,0.079,0.043,0.31,0.013,1.162,-0.0157000688375582,0.0528963293206311,0.0296795837638773,2.77295739059054,11.0,skybet,0.09090909090909091,0.0928999508021338,Top 5: DG anchor + total SG overlay,Tier 3 - semi-core,standard,1.0,0.35,15.0,0.6,25.0,0.0019908598930428872,0.021899458823471774,True,False,False
"Manassero, Matteo",11460,0.05895,0.0699504401662259,0.5494505494505494,0.6142,0.5818252747252747,1.6281341582546405,1.7187290470875098,0.5242719626859933,1.9074069780056853,Make Cut: DG anchor + putting overlay,Tier 2 - candidate,0.3858,0.4181747252747253,2.592016588906169,2.391344908143449,0.4505494505494506,0.4505494505494506,2.219512195121951,0.4169133887575569,2.398579721750119,Miss Cut: DataGolf core; ARG weakness tag,Tier 1 - core,0.0131061629640774,76.29998213366429,0.009336414815372,107.10749466203475,0.0048258232524704,207.2185299136413,Winner: DG anchor + total SG overlay,Tier 4 - speculative,0.0654657829801614,15.275155271617807,0.0512638174160066,19.50693589369252,0.0328246680809485,30.46489297420804,Top 5: DG anchor + total SG overlay,Tier 3 - semi-core,0.1305613384658746,7.659235205078523,0.1063815774219705,9.400123820625678,0.065507948735308,15.265323053246693,Top 10: DG anchor + putting overlay,Tier 2 - current-price / early value,0.2491584710995286,4.013509938422044,0.2120601320606608,4.715643578463609,0.2476995888503859,4.0371484048123065,0.2108184694310544,4.743417418306595,0.1687205247093375,5.926961178687332,Top 20: DG anchor + OTT overlay,Tier 3 - experimental,0.363,-0.484,0.146,-0.343,-0.318,0.017,-14.595,-0.1670291309298381,0.0400902564625315,0.128494202180416,2.75097928478389,31.0,skybet,0.03225806451612903,0.0328246680809485,Top 5: DG anchor + total SG overlay,Tier 3 - semi-core,standard,1.0,0.35,15.0,0.6,25.0,0.0005666035648194678,0.017564710509403447,True,False,False
"Rose, Justin",6093,0.35315,0.347732229490836,0.7462686567164178,0.7011,0.7236843283582088,1.426330052774212,1.38181795682747,0.7494651070114678,1.334284932873731,Make Cut: DG anchor + putting overlay,Tier 2 - candidate,0.2989,0.2763156716417911,3.345600535296085,3.619049162352165,0.2537313432835821,0.2537313432835821,3.941176470588234,0.2466292208730889,4.054669582379221,Miss Cut: DataGolf core; ARG weakness tag,Tier 1 - core,0.0366116902422456,27.313680231187902,0.0355891784544561,28.09842888842489,0.0371612365255821,26.909761178468628,Winner: DG anchor + total SG overlay,Tier 4 - speculative,0.1378150744957222,7.256100275380544,0.1394808573536811,7.16944259572698,0.1693027798046185,5.90657755976621,Top 5: DG anchor + total SG overlay,Tier 3 - semi-core,0.2347071193601836,4.260629173610157,0.2380529176138248,4.200746666009042,0.2380409496400587,4.200957866754011,Top 10: DG anchor + putting overlay,Tier 2 - current-price / early value,0.3832109306118535,2.609528904625321,0.3894185829175892,2.5679308689067493,0.3830883147418664,2.610364141944196,0.3892939807872237,2.5687527918562134,0.4260107327213681,2.347358700594168,Top 20: DG anchor + OTT overlay,Tier 3 - experimental,0.59,0.135,-0.011,-0.04,0.674,0.007,2.87,0.0128721342607729,-0.0435343217725102,-0.022641339233079,2.85440992240614,6.0,skybet,0.16666666666666666,0.1693027798046185,Top 5: DG anchor + total SG overlay,Tier 3 - semi-core,standard,1.0,0.35,15.0,0.6,25.0,0.00263611313795184,0.015816678827710984,True,False,False
"Migliozzi, Guido",17357,0.04755,0.0858728970062859,0.6097560975609756,0.6115,0.6106280487804878,1.6353229762878168,1.6376581488471484,0.6207884672914554,1.6108546673926976,Make Cut: DG anchor + putting overlay,Tier 2 - candidate,0.3884999999999999,0.3893719512195122,2.5740025740025745,2.568238407692187,0.3902439024390244,0.3902439024390244,2.5625,0.3847051199884213,2.599393530374895,Miss Cut: DataGolf core; ARG weakness tag,Tier 1 - core,0.0159147620858138,62.83474390681504,0.0134323810429069,74.44696489815999,0.0102733814238715,97.33893435284796,Winner: DG anchor + total SG overlay,Tier 4 - speculative,0.0704352097414784,14.197444767614746,0.0647832954995548,15.43607796251846,0.0594404873194408,16.82354982431203,Top 5: DG anchor + total SG overlay,Tier 3 - semi-core,0.1336952917521408,7.479694960791223,0.1262931133946629,7.918088113601447,0.1239967127457299,8.064729925950694,Top 10: DG anchor + putting overlay,Tier 2 - current-price / early value,0.2531139883495928,3.950789154405928,0.2433878920616319,4.108667820446774,0.2524897249278494,3.960557207964627,0.242787616433643,4.118826218112787,0.2438973006340826,4.100086378160834,Top 20: DG anchor + OTT overlay,Tier 3 - experimental,0.132,-0.101,-0.034,0.036,0.033,-0.0,-3.787,-0.0359486363783603,0.032321370632819,0.201508460562405,2.82023863524115,17.0,skybet,0.058823529411764705,0.0594404873194408,Top 5: DG anchor + total SG overlay,Tier 3 - semi-core,standard,1.0,0.35,15.0,0.6,25.0,0.0006169579076760953,0.010488284430493655,True,False,False
"Lindell, Oliver",20085,0.2798,0.2461643415709113,0.6711409395973155,0.672,0.6715704697986578,1.488095238095238,1.4890470099136552,0.6769230817876957,1.477272716656501,Make Cut: DG anchor + putting overlay,Tier 2 - candidate,0.3279999999999999,0.3284295302013422,3.0487804878048785,3.0447931992806936,0.3288590604026845,0.3288590604026845,3.0408163265306127,0.3110068858185904,3.215362892586558,Miss Cut: DataGolf core; ARG weakness tag,Tier 1 - core,0.0263685086878356,37.92402565645748,0.0209675876772511,47.69265856391065,0.0158987275186042,62.89811551458002,Winner: DG anchor + total SG overlay,Tier 4 - speculative,0.1075356611971696,9.29924072505094,0.0938637763657805,10.653737136071213,0.091643170789106,10.91188782960436,Top 5: DG anchor + total SG overlay,Tier 3 - semi-core,0.190802947508192,5.241009182822323,0.174067425533798,5.744900270302636,0.1580488912602075,6.327156059283115,Top 10: DG anchor + putting overlay,Tier 2 - current-price / early value,0.3281124219635118,3.0477358766721925,0.3110268992286939,3.215155996088664,0.3277501470719973,3.0511046568053213,0.3106834887735156,3.218709832143631,0.2987742204814655,3.347008983534558,Top 20: DG anchor + OTT overlay,Tier 3 - experimental,0.61,-0.24,0.059,-0.016,0.414,-0.011,-4.058,-0.0166464058109763,-0.0493916471456297,-0.147507177453548,2.79495875889518,11.0,unibet,0.09090909090909091,0.091643170789106,Top 5: DG anchor + total SG overlay,Tier 3 - semi-core,standard,1.0,0.35,15.0,0.6,25.0,0.0007340798800150872,0.008074878680165987,True,False,False
"Clements, Todd",22608,-0.09325,-0.0748796284839361,0.5555555555555556,0.5487,0.5521277777777778,1.8224895206852565,1.8111749494380327,0.5664572724426912,1.7653582161418373,Make Cut: DG anchor + putting overlay,Tier 2 - candidate,0.4513,0.4478722222222222,2.215820961666297,2.232779686666584,0.4444444444444444,0.4444444444444444,2.25,0.4547647503290204,2.1989391202297544,Miss Cut: DataGolf core; ARG weakness tag,Tier 1 - core,0.007821901438756,127.84615196570874,0.007485950719378,133.58356706936573,0.0061664778197616,162.1671283395063,Winner: DG anchor + total SG overlay,Tier 4 - speculative,0.0446546731706274,22.394072758722377,0.0439203921408692,22.76846702080032,0.0378871879908938,26.39414675589935,Top 5: DG anchor + total SG overlay,Tier 3 - semi-core,0.0889241273869211,11.245541894933217,0.0897113488064956,11.14686172155282,0.0942457607898028,10.610556821015097,Top 10: DG anchor + putting overlay,Tier 2 - current-price / early value,0.1814467311320543,5.511259385941839,0.1840716504639997,5.432667102615987,0.1817353635696647,5.502506393680882,0.1843644584348951,5.424038930763497,0.193080546837723,5.179185663071809,Top 20: DG anchor + OTT overlay,Tier 3 - experimental,-0.081,-0.152,-0.137,0.03,-0.34,-0.014,-1.609,0.0101022593899207,0.0063558777627707,0.0852117584446662,2.83595674452089,26.0,skybet,0.038461538461538464,0.0378871879908938,Top 5: DG anchor + total SG overlay,Tier 3 - semi-core,standard,1.0,0.35,15.0,0.6,25.0,-0.0005743504706446634,-0.014933112236761303,False,False,False
"Jarvis, Casey",26947,0.13025,0.0938258832215694,0.6060606060606061,0.6148,0.6104303030303031,1.6265452179570592,1.638188659763108,0.5982493585721039,1.6715437896779208,Make Cut: DG anchor + putting overlay,Tier 2 - candidate,0.3852,0.3895696969696969,2.596053997923157,2.566934768742513,0.3939393939393939,0.3939393939393939,2.5384615384615388,0.40348358719974,2.47841555821442,Miss Cut: DataGolf core; ARG weakness tag,Tier 1 - core,0.0181377324611743,55.13368344916342,0.0151105328972538,66.17900287168167,0.0116434900867508,85.88490156726311,Winner: DG anchor + total SG overlay,Tier 4 - speculative,0.0800037583850938,12.49941277991658,0.0712898487692664,14.027242549448452,0.0656355631562711,15.235642872738184,Top 5: DG anchor + total SG overlay,Tier 3 - semi-core,0.1439904097080186,6.944906970039067,0.1337865874991418,7.474590829266905,0.1121580705754715,8.915987898767366,Top 10: DG anchor + putting overlay,Tier 2 - current-price / early value,0.2576963096196617,3.8805367507044113,0.2483896131480328,4.025933239825248,0.2578551176056148,3.878146803079874,0.2485426857871169,4.023453745311681,0.2690840982060475,3.716310278707972,Top 20: DG anchor + OTT overlay,Tier 3 - experimental,0.157,0.296,-0.134,-0.167,0.152,0.038,-0.564,-0.0755075809926602,0.0357426413468022,-0.153302453732523,2.89785232579019,15.0,bet365,0.06666666666666667,0.0656355631562711,Top 5: DG anchor + total SG overlay,Tier 3 - semi-core,standard,1.0,0.35,15.0,0.6,25.0,-0.0010311035103955646,-0.015466552655933552,False,False,False
"Law, David",14784,-0.24995,-0.2217859997050773,0.5319148936170213,0.4933,0.5126074468085107,2.027163997567403,1.950810520264563,0.5284585536431886,1.8922959863285564,Make Cut: DG anchor + putting overlay,Tier 2 - candidate,0.5066999999999999,0.4873925531914893,1.9735543714229329,2.0517342611246563,0.4680851063829787,0.4680851063829787,2.136363636363636,0.4690355390722726,2.132034604409608,Miss Cut: DataGolf core; ARG weakness tag,Tier 1 - core,0.0042479272133111,235.40892999918515,0.0048656302733222,205.52321977337684,0.0045498242820624,219.78870787218693,Winner: DG anchor + total SG overlay,Tier 4 - speculative,0.0285778861251467,34.99209128417869,0.03172522973886,31.52065432563617,0.0286913795680781,34.85367434588594,Top 5: DG anchor + total SG overlay,Tier 3 - semi-core,0.0625955051591049,15.975587982846454,0.0701336474254473,14.258491276430602,0.0727659001696569,13.742700875938532,Top 10: DG anchor + putting overlay,Tier 2 - current-price / early value,0.1378427544829449,7.254643189270632,0.1525230652987854,6.55638540991192,0.1381405739456766,7.239002788516335,0.152852602658452,6.542250394221238,0.1860052711000294,5.376191728793658,Top 20: DG anchor + OTT overlay,Tier 3 - experimental,-0.507,0.194,-0.077,-0.119,-0.51,-0.002,1.601,0.0164532838991157,0.0415185359902623,0.12221372552749,2.84721530620273,34.0,unibet,0.029411764705882353,0.0286913795680781,Top 5: DG anchor + total SG overlay,Tier 3 - semi-core,standard,1.0,0.35,15.0,0.6,25.0,-0.0007203851378042511,-0.024493094685344552,False,False,False
"Debove, Quentin",25325,-0.4469,-0.3967288232395539,0.334448160535117,0.4297,0.3820740802675585,2.327205026762857,2.617293482195183,0.3107863884733339,3.217644134649101,Make Cut: DG anchor + putting overlay,Tier 2 - candidate,0.5703,0.6179259197324415,1.7534630896019638,1.6183169665920385,0.6655518394648829,0.6655518394648829,1.5025125628140703,0.6550770844965744,1.526537904723836,Miss Cut: DataGolf core; ARG weakness tag,Tier 1 - core,0.0031566759889385,316.7889271829388,0.0025533379944692,391.64419366572986,0.0013902374142476,719.3016025548174,Winner: DG anchor + total SG overlay,Tier 4 - speculative,0.0197842351804587,50.54529482078316,0.0159913867701236,62.53366355119874,0.0077299397384315,129.36711460093528,Top 5: DG anchor + total SG overlay,Tier 3 - semi-core,0.042194847042459,23.69957637229351,0.035610700036381,28.08144740143745,0.0225929516669519,44.26159161234159,Top 10: DG anchor + putting overlay,Tier 2 - current-price / early value,0.0976800111316813,10.237509070836524,0.0837401525484876,11.941702630897106,0.0974130131608201,10.265568916845735,0.0835112577055099,11.97443347729658,0.0728206231457757,13.732373561239012,Top 20: DG anchor + OTT overlay,Tier 3 - experimental,-0.692,-0.122,0.003,-0.361,-1.173,-0.049,5.983,0.1450682398787865,-0.06,0.193321763862837,3.00823841252947,126.0,bet365,0.007936507936507936,0.0077299397384315,Top 5: DG anchor + total SG overlay,Tier 3 - semi-core,standard,1.0,0.35,15.0,0.6,25.0,-0.00020656819807643619,-0.02602759295763102,False,False,False
"Ritchie, JC",18174,-0.3242,-0.3666286320386223,0.4166666666666667,0.43435,0.4255083333333334,2.302290779325429,2.3501302363839325,0.4232674350924064,2.3625724945782403,Make Cut: DG anchor + putting overlay,Tier 2 - candidate,0.56565,0.5744916666666666,1.7678776628657298,1.7406692873409828,0.5833333333333333,0.5833333333333333,1.7142857142857144,0.5818044280657662,1.718790630941987,Miss Cut: DataGolf core; ARG weakness tag,Tier 1 - core,0.0034020506470485,293.94036237160714,0.0029010253235242,344.70571211187115,0.0019350875786356,516.7724763677462,Winner: DG anchor + total SG overlay,Tier 4 - speculative,0.0182267020908847,54.86456052299807,0.0183638338496751,54.45485992663178,0.0145070124580256,68.93218041229244,Top 5: DG anchor + total SG overlay,Tier 3 - semi-core,0.041384843233809,24.163435737822432,0.042879440107673,23.321200031738663,0.0449145167037776,22.26451653916811,Top 10: DG anchor + putting overlay,Tier 2 - current-price / early value,0.099402017760758,10.060157957827498,0.1014588924551375,9.856208517574483,0.0995663457276319,10.043554302329657,0.1016266207758901,9.839941467750146,0.1116851035404027,8.953745560510171,Top 20: DG anchor + OTT overlay,Tier 3 - experimental,-0.589,0.029,-0.061,-0.014,-0.636,0.02,-3.845,-0.0718722452453372,-0.0597590515741625,-0.161267274676902,2.9007583918117,67.0,skybet,0.014925373134328358,0.0145070124580256,Top 5: DG anchor + total SG overlay,Tier 3 - semi-core,standard,1.0,0.35,15.0,0.6,25.0,-0.00041836067630275815,-0.02803016531228486,False,False,False
"Schaper, Jayden",26991,-0.01295,-0.0506263631844215,0.625,0.5576,0.5912999999999999,1.793400286944046,1.691188905800778,0.6397350715134644,1.563147065916259,Make Cut: DG anchor + putting overlay,Tier 2 - candidate,0.4424,0.4087,2.260397830018083,2.4467824810374355,0.375,0.375,2.6666666666666665,0.3575656782154045,2.796689002677658,Miss Cut: DataGolf core; ARG weakness tag,Tier 1 - core,0.007556756720099,132.33190336010796,0.0090617116933828,110.35442682757458,0.0104141955075295,96.02277960664324,Winner: DG anchor + total SG overlay,Tier 4 - speculative,0.0410793417143765,24.34313594781949,0.0501242012804686,19.950442589688883,0.0644328715774141,15.520028450051786,Top 5: DG anchor + total SG overlay,Tier 3 - semi-core,0.0893997240037939,11.185716859232832,0.1054204572168669,9.485824918619333,0.1303607543740925,7.671020352723095,Top 10: DG anchor + putting overlay,Tier 2 - current-price / early value,0.185882104286974,5.379754031922031,0.213137614544293,4.6918044106765855,0.1860333986397793,5.375378869126196,0.2133110928765652,4.687988732862856,0.2712726488963196,3.686328142805875,Top 20: DG anchor + OTT overlay,Tier 3 - experimental,-0.188,0.311,0.048,0.079,0.25,0.069,-5.628,-0.1813256950135059,0.0013429480526295,-0.0980547054285122,2.77597096097666,15.0,skybet,0.06666666666666667,0.0644328715774141,Top 5: DG anchor + total SG overlay,Tier 3 - semi-core,standard,1.0,0.35,15.0,0.6,25.0,-0.0022337950892525604,-0.03350692633878849,False,False,False
"Helligkilde, Marcus",20190,-0.0709,-0.0352472243740256,0.4901960784313725,0.5629,0.5265480392156863,1.7765144785930007,1.8991619482422517,0.4771811376930531,2.095640252744546,Make Cut: DG anchor + putting overlay,Tier 2 - candidate,0.4371,0.4734519607843137,2.287805994051704,2.112146707225405,0.5098039215686274,0.5098039215686274,1.9615384615384617,0.501444846182837,1.9942372677919191,Miss Cut: DataGolf core; ARG weakness tag,Tier 1 - core,0.0097538827913481,102.52327420696706,0.0074602747290073,134.0433209666874,0.0044233507759536,226.07295931315736,Winner: DG anchor + total SG overlay,Tier 4 - speculative,0.0516515667272171,19.36049694835417,0.0421670163204665,23.71521836878536,0.0283595848434513,35.261447074071555,Top 5: DG anchor + total SG overlay,Tier 3 - semi-core,0.1022929047508454,9.775849091740008,0.0862838229446683,11.589658013197624,0.0612850441971662,16.31719472670691,Top 10: DG anchor + putting overlay,Tier 2 - current-price / early value,0.197293969935554,5.068578630794694,0.1740320736059905,5.746067258061896,0.1971792466305468,5.071527643442577,0.1739308767236536,5.749410448777467,0.1579333447097677,6.331785107430531,Top 20: DG anchor + OTT overlay,Tier 3 - experimental,-0.043,-0.095,-0.018,-0.217,-0.373,-0.042,3.363,0.1096656990399022,-0.0089644139409575,0.12567213209516,2.88396852426806,34.0,unibet,0.029411764705882353,0.0283595848434513,Top 5: DG anchor + total SG overlay,Tier 3 - semi-core,standard,1.0,0.35,15.0,0.6,25.0,-0.001052179862431054,-0.03577411532265595,False,False,False
"Girrbach, Joel",15592,0.0522,0.0515229419014513,0.5154639175257733,0.5915,0.5534819587628866,1.69061707523246,1.806743624011064,0.4829346136084146,2.0706736933353165,Make Cut: DG anchor + putting overlay,Tier 2 - candidate,0.4085,0.4465180412371133,2.4479804161566707,2.239551166240498,0.4845360824742267,0.4845360824742267,2.063829787234043,0.4992203459773875,2.003123486568185,Miss Cut: DataGolf core; ARG weakness tag,Tier 1 - core,0.0130505104819585,76.6253551064103,0.0090252552409792,110.80019049871204,0.0043199976682092,231.4816064274709,Winner: DG anchor + total SG overlay,Tier 4 - speculative,0.0613457592303989,16.3010452971045,0.0467419834511783,21.394042917423324,0.0283245177718417,35.30510238709619,Top 5: DG anchor + total SG overlay,Tier 3 - semi-core,0.1227990739049545,8.143383888823067,0.0970943344928998,10.29926210651484,0.0537692738613621,18.597982233838323,Top 10: DG anchor + putting overlay,Tier 2 - current-price / early value,0.2359521403878565,4.238147610596821,0.1958146915262998,5.106869112860668,0.2353472468608982,4.249040570213464,0.195312695489337,5.1199948753694535,0.1695048214005251,5.899537203352389,Top 20: DG anchor + OTT overlay,Tier 3 - experimental,0.161,0.087,-0.164,-0.417,-0.333,0.086,-9.436,-0.2502087819643088,-0.0199053590982121,0.126695440263964,2.82673727480995,34.0,unibet,0.029411764705882353,0.0283245177718417,Top 5: DG anchor + total SG overlay,Tier 3 - semi-core,standard,1.0,0.35,15.0,0.6,25.0,-0.001087246934040654,-0.03696639575738214,False,False,False
"Brown, Dan",20766,0.1871,0.1422718943309031,0.5952380952380952,0.63375,0.6144940476190477,1.5779092702169624,1.62735506368964,0.586033632312326,1.7063867069442376,Make Cut: DG anchor + putting overlay,Tier 2 - candidate,0.3662499999999999,0.3855059523809523,2.7303754266211606,2.593993669420212,0.4047619047619047,0.4047619047619047,2.4705882352941178,0.436924720941944,2.28872378254119,Miss Cut: DataGolf core; ARG weakness tag,Tier 1 - core,0.0200384117607566,49.90415467748832,0.0150275392137116,66.54449446304316,0.0093547359522018,106.89772593363598,Winner: DG anchor + total SG overlay,Tier 4 - speculative,0.0864496708126806,11.567424035272523,0.0712909365968165,14.027028507921925,0.0560461703860554,17.842432285949823,Top 5: DG anchor + total SG overlay,Tier 3 - semi-core,0.1574908462843715,6.349575379094489,0.1357325054580182,7.36743196941353,0.1023708314104951,9.768407526066838,Top 10: DG anchor + putting overlay,Tier 2 - current-price / early value,0.2807994180586686,3.561260941755463,0.2538785453781708,3.938891325024832,0.2804700726547938,3.565442795855132,0.2535807750599814,3.9435166162082376,0.2458192178035311,4.068030192819347,Top 20: DG anchor + OTT overlay,Tier 3 - experimental,0.384,0.088,-0.28,-0.181,0.012,0.037,-6.235,-0.1260364154350661,-0.0243437446948935,-0.155036384454228,2.84160600904127,17.0,skybet,0.058823529411764705,0.0560461703860554,Top 5: DG anchor + total SG overlay,Tier 3 - semi-core,standard,1.0,0.35,15.0,0.6,25.0,-0.002777359025709303,-0.04721510343705815,False,False,False
"Hillier, Daniel",21362,0.1946,0.1781192519263712,0.6578947368421053,0.64685,0.6523723684210527,1.5459534668006492,1.5328668846295803,0.6667476209831114,1.4998178749037183,Make Cut: DG anchor + putting overlay,Tier 2 - candidate,0.3531499999999999,0.3476276315789472,2.831657935721365,2.876641294185778,0.3421052631578947,0.3421052631578947,2.923076923076924,0.3750647162358968,2.666206541729322,Miss Cut: DataGolf core; ARG weakness tag,Tier 1 - core,0.021140332500103,47.30294568428038,0.0184201662500515,54.28832652350268,0.015698770282881,63.699256819527164,Winner: DG anchor + total SG overlay,Tier 4 - speculative,0.0907857936889365,11.014939225253071,0.0844592725058439,11.84002620826278,0.0864596870372706,11.566083966611227,Top 5: DG anchor + total SG overlay,Tier 3 - semi-core,0.1699059875144549,5.885607768324962,0.1606016979234314,6.226584232482774,0.1554631277155132,6.432393421480176,Top 10: DG anchor + putting overlay,Tier 2 - current-price / early value,0.2958491091879488,3.380101440037509,0.2881734236233369,3.47013262856283,0.2959560525593887,3.378880044358385,0.2882775923922281,3.468878700219642,0.3174218778223199,3.1503814634974843,Top 20: DG anchor + OTT overlay,Tier 3 - experimental,0.242,0.358,-0.298,0.018,0.32,0.014,7.11,0.0393585948147015,0.0007789637801973,-0.102277778720544,2.83084401611233,11.0,unibet,0.09090909090909091,0.0864596870372706,Top 5: DG anchor + total SG overlay,Tier 3 - semi-core,standard,1.0,0.35,15.0,0.6,25.0,-0.004449403871820315,-0.04894344259002348,False,False,False
"Detry, Thomas",14181,-0.0079999999999999,0.0202353986311551,0.6666666666666666,0.58825,0.6274583333333333,1.6999575010624732,1.5937313234610533,0.7046836226341412,1.4190765442539337,Make Cut: DG anchor + putting overlay,Tier 2 - candidate,0.4117499999999999,0.3725416666666666,2.4286581663630846,2.6842635052007604,0.3333333333333333,0.3333333333333333,3.0,0.3266378960162254,3.0614941260530464,Miss Cut: DataGolf core; ARG weakness tag,Tier 1 - core,0.0112265571926075,89.07450279222542,0.0134382785963037,74.41429293444264,0.0153455573178979,65.16544034759,Winner: DG anchor + total SG overlay,Tier 4 - speculative,0.0580098015746272,17.23846613599499,0.0692512466867845,14.440173250929128,0.0862584038405939,11.593073317795287,Top 5: DG anchor + total SG overlay,Tier 3 - semi-core,0.112921139033468,8.855737805687701,0.134979542280082,7.408530086174125,0.2014598593513208,4.963767984450565,Top 10: DG anchor + putting overlay,Tier 2 - current-price / early value,0.2216263717498335,4.512098411865786,0.2553692795083787,3.915897800726613,0.2210328451146658,4.524214487133019,0.2546853876592495,3.92641293319084,0.3031672258703711,3.298509583709362,Top 20: DG anchor + OTT overlay,Tier 3 - experimental,-0.047,-0.067,-0.023,0.369,0.233,-0.029,6.427,0.1111205548491743,-0.0099842018736796,0.0881127661996083,2.80522516109476,11.0,unibet,0.09090909090909091,0.0862584038405939,Top 5: DG anchor + total SG overlay,Tier 3 - semi-core,standard,1.0,0.35,15.0,0.6,25.0,-0.004650687068497014,-0.05115755775346709,False,False,False
"Straka, Sepp",17511,0.15475,0.1495595352179423,0.641025641025641,0.6336,0.6373128205128205,1.578282828282828,1.5690881586146963,0.6498165302841714,1.538895908915536,Make Cut: DG anchor + putting overlay,Tier 2 - candidate,0.3663999999999999,0.3626871794871795,2.729257641921398,2.7571969911204115,0.358974358974359,0.358974358974359,2.785714285714285,0.3623298225455113,2.759916346312875,Miss Cut: DataGolf core; ARG weakness tag,Tier 1 - core,0.0192876103494623,51.84675456842553,0.0166104718413978,60.20298577598058,0.0137546973319658,72.70243581994403,Winner: DG anchor + total SG overlay,Tier 4 - speculative,0.0850452582203597,11.758445102358468,0.0788970636339893,12.674742936430318,0.079029200553254,12.653550750853755,Top 5: DG anchor + total SG overlay,Tier 3 - semi-core,0.1545454473573768,6.470588536248252,0.1481710200351099,6.74895806051038,0.1455240818118854,6.871714891097335,Top 10: DG anchor + putting overlay,Tier 2 - current-price / early value,0.2811649356913018,3.5566312617940583,0.2741397796195254,3.647774144226297,0.2811535169465228,3.5567757105105198,0.274128646182244,3.647922294611954,0.2881624233804197,3.470265096569661,Top 20: DG anchor + OTT overlay,Tier 3 - experimental,0.258,0.083,-0.094,0.015,0.261,0.033,-3.862,-0.0979009422464321,-0.06,0.0379981472129274,2.85556027951075,12.0,skybet,0.08333333333333333,0.079029200553254,Top 5: DG anchor + total SG overlay,Tier 3 - semi-core,standard,1.0,0.35,15.0,0.6,25.0,-0.004304132780079323,-0.05164959336095187,False,False,False
"Schmidt, Ben",27258,-0.3152,-0.324474924853697,0.3745318352059925,0.45655,0.4155409176029963,2.190340597962983,2.40650188137523,0.3683767582258646,2.714612085778944,Make Cut: DG anchor + putting overlay,Tier 2 - candidate,0.54345,0.5844590823970037,1.8400956849756187,1.710983762796132,0.6254681647940075,0.6254681647940075,1.598802395209581,0.6663148086667583,1.500792098559116,Miss Cut: DataGolf core; ARG weakness tag,Tier 1 - core,0.0034513231215736,289.74395174684497,0.0027173282274534,368.00854232362894,0.0014408282504485,694.045247716835,Winner: DG anchor + total SG overlay,Tier 4 - speculative,0.0243047352760456,41.14424570530438,0.0193196526909328,51.76076485419026,0.0093871868504104,106.52818740433096,Top 5: DG anchor + total SG overlay,Tier 3 - semi-core,0.052851469584141,18.920949745928464,0.0436269891858249,22.9215909385953,0.0314233308171584,31.823488280687208,Top 10: DG anchor + putting overlay,Tier 2 - current-price / early value,0.113818525454773,8.785915965827199,0.098628269704206,10.139080843647356,0.1138621388417791,8.782550636867823,0.0986660624350393,10.135197202770604,0.0856134705754852,11.680404885797754,Top 20: DG anchor + OTT overlay,Tier 3 - experimental,-0.394,-0.192,-0.354,-0.151,-1.091,-0.009,-1.036,0.0062137706126388,-0.0268141814332799,-0.0427779642164845,2.96492513538009,101.0,unibet,0.009900990099009901,0.0093871868504104,Top 5: DG anchor + total SG overlay,Tier 3 - semi-core,standard,1.0,0.35,15.0,0.6,25.0,-0.0005138032485995005,-0.05189412810854954,False,False,False
"Rosenmueller, Thomas",22736,0.0519,0.0554023522424212,0.5524861878453039,0.60905,0.5807680939226519,1.641901321730564,1.721857675144913,0.545282139148676,1.833912993301512,Make Cut: DG anchor + putting overlay,Tier 2 - candidate,0.39095,0.419231906077348,2.557871850620284,2.385314632554471,0.4475138121546961,0.4475138121546961,2.234567901234568,0.4605126070026766,2.171493211681364,Miss Cut: DataGolf core; ARG weakness tag,Tier 1 - core,0.0137756481966356,72.59186542265392,0.0103211574316511,96.8883583669962,0.0062451095957034,160.1252923868595,Winner: DG anchor + total SG overlay,Tier 4 - speculative,0.0678919154775599,14.729294246095115,0.0551293142202614,18.139169952389384,0.040624905198829,24.615442057174924,Top 5: DG anchor + total SG overlay,Tier 3 - semi-core,0.1302913678957874,7.675105543445077,0.1101936247570845,9.074935162578074,0.0821190462816047,12.177442935354788,Top 10: DG anchor + putting overlay,Tier 2 - current-price / early value,0.2439566329628473,4.099089202269372,0.2140340079889901,4.672154716887046,0.2427844519666548,4.118879903138709,0.2130056014494483,4.69471221975036,0.200438074268245,4.9890720794977605,Top 20: DG anchor + OTT overlay,Tier 3 - experimental,0.107,0.097,-0.154,-0.158,-0.107,0.007,3.235,0.0142867907782351,-0.06,0.0253683658229886,2.84810337352324,23.0,skybet,0.043478260869565216,0.040624905198829,Top 5: DG anchor + total SG overlay,Tier 3 - semi-core,standard,1.0,0.35,15.0,0.6,25.0,-0.0028533556707362184,-0.06562718042693305,False,False,False
"Noren, Alex",10419,0.1298,0.1203633034841376,0.7575757575757576,0.62825,0.6929128787878788,1.5917230401910067,1.4431828742298924,0.7957099857288029,1.256739286844672,Make Cut: DG anchor + putting overlay,Tier 2 - candidate,0.37175,0.3070871212121212,2.6899798251513114,3.2564048796733727,0.2424242424242424,0.2424242424242424,4.125,0.2138789925423636,4.6755410062160605,Miss Cut: DataGolf core; ARG weakness tag,Tier 1 - core,0.0109524372123779,91.30387881793531,0.0202928852728556,49.27835478070881,0.0326561568677249,30.622096900457112,Winner: DG anchor + total SG overlay,Tier 4 - speculative,0.0691626966069736,14.458661230093952,0.1016311267426403,9.83950519934992,0.1670020582732422,5.987950150673228,Top 5: DG anchor + total SG overlay,Tier 3 - semi-core,0.1384581793055748,7.222397441707051,0.1879430149173379,5.32076172365238,0.3133401720256401,3.191419707008305,Top 10: DG anchor + putting overlay,Tier 2 - current-price / early value,0.2650955003525957,3.772225475988576,0.3311711891496053,3.019586343147301,0.2651275662989796,3.77176924285692,0.3312112476099754,3.019221138219226,0.4188491598930679,2.387494343441681,Top 20: DG anchor + OTT overlay,Tier 3 - experimental,0.117,-0.005,0.186,0.481,0.778,0.049,-8.176,-0.1671811200519062,0.191464598866488,-0.011459072269981,2.73861956509678,5.5,skybet,0.18181818181818182,0.1670020582732422,Top 5: DG anchor + total SG overlay,Tier 3 - semi-core,standard,1.0,0.35,15.0,0.6,25.0,-0.014816123544939636,-0.08148867949716798,False,False,False
"Bairstow, Sam",28615,-0.08715,-0.0534318281533636,0.6024096385542169,0.5547,0.5785548192771084,1.802776275464215,1.728444680919741,0.6216281111230499,1.6086788581574494,Make Cut: DG anchor + putting overlay,Tier 2 - candidate,0.4453,0.4214451807228916,2.2456770716370986,2.3727878398911373,0.3975903614457831,0.3975903614457831,2.515151515151516,0.4006259389796732,2.496093993681067,Miss Cut: DataGolf core; ARG weakness tag,Tier 1 - core,0.0085150593002207,117.43899422686104,0.0093575296501103,106.86581153266306,0.009234150995986,108.2936590959668,Winner: DG anchor + total SG overlay,Tier 4 - speculative,0.0462089101066485,21.64084800295085,0.0512279565287007,19.520591250594663,0.0533638589048073,18.739274492570743,Top 5: DG anchor + total SG overlay,Tier 3 - semi-core,0.0924151352004203,10.82073837614698,0.1032773036049461,9.682669522678244,0.1264488589314555,7.908335499825053,Top 10: DG anchor + putting overlay,Tier 2 - current-price / early value,0.191095022942873,5.232998665271076,0.207975982387095,4.808247512632259,0.1893916988394675,5.280062463812743,0.2061221899739076,4.851491244715511,0.2399156116811756,4.168132256974181,Top 20: DG anchor + OTT overlay,Tier 3 - experimental,-0.169,0.01,-0.091,0.124,-0.125,-0.008,3.655,0.0463066347982212,-0.025159421083831,0.151727397105029,2.83249009799984,17.0,bet365,0.058823529411764705,0.0533638589048073,Top 5: DG anchor + total SG overlay,Tier 3 - semi-core,standard,1.0,0.35,15.0,0.6,25.0,-0.005459670506957406,-0.0928143986182759,False,False,False
"Vidal, Quim",29712,-0.38415,-0.3756891785159318,0.3012048192771084,0.4268,0.3640024096385542,2.3430178069353325,2.74723456087276,0.2744579665165803,3.6435451763051274,Make Cut: DG anchor + putting overlay,Tier 2 - candidate,0.5731999999999999,0.6359975903614458,1.744591765526867,1.57233300118588,0.6987951807228916,0.6987951807228916,1.4310344827586206,0.7165633879983376,1.3955499495912285,Miss Cut: DataGolf core; ARG weakness tag,Tier 1 - core,0.0035006596296066,285.6604485459094,0.0022836631481366,437.8929531774216,0.0007412930162732,1348.9942277176172,Winner: DG anchor + total SG overlay,Tier 4 - speculative,0.0196330966410346,50.93440012463067,0.0139869087702527,71.4954259319108,0.0050531935900716,197.8946545734492,Top 5: DG anchor + total SG overlay,Tier 3 - semi-core,0.0436144651158002,22.92817296612288,0.0326350019181694,30.64194702692057,0.016111316064049,62.06817593451661,Top 10: DG anchor + putting overlay,Tier 2 - current-price / early value,0.0991487266282928,10.085858225380802,0.0778878034850865,12.838980626684036,0.0988328904294913,10.11808918725708,0.0776396935131052,12.880009628466713,0.0588959039134433,16.979109472021257,Top 20: DG anchor + OTT overlay,Tier 3 - experimental,-0.523,-0.136,-0.207,-0.418,-1.284,0.007,-3.049,-0.0419290275412286,-0.06,0.0782686211909551,2.98348718420363,176.0,skybet,0.005681818181818182,0.0050531935900716,Top 5: DG anchor + total SG overlay,Tier 3 - semi-core,standard,1.0,0.35,15.0,0.6,25.0,-0.0006286245917465818,-0.11063792814739837,False,False,False
"Hill, Calum",25131,-0.15835,-0.1466134008367005,0.5988023952095809,0.52045,0.5596261976047905,1.9214141608223652,1.786907053815595,0.6319847808410676,1.582316584695544,Make Cut: DG anchor + putting overlay,Tier 2 - candidate,0.47955,0.4403738023952095,2.085288291106245,2.270798114149758,0.4011976047904191,0.4011976047904191,2.492537313432836,0.3852346428586264,2.5958205434992,Miss Cut: DataGolf core; ARG weakness tag,Tier 1 - core,0.0062442049262798,160.1484915703726,0.0080054357964732,124.91512335162946,0.0087844042931831,113.83811202496868,Winner: DG anchor + total SG overlay,Tier 4 - speculative,0.0362603556714922,27.57832849351216,0.0458822710897143,21.794910675731007,0.0521018381671922,19.19318080085867,Top 5: DG anchor + total SG overlay,Tier 3 - semi-core,0.0783413120636878,12.764657288188468,0.0961958972258349,10.395453744272936,0.1399493034551112,7.145444638248952,Top 10: DG anchor + putting overlay,Tier 2 - current-price / early value,0.1651769975027681,6.054111741456262,0.194935973660734,5.129889477149029,0.1649065152827381,6.06404178928567,0.1946167602368517,5.138303601308458,0.2291149132413801,4.364622039886451,Top 20: DG anchor + OTT overlay,Tier 3 - experimental,-0.244,-0.221,0.035,0.276,-0.154,-0.021,-1.33,0.0251701915703241,0.0902740165231459,0.0235293959005489,2.86196687943569,17.0,skybet,0.058823529411764705,0.0521018381671922,Top 5: DG anchor + total SG overlay,Tier 3 - semi-core,standard,1.0,0.35,15.0,0.6,25.0,-0.006721691244572503,-0.1142687511577326,False,False,False
"Kinhult, Marcus",18514,-0.29295,-0.2927187299746971,0.4651162790697674,0.4626,0.4638581395348837,2.16169476869866,2.1558315242731587,0.4515000481481228,2.2148391879505,Make Cut: DG anchor + putting overlay,Tier 2 - candidate,0.5374,0.5361418604651162,1.8608113137327875,1.865177994369765,0.5348837209302326,0.5348837209302326,1.869565217391304,0.5207269548529361,1.9203922337425767,Miss Cut: DataGolf core; ARG weakness tag,Tier 1 - core,0.0041475473691474,241.10634816102072,0.003957107017907,252.7098699819624,0.0029709694621855,336.59046743091704,Winner: DG anchor + total SG overlay,Tier 4 - speculative,0.0251244328329583,39.80189350536087,0.0252603050408177,39.58780380459041,0.0191741432411068,52.15356886748053,Top 5: DG anchor + total SG overlay,Tier 3 - semi-core,0.0545459794959679,18.333156893331083,0.0566412145555837,17.654988648216033,0.0508999167771765,19.64639754476768,Top 10: DG anchor + putting overlay,Tier 2 - current-price / early value,0.1202320923200067,8.31724692387807,0.1246782701628523,8.020643843500709,0.1203578621778366,8.308555684733205,0.1248086909848665,8.012262544450959,0.136454009780322,7.32847647064315,Top 20: DG anchor + OTT overlay,Tier 3 - experimental,-0.469,-0.058,0.019,-0.224,-0.732,0.047,-9.664,-0.1788088567896807,0.0298568438321498,0.0830965675633171,2.89428895148111,46.0,bet365,0.021739130434782608,0.0191741432411068,Top 5: DG anchor + total SG overlay,Tier 3 - semi-core,standard,1.0,0.35,15.0,0.6,25.0,-0.0025649871936758092,-0.11798941090908732,False,False,False
"Van Tonder, Daniel",15193,-0.19725,-0.2097545198008049,0.4291845493562232,0.49025,0.4597172746781116,2.039775624681285,2.175249996207316,0.394365065957537,2.535721559342364,Make Cut: DG anchor + putting overlay,Tier 2 - candidate,0.5097499999999999,0.5402827253218884,1.9617459538989703,1.8508827936414631,0.5708154506437768,0.5708154506437768,1.7518796992481205,0.5604273755443024,1.7843525203042991,Miss Cut: DataGolf core; ARG weakness tag,Tier 1 - core,0.0064004862450174,156.2381296856105,0.0045419097891753,220.1717001036167,0.0021384066295872,467.63790673105694,Winner: DG anchor + total SG overlay,Tier 4 - speculative,0.0303945591616763,32.90062522969154,0.0253369356654942,39.46807195638402,0.0155845105417738,64.16627569531485,Top 5: DG anchor + total SG overlay,Tier 3 - semi-core,0.0656556578767737,15.230979817106654,0.0567462453136782,17.622311299580513,0.0349026271010436,28.651138411586714,Top 10: DG anchor + putting overlay,Tier 2 - current-price / early value,0.1416801575539498,7.058151383119504,0.1256521516577979,7.958478918239363,0.1415720636171306,7.063540464483255,0.1255562861818062,7.964555422991681,0.1196500567770854,8.357706021511165,Top 20: DG anchor + OTT overlay,Tier 3 - experimental,-0.313,0.082,-0.004,-0.452,-0.687,0.035,-6.37,-0.1243995121835093,-0.014371761965226,0.0032700975790367,2.90299704501115,56.0,skybet,0.017857142857142856,0.0155845105417738,Top 5: DG anchor + total SG overlay,Tier 3 - semi-core,standard,1.0,0.35,15.0,0.6,25.0,-0.0022726323153690556,-0.12726740966066719,False,False,False
"Ortiz, Carlos",14735,0.0236999999999999,0.0319084749793882,0.6134969325153374,0.5919,0.6026984662576687,1.6894745734076704,1.6592044877918688,0.6066687662441632,1.648345943686731,Make Cut: DG anchor + putting overlay,Tier 2 - candidate,0.4081,0.3973015337423313,2.450379808870375,2.516979963758577,0.3865030674846625,0.3865030674846625,2.5873015873015874,0.3687025655791567,2.712213294282896,Miss Cut: DataGolf core; ARG weakness tag,Tier 1 - core,0.0135521503373966,73.78902794787783,0.0130260751686983,76.76909483855911,0.0118306482735823,84.52622179910304,Winner: DG anchor + total SG overlay,Tier 4 - speculative,0.0629364782135891,15.889036507671657,0.0643597966464771,15.537650087568093,0.0669458975065685,14.937435111716644,Top 5: DG anchor + total SG overlay,Tier 3 - semi-core,0.1224224348162938,8.16843743959669,0.1258818409050204,7.943957546303393,0.1182341037165031,8.457796596468972,Top 10: DG anchor + putting overlay,Tier 2 - current-price / early value,0.2300318128842173,4.347224792352236,0.2378951578157351,4.20353238452446,0.2299912451597649,4.347991591181409,0.237853203335223,4.20427383771927,0.2722122488476803,3.673603977165489,Top 20: DG anchor + OTT overlay,Tier 3 - experimental,-0.035,0.215,0.049,-0.157,0.073,-0.011,3.91,0.0535118096257948,-0.06,0.0292864700840436,2.86200156880334,13.0,bet365,0.07692307692307693,0.0669458975065685,Top 5: DG anchor + total SG overlay,Tier 3 - semi-core,standard,1.0,0.35,15.0,0.6,25.0,-0.009977179416508428,-0.1297033324146094,False,False,False
"Jordan, Matthew",25601,0.1664,0.1775492158837471,0.6578947368421053,0.65155,0.6547223684210526,1.5348016268897249,1.527364953807259,0.6253797986077385,1.5990283060410098,Make Cut: DG anchor + putting overlay,Tier 2 - candidate,0.34845,0.3452776315789474,2.869852202611565,2.8962200517508787,0.3421052631578947,0.3421052631578947,2.923076923076924,0.3063040520765739,3.2647299087966584,Miss Cut: DataGolf core; ARG weakness tag,Tier 1 - core,0.0197493339101531,50.63461909902188,0.0180080002884099,55.53087427722931,0.0158512289176991,63.08659127895273,Winner: DG anchor + total SG overlay,Tier 4 - speculative,0.0919710717608746,10.872984090040903,0.0869974472560987,11.494590146493035,0.0869993502934673,11.494338712033908,Top 5: DG anchor + total SG overlay,Tier 3 - semi-core,0.1699059875144549,5.885607768324962,0.1635012433086019,6.116161441736199,0.1183640645635933,8.448510142727743,Top 10: DG anchor + putting overlay,Tier 2 - current-price / early value,0.2996673789517721,3.3370332249641965,0.29347803351148,3.407410047133503,0.2987190488902891,3.34762715573345,0.2925492903078074,3.418227400065965,0.3164829055087299,3.1597283221112744,Top 20: DG anchor + OTT overlay,Tier 3 - experimental,0.254,0.21,0.188,-0.446,0.206,0.006,0.7,-0.0047771408329133,0.154750777597098,0.0194469554359178,2.82743725060459,10.0,unibet,0.1,0.0869993502934673,Top 5: DG anchor + total SG overlay,Tier 3 - semi-core,standard,1.0,0.35,15.0,0.6,25.0,-0.01300064970653271,-0.13000649706532708,False,False,False
"Howell III, Charles",6892,0.0295,-0.0007138591676005,0.5780346820809249,0.57905,0.5785423410404624,1.7269665831966152,1.7284819607179993,0.5814042957982933,1.7199735317176434,Make Cut: DG anchor + putting overlay,Tier 2 - candidate,0.42095,0.4214576589595376,2.375579047392802,2.372717587974848,0.4219653179190751,0.4219653179190751,2.3698630136986303,0.3859551216511893,2.590974815211184,Miss Cut: DataGolf core; ARG weakness tag,Tier 1 - core,0.0108976874892759,91.76258733644823,0.0102988437446379,97.09827868013296,0.0095903610754893,104.27136080994444,Winner: DG anchor + total SG overlay,Tier 4 - speculative,0.0538734153678771,18.56203088613284,0.0530935430013988,18.834682024773752,0.0574287197604597,17.41289034774044,Top 5: DG anchor + total SG overlay,Tier 3 - semi-core,0.1093361823286456,9.146103135320503,0.1082057392569708,9.241653972024208,0.1054854497250284,9.47998043907217,Top 10: DG anchor + putting overlay,Tier 2 - current-price / early value,0.2113139017507538,4.732296321798585,0.2112908986868249,4.732811522952527,0.2120060179651677,4.716847236686926,0.2119829395593261,4.717360755911856,0.2344424048345445,4.265439951896673,Top 20: DG anchor + OTT overlay,Tier 3 - experimental,-0.061,0.205,0.166,-0.048,0.263,0.008,-0.833,-0.0211996414699158,-0.06,-0.125469475103045,2.83026452609267,15.0,bet365,0.06666666666666667,0.0574287197604597,Top 5: DG anchor + total SG overlay,Tier 3 - semi-core,standard,1.0,0.35,15.0,0.6,25.0,-0.009237946906206967,-0.13856920359310454,False,False,False
"Armitage, Marcus",17813,-0.14575,-0.1373955718992748,0.5747126436781609,0.5219,0.5483063218390805,1.9160758766047132,1.823798048955352,0.595590908877923,1.6790048086596432,Make Cut: DG anchor + putting overlay,Tier 2 - candidate,0.4780999999999999,0.4516936781609195,2.0916126333403056,2.2138897406568128,0.4252873563218391,0.4252873563218391,2.3513513513513518,0.4038409534340157,2.476222363028349,Miss Cut: DataGolf core; ARG weakness tag,Tier 1 - core,0.0058809412052082,170.04080896343282,0.0066488039359374,150.40299121995494,0.0065406298471461,152.89047436866198,Winner: DG anchor + total SG overlay,Tier 4 - speculative,0.0327421031570792,30.541715515418453,0.0384342592504972,26.01845383522153,0.0401774679460392,24.88957246741036,Top 5: DG anchor + total SG overlay,Tier 3 - semi-core,0.0692447296171734,14.441532309081168,0.0824953118384087,12.121900962794015,0.1073727125979381,9.31335323290699,Top 10: DG anchor + putting overlay,Tier 2 - current-price / early value,0.1537746069635298,6.503024262238345,0.1765441910685789,5.664304183259976,0.1543544640713604,6.478594616723783,0.1772099082897686,5.643025323193712,0.2013969982986954,4.965317300890863,Top 20: DG anchor + OTT overlay,Tier 3 - experimental,-0.182,-0.265,0.069,0.137,-0.242,-0.013,-3.622,-0.0105128887186405,0.0751583304009908,0.0282390022626985,2.80656506832544,21.0,skybet,0.047619047619047616,0.0401774679460392,Top 5: DG anchor + total SG overlay,Tier 3 - semi-core,standard,1.0,0.35,15.0,0.6,25.0,-0.007441579673008417,-0.1562731731331768,False,False,False
"Robinson Thompson, Brandon",24497,-0.35935,-0.3685741990982116,0.4219409282700421,0.4339,0.427920464135021,2.30467849734962,2.3368828644859376,0.4205558537742787,2.377805447303847,Make Cut: DG anchor + putting overlay,Tier 2 - candidate,0.5661,0.572079535864979,1.7664723547076486,1.7480086898896134,0.5780590717299579,0.5780590717299579,1.7299270072992698,0.5722022155200904,1.7476339183536231,Miss Cut: DataGolf core; ARG weakness tag,Tier 1 - core,0.0032546250995725,307.2550507065599,0.0030689792164529,325.8412421429777,0.0022136281193955,451.7470623173497,Winner: DG anchor + total SG overlay,Tier 4 - speculative,0.0213002382860124,46.947831595700364,0.0202266998308369,49.43960252356322,0.0138034330051076,72.44574589741345,Top 5: DG anchor + total SG overlay,Tier 3 - semi-core,0.046614293834061,21.45264719787089,0.0455898013228099,21.934730377946845,0.0423715020053328,23.600768268119005,Top 10: DG anchor + putting overlay,Tier 2 - current-price / early value,0.1039644301881606,9.618674369591057,0.1047569013521303,9.54591045642516,0.1036365096786729,9.649109209684116,0.1044264812613206,9.576115061251208,0.1089848202591295,9.175589752979665,Top 20: DG anchor + OTT overlay,Tier 3 - experimental,-0.555,-0.164,-0.033,-0.098,-0.85,0.02,-3.525,-0.070784306145723,-0.0308668718348123,-0.003012124459493,2.92181573945081,61.0,skybet,0.01639344262295082,0.0138034330051076,Top 5: DG anchor + total SG overlay,Tier 3 - semi-core,standard,1.0,0.35,15.0,0.6,25.0,-0.00259000961784322,-0.15799058668843646,False,False,False
"Burmester, Dean",14424,0.1472,0.1555914252716217,0.6535947712418301,0.6432,0.6483973856209151,1.554726368159204,1.5422640839959356,0.6483140979477244,1.5424622157154342,Make Cut: DG anchor + putting overlay,Tier 2 - candidate,0.3568,0.3516026143790849,2.802690582959641,2.844119921479984,0.3464052287581699,0.3464052287581699,2.8867924528301887,0.3287625614415514,3.041708872248775,Miss Cut: DataGolf core; ARG weakness tag,Tier 1 - core,0.0232423994837814,43.02481766987095,0.020429533075224,48.94874475681239,0.0180987515138631,55.25242993882893,Winner: DG anchor + total SG overlay,Tier 4 - speculative,0.0967800697770086,10.33270592079654,0.0912301401998596,10.961289742724066,0.0986098775462955,10.1409719277921,Top 5: DG anchor + total SG overlay,Tier 3 - semi-core,0.1706185809540933,5.861026357199982,0.1650318036120596,6.059438108976258,0.1473578037500378,6.786203204387426,Top 10: DG anchor + putting overlay,Tier 2 - current-price / early value,0.2895233649385205,3.4539526722216265,0.2882104336717612,3.4696870174342327,0.2906306395738391,3.440793446507676,0.2893126870353427,3.4564678453863964,0.3298528320044415,3.031655038167248,Top 20: DG anchor + OTT overlay,Tier 3 - experimental,0.077,0.455,0.054,-0.143,0.443,-0.068,15.149,0.266645227142225,0.042943360778833,-0.102101327407712,2.88781848412403,8.5,skybet,0.11764705882352941,0.0986098775462955,Top 5: DG anchor + total SG overlay,Tier 3 - semi-core,standard,1.0,0.35,15.0,0.6,25.0,-0.019037181277233917,-0.16181604085648837,False,False,False
"Mory, Felix",25089,-0.2282,-0.20421125657085,0.425531914893617,0.49265,0.4590909574468085,2.029838627829088,2.178217592351212,0.4047330487287024,2.470764379486866,Make Cut: DG anchor + putting overlay,Tier 2 - candidate,0.50735,0.5409090425531915,1.9710259189908348,1.8487396610709512,0.574468085106383,0.574468085106383,1.7407407407407405,0.5901401603624084,1.694512705906838,Miss Cut: DataGolf core; ARG weakness tag,Tier 1 - core,0.0057258720225357,174.64588731012938,0.0042712693446011,234.1224397997721,0.0022140391538265,451.663195870635,Winner: DG anchor + total SG overlay,Tier 4 - speculative,0.0336846755759244,29.68709013527603,0.0268024535287029,37.31001711948093,0.0149512845269827,66.88388534077365,Top 5: DG anchor + total SG overlay,Tier 3 - semi-core,0.0696094367512714,14.365868288421902,0.0583026883454806,17.151867750494823,0.0383407525589046,26.081908498370087,Top 10: DG anchor + putting overlay,Tier 2 - current-price / early value,0.1465452081441084,6.82383281353443,0.1278071390740892,7.824289059629954,0.1469203721722785,6.806408023710981,0.128134332584755,7.80430958532168,0.1197206958762059,8.352774703498417,Top 20: DG anchor + OTT overlay,Tier 3 - experimental,-0.377,0.107,-0.173,-0.303,-0.747,-0.002,3.075,0.0306697580315173,-0.06,0.119608838129991,2.93164109414952,56.0,bet365,0.017857142857142856,0.0149512845269827,Top 5: DG anchor + total SG overlay,Tier 3 - semi-core,standard,1.0,0.35,15.0,0.6,25.0,-0.002905858330160157,-0.16272806648896887,False,False,False
"Leishman, Marc",7649,0.18505,0.173291926041448,0.6666666666666666,0.6532,0.6599333333333333,1.5309246785058177,1.5153045762198205,0.6774543830265496,1.4761141488707583,Make Cut: DG anchor + putting overlay,Tier 2 - candidate,0.3468,0.3400666666666667,2.883506343713956,2.940599882376004,0.3333333333333333,0.3333333333333333,3.0,0.3104647836604549,3.2209772335842994,Miss Cut: DataGolf core; ARG weakness tag,Tier 1 - core,0.016539059111795,60.46293161180117,0.0160278628892308,62.39134979572983,0.0159947301889951,62.52059198147827,Winner: DG anchor + total SG overlay,Tier 4 - speculative,0.0840351422381196,11.899783511598374,0.082055795325409,12.186829656994924,0.0928500406038965,10.770054525512338,Top 5: DG anchor + total SG overlay,Tier 3 - semi-core,0.1619694411332035,6.17400413932157,0.1587218278112092,6.3003306715283305,0.1622105841410514,6.164825836089971,Top 10: DG anchor + putting overlay,Tier 2 - current-price / early value,0.2961628856981315,3.3765203146327565,0.2923003453585933,3.4211386195018094,0.2950797121504329,3.388914787507302,0.2912312985017284,3.4336968764848086,0.306661643772411,3.26092297588462,Top 20: DG anchor + OTT overlay,Tier 3 - experimental,0.307,0.01,0.095,0.042,0.455,0.003,-3.992,-0.0432702384914753,-0.06,-0.0221552505470224,2.76501546454045,9.0,skybet,0.1111111111111111,0.0928500406038965,Top 5: DG anchor + total SG overlay,Tier 3 - semi-core,standard,1.0,0.35,15.0,0.6,25.0,-0.018261070507214608,-0.16434963456493157,False,False,False
"Scrivener, Jason",12734,-0.26055,-0.2511574947747759,0.3861003861003861,0.4818,0.433950193050193,2.0755500207555,2.304411925643122,0.3919846156908341,2.5511205286401326,Make Cut: DG anchor + putting overlay,Tier 2 - candidate,0.5182,0.566049806949807,1.92975685063682,1.7666289922234215,0.6138996138996139,0.6138996138996139,1.628930817610063,0.6174922794228545,1.619453446340512,Miss Cut: DataGolf core; ARG weakness tag,Tier 1 - core,0.0041475473691474,241.10634816102072,0.0029904403512403,334.39891204825847,0.0014240161046519,702.2392490739292,Winner: DG anchor + total SG overlay,Tier 4 - speculative,0.0234870807365921,42.57659822499915,0.0179436792571849,55.729930616073766,0.0091166668824901,109.6892112972383,Top 5: DG anchor + total SG overlay,Tier 3 - semi-core,0.0533646372087306,18.73900118703321,0.0427699502782469,23.380901625892367,0.0324421356974005,30.824111252334287,Top 10: DG anchor + putting overlay,Tier 2 - current-price / early value,0.1238505164254893,8.074249739617498,0.1035179298929163,9.66016226401016,0.1247977537033117,8.012964739552544,0.1043096588654521,9.586839904153926,0.080881608467442,12.363750164569725,Top 20: DG anchor + OTT overlay,Tier 3 - experimental,-0.261,-0.422,-0.095,-0.02,-0.799,0.017,-10.193,-0.1268985694336672,0.0664411111041456,0.0938015330669176,2.80944353815985,91.0,skybet,0.01098901098901099,0.0091166668824901,Top 5: DG anchor + total SG overlay,Tier 3 - semi-core,standard,1.0,0.35,15.0,0.6,25.0,-0.001872344106520889,-0.17038331369340076,False,False,False
"Shinkwin, Callum",18244,-0.3535,-0.3884395513737154,0.3174603174603174,0.42675,0.3721051587301587,2.343292325717633,2.6874123524989204,0.2829305486483865,3.5344362946213885,Make Cut: DG anchor + putting overlay,Tier 2 - candidate,0.57325,0.6278948412698413,1.744439598778892,1.5926233730119856,0.6825396825396826,0.6825396825396826,1.4651162790697674,0.7203307716638327,1.3882511192603677,Miss Cut: DataGolf core; ARG weakness tag,Tier 1 - core,0.0032546250995725,307.2550507065599,0.0024273125497862,411.9782596963273,0.0011217393736116,891.4726749586172,Winner: DG anchor + total SG overlay,Tier 4 - speculative,0.0223662533110631,44.71021525564867,0.0178424818142617,56.04601480948048,0.0081999818117361,121.95149001047348,Top 5: DG anchor + total SG overlay,Tier 3 - semi-core,0.0472767702813943,21.15203712199324,0.0389898224302594,25.64771875503371,0.0214210437048977,46.68306613703229,Top 10: DG anchor + putting overlay,Tier 2 - current-price / early value,0.1021387506679329,9.79060340429596,0.0867325993206279,11.529690195300834,0.1020423372449121,9.79985393317576,0.0866507284661941,11.54058387853184,0.0800268157460066,12.49581144367724,Top 20: DG anchor + OTT overlay,Tier 3 - experimental,-0.571,0.187,-0.357,-0.505,-1.246,-0.024,4.23,0.0850903530672113,0.114669430091345,-0.245910290925019,3.05314728000965,101.0,unibet,0.009900990099009901,0.0081999818117361,Top 5: DG anchor + total SG overlay,Tier 3 - semi-core,standard,1.0,0.35,15.0,0.6,25.0,-0.0017010082872738006,-0.1718018370146539,False,False,False
"Zhou, Yanhan",29119,-0.42905,-0.4122889215307972,0.4405286343612334,0.4168,0.4286643171806167,2.399232245681382,2.3328277160486217,0.4698849629868568,2.1281804670731104,Make Cut: DG anchor + putting overlay,Tier 2 - candidate,0.5831999999999999,0.5713356828193833,1.7146776406035666,1.7502845176154185,0.5594713656387665,0.5594713656387665,1.7874015748031495,0.5638314449080706,1.77357969129062,Miss Cut: DataGolf core; ARG weakness tag,Tier 1 - core,0.0023360329220313,428.0761587599631,0.0030263497943489,330.43106975514576,0.0029829333139373,335.2404813502368,Winner: DG anchor + total SG overlay,Tier 4 - speculative,0.0165297446736293,60.497002206896944,0.0198002559346982,50.50439768546545,0.0179456820057388,55.72371112338952,Top 5: DG anchor + total SG overlay,Tier 3 - semi-core,0.0371977008595691,26.88338195350451,0.0439903971469562,22.732233961411072,0.0610251095553019,16.386697333067204,Top 10: DG anchor + putting overlay,Tier 2 - current-price / early value,0.0892350408785414,11.206360081810328,0.1019537212176592,9.80837175982147,0.0890716812632744,11.22691281692821,0.1017670779381898,9.82636055058365,0.1241087946171251,8.057446719106359,Top 20: DG anchor + OTT overlay,Tier 3 - experimental,-0.823,0.046,-0.099,0.22,-0.656,-0.031,5.692,0.1087177675431907,-0.06,0.0444465085744185,2.91935596278244,46.0,bet365,0.021739130434782608,0.0179456820057388,Top 5: DG anchor + total SG overlay,Tier 3 - semi-core,standard,1.0,0.35,15.0,0.6,25.0,-0.0037934484290438088,-0.17449862773601532,False,False,False
"Dantorp, Jens",14018,-0.34995,-0.3423925270959575,0.4132231404958678,0.44785,0.4305365702479339,2.2328904767221167,2.3226830636573523,0.434704094699824,2.300415414054311,Make Cut: DG anchor + putting overlay,Tier 2 - candidate,0.5521499999999999,0.5694634297520661,1.8111020556008333,1.756039014542833,0.5867768595041323,0.5867768595041323,1.704225352112676,0.5910642225026682,1.691863526717667,Miss Cut: DataGolf core; ARG weakness tag,Tier 1 - core,0.0022884913741496,436.96909295609146,0.0022275790204081,448.91785693725535,0.0016557847328605,603.9432422307767,Winner: DG anchor + total SG overlay,Tier 4 - speculative,0.0155869582178086,64.15619943456741,0.0162857211723963,61.40348280645743,0.0121429109034172,82.35257657359404,Top 5: DG anchor + total SG overlay,Tier 3 - semi-core,0.0408790450856498,24.462410946850625,0.0408101093634117,24.503732423137045,0.0463285119393823,21.584979921402,Top 10: DG anchor + putting overlay,Tier 2 - current-price / early value,0.1009221577912129,9.90862682572437,0.0992060186433587,10.080033587427351,0.1008289522783206,9.917786284634554,0.0991143980512902,10.089351493438064,0.0933176942095696,10.716081322736438,Top 20: DG anchor + OTT overlay,Tier 3 - experimental,-0.42,-0.493,-0.099,0.142,-0.87,0.018,-10.269,-0.1301237425250896,0.0393894392628699,0.0930018759670399,2.82928979317306,67.0,skybet,0.014925373134328358,0.0121429109034172,Top 5: DG anchor + total SG overlay,Tier 3 - semi-core,standard,1.0,0.35,15.0,0.6,25.0,-0.0027824622309111577,-0.18642496947104759,False,False,False
"Vaillant, Tom",28157,-0.00635,0.0177410872858364,0.6172839506172839,0.58465,0.600966975308642,1.7104250406225947,1.6639849460719942,0.6350427022639009,1.5746972549011924,Make Cut: DG anchor + putting overlay,Tier 2 - candidate,0.41535,0.399033024691358,2.4076080414108585,2.506058241102913,0.3827160493827161,0.3827160493827161,2.6129032258064515,0.3698295992765054,2.7039479856568853,Miss Cut: DataGolf core; ARG weakness tag,Tier 1 - core,0.010842962760423,92.22571561806056,0.0109214813802115,91.56267040951826,0.0104922827707378,95.3081442666526,Winner: DG anchor + total SG overlay,Tier 4 - speculative,0.0588834651922559,16.98269619043267,0.0594975133200336,16.807425120795518,0.0620547927350823,16.114790750636995,Top 5: DG anchor + total SG overlay,Tier 3 - semi-core,0.1159224805216087,8.626454467678453,0.1188298645994288,8.415392909610421,0.1335189495829634,7.489573600776715,Top 10: DG anchor + putting overlay,Tier 2 - current-price / early value,0.2194486842330743,4.556873983978457,0.2304445600351927,4.339438517651636,0.2198026419008701,4.549535853399773,0.2308162533962686,4.332450532775894,0.2581070255471598,3.87436179964534,Top 20: DG anchor + OTT overlay,Tier 3 - experimental,-0.046,0.025,0.016,0.111,0.106,0.003,-1.3,-0.0204629068740022,0.0182932140627576,0.126113586350494,2.83575647368423,13.0,bet365,0.07692307692307693,0.0620547927350823,Top 5: DG anchor + total SG overlay,Tier 3 - semi-core,standard,1.0,0.35,15.0,0.6,25.0,-0.01486828418799463,-0.19328769444393012,False,False,False
"Smith, Cameron",15856,-0.1751,-0.1527540641142897,0.6451612903225806,0.5218,0.5834806451612904,1.9164430816404752,1.7138529071921007,0.6959832429810201,1.436816202236166,Make Cut: DG anchor + putting overlay,Tier 2 - candidate,0.4781999999999999,0.4165193548387096,2.091175240485153,2.4008488162266404,0.3548387096774194,0.3548387096774194,2.818181818181818,0.2884711970128142,3.4665505962301637,Miss Cut: DataGolf core; ARG weakness tag,Tier 1 - core,0.0053142399478088,188.17366355697,0.0090071199739044,111.02327968287466,0.0121204046829971,82.5054959924585,Winner: DG anchor + total SG overlay,Tier 4 - speculative,0.0337895275630064,29.594968385850496,0.0517779912947307,19.313225078736625,0.0718547877757687,13.916957115239368,Top 5: DG anchor + total SG overlay,Tier 3 - semi-core,0.0712780396207612,14.029566544205704,0.1053889332996691,9.488662316721063,0.1965190384325522,5.088565504777862,Top 10: DG anchor + putting overlay,Tier 2 - current-price / early value,0.1535180731199043,6.51389103365671,0.2087194028256311,4.791121412106675,0.1536596900098651,6.5078876570413415,0.208911941672048,4.786705786162333,0.2506893842884281,3.989000183787041,Top 20: DG anchor + OTT overlay,Tier 3 - experimental,-0.215,-0.595,0.412,0.507,0.11,-0.059,-5.189,0.0614016558969111,-0.0306364070731401,0.0886879532483807,2.7849787449583,11.0,bet365,0.09090909090909091,0.0718547877757687,Top 5: DG anchor + total SG overlay,Tier 3 - semi-core,standard,1.0,0.35,15.0,0.6,25.0,-0.01905430313332221,-0.20959733446654427,False,False,False
"Ravetto, David",23416,-0.15095,-0.1460612796983862,0.423728813559322,0.5225,0.473114406779661,1.9138755980861248,2.113653665308316,0.3867339750085331,2.585756785340454,Make Cut: DG anchor + putting overlay,Tier 2 - candidate,0.4775,0.526885593220339,2.094240837696335,1.89794523302103,0.576271186440678,0.576271186440678,1.7352941176470589,0.5728820625431081,1.7455599771458234,Miss Cut: DataGolf core; ARG weakness tag,Tier 1 - core,0.0078750294774169,126.9836516634857,0.0050291814053751,198.8395166917641,0.0017395566343922,574.8591222782321,Winner: DG anchor + total SG overlay,Tier 4 - speculative,0.0378440836935025,26.4242096095906,0.028026241582201,35.68084564842555,0.0139880610534314,71.48953641110171,Top 5: DG anchor + total SG overlay,Tier 3 - semi-core,0.0808615887135105,12.366811188226356,0.0621746558887418,16.083723917820247,0.0311019714636632,32.152302665710785,Top 10: DG anchor + putting overlay,Tier 2 - current-price / early value,0.1633263598404933,6.12271038781868,0.1336301891841311,7.483338952862547,0.1625158131698389,6.15324737018015,0.132967016962281,7.520662062259181,0.1121334785620856,8.917943265679783,Top 20: DG anchor + OTT overlay,Tier 3 - experimental,-0.192,0.029,-0.049,-0.477,-0.688,-0.003,2.165,0.0234054012928449,-0.035618980279947,0.0216456459316331,2.87762931561925,56.0,bet365,0.017857142857142856,0.0139880610534314,Top 5: DG anchor + total SG overlay,Tier 3 - semi-core,standard,1.0,0.35,15.0,0.6,25.0,-0.0038690818037114567,-0.2166685810078416,False,False,False
"Morrison, James",11061,-0.6463500000000001,-0.6598539130483337,0.2754820936639118,0.3217,0.2985910468319559,3.108486167236556,3.349062239507771,0.2719479007505971,3.6771749193133054,Make Cut: DG anchor + putting overlay,Tier 2 - candidate,0.6783,0.7014089531680441,1.4742739200943535,1.4257017899234303,0.7245179063360881,0.7245179063360881,1.3802281368821292,0.704433206579611,1.4195810059203755,Miss Cut: DataGolf core; ARG weakness tag,Tier 1 - core,0.0004466272261572,2239.003673385379,0.0004816469464119,2076.2095710345475,0.0003391005517868,2948.977802397115,Winner: DG anchor + total SG overlay,Tier 4 - speculative,0.0054268886166178,184.26764775268504,0.0052981863718009,188.74383228993025,0.00283310368636,352.9697853327722,Top 5: DG anchor + total SG overlay,Tier 3 - semi-core,0.014865031963136,67.27197105797761,0.0149535275857046,66.87385262564982,0.013959999038992,71.63324275358983,Top 10: DG anchor + putting overlay,Tier 2 - current-price / early value,0.0439961055401184,22.72928450651469,0.0431264284964283,23.1876377169238,0.0445656686519172,22.43879717839663,0.0436847329761918,22.891292492161963,0.0393453043151009,25.4159935323259,Top 20: DG anchor + OTT overlay,Tier 3 - experimental,-0.899,-0.59,0.085,-0.129,-1.533,0.044,-18.969,-0.2570422371330502,0.164732384168962,0.0198184572826163,2.8537703250503,276.0,skybet,0.0036231884057971015,0.00283310368636,Top 5: DG anchor + total SG overlay,Tier 3 - semi-core,standard,1.0,0.35,15.0,0.6,25.0,-0.0007900847194371014,-0.21806338256463997,False,False,False
"Mansell, Richard",24185,-0.2451999999999999,-0.2593848760548205,0.4405286343612334,0.47115,0.4558393171806167,2.1224663058473947,2.193755479858643,0.4192470129730926,2.385228681555759,Make Cut: DG anchor + putting overlay,Tier 2 - candidate,0.52885,0.5441606828193832,1.8908953389429892,1.8376924896867608,0.5594713656387665,0.5594713656387665,1.7874015748031495,0.5546479393703708,1.802945488511482,Miss Cut: DataGolf core; ARG weakness tag,Tier 1 - core,0.005109492628442,195.71414868738535,0.0043630796475543,229.1959076567724,0.0028736136864021,347.99388822929023,Winner: DG anchor + total SG overlay,Tier 4 - speculative,0.0306027013572003,32.676853860965245,0.0276243930066425,36.199890428707,0.018842586629145,53.07126986765361,Top 5: DG anchor + total SG overlay,Tier 3 - semi-core,0.061042711888355,16.381972049815946,0.0577102580605796,17.327941922392373,0.0443160432493742,22.565191444841357,Top 10: DG anchor + putting overlay,Tier 2 - current-price / early value,0.1307390518369615,7.6488240196743424,0.1262873585950632,7.918448933645616,0.130667699489869,7.653000733188329,0.1262184358109581,7.922772878422736,0.1320040628915757,7.575524405043281,Top 20: DG anchor + OTT overlay,Tier 3 - experimental,-0.407,0.053,-0.04,-0.306,-0.7,-0.035,4.869,0.1098779694827346,0.051384898784504,-0.138709589711596,2.9597839914056,41.0,skybet,0.024390243902439025,0.018842586629145,Top 5: DG anchor + total SG overlay,Tier 3 - semi-core,standard,1.0,0.35,15.0,0.6,25.0,-0.005547657273294024,-0.22745394820505493,False,False,False
"Fisher, Ross",9396,-0.1027,-0.0649921598558542,0.4739336492890995,0.55595,0.5149418246445499,1.7987229067362172,1.9419669410040103,0.4414439428345468,2.2652932863432675,Make Cut: DG anchor + putting overlay,Tier 2 - candidate,0.4440499999999999,0.4850581753554501,2.251998648800811,2.0616083818548177,0.5260663507109005,0.5260663507109005,1.900900900900901,0.558196073410665,1.7914851924518995,Miss Cut: DataGolf core; ARG weakness tag,Tier 1 - core,0.0104060772950396,96.0976909595588,0.0071780386475198,139.31382221597872,0.0032375799726157,308.87267911781566,Winner: DG anchor + total SG overlay,Tier 4 - speculative,0.0496525361173991,20.13995816116194,0.0380195749370064,26.302240402657617,0.0212737167442884,47.00636057253502,Top 5: DG anchor + total SG overlay,Tier 3 - semi-core,0.0980374603966855,10.20018262359852,0.0789116240174865,12.672404255403528,0.0448413095099464,22.300865227367765,Top 10: DG anchor + putting overlay,Tier 2 - current-price / early value,0.191249926035653,5.22876019211416,0.162295741991032,6.161591103574714,0.1921533672685743,5.204176300497987,0.1630624072038327,6.13262135122273,0.153960349848942,6.495178797535524,Top 20: DG anchor + OTT overlay,Tier 3 - experimental,-0.219,0.349,-0.276,-0.419,-0.564,0.025,1.738,-0.0316091261170562,0.17116320880432,0.161552961578177,2.87917950481055,36.0,unibet,0.027777777777777776,0.0212737167442884,Top 5: DG anchor + total SG overlay,Tier 3 - semi-core,standard,1.0,0.35,15.0,0.6,25.0,-0.006504061033489376,-0.2341461972056177,False,False,False
"Townsend, Hugo",31165,-0.6838,-0.6851872569262162,0.25,0.33275,0.291375,3.005259203606311,3.432003432003432,0.246101747339709,4.063360015967866,Make Cut: DG anchor + putting overlay,Tier 2 - candidate,0.66725,0.7086250000000001,1.4986886474334955,1.4111836302698888,0.75,0.75,1.3333333333333333,0.7365110565013911,1.357752868979654,Miss Cut: DataGolf core; ARG weakness tag,Tier 1 - core,0.0010454818700563,956.4967395810278,0.0009310742683614,1074.0281779667348,0.0005200353776935,1922.9460973120772,Winner: DG anchor + total SG overlay,Tier 4 - speculative,0.0077014990912403,129.84485074307162,0.0067813216355672,147.46388001346548,0.0030475068011229,328.13708557812095,Top 5: DG anchor + total SG overlay,Tier 3 - semi-core,0.0191948763548205,52.09723582037359,0.0170204011403732,58.75302184435305,0.0136933789223046,73.02799445439544,Top 10: DG anchor + putting overlay,Tier 2 - current-price / early value,0.0492985107590375,20.28458841054702,0.044539194653208,22.45213474976861,0.0495193074426232,20.19414348956061,0.0447386754553172,22.35202517335921,0.0366595986954609,27.277985454974875,Top 20: DG anchor + OTT overlay,Tier 3 - experimental,-0.939,-0.631,0.041,-0.137,-1.665,-0.109,3.586,0.2348390728536541,-0.06,-0.109355821057908,3.05238438455699,251.0,skybet,0.00398406374501992,0.0030475068011229,Top 5: DG anchor + total SG overlay,Tier 3 - semi-core,standard,1.0,0.35,15.0,0.6,25.0,-0.0009365569438970203,-0.23507579291815217,False,False,False
"Hollick, Michael",15993,-0.23865,-0.2700497734879196,0.352112676056338,0.46905,0.410581338028169,2.13196887325445,2.435570999896231,0.3269574242021612,3.058502196242192,Make Cut: DG anchor + putting overlay,Tier 2 - candidate,0.53095,0.5894186619718309,1.883416517562859,1.696586933054711,0.647887323943662,0.647887323943662,1.5434782608695652,0.640366624758693,1.5616054324767883,Miss Cut: DataGolf core; ARG weakness tag,Tier 1 - core,0.0038975717571837,256.57000365852514,0.0025821192119251,387.27878843921377,0.0009564976438659,1045.4808816446534,Winner: DG anchor + total SG overlay,Tier 4 - speculative,0.0243047352760456,41.14424570530438,0.0180934162190714,55.26872249508899,0.008319047797938,120.20606495948492,Top 5: DG anchor + total SG overlay,Tier 3 - semi-core,0.0562949597846915,17.763579613959216,0.0429359246420405,23.290519729971177,0.0228490550648479,43.76548601952681,Top 10: DG anchor + putting overlay,Tier 2 - current-price / early value,0.1245643749683102,8.027977503635405,0.0985647360535051,10.145616373965195,0.1241955653795898,8.0518172846479,0.0982729060678012,10.17574466872967,0.0724457914677836,13.803424322373456,Top 20: DG anchor + OTT overlay,Tier 3 - experimental,-0.223,-0.308,-0.019,-0.371,-0.922,0.003,-6.123,-0.0625137850295458,-0.0320432244784048,-0.117731168805224,2.90504511464759,91.0,skybet,0.01098901098901099,0.008319047797938,Top 5: DG anchor + total SG overlay,Tier 3 - semi-core,standard,1.0,0.35,15.0,0.6,25.0,-0.00266996319107299,-0.24296665038764198,False,False,False
"Ballester, Jose Luis",28473,0.0401999999999999,0.0278028972962973,0.5524861878453039,0.58485,0.5686680939226519,1.7098401299478498,1.7584950003121085,0.5538790802099821,1.8054482209743112,Make Cut: DG anchor + putting overlay,Tier 2 - candidate,0.41515,0.431331906077348,2.408767915211369,2.318400252590348,0.4475138121546961,0.4475138121546961,2.234567901234568,0.4694670289368309,2.130075039059995,Miss Cut: DataGolf core; ARG weakness tag,Tier 1 - core,0.0154621174700038,64.67419497620394,0.0124893920683352,80.06794842603527,0.0090084338382488,111.00708713140624,Winner: DG anchor + total SG overlay,Tier 4 - speculative,0.0666780318118548,14.997443278195371,0.0578703055884671,17.280019343794308,0.0502058299695659,19.918005550474632,Top 5: DG anchor + total SG overlay,Tier 3 - semi-core,0.1235525481045856,8.093722188177884,0.1114579498302186,8.971993487438782,0.0964772804773264,10.365134620839717,Top 10: DG anchor + putting overlay,Tier 2 - current-price / early value,0.2318489904492629,4.313152272357367,0.2149347058541434,4.652575748649027,0.2325090253211682,4.300908313639374,0.2155465886178835,4.639368251718328,0.229571300089315,4.355945188318176,Top 20: DG anchor + OTT overlay,Tier 3 - experimental,-0.066,0.418,-0.211,-0.069,0.071,-0.05,13.507,0.2175775011845598,-0.06,-0.155774264110793,2.93358973740311,15.0,bet365,0.06666666666666667,0.0502058299695659,Top 5: DG anchor + total SG overlay,Tier 3 - semi-core,standard,1.0,0.35,15.0,0.6,25.0,-0.016460836697100766,-0.2469125504565115,False,False,False
"Bergstrom, Albin",23620,-0.49395,-0.4795463895579427,0.3759398496240601,0.39695,0.3864449248120301,2.519208968383927,2.58769086044126,0.4011912904071684,2.4925765436859346,Make Cut: DG anchor + putting overlay,Tier 2 - candidate,0.60305,0.6135550751879699,1.658237293756737,1.6298455353720904,0.6240601503759399,0.6240601503759399,1.6024096385542168,0.6423968000347349,1.556670269755281,Miss Cut: DataGolf core; ARG weakness tag,Tier 1 - core,0.002193678692758,455.8552732910624,0.0021385060130456,467.61617404843946,0.001536548540874,650.809247738555,Winner: DG anchor + total SG overlay,Tier 4 - speculative,0.0144021122028484,69.4342597749116,0.014025083879202,71.30082134360099,0.0091740055528716,109.00364014789352,Top 5: DG anchor + total SG overlay,Tier 3 - semi-core,0.0328872696406117,30.406902455809952,0.0334268307678767,29.916087676520043,0.0400593841191146,24.962939945021315,Top 10: DG anchor + putting overlay,Tier 2 - current-price / early value,0.0787495146642691,12.698490959128764,0.0815353860090132,12.264613549379108,0.0796602401271153,12.553313904204677,0.0824783296255926,12.124396851142146,0.0858760859627007,11.644685348542064,Top 20: DG anchor + OTT overlay,Tier 3 - experimental,-0.795,-0.224,-0.196,0.189,-1.025,-0.017,-0.834,0.022754974030062,-0.06,0.0756405651952556,2.93836186387399,81.0,skybet,0.012345679012345678,0.0091740055528716,Top 5: DG anchor + total SG overlay,Tier 3 - semi-core,standard,1.0,0.35,15.0,0.6,25.0,-0.0031716734594740784,-0.25690555021740036,False,False,False
"Hatton, Tyrrell",14796,0.2403,0.2635457396499793,0.7518796992481203,0.67555,0.7137148496240602,1.4802753312116057,1.401119789684545,0.7592620323517916,1.3170683603163058,Make Cut: DG anchor + putting overlay,Tier 2 - candidate,0.32445,0.2862851503759398,3.0821390044691013,3.493020852415273,0.2481203007518797,0.2481203007518797,4.030303030303029,0.2171597210846431,4.604905527624188,Miss Cut: DataGolf core; ARG weakness tag,Tier 1 - core,0.0276167785162451,36.20987145230444,0.0305583892581225,32.72423790249988,0.0355583328116969,28.122803318581006,Winner: DG anchor + total SG overlay,Tier 4 - speculative,0.1141772213199505,8.758314385649413,0.1265406377763772,7.902599651561744,0.16375812003049,6.106567416710759,Top 5: DG anchor + total SG overlay,Tier 3 - semi-core,0.2008031811082826,4.980000787242271,0.2228587869225878,4.487146384528063,0.2498993648152372,4.001610811373404,Top 10: DG anchor + putting overlay,Tier 2 - current-price / early value,0.3345135156470334,2.9894158329170883,0.3681374408095123,2.7163767906927903,0.3328664921590267,3.004207463219972,0.3663248652827651,2.7298174237451853,0.4233208112082953,2.362274600073818,Top 20: DG anchor + OTT overlay,Tier 3 - experimental,0.4,-0.008,0.204,0.019,0.614,-0.033,4.287,0.1005124912004657,0.237999420605227,0.0064725974983569,2.83304378601294,4.5,unibet,0.2222222222222222,0.16375812003049,Top 5: DG anchor + total SG overlay,Tier 3 - semi-core,standard,1.0,0.35,15.0,0.6,25.0,-0.0584641021917322,-0.26308845986279494,False,False,False
"Syme, Connor",22089,-0.33885,-0.3402065007352114,0.2949852507374631,0.44715,0.3710676253687315,2.2363860002236384,2.694926562257474,0.2641556310329699,3.785647105418651,Make Cut: DG anchor + putting overlay,Tier 2 - candidate,0.5528500000000001,0.6289323746312685,1.8088088993397848,1.589996063704435,0.7050147492625369,0.7050147492625369,1.4184100418410042,0.7313355053021185,1.3673614814952746,Miss Cut: DataGolf core; ARG weakness tag,Tier 1 - core,0.0037979831875022,263.29763735938207,0.0025656582604177,389.76352206671686,0.0008990177218472,1112.3251251880272,Winner: DG anchor + total SG overlay,Tier 4 - speculative,0.0208445705830747,47.97412333415858,0.0146400829105849,68.30562409431356,0.0048484966521512,206.2494978843191,Top 5: DG anchor + total SG overlay,Tier 3 - semi-core,0.0487564879033452,20.510090923333053,0.0347382202022738,28.78673674636164,0.0147403015709581,67.84121716819114,Top 10: DG anchor + putting overlay,Tier 2 - current-price / early value,0.1103615676661629,9.061125364084528,0.0815944950986677,12.255728757077977,0.1098299888293347,9.1049813503478,0.0812014786916578,12.315046672946044,0.0523459343993318,19.103680380816044,Top 20: DG anchor + OTT overlay,Tier 3 - experimental,-0.326,-0.337,-0.277,-0.476,-1.416,-0.012,-3.943,-0.0126984707764492,0.123223397040774,-0.0312391175480262,3.00054267000209,151.0,skybet,0.006622516556291391,0.0048484966521512,Top 5: DG anchor + total SG overlay,Tier 3 - semi-core,standard,1.0,0.35,15.0,0.6,25.0,-0.0017740199041401906,-0.2678770055251688,False,False,False
"Koepka, Brooks",16243,0.156,0.1583854235643995,0.625,0.63565,0.630325,1.5731927947769997,1.586483163447428,0.6180643814710568,1.61795442348562,Make Cut: DG anchor + putting overlay,Tier 2 - candidate,0.3643499999999999,0.369675,2.7446136956223417,2.7050787854196257,0.375,0.375,2.6666666666666665,0.3710189249737138,2.695280301593372,Miss Cut: DataGolf core; ARG weakness tag,Tier 1 - core,0.0238294581856594,41.96486517690942,0.0196897290928297,50.7879003964642,0.0154691372472681,64.64484631659737,Winner: DG anchor + total SG overlay,Tier 4 - speculative,0.0961000575429132,10.405821032453105,0.0849682562846841,11.769101117592951,0.0812115241998523,12.313523355861587,Top 5: DG anchor + total SG overlay,Tier 3 - semi-core,0.1680978575109991,5.948915797065213,0.1541467747752205,6.487323536014406,0.1280612912637615,7.808760868577761,Top 10: DG anchor + putting overlay,Tier 2 - current-price / early value,0.291927723776854,3.4255054198428505,0.2746107645296309,3.641517846952785,0.2902711227812645,3.445055058933836,0.2730524320080267,3.6623002866006473,0.2906295876391607,3.440805900470044,Top 20: DG anchor + OTT overlay,Tier 3 - experimental,0.171,0.329,-0.044,-0.159,0.297,-0.028,7.703,0.1222517078286904,0.1055189624413,-0.075578476702673,2.91350012064571,9.0,skybet,0.1111111111111111,0.0812115241998523,Top 5: DG anchor + total SG overlay,Tier 3 - semi-core,standard,1.0,0.35,15.0,0.6,25.0,-0.02989958691125881,-0.2690962822013293,False,False,False
"Senior, Jack",15115,-0.5871000000000001,-0.593517861501433,0.2881844380403458,0.35405,0.3211172190201729,2.824459822059032,3.114127616859995,0.2855055643057784,3.5025587064530668,Make Cut: DG anchor + putting overlay,Tier 2 - candidate,0.64595,0.6788827809798271,1.5481074386562428,1.4730083425546696,0.7118155619596542,0.7118155619596542,1.4048582995951415,0.7088327281450342,1.4107700735220428,Miss Cut: DataGolf core; ARG weakness tag,Tier 1 - core,0.0010897978927856,917.6013338068034,0.0009698989463928,1031.0352472482828,0.0005642131005775,1772.379973056983,Winner: DG anchor + total SG overlay,Tier 4 - speculative,0.0084560206441164,118.25893550718534,0.007470368126291,133.8622117537451,0.0036255348481446,275.82137308975035,Top 5: DG anchor + total SG overlay,Tier 3 - semi-core,0.0215766632923163,46.34636905865383,0.0195895273023537,51.047684028590325,0.0164887438260573,60.64743382207733,Top 10: DG anchor + putting overlay,Tier 2 - current-price / early value,0.055762994022112,17.933039958425887,0.0513247371274211,19.48378220656745,0.0557121619455455,17.949402160652546,0.0512779508489371,19.501559314371992,0.0444481692869455,22.49811445650927,Top 20: DG anchor + OTT overlay,Tier 3 - experimental,-0.802,-0.518,-0.048,-0.117,-1.484,0.021,-12.606,-0.1559708477086568,0.0200988561083579,0.0408714023200738,2.91664151125347,201.0,skybet,0.004975124378109453,0.0036255348481446,Top 5: DG anchor + total SG overlay,Tier 3 - semi-core,standard,1.0,0.35,15.0,0.6,25.0,-0.0013495895299648528,-0.2712674955229354,False,False,False
"Stone, Brandon",15229,0.0043,0.0438717121455223,0.5617977528089888,0.5917,0.5767488764044943,1.690045631232043,1.7338568671933827,0.5507638598848866,1.8156601637024743,Make Cut: DG anchor + putting overlay,Tier 2 - candidate,0.4083,0.4232511235955056,2.449179524859172,2.362663544765174,0.4382022471910112,0.4382022471910112,2.2820512820512824,0.4517769767472352,2.213481543924471,Miss Cut: DataGolf core; ARG weakness tag,Tier 1 - core,0.0123843848964849,80.74684438173657,0.0094088591149091,106.28281152763948,0.0057130407002389,175.03813686434415,Winner: DG anchor + total SG overlay,Tier 4 - speculative,0.0593753241940749,16.842013303900245,0.0503731250600004,19.851855504475463,0.0381249677162503,26.22953040754341,Top 5: DG anchor + total SG overlay,Tier 3 - semi-core,0.1216693535532787,8.218996573875131,0.1060556715457591,9.42901011728106,0.0801135777788284,12.482278631478982,Top 10: DG anchor + putting overlay,Tier 2 - current-price / early value,0.2312778326444362,4.323803922606746,0.2095978024014166,4.771042389484715,0.2319456011635422,4.311355744551979,0.2102029741661168,4.757306617411281,0.2059409487133674,4.855760868577036,Top 20: DG anchor + OTT overlay,Tier 3 - experimental,0.013,0.131,-0.158,-0.198,-0.212,-0.011,5.128,0.0663313277799379,0.0725912139324184,0.146545093354538,2.8211510100026,19.0,skybet,0.05263157894736842,0.0381249677162503,Top 5: DG anchor + total SG overlay,Tier 3 - semi-core,standard,1.0,0.35,15.0,0.6,25.0,-0.01450661123111812,-0.27562561339124436,False,False,False
"Quayle, Anthony",18900,-0.6667500000000001,-0.6584507901931644,0.23094688221709,0.3319,0.281423441108545,3.0129557095510697,3.553364268665524,0.2396130181913839,4.173395951305446,Make Cut: DG anchor + putting overlay,Tier 2 - candidate,0.6681,0.718576558891455,1.49678191887442,1.3916401636350284,0.76905311778291,0.76905311778291,1.3003003003003002,0.7965164444368307,1.2554668607087458,Miss Cut: DataGolf core; ARG weakness tag,Tier 1 - core,0.0011789180604743,848.2353723529177,0.0009727923635704,1027.968595815954,0.0004793129941522,2086.319403396595,Winner: DG anchor + total SG overlay,Tier 4 - speculative,0.007607557322373,131.448237275728,0.0063804618622447,156.72846599355498,0.0025944643420704,385.4360161303958,Top 5: DG anchor + total SG overlay,Tier 3 - semi-core,0.0197281779875165,50.68891818761843,0.0165313046022238,60.491293582811096,0.01409360301886,70.95417677522198,Top 10: DG anchor + putting overlay,Tier 2 - current-price / early value,0.0510366470725034,19.59376364555032,0.0430407596649378,23.233790662264404,0.0513267686640851,19.48301102967601,0.0432854280437037,23.10246300418549,0.0329477806599101,30.35105794596868,Top 20: DG anchor + OTT overlay,Tier 3 - experimental,-0.911,-0.548,-0.327,0.04,-1.745,-0.083,2.263,0.1741684864636452,-0.0371612413358155,-0.0362978838636909,3.04453754636159,276.0,skybet,0.0036231884057971015,0.0025944643420704,Top 5: DG anchor + total SG overlay,Tier 3 - semi-core,standard,1.0,0.35,15.0,0.6,25.0,-0.0010287240637267014,-0.28392784158856954,False,False,False
"Premlall, Yurav",25890,-0.4014,-0.4113882755673052,0.3355704697986577,0.4232,0.3793852348993288,2.3629489603024574,2.6358432221679724,0.3453348063571027,2.895740543934408,Make Cut: DG anchor + putting overlay,Tier 2 - candidate,0.5768,0.6206147651006712,1.7337031900138695,1.6113055251558317,0.6644295302013423,0.6644295302013423,1.505050505050505,0.6651393681253678,1.503444312458012,Miss Cut: DataGolf core; ARG weakness tag,Tier 1 - core,0.0025750344052217,388.3443257970307,0.0018208505359441,549.1938960720155,0.0007844991085925,1274.698707808691,Winner: DG anchor + total SG overlay,Tier 4 - speculative,0.0155374525336149,64.36061496159155,0.0125363122456434,79.76827478491647,0.006375925678058,156.83997124392158,Top 5: DG anchor + total SG overlay,Tier 3 - semi-core,0.037298294170974,26.81087760786155,0.0311675937545586,32.084607104253514,0.0261914152814312,38.18044917599258,Top 10: DG anchor + putting overlay,Tier 2 - current-price / early value,0.0893360448418397,11.19369009194886,0.0766401009442483,13.04799951565105,0.0897565527453347,11.141247846686904,0.0770008485935176,12.986869862680772,0.0610625669876089,16.376645289133098,Top 20: DG anchor + OTT overlay,Tier 3 - experimental,-0.497,-0.493,-0.076,0.028,-1.037,-0.01,-6.928,-0.045188120239955,0.0042719490605552,-0.0284153049816867,2.90038994882955,111.0,skybet,0.009009009009009009,0.006375925678058,Top 5: DG anchor + total SG overlay,Tier 3 - semi-core,standard,1.0,0.35,15.0,0.6,25.0,-0.0026330833309510093,-0.292272249735562,False,False,False
"Young, Daniel",19908,-0.4413499999999999,-0.4404350356445542,0.3759398496240601,0.4081,0.3920199248120301,2.450379808870375,2.550890749952291,0.3639743870794952,2.747446071752272,Make Cut: DG anchor + putting overlay,Tier 2 - candidate,0.5919,0.6079800751879699,1.6894745734076704,1.644790743661836,0.6240601503759399,0.6240601503759399,1.6024096385542168,0.6166305161970957,1.6217166905187137,Miss Cut: DataGolf core; ARG weakness tag,Tier 1 - core,0.0020051804743701,498.7082274048688,0.0017692569038517,565.20904218204,0.001085144374952,921.5363624256628,Winner: DG anchor + total SG overlay,Tier 4 - speculative,0.0145991011443291,68.49736775667427,0.0142643223975614,70.1049774485576,0.0087178360258398,114.70736511170604,Top 5: DG anchor + total SG overlay,Tier 3 - semi-core,0.0353896905244012,28.256816750361217,0.0347250472824026,28.79765697271674,0.0296412911325655,33.736722045192735,Top 10: DG anchor + putting overlay,Tier 2 - current-price / early value,0.0837354593595202,11.942371937155988,0.0832668451245005,12.009581947109924,0.0830916460623893,12.034904197819715,0.0826266348418875,12.102634966479965,0.0812243531497003,12.311578501055624,Top 20: DG anchor + OTT overlay,Tier 3 - experimental,-0.585,-0.384,-0.021,-0.215,-1.205,0.003,-10.795,-0.1066453453429965,-0.010850463460871,0.0606101103139447,2.90536764623497,81.0,bet365,0.012345679012345678,0.0087178360258398,Top 5: DG anchor + total SG overlay,Tier 3 - semi-core,standard,1.0,0.35,15.0,0.6,25.0,-0.003627842986505878,-0.2938552819069762,False,False,False
"Olesen, Jacob Skov",25611,-0.0131,-0.0304606511899309,0.6493506493506493,0.56345,0.6064003246753247,1.7747803709290977,1.649075634211466,0.6872464542719505,1.4550820797749648,Make Cut: DG anchor + putting overlay,Tier 2 - candidate,0.43655,0.3935996753246753,2.290688351849731,2.5406525022540043,0.3506493506493506,0.3506493506493506,2.851851851851852,0.3400909766437396,2.940389685926729,Miss Cut: DataGolf core; ARG weakness tag,Tier 1 - core,0.0092133900495247,108.53768207193002,0.011148361691429,89.69927848401355,0.0128892632099446,77.58395369166301,Winner: DG anchor + total SG overlay,Tier 4 - speculative,0.0483590336499348,20.67865969446117,0.0604030849466605,16.555445816766785,0.0784298967555244,12.750239913194346,Top 5: DG anchor + total SG overlay,Tier 3 - semi-core,0.1003234902570355,9.967755282814949,0.1226059214151942,8.156212917429878,0.1851358260996876,5.401439694667975,Top 10: DG anchor + putting overlay,Tier 2 - current-price / early value,0.2052575829455641,4.8719271933802695,0.239472718848511,4.175841009399462,0.20430492854492,4.894644525328388,0.2383612630076531,4.195312557845831,0.288838192702182,3.4621460224655585,Top 20: DG anchor + OTT overlay,Tier 3 - experimental,-0.073,-0.035,0.003,0.355,0.251,0.012,-0.271,-0.0250927395601078,-0.0095227111100223,-0.0718762083920951,2.8184702051074,9.0,unibet,0.1111111111111111,0.0784298967555244,Top 5: DG anchor + total SG overlay,Tier 3 - semi-core,standard,1.0,0.35,15.0,0.6,25.0,-0.0326812143555867,-0.2941309292002804,False,False,False
"Crocker, Sean",23610,-0.09195,-0.071623670324409,0.425531914893617,0.5487,0.4871159574468084,1.8224895206852565,2.0528992834507926,0.4036993080761393,2.4770911913760227,Make Cut: DG anchor + putting overlay,Tier 2 - candidate,0.4513,0.5128840425531915,2.215820961666297,1.9497584581144172,0.574468085106383,0.574468085106383,1.7407407407407405,0.6048702361423963,1.6532471598827083,Miss Cut: DataGolf core; ARG weakness tag,Tier 1 - core,0.0089979883919775,111.13595133014164,0.005907327529322,169.28128583294537,0.0022601278567722,442.4528448705194,Winner: DG anchor + total SG overlay,Tier 4 - speculative,0.0498683645283603,20.052793177752932,0.0347390764440743,28.786027216638217,0.0152492168783944,65.57713802449969,Top 5: DG anchor + total SG overlay,Tier 3 - semi-core,0.0999511430781331,10.004888080352282,0.0729282995980446,13.71209812256218,0.0371369055998442,26.92739160271325,Top 10: DG anchor + putting overlay,Tier 2 - current-price / early value,0.1946587137389336,5.13719617679766,0.1506242140955738,6.639038789377396,0.1944657475644909,5.142293758793532,0.1504748995449216,6.645626632908751,0.1136608555665294,8.798103753624018,Top 20: DG anchor + OTT overlay,Tier 3 - experimental,-0.051,-0.022,-0.27,-0.314,-0.657,0.003,1.919,0.0097013689067548,-0.0528734162577061,0.109999317989004,2.90935148390551,46.0,bet365,0.021739130434782608,0.0152492168783944,Top 5: DG anchor + total SG overlay,Tier 3 - semi-core,standard,1.0,0.35,15.0,0.6,25.0,-0.006489913556388208,-0.29853602359385756,False,False,False
"Pepperell, Eddie",15113,-0.2537,-0.3094100804941507,0.4184100418410041,0.4577,0.4380550209205021,2.184837229626393,2.282818258534421,0.4177873535150559,2.3935621592814984,Make Cut: DG anchor + putting overlay,Tier 2 - candidate,0.5423,0.5619449790794979,1.8439977872026556,1.7795336504973571,0.5815899581589958,0.5815899581589958,1.7194244604316546,0.5835930855639005,1.7135227005538347,Miss Cut: DataGolf core; ARG weakness tag,Tier 1 - core,0.0038477481809486,259.892267625853,0.0031322074238076,319.2636580831422,0.0018460052462464,541.7102698019692,Winner: DG anchor + total SG overlay,Tier 4 - speculative,0.0207434106571691,48.20807997909386,0.0191110241116533,52.32581959803121,0.0124866600601546,80.08546682479468,Top 5: DG anchor + total SG overlay,Tier 3 - semi-core,0.0479397726201994,20.85950652962942,0.0451450059589693,22.150844346080337,0.0405060198945404,24.68768846219779,Top 10: DG anchor + putting overlay,Tier 2 - current-price / early value,0.1093962122978311,9.141084311744724,0.1048669569046416,9.535892234475035,0.109395617068354,9.141134049046652,0.104866386319037,9.53594411995547,0.0960851825975187,10.407431957420496,Top 20: DG anchor + OTT overlay,Tier 3 - experimental,-0.206,-0.492,-0.084,-0.09,-0.872,0.047,-15.866,-0.2326878590460509,0.153380757501823,-0.200551662323184,2.8293950212057,56.0,skybet,0.017857142857142856,0.0124866600601546,Top 5: DG anchor + total SG overlay,Tier 3 - semi-core,standard,1.0,0.35,15.0,0.6,25.0,-0.005370482796988256,-0.3007470366313424,False,False,False
"Bryant, Davis",32550,-0.05065,-0.0822725887522251,0.5208333333333334,0.5436,0.5322166666666667,1.839587932303164,1.8789340181003975,0.5443800406232832,1.8369519919486004,Make Cut: DG anchor + putting overlay,Tier 2 - candidate,0.4564,0.4677833333333333,2.191060473269062,2.13774183204475,0.4791666666666666,0.4791666666666666,2.0869565217391304,0.4761800120689738,2.1000461477899077,Miss Cut: DataGolf core; ARG weakness tag,Tier 1 - core,0.0057258720225357,174.64588731012938,0.0052212693446011,191.52430836267948,0.0042579657326638,234.8539332594384,Winner: DG anchor + total SG overlay,Tier 4 - speculative,0.0413986109811816,24.155399814128156,0.0364980918662522,27.39869261287723,0.0299951875135039,33.33868139846753,Top 5: DG anchor + total SG overlay,Tier 3 - semi-core,0.0866010732508491,11.547201004119133,0.07903488706665,12.652640335358498,0.0817834978127843,12.22740561047122,Top 10: DG anchor + putting overlay,Tier 2 - current-price / early value,0.1789725416322687,5.587449286241238,0.1677413839437473,5.961558063306271,0.1785894667767396,5.599434379017056,0.1673823483853624,5.97434562035007,0.1584891167169856,6.309581507641956,Top 20: DG anchor + OTT overlay,Tier 3 - experimental,0.003,-0.252,-0.052,0.159,-0.141,0.045,-9.868,-0.1761998902731621,-0.0496690049504749,-0.0575957473869259,2.78250388547115,23.0,skybet,0.043478260869565216,0.0299951875135039,Top 5: DG anchor + total SG overlay,Tier 3 - semi-core,standard,1.0,0.35,15.0,0.6,25.0,-0.013483073356061318,-0.31011068718941026,False,False,False
"Smylie, Elvis",24200,-0.2999,-0.3166473902986256,0.4166666666666667,0.45435,0.4355083333333333,2.2009464069549907,2.2961673140582843,0.4323418140012797,2.312984697790624,Make Cut: DG anchor + putting overlay,Tier 2 - candidate,0.54565,0.5644916666666666,1.8326766242096584,1.7715053366598268,0.5833333333333333,0.5833333333333333,1.7142857142857144,0.5867128676042085,1.7044112294373464,Miss Cut: DataGolf core; ARG weakness tag,Tier 1 - core,0.0038477481809486,259.892267625853,0.0031322074238076,319.2636580831422,0.0018926690163615,528.3543986588813,Winner: DG anchor + total SG overlay,Tier 4 - speculative,0.0229261596119315,43.61829529789927,0.0205086552027911,48.75990113012889,0.013492875978285,74.1131839949734,Top 5: DG anchor + total SG overlay,Tier 3 - semi-core,0.0505969141735448,19.76405115478091,0.0461865628467531,21.651318876401252,0.0453922030379052,22.030215170762705,Top 10: DG anchor + putting overlay,Tier 2 - current-price / early value,0.1117338111617003,8.949842394195322,0.1059064467409426,9.442295825919796,0.1121517694537935,8.916488833571181,0.1063026068391375,9.40710702902376,0.0982745687331811,10.175572509659483,Top 20: DG anchor + OTT overlay,Tier 3 - experimental,-0.369,-0.383,-0.093,0.081,-0.763,-0.011,-3.695,-0.014142124114495,-0.0383378821250977,-0.0670814189046063,2.89012597272592,51.0,skybet,0.0196078431372549,0.013492875978285,Top 5: DG anchor + total SG overlay,Tier 3 - semi-core,standard,1.0,0.35,15.0,0.6,25.0,-0.006114967158969902,-0.31186332510746506,False,False,False
"Molinari, Francesco",7655,-0.07215,-0.1009314663451002,0.4524886877828054,0.54455,0.4985193438914027,1.836378661279956,2.0059402152664303,0.428874679685112,2.3316834669144355,Make Cut: DG anchor + putting overlay,Tier 2 - candidate,0.45545,0.5014806561085973,2.195630694917115,1.9940948625213704,0.5475113122171946,0.5475113122171946,1.8264462809917357,0.5617122763715591,1.780270864755899,Miss Cut: DataGolf core; ARG weakness tag,Tier 1 - core,0.0069238974309085,144.4273272356643,0.0048869487154542,204.6266613843617,0.0023328714600944,428.6562792274513,Winner: DG anchor + total SG overlay,Tier 4 - speculative,0.0384789639519679,25.988225702965085,0.0296549317114337,33.72120393770596,0.0167615488559007,59.66035767917474,Top 5: DG anchor + total SG overlay,Tier 3 - semi-core,0.0814397839854329,12.279010958315771,0.0650568816234561,15.371164049760608,0.0389547876479413,25.670785553694262,Top 10: DG anchor + putting overlay,Tier 2 - current-price / early value,0.1717618920360632,5.82201318433334,0.1438996188315726,6.949288734186645,0.172314236640288,5.803351014388527,0.1443623651198757,6.927013139259799,0.1224109917044532,8.169201033959279,Top 20: DG anchor + OTT overlay,Tier 3 - experimental,-0.011,-0.068,-0.162,-0.329,-0.57,0.048,-6.385,-0.1486944711436323,0.0087314284725705,-0.0717429532718276,2.80736273528006,41.0,skybet,0.024390243902439025,0.0167615488559007,Top 5: DG anchor + total SG overlay,Tier 3 - semi-core,standard,1.0,0.35,15.0,0.6,25.0,-0.007628695046538327,-0.3127764969080713,False,False,False
"Aphibarnrat, Kiradech",12321,-0.3627000000000001,-0.3528744703740713,0.3663003663003663,0.44205,0.4041751831501831,2.2621875353466803,2.474174669028159,0.3616427981523821,2.765159447689704,Make Cut: DG anchor + putting overlay,Tier 2 - candidate,0.55795,0.5958248168498168,1.7922752934850794,1.6783456675858122,0.6336996336996337,0.6336996336996337,1.578034682080925,0.626641977879514,1.5958075508823837,Miss Cut: DataGolf core; ARG weakness tag,Tier 1 - core,0.002146410716622,465.89405851167857,0.0018065386916443,553.5447453327429,0.0011441793697471,873.9888398975646,Winner: DG anchor + total SG overlay,Tier 4 - speculative,0.0164303121430249,60.86311637265671,0.0139300138757452,71.7874374655998,0.0084665643514566,118.11166353775518,Top 5: DG anchor + total SG overlay,Tier 3 - semi-core,0.0410813220816773,24.34196246196296,0.0353844158508434,28.26102892910023,0.0274409898476181,36.44183411579077,Top 10: DG anchor + putting overlay,Tier 2 - current-price / early value,0.1028486251349777,9.723027397669222,0.0894178466144604,11.183449813007268,0.1022442626198628,9.780499896780826,0.0888924064872331,11.249554821576597,0.0818731533305432,12.214015941986982,Top 20: DG anchor + OTT overlay,Tier 3 - experimental,-0.638,0.016,-0.023,-0.135,-0.78,0.024,-5.426,-0.0959839234638889,0.0955429766967486,0.0732338656874009,2.87921704900517,81.0,skybet,0.012345679012345678,0.0084665643514566,Top 5: DG anchor + total SG overlay,Tier 3 - semi-core,standard,1.0,0.35,15.0,0.6,25.0,-0.003879114660889079,-0.31420828753201546,False,False,False
"Lindberg, Mikael",20084,-0.25205,-0.2572450613319341,0.4830917874396135,0.48225,0.4826708937198067,2.0736132711249358,2.0718050601586637,0.4991276627053702,2.00349544759712,Make Cut: DG anchor + putting overlay,Tier 2 - candidate,0.5177499999999999,0.5173291062801932,1.9314340898116853,1.933005485019791,0.5169082125603864,0.5169082125603864,1.9345794392523368,0.5229047761853952,1.912394083096788,Miss Cut: DataGolf core; ARG weakness tag,Tier 1 - core,0.0055711837255026,179.49506770390636,0.0053439251960846,187.1283678769825,0.0043229393594901,231.32408688655244,Winner: DG anchor + total SG overlay,Tier 4 - speculative,0.0300825439292064,33.24186951586644,0.0305271251392063,32.75775217744588,0.0262846552625188,38.04501105350128,Top 5: DG anchor + total SG overlay,Tier 3 - semi-core,0.0630617711297675,15.857467719106957,0.0655002918992901,15.26710753499463,0.0735573092076747,13.594842045903212,Top 10: DG anchor + putting overlay,Tier 2 - current-price / early value,0.1330887022157524,7.513785793619674,0.1394544208413832,7.170801714041103,0.1335665655333922,7.486903597517414,0.1399551406702892,7.145146617771129,0.1590634189352582,6.286800615086857,Top 20: DG anchor + OTT overlay,Tier 3 - experimental,-0.495,0.092,-0.109,0.081,-0.431,-0.071,15.107,0.2711156417273059,-0.0077378300845771,-0.159598670002179,2.95576995402873,26.0,unibet,0.038461538461538464,0.0262846552625188,Top 5: DG anchor + total SG overlay,Tier 3 - semi-core,standard,1.0,0.35,15.0,0.6,25.0,-0.012176883199019665,-0.3165989631745113,False,False,False
"Lawrence, Thriston",18105,-0.0228,0.0115718947558861,0.5434782608695652,0.58,0.5617391304347825,1.7241379310344829,1.7801857585139322,0.5261448852488289,1.9006171646562176,Make Cut: DG anchor + putting overlay,Tier 2 - candidate,0.42,0.4382608695652175,2.380952380952381,2.281746031746031,0.4565217391304348,0.4565217391304348,2.1904761904761902,0.4711329871327475,2.122542949254873,Miss Cut: DataGolf core; ARG weakness tag,Tier 1 - core,0.0135521503373966,73.78902794787783,0.0102844085020316,97.23456626625226,0.0060736591482328,164.64539342662195,Winner: DG anchor + total SG overlay,Tier 4 - speculative,0.0609622469556412,16.403594846621115,0.0508125283923505,19.68018580532874,0.0359080094103637,27.84894001145552,Top 5: DG anchor + total SG overlay,Tier 3 - semi-core,0.118820804622414,8.416034575576024,0.1029390130291927,9.714489876801204,0.0736244536349227,13.58244374835895,Top 10: DG anchor + putting overlay,Tier 2 - current-price / early value,0.2202263578442308,4.540782537516758,0.2004634565544489,4.988440373063131,0.219827030614307,4.549031105071556,0.2000999645656132,4.997502134349943,0.1977512698525847,5.05685754000699,Top 20: DG anchor + OTT overlay,Tier 3 - experimental,-0.019,0.121,-0.164,-0.262,-0.324,0.022,-3.509,-0.0752577986152154,0.0500691607967585,0.196971082887849,2.86756589672844,19.0,skybet,0.05263157894736842,0.0359080094103637,Top 5: DG anchor + total SG overlay,Tier 3 - semi-core,standard,1.0,0.35,15.0,0.6,25.0,-0.01672356953700472,-0.31774782120308975,False,False,False
"Adam, Cameron",34024,-0.42735,-0.407032201426659,0.3401360544217687,0.4257,0.3829180272108843,2.3490721165139767,2.6115249973573853,0.3436869308196716,2.9096247495214995,Make Cut: DG anchor + putting overlay,Tier 2 - candidate,0.5743,0.6170819727891157,1.7412502176562772,1.620530244110282,0.6598639455782314,0.6598639455782314,1.5154639175257731,0.661003148564952,1.512852097862189,Miss Cut: DataGolf core; ARG weakness tag,Tier 1 - core,0.0026230840017158,381.230642764732,0.0021698753341912,460.855969116189,0.0011890151694588,841.032163159972,Winner: DG anchor + total SG overlay,Tier 4 - speculative,0.0187782888504231,53.252988489282096,0.0149543229966401,66.87029564793235,0.0067068464221269,149.1013715031309,Top 5: DG anchor + total SG overlay,Tier 3 - semi-core,0.0424481546435962,23.558150133880087,0.0354105924733132,28.240137488623965,0.0281197233537352,35.56222753049124,Top 10: DG anchor + putting overlay,Tier 2 - current-price / early value,0.0964143927891385,10.371895430457498,0.0831263006467985,12.029886957786973,0.0970510893846384,10.303851366745018,0.0836752459970438,11.950965761550664,0.0623914120380362,16.027846899672042,Top 20: DG anchor + OTT overlay,Tier 3 - experimental,-0.403,-0.774,-0.079,-0.043,-1.299,-0.118,1.076,0.2282044225123072,-0.06,0.0024867816105516,2.97789790915874,101.0,unibet,0.009900990099009901,0.0067068464221269,Top 5: DG anchor + total SG overlay,Tier 3 - semi-core,standard,1.0,0.35,15.0,0.6,25.0,-0.003194143676883001,-0.3226085113651831,False,False,False
"Siem, Marcel",6950,-0.5269,-0.4957119831432273,0.303030303030303,0.39765,0.3503401515151515,2.514774299006664,2.854368806073751,0.3028194540302784,3.3022977443847177,Make Cut: DG anchor + putting overlay,Tier 2 - candidate,0.6023499999999999,0.6496598484848485,1.6601643562712711,1.539267052338578,0.696969696969697,0.696969696969697,1.434782608695652,0.7159588531242423,1.3967283114613114,Miss Cut: DataGolf core; ARG weakness tag,Tier 1 - core,0.0018648494095599,536.2363281847989,0.0014407580381132,694.0790705631237,0.000687832013545,1453.8433517307024,Winner: DG anchor + total SG overlay,Tier 4 - speculative,0.0138614278043231,72.14264029049858,0.0115588289815266,86.51395410367306,0.0053531547486551,186.80573361927011,Top 5: DG anchor + total SG overlay,Tier 3 - semi-core,0.0329372152042928,30.360793825388875,0.0281347836483224,35.543191392538894,0.0223822791834083,44.67820242101544,Top 10: DG anchor + putting overlay,Tier 2 - current-price / early value,0.0813672838536082,12.289951841075926,0.0694109669628791,14.406945238708428,0.0810813036253356,12.333299481972418,0.0691670094011104,14.457759684257002,0.0566117878932177,17.664165666101542,Top 20: DG anchor + OTT overlay,Tier 3 - experimental,-0.739,-0.361,-0.216,-0.086,-1.401,0.002,-7.478,-0.0745053330240048,0.0917603214260384,0.170252670439357,3.01478779377466,126.0,skybet,0.007936507936507936,0.0053531547486551,Top 5: DG anchor + total SG overlay,Tier 3 - semi-core,standard,1.0,0.35,15.0,0.6,25.0,-0.0025833531878528358,-0.3255025016694574,False,False,False
"Charmasson, Clement",22220,-0.6762000000000001,-0.6906451546623742,0.2237136465324385,0.3241,0.2739068232662192,3.08546744831842,3.6508765574929343,0.2157818344891763,4.634310401370511,Make Cut: DG anchor + putting overlay,Tier 2 - candidate,0.6759,0.7260931767337808,1.4795088030773784,1.3772337105526142,0.7762863534675615,0.7762863534675615,1.288184438040346,0.7986791092842147,1.2520673050985538,Miss Cut: DataGolf core; ARG weakness tag,Tier 1 - core,0.0010013360059982,998.6657765322964,0.0007090013363324,1410.434577137566,0.0002613155470277,3826.791063043463,Winner: DG anchor + total SG overlay,Tier 4 - speculative,0.0077485018904411,129.05720539781242,0.0060807621886067,164.45306837910084,0.0022336791437476,447.69187320350784,Top 5: DG anchor + total SG overlay,Tier 3 - semi-core,0.0189043362166338,52.89791657006736,0.0153259415570903,65.24884596975129,0.0103040060677787,97.04963229079064,Top 10: DG anchor + putting overlay,Tier 2 - current-price / early value,0.0477109167453241,20.95956372705843,0.0399142758977295,25.053692632737526,0.0480947956983933,20.792270462506718,0.0402354235823554,24.853721198017485,0.0329613980259529,30.33851899159819,Top 20: DG anchor + OTT overlay,Tier 3 - experimental,-1.054,-0.192,-0.283,-0.202,-1.731,-0.014,-2.573,0.0010059885753802,-0.06,-0.0577287675995604,3.03895103313967,301.0,bet365,0.0033222591362126247,0.0022336791437476,Top 5: DG anchor + total SG overlay,Tier 3 - semi-core,standard,1.0,0.35,15.0,0.6,25.0,-0.0010885799924650248,-0.3276625777319724,False,False,False
"Cabrera Bello, Rafa",7457,-0.2867,-0.2972914476810101,0.423728813559322,0.4635,0.443614406779661,2.157497303128371,2.2542099280754204,0.4291157300175208,2.330373673226032,Make Cut: DG anchor + putting overlay,Tier 2 - candidate,0.5365,0.556385593220339,1.863932898415657,1.7973146900012946,0.576271186440678,0.576271186440678,1.7352941176470589,0.5716454571490566,1.7493360394872342,Miss Cut: DataGolf core; ARG weakness tag,Tier 1 - core,0.0032056165331143,311.9524714418901,0.0027861415998904,358.9193026080633,0.0018838960110382,530.8148614046246,Winner: DG anchor + total SG overlay,Tier 4 - speculative,0.0214522888949554,46.61507240074286,0.0201664189183771,49.58738604248294,0.0144813964817273,69.05411375634952,Top 5: DG anchor + total SG overlay,Tier 3 - semi-core,0.0489097086616323,20.445838410492488,0.0467842993765112,21.374692222110426,0.0447670797256194,22.337843033967587,Top 10: DG anchor + putting overlay,Tier 2 - current-price / early value,0.1147849910603372,8.711940391878809,0.1095898515884621,9.124932514328563,0.1160525806865286,8.616783824059155,0.1108000704308922,9.025265021141989,0.106644933369971,9.376910542302229,Top 20: DG anchor + OTT overlay,Tier 3 - experimental,-0.413,-0.211,-0.041,-0.027,-0.692,0.016,-6.663,-0.091964840900576,0.0279799464059951,-0.0139698045562613,2.89045671084576,46.0,bet365,0.021739130434782608,0.0144813964817273,Top 5: DG anchor + total SG overlay,Tier 3 - semi-core,standard,1.0,0.35,15.0,0.6,25.0,-0.007257733953055309,-0.3338557618405442,False,False,False
"Saddier, Adrien",14792,-0.12175,-0.1044159297680532,0.5,0.53085,0.515425,1.883771310162946,1.94014648105932,0.5026770426065562,1.9893488567026063,Make Cut: DG anchor + putting overlay,Tier 2 - candidate,0.4691499999999999,0.484575,2.131514441010338,2.0636640354950213,0.5,0.5,2.0,0.4913247956826587,2.035313521294148,Miss Cut: DataGolf core; ARG weakness tag,Tier 1 - core,0.0077157439001411,129.6051311373505,0.0062495386167372,160.011812283526,0.0040543546975115,246.6483755389652,Winner: DG anchor + total SG overlay,Tier 4 - speculative,0.0417180627411935,23.970432332960943,0.0358018292902696,27.93153366249312,0.0255046979675902,39.20846274167749,Top 5: DG anchor + total SG overlay,Tier 3 - semi-core,0.0868648808487714,11.512132293613153,0.0766431808645011,13.047475179402037,0.0651296148153468,15.353998374397955,Top 10: DG anchor + putting overlay,Tier 2 - current-price / early value,0.17443912350794,5.732658935049525,0.1608143593637675,6.218350176914029,0.1741773745640651,5.741273816434664,0.1605730546158594,6.227694941671939,0.1491969106668926,6.702551651573196,Top 20: DG anchor + OTT overlay,Tier 3 - experimental,-0.096,-0.247,-0.016,-0.056,-0.417,-0.012,-1.403,0.0071864602106775,0.0136825339334785,0.0796564875710253,2.87031970129293,26.0,unibet,0.038461538461538464,0.0255046979675902,Top 5: DG anchor + total SG overlay,Tier 3 - semi-core,standard,1.0,0.35,15.0,0.6,25.0,-0.012956840493948265,-0.3368778528426548,False,False,False
"Paratore, Renato",16549,-0.5441500000000001,-0.5198564244727222,0.3333333333333333,0.37895,0.3561416666666667,2.638870563398865,2.8078713994899034,0.348805214027361,2.866929620844365,Make Cut: DG anchor + putting overlay,Tier 2 - candidate,0.62105,0.6438583333333333,1.6101763143064165,1.5531366889714353,0.6666666666666667,0.6666666666666667,1.4999999999999998,0.6590524288598725,1.517329966797861,Miss Cut: DataGolf core; ARG weakness tag,Tier 1 - core,0.0015412309431681,648.8320289913371,0.0014372821382507,695.7576201545812,0.0009405602411882,1063.1961210019545,Winner: DG anchor + total SG overlay,Tier 4 - speculative,0.0117633098178394,85.01008776317951,0.0110557355967504,90.45078830339683,0.0064364197449874,155.3658772454629,Top 5: DG anchor + total SG overlay,Tier 3 - semi-core,0.0267293056410098,37.41212036820491,0.0260340067767338,38.41129829057591,0.0278458075403174,35.91204882645679,Top 10: DG anchor + putting overlay,Tier 2 - current-price / early value,0.0714636040206814,13.993136977958766,0.0686798955371842,14.560301703699984,0.0708852479264884,14.107307645125973,0.0681240680404213,14.679099894719313,0.0623064091607636,16.049713239287943,Top 20: DG anchor + OTT overlay,Tier 3 - experimental,-0.76,-0.535,-0.017,0.093,-1.219,-0.059,-2.569,0.0846789522503843,0.0686349971506893,0.0619696522235254,2.96804939530629,101.0,unibet,0.009900990099009901,0.0064364197449874,Top 5: DG anchor + total SG overlay,Tier 3 - semi-core,standard,1.0,0.35,15.0,0.6,25.0,-0.0034645703540225007,-0.3499216057562725,False,False,False
"Sharma, Shubhankar",17081,-0.6026000000000001,-0.6082831562664018,0.2506265664160401,0.3471,0.29886328320802,2.881014116969173,3.3460115584153662,0.2538237902092563,3.93974102733075,Make Cut: DG anchor + putting overlay,Tier 2 - candidate,0.6529,0.70113671679198,1.531628120692296,1.4262553594047331,0.7493734335839599,0.7493734335839599,1.334448160535117,0.7765367114598661,1.287769123136535,Miss Cut: DataGolf core; ARG weakness tag,Tier 1 - core,0.0006551483276496,1526.3719035771408,0.0005775741638248,1731.379384039209,0.0003169117595602,3155.4524874295344,Winner: DG anchor + total SG overlay,Tier 4 - speculative,0.0077955258193501,128.27871052877404,0.0061578125128496,162.3953307953553,0.0023305017195899,429.09215281588905,Top 5: DG anchor + total SG overlay,Tier 3 - semi-core,0.0208945562186391,47.859355783203625,0.0169310479505894,59.06308947433978,0.012887851481738,77.59245219554167,Top 10: DG anchor + putting overlay,Tier 2 - current-price / early value,0.0548167575957596,18.242596677723885,0.0457933082714277,21.837251724045892,0.0544378633206437,18.36956741137898,0.0454767842174037,21.989241702303698,0.0344980241462251,28.98716737403124,Top 20: DG anchor + OTT overlay,Tier 3 - experimental,-0.779,-0.557,-0.309,-0.04,-1.685,0.005,-10.101,-0.1030695352433354,0.0293307467505985,0.0157862996020097,2.95358844000877,276.0,skybet,0.0036231884057971015,0.0023305017195899,Top 5: DG anchor + total SG overlay,Tier 3 - semi-core,standard,1.0,0.35,15.0,0.6,25.0,-0.0012926866862072017,-0.35678152539318764,False,False,False
"Halvorsen, Andreas",17747,-0.3461,-0.3492618280633432,0.398406374501992,0.4412,0.419803187250996,2.2665457842248413,2.382068622556956,0.3978865781573527,2.5132790470869537,Make Cut: DG anchor + putting overlay,Tier 2 - candidate,0.5588,0.580196812749004,1.789549033643522,1.7235530737612046,0.6015936254980079,0.6015936254980079,1.6622516556291391,0.624218609660054,1.6020028632991163,Miss Cut: DataGolf core; ARG weakness tag,Tier 1 - core,0.0023836625961752,419.5224616120439,0.0024084979647542,415.19653104710943,0.0018549098473993,539.1097585696756,Winner: DG anchor + total SG overlay,Tier 4 - speculative,0.0198346337377485,50.41686240451389,0.0185831667365991,53.81214161042431,0.0123376326727918,81.05282646364522,Top 5: DG anchor + total SG overlay,Tier 3 - semi-core,0.047174816434509,21.19775074033962,0.0436103820027283,22.930319664190023,0.0383303337960818,26.088997954466567,Top 10: DG anchor + putting overlay,Tier 2 - current-price / early value,0.1068062275818127,9.362749931730413,0.1007383660454601,9.926704583919207,0.1068702996473728,9.357136672205282,0.1007987980571491,9.920753216055584,0.1016364310992262,9.838991680293397,Top 20: DG anchor + OTT overlay,Tier 3 - experimental,-0.575,0.005,-0.222,-0.089,-0.881,-0.02,3.934,0.0720802178849915,-0.06,-0.0368492492592122,2.96755537570456,51.0,skybet,0.0196078431372549,0.0123376326727918,Top 5: DG anchor + total SG overlay,Tier 3 - semi-core,standard,1.0,0.35,15.0,0.6,25.0,-0.007270210464463101,-0.3707807336876182,False,False,False
"Schott, Freddy",27588,-0.288,-0.2597328242084374,0.4484304932735426,0.48065,0.4645402466367713,2.080515967960054,2.1526660116963128,0.4479905214048599,2.2321900848796656,Make Cut: DG anchor + putting overlay,Tier 2 - candidate,0.51935,0.5354597533632287,1.925483777799172,1.8675539920955568,0.5515695067264574,0.5515695067264574,1.8130081300813008,0.5582829178395895,1.791206515631432,Miss Cut: DataGolf core; ARG weakness tag,Tier 1 - core,0.0048037732172519,208.1696938582924,0.0045185532752926,221.30977307891555,0.0034264260536571,291.8492867904381,Winner: DG anchor + total SG overlay,Tier 4 - speculative,0.0309151111819374,32.34664090693173,0.0291265866756248,34.332893556555,0.0215714509523449,46.35756779686125,Top 5: DG anchor + total SG overlay,Tier 3 - semi-core,0.0644098538530357,15.52557474018968,0.0619716431963591,16.136412533575534,0.0570296148392503,17.53474931960711,Top 10: DG anchor + putting overlay,Tier 2 - current-price / early value,0.135132859832227,7.400124597685128,0.131960163087898,7.578044590123041,0.1350819018263385,7.402916204759991,0.1319104014919692,7.580903315352889,0.1418495536145772,7.04972257238908,Top 20: DG anchor + OTT overlay,Tier 3 - experimental,-0.546,0.13,-0.114,-0.088,-0.619,-0.055,10.629,0.1993806025800877,0.0128779750238947,0.0384260839117956,3.01526261749868,29.0,skybet,0.034482758620689655,0.0215714509523449,Top 5: DG anchor + total SG overlay,Tier 3 - semi-core,standard,1.0,0.35,15.0,0.6,25.0,-0.012911307668344755,-0.37442792238199785,False,False,False
"Walker, Euan",27147,-0.34095,-0.3547517420629844,0.3745318352059925,0.442,0.4082659176029962,2.262443438914027,2.449383984514756,0.363577801772083,2.7504429454328254,Make Cut: DG anchor + putting overlay,Tier 2 - candidate,0.558,0.5917340823970038,1.7921146953405016,1.68994828884824,0.6254681647940075,0.6254681647940075,1.598802395209581,0.624734742255934,1.6006793481485808,Miss Cut: DataGolf core; ARG weakness tag,Tier 1 - core,0.0023836625961752,419.5224616120439,0.0019668312980876,508.4320149736841,0.0011296065739269,885.2639698471703,Winner: DG anchor + total SG overlay,Tier 4 - speculative,0.0175764201375183,56.89440694839867,0.0149742682698173,66.78122643332307,0.008145111406926,122.77302912636252,Top 5: DG anchor + total SG overlay,Tier 3 - semi-core,0.0427522367063857,23.39058905544081,0.0369243648983143,27.08238862750623,0.0272807153856866,36.65593023724985,Top 10: DG anchor + putting overlay,Tier 2 - current-price / early value,0.1019359557392039,9.810081170558018,0.0908686804309295,11.004891842356104,0.1015200678020929,9.850269229030047,0.0904979458086034,11.049974571963512,0.0773766819045594,12.923790157265383,Top 20: DG anchor + OTT overlay,Tier 3 - experimental,-0.374,-0.433,-0.066,-0.204,-1.077,0.042,-16.408,-0.2313637870710055,-0.0144443289308452,0.0502842654532916,2.84288763755531,76.0,skybet,0.013157894736842105,0.008145111406926,Top 5: DG anchor + total SG overlay,Tier 3 - semi-core,standard,1.0,0.35,15.0,0.6,25.0,-0.005012783329916105,-0.3809715330736241,False,False,False
"Paul, Jeremy",22087,-0.3847,-0.3460018746918601,0.3484320557491289,0.44585,0.3971410278745644,2.24290680722216,2.5179972095853222,0.3448475420775007,2.8998321808402534,Make Cut: DG anchor + putting overlay,Tier 2 - candidate,0.5541499999999999,0.6028589721254356,1.804565550843635,1.6587627392761637,0.6515679442508711,0.6515679442508711,1.5347593582887702,0.6389999614011407,1.5649453214477376,Miss Cut: DataGolf core; ARG weakness tag,Tier 1 - core,0.0034020506470485,293.94036237160714,0.0024176919901909,413.6176171560374,0.0010575857707869,945.5497867145912,Winner: DG anchor + total SG overlay,Tier 4 - speculative,0.0193813907688639,51.59588452271929,0.0152935922098288,65.3868617836773,0.0075363146841333,132.69084982682102,Top 5: DG anchor + total SG overlay,Tier 3 - semi-core,0.0467671259935491,21.38254123501057,0.0370935449592565,26.95886847963433,0.0255554593517369,39.13058208957735,Top 10: DG anchor + putting overlay,Tier 2 - current-price / early value,0.1082787424322273,9.235423108334574,0.0890666023067822,11.227553023248666,0.1082076914134195,9.241487244925954,0.0890081580296,11.234925226375829,0.0676940952166317,14.772337185390294,Top 20: DG anchor + OTT overlay,Tier 3 - experimental,-0.483,-0.433,0.016,-0.124,-1.023,-0.066,0.666,0.1272027927569451,-0.06,0.144889230162227,2.91407383951168,81.0,skybet,0.012345679012345678,0.0075363146841333,Top 5: DG anchor + total SG overlay,Tier 3 - semi-core,standard,1.0,0.35,15.0,0.6,25.0,-0.004809364328212378,-0.38955851058520274,False,False,False
"Del Rey, Alejandro",22259,-0.1504,-0.1300604125394921,0.5263157894736842,0.5175,0.5219078947368421,1.9323671497584545,1.9160468927265848,0.5354936891205838,1.867435639890085,Make Cut: DG anchor + putting overlay,Tier 2 - candidate,0.4825,0.4780921052631579,2.0725388601036268,2.0916471721480665,0.4736842105263158,0.4736842105263158,2.111111111111111,0.4571951581212279,2.187249760275992,Miss Cut: DataGolf core; ARG weakness tag,Tier 1 - core,0.0072396982509082,138.12730383818678,0.0067865157921207,147.35101643187926,0.0056487184050432,177.03130662473498,Winner: DG anchor + total SG overlay,Tier 4 - speculative,0.038320170623673,26.095917208213876,0.0382280085922598,26.15883057540367,0.0354268270144503,28.22719628805896,Top 5: DG anchor + total SG overlay,Tier 3 - semi-core,0.0818078475528082,12.223766177865576,0.0816709884709688,12.244249992829037,0.0838383414887115,11.927716868476532,Top 10: DG anchor + putting overlay,Tier 2 - current-price / early value,0.1676968905139997,5.963139787117984,0.1690910325886498,5.913974175275837,0.1680952109111314,5.949009460648347,0.1694926644080931,5.899960352220711,0.1851467452419872,5.401121141465368,Top 20: DG anchor + OTT overlay,Tier 3 - experimental,-0.318,0.08,0.034,0.011,-0.193,-0.078,11.186,0.248816031230634,0.0145667457763911,-0.0263517647568753,2.92079524549744,17.0,skybet,0.058823529411764705,0.0354268270144503,Top 5: DG anchor + total SG overlay,Tier 3 - semi-core,standard,1.0,0.35,15.0,0.6,25.0,-0.023396702397314402,-0.3977439407543448,False,False,False
"Grace, Branden",11952,0.08865,0.0741420488198111,0.5988023952095809,0.60995,0.6043761976047904,1.6394786457906383,1.6545985827421898,0.6230463850045966,1.6050169362472464,Make Cut: DG anchor + putting overlay,Tier 2 - candidate,0.39005,0.3956238023952095,2.563773875144212,2.527653781055992,0.4011976047904191,0.4011976047904191,2.492537313432836,0.3779329116905703,2.645972258745072,Miss Cut: DataGolf core; ARG weakness tag,Tier 1 - core,0.011666412722057,85.71615147039601,0.0099998730276951,100.00126973917024,0.0080917420950662,123.58278208220844,Winner: DG anchor + total SG overlay,Tier 4 - speculative,0.0586103414759526,17.06183541705336,0.0549395093623149,18.201837104245,0.0546374341193635,18.302470021109556,Top 5: DG anchor + total SG overlay,Tier 3 - semi-core,0.1229605106879829,8.132692312392383,0.1153071853584214,8.672486427377398,0.1238743070951216,8.072699040262735,Top 10: DG anchor + putting overlay,Tier 2 - current-price / early value,0.2409930257889948,4.149497674159108,0.2303635378833974,4.340964760257188,0.2410262856424231,4.148925074021012,0.2303953307432951,4.340365739070437,0.2182253265620497,4.5824195374300976,Top 20: DG anchor + OTT overlay,Tier 3 - experimental,0.274,-0.353,0.084,0.178,0.182,-0.008,-6.84,-0.0474004092831508,0.0845032432040847,-0.0699653620603901,2.72830835310019,11.0,bet365,0.09090909090909091,0.0546374341193635,Top 5: DG anchor + total SG overlay,Tier 3 - semi-core,standard,1.0,0.35,15.0,0.6,25.0,-0.036271656789727415,-0.39898822468700157,False,False,False
"Hoshino, Rikuya",19190,-0.40335,-0.3972330990394933,0.3460207612456747,0.4219,0.3839603806228373,2.370229912301493,2.604435380488634,0.3560157475617085,2.808864514698662,Make Cut: DG anchor + putting overlay,Tier 2 - candidate,0.5781000000000001,0.6160396193771627,1.729804532087874,1.6232722191001847,0.6539792387543253,0.6539792387543253,1.529100529100529,0.6546996941599146,1.5274178511464886,Miss Cut: DataGolf core; ARG weakness tag,Tier 1 - core,0.0020051804743701,498.7082274048688,0.0016692569038517,599.0689615795783,0.0009896767079784,1010.4309740123254,Winner: DG anchor + total SG overlay,Tier 4 - speculative,0.0160826506687063,62.17880501165149,0.0128797644877923,77.64117123009643,0.0065746987789667,152.09822284164872,Top 5: DG anchor + total SG overlay,Tier 3 - semi-core,0.0379021753009288,26.38370996019046,0.0317125429775447,31.533264320937217,0.0267189335039589,37.426643539190245,Top 10: DG anchor + putting overlay,Tier 2 - current-price / early value,0.092923814609525,10.761503971851546,0.079672508809739,12.55138083310566,0.0931643623468671,10.733718074265624,0.079878753482357,12.518973524303584,0.0646933576723809,15.457537465657358,Top 20: DG anchor + OTT overlay,Tier 3 - experimental,-0.538,-0.411,-0.076,0.029,-0.997,-0.002,-4.126,-0.0359816078737713,-0.06,0.0635753087394191,2.88241740722304,91.0,skybet,0.01098901098901099,0.0065746987789667,Top 5: DG anchor + total SG overlay,Tier 3 - semi-core,standard,1.0,0.35,15.0,0.6,25.0,-0.00441431221004429,-0.4017024111140304,False,False,False
"Garcia Rodriguez, Sebastian",12258,-0.4245,-0.427881616926414,0.28328611898017,0.413,0.3481430594900849,2.4213075060532687,2.872382409302288,0.256054487602979,3.905418762082128,Make Cut: DG anchor + putting overlay,Tier 2 - candidate,0.587,0.651856940509915,1.7035775127768311,1.5340789333588287,0.71671388101983,0.71671388101983,1.3952569169960474,0.7181277643432146,1.392509870321725,Miss Cut: DataGolf core; ARG weakness tag,Tier 1 - core,0.0031566759889385,316.7889271829388,0.0020116713278025,497.0990967457525,0.0005966481520392,1676.029661002393,Winner: DG anchor + total SG overlay,Tier 4 - speculative,0.016828307316511,59.42368303547974,0.0123632178116946,80.8850911818502,0.0047069515977566,212.45172788192556,Top 5: DG anchor + total SG overlay,Tier 3 - semi-core,0.0388090167156411,25.767207845721384,0.0290578888893261,34.41406235011561,0.0141370071235535,70.73632992190458,Top 10: DG anchor + putting overlay,Tier 2 - current-price / early value,0.0909525582303037,10.994742967733456,0.0703846258956861,14.207648151487712,0.0914835071883123,10.930932041570845,0.0707955065185765,14.12519027231768,0.0505804466099557,19.770485771139285,Top 20: DG anchor + OTT overlay,Tier 3 - experimental,-0.57,-0.236,-0.082,-0.438,-1.325,-0.021,-5.807,-0.0157102762273654,-0.0245360918988997,-0.0029189235436626,3.01199566180849,126.0,bet365,0.007936507936507936,0.0047069515977566,Top 5: DG anchor + total SG overlay,Tier 3 - semi-core,standard,1.0,0.35,15.0,0.6,25.0,-0.0032295563387513358,-0.40692409868266843,False,False,False
"Rodrigues, Daniel",27149,-0.25605,-0.2630622825563604,0.3861003861003861,0.4796,0.432850193050193,2.085070892410342,2.3102681159808114,0.3788600021118496,2.63949742497434,Make Cut: DG anchor + putting overlay,Tier 2 - candidate,0.5204,0.5671498069498069,1.9215987701767872,1.7632025749565328,0.6138996138996139,0.6138996138996139,1.628930817610063,0.6155513897479331,1.6245597307634994,Miss Cut: DataGolf core; ARG weakness tag,Tier 1 - core,0.0044493311581171,224.7528818293607,0.0032663322457252,306.153791093584,0.001597211481085,626.0911669134,Winner: DG anchor + total SG overlay,Tier 4 - speculative,0.0250731429756434,39.883312633418925,0.0198330260055262,50.42094936604037,0.0104897654344085,95.33101633710493,Top 5: DG anchor + total SG overlay,Tier 3 - semi-core,0.0561919924567877,17.79612995159427,0.0460509530771007,21.71507717388068,0.0325318272617255,30.73912793015848,Top 10: DG anchor + putting overlay,Tier 2 - current-price / early value,0.1272679136741359,7.857440034417926,0.1076286256867368,9.291208483053513,0.1268164309953173,7.885413523717005,0.1072468133442556,9.324286371009098,0.0870642603540437,11.485769200054484,Top 20: DG anchor + OTT overlay,Tier 3 - experimental,-0.263,-0.348,-0.082,-0.162,-0.856,-0.003,-3.57,-0.0284587066700378,-0.06,-0.0058320594467825,2.89087349512685,56.0,skybet,0.017857142857142856,0.0104897654344085,Top 5: DG anchor + total SG overlay,Tier 3 - semi-core,standard,1.0,0.35,15.0,0.6,25.0,-0.007367377422734356,-0.41257313567312404,False,False,False
"Winther, Jeff",15680,-0.0498499999999999,-0.018283378351508,0.5617977528089888,0.57295,0.5673738764044944,1.7453529976437736,1.7625062442724737,0.597290462898988,1.6742273016489082,Make Cut: DG anchor + putting overlay,Tier 2 - candidate,0.42705,0.4326261235955055,2.341646177262616,2.3114646699767363,0.4382022471910112,0.4382022471910112,2.2820512820512824,0.4410093645767075,2.2675255455398924,Miss Cut: DataGolf core; ARG weakness tag,Tier 1 - core,0.0077688061852585,128.71990575559943,0.0071344030926292,140.16589573318663,0.005844995015212,171.08654453894673,Winner: DG anchor + total SG overlay,Tier 4 - speculative,0.0493289238396531,20.27208222199543,0.0452834734638381,22.08311164112811,0.0388090709650949,25.767171826901127,Top 5: DG anchor + total SG overlay,Tier 3 - semi-core,0.1009087652311439,9.909941893643998,0.0949860176009569,10.527865313830414,0.1112175439119936,8.991387193294782,Top 10: DG anchor + putting overlay,Tier 2 - current-price / early value,0.2073275414132297,4.823285865368339,0.1976923174376613,5.058365509399887,0.2082726750976141,4.801397972784072,0.1985935275088401,5.0354108340992445,0.183767223782599,5.441666796811513,Top 20: DG anchor + OTT overlay,Tier 3 - experimental,0.066,-0.425,-0.089,0.29,-0.157,0.032,-13.914,-0.1890811076626386,0.0622752506602161,0.236804849408725,2.77496152996415,15.0,bet365,0.06666666666666667,0.0388090709650949,Top 5: DG anchor + total SG overlay,Tier 3 - semi-core,standard,1.0,0.35,15.0,0.6,25.0,-0.027857595701571765,-0.4178639355235765,False,False,False
"Lagergren, Joakim",14780,-0.12985,-0.092827599104973,0.5813953488372093,0.5425,0.5619476744186047,1.8433179723502304,1.779525115100098,0.6093482582708049,1.6410976587309498,Make Cut: DG anchor + putting overlay,Tier 2 - candidate,0.4575,0.4380523255813953,2.185792349726776,2.2828323047315684,0.4186046511627906,0.4186046511627906,2.3888888888888893,0.4156941982107143,2.4056145221759926,Miss Cut: DataGolf core; ARG weakness tag,Tier 1 - core,0.0090517953075934,110.47532185809764,0.0095758976537967,104.42885211952056,0.0092627800200756,107.95894945498593,Winner: DG anchor + total SG overlay,Tier 4 - speculative,0.0484667286212025,20.63271090185636,0.0515126037285906,19.41272480165814,0.0529011995155795,18.903163050310376,Top 5: DG anchor + total SG overlay,Tier 3 - semi-core,0.0961258899336669,10.403024624167998,0.1034235371986754,9.66897891027466,0.1304529820023013,7.665597095989412,Top 10: DG anchor + putting overlay,Tier 2 - current-price / early value,0.187636478650275,5.329454097589642,0.201657944642968,4.958892156569794,0.1876168211525474,5.330012489588661,0.2016368182041375,4.959411723049498,0.2328424048396153,4.294750351375266,Top 20: DG anchor + OTT overlay,Tier 3 - experimental,-0.296,0.067,-0.052,0.214,-0.068,-0.054,6.033,0.1559967877404008,0.191467622961626,0.059246704864528,2.92014523961852,11.0,unibet,0.09090909090909091,0.0529011995155795,Top 5: DG anchor + total SG overlay,Tier 3 - semi-core,standard,1.0,0.35,15.0,0.6,25.0,-0.03800789139351141,-0.4180868053286255,False,False,False
"Repetto Taylor, Rocco",31235,-0.5224500000000001,-0.51564972707582,0.2793296089385474,0.3878,0.3335648044692737,2.57864878803507,2.997918205402617,0.248243880664527,4.028296678746271,Make Cut: DG anchor + putting overlay,Tier 2 - candidate,0.6122000000000001,0.6664351955307263,1.6334531198954587,1.5005209909474155,0.7206703910614525,0.7206703910614525,1.3875968992248062,0.7351810755793494,1.3602091147571551,Miss Cut: DataGolf core; ARG weakness tag,Tier 1 - core,0.0028160722605604,355.1045241292854,0.0019247027969468,519.5607350840263,0.0007057150899004,1417.0024338590008,Winner: DG anchor + total SG overlay,Tier 4 - speculative,0.0156860045041103,63.75109733890231,0.011768604103907,84.97184467850457,0.00461400800568,216.73131012537485,Top 5: DG anchor + total SG overlay,Tier 3 - semi-core,0.0361926206811184,27.629941716867613,0.0281187021154509,35.56351910888907,0.0140614475172525,71.11643369383295,Top 10: DG anchor + putting overlay,Tier 2 - current-price / early value,0.0813672838536082,12.289951841075926,0.0661850435807057,15.109153758894244,0.0820503988618808,12.187631186087778,0.0667406968414745,14.983361686726829,0.0584451710419089,17.110053442788896,Top 20: DG anchor + OTT overlay,Tier 3 - experimental,-0.947,0.266,-0.187,-0.494,-1.36,-0.043,10.9,0.1799368593753459,-0.06,-0.0409670650667726,3.09720627756091,126.0,bet365,0.007936507936507936,0.00461400800568,Top 5: DG anchor + total SG overlay,Tier 3 - semi-core,standard,1.0,0.35,15.0,0.6,25.0,-0.003322499930827936,-0.41863499128432,False,False,False
"Ormsby, Wade",7532,-0.4629,-0.4664209637538438,0.2994011976047904,0.39085,0.3451255988023952,2.5585262888576183,2.897495878225361,0.2960105486086344,3.3782579867521343,Make Cut: DG anchor + putting overlay,Tier 2 - candidate,0.6091500000000001,0.6548744011976048,1.641631781991299,1.5270103674402986,0.7005988023952096,0.7005988023952096,1.4273504273504274,0.7027197131037553,1.4230424753323403,Miss Cut: DataGolf core; ARG weakness tag,Tier 1 - core,0.0014043411831998,712.0776716961553,0.0010105039249332,989.6052606288116,0.0004291275037511,2330.3097360542906,Winner: DG anchor + total SG overlay,Tier 4 - speculative,0.0102675086906193,97.39460955252176,0.0082850175728228,120.6998043408225,0.003825980694564,261.3708954205618,Top 5: DG anchor + total SG overlay,Tier 3 - semi-core,0.0268280374263612,37.27443733984797,0.0222922239801358,44.85869157294838,0.0165313384231852,60.49116982551736,Top 10: DG anchor + putting overlay,Tier 2 - current-price / early value,0.0712629100903436,14.032545102806624,0.0600790919453087,16.644725604546778,0.0721476055397052,13.860473851064487,0.0608249455622661,16.4406230166915,0.0467671549529175,21.382527994417075,Top 20: DG anchor + OTT overlay,Tier 3 - experimental,-0.584,-0.482,-0.087,-0.125,-1.278,0.072,-20.753,-0.326265802501918,0.0066432762699231,0.143867263414259,2.81959901686404,151.0,skybet,0.006622516556291391,0.003825980694564,Top 5: DG anchor + total SG overlay,Tier 3 - semi-core,standard,1.0,0.35,15.0,0.6,25.0,-0.0027965358617273906,-0.422276915120836,False,False,False
"List, Luke",7960,-0.4378000000000001,-0.4357410010290005,0.2762430939226519,0.4093,0.3427715469613259,2.443195699975568,2.9173950080308955,0.2638178166809233,3.790494563941671,Make Cut: DG anchor + putting overlay,Tier 2 - candidate,0.5907,0.657228453038674,1.6929067208396815,1.5215409426912865,0.7237569060773481,0.7237569060773481,1.381679389312977,0.74301818834681,1.3458620740159346,Miss Cut: DataGolf core; ARG weakness tag,Tier 1 - core,0.0033528429638676,298.2543503458516,0.0021264214819338,470.2736538809688,0.0006317983531582,1582.783486220325,Winner: DG anchor + total SG overlay,Tier 4 - speculative,0.0179263546056343,55.7837899561406,0.0126387824615473,79.12154537372847,0.0045317627672935,220.664684218942,Top 5: DG anchor + total SG overlay,Tier 3 - semi-core,0.039616107088362,25.242258098948035,0.029057128520131,34.414962899971044,0.01570775542103,63.66281961973804,Top 10: DG anchor + putting overlay,Tier 2 - current-price / early value,0.0900431655209801,11.105784589136851,0.0690716783130856,14.477713940397337,0.090968375871741,10.99283119454533,0.0697814027141542,14.330465727327145,0.0504001988384118,19.84119156367025,Top 20: DG anchor + OTT overlay,Tier 3 - experimental,-0.662,-0.106,-0.227,-0.245,-1.24,-0.049,5.084,0.1384802761248362,-0.06,-0.04394514320742,3.02402210233609,126.0,bet365,0.007936507936507936,0.0045317627672935,Top 5: DG anchor + total SG overlay,Tier 3 - semi-core,standard,1.0,0.35,15.0,0.6,25.0,-0.0034047451692144357,-0.42899789132101895,False,False,False
"Puig, David",28984,-0.05675,-0.0436723025631047,0.6060606060606061,0.5563,0.5811803030303031,1.7975912277548085,1.7206364269159675,0.6515088331630369,1.5348986062783816,Make Cut: DG anchor + putting overlay,Tier 2 - candidate,0.4437,0.4188196969696969,2.2537750732476898,2.3876622977270183,0.3939393939393939,0.3939393939393939,2.5384615384615388,0.3883815690798939,2.5747874760614358,Miss Cut: DataGolf core; ARG weakness tag,Tier 1 - core,0.0086757659189341,115.2635985507148,0.0094712162928004,105.58306019894748,0.0102485233677992,97.57503243267136,Winner: DG anchor + total SG overlay,Tier 4 - speculative,0.0498683645283603,20.052793177752932,0.0546918972112701,18.28424412005833,0.066144607638393,15.118390382885252,Top 5: DG anchor + total SG overlay,Tier 3 - semi-core,0.1004830915855704,9.951923096916357,0.1104593199630592,9.05310661277318,0.1616548344629156,6.186019758223839,Top 10: DG anchor + putting overlay,Tier 2 - current-price / early value,0.1955370177105608,5.114121160834245,0.2149337041345384,4.652597432434546,0.1956564803162141,5.110998615450049,0.2150650170728211,4.649756681075655,0.258108288374634,3.8743428438397887,Top 20: DG anchor + OTT overlay,Tier 3 - experimental,-0.254,0.179,-0.034,0.416,0.306,-0.049,12.198,0.2032297577041278,-0.0138977752271263,-0.0327519478608061,2.85834029834452,8.5,bet365,0.11764705882352941,0.066144607638393,Top 5: DG anchor + total SG overlay,Tier 3 - semi-core,standard,1.0,0.35,15.0,0.6,25.0,-0.05150245118513641,-0.4377708350736595,False,False,False
"Willett, Danny",12920,-0.4126,-0.405671790545239,0.3676470588235294,0.41885,0.3932485294117647,2.387489554733198,2.542921143267429,0.3882340469040261,2.5757658504567127,Make Cut: DG anchor + putting overlay,Tier 2 - candidate,0.58115,0.6067514705882353,1.7207261464337948,1.648121262945629,0.6323529411764706,0.6323529411764706,1.5813953488372094,0.632359418125552,1.5813791513759896,Miss Cut: DataGolf core; ARG weakness tag,Tier 1 - core,0.0018648494095599,536.2363281847989,0.0017740913714466,563.6688256843231,0.0012417836948859,805.293227893313,Winner: DG anchor + total SG overlay,Tier 4 - speculative,0.0162315809742075,61.608293214877136,0.0143312964394847,69.77735784216004,0.0083581237040958,119.6440774751826,Top 5: DG anchor + total SG overlay,Tier 3 - semi-core,0.0371977008595691,26.88338195350451,0.0341024387858729,29.3234160254326,0.0352986598907409,28.329687390265697,Top 10: DG anchor + putting overlay,Tier 2 - current-price / early value,0.0886795786950744,11.27655334762595,0.0836200894409623,11.958848725054557,0.0885242083941368,11.296345012741536,0.0834735835751017,11.9798378980614,0.0731021895566208,13.679480820823516,Top 20: DG anchor + OTT overlay,Tier 3 - experimental,-0.487,-0.607,-0.071,0.141,-1.024,-0.026,-8.718,-0.0316149093714234,0.131294656132281,0.0176248379264466,2.87819443572915,67.0,skybet,0.014925373134328358,0.0083581237040958,Top 5: DG anchor + total SG overlay,Tier 3 - semi-core,standard,1.0,0.35,15.0,0.6,25.0,-0.006567249430232559,-0.44000571182558146,False,False,False
"Frittelli, Dylan",11955,-0.4155,-0.4187635231114385,0.2985074626865671,0.41755,0.3580287313432835,2.394922763740869,2.793071930981942,0.2897934067506844,3.4507341323342176,Make Cut: DG anchor + putting overlay,Tier 2 - candidate,0.58245,0.6419712686567165,1.7168855695767875,1.5577021103957434,0.7014925373134329,0.7014925373134329,1.425531914893617,0.6844381265373322,1.461052447588125,Miss Cut: DataGolf core; ARG weakness tag,Tier 1 - core,0.0023836625961752,419.5224616120439,0.0015918312980876,628.2072737238959,0.0005750201913433,1739.069366701262,Winner: DG anchor + total SG overlay,Tier 4 - speculative,0.0170774099056722,58.5568892193571,0.0124419225454286,80.37343074181202,0.0050147784769022,199.4106030018951,Top 5: DG anchor + total SG overlay,Tier 3 - semi-core,0.0380028753616419,26.31379837667091,0.0293191731629314,34.10737384860193,0.0182672333190353,54.7428273638982,Top 10: DG anchor + putting overlay,Tier 2 - current-price / early value,0.0924688002220745,10.814458472461888,0.0728042241527363,13.735466748496558,0.0939781879973518,10.640766983378938,0.0739926228954557,13.514860818123736,0.0506571777116149,19.740539153066837,Top 20: DG anchor + OTT overlay,Tier 3 - experimental,-0.505,-0.497,0.056,-0.191,-1.137,-0.092,4.781,0.2158859011759221,-0.0135887814596411,-0.120863370780243,2.98673166903111,111.0,skybet,0.009009009009009009,0.0050147784769022,Top 5: DG anchor + total SG overlay,Tier 3 - semi-core,standard,1.0,0.35,15.0,0.6,25.0,-0.003994230532106809,-0.44335958906385575,False,False,False
"Watson, Bubba",7334,-0.13605,-0.1235905049152763,0.5102040816326531,0.5336,0.5219020408163265,1.8740629685157424,1.9160683840895936,0.5092719091919222,1.9635875883803044,Make Cut: DG anchor + putting overlay,Tier 2 - candidate,0.4664,0.4780979591836735,2.144082332761578,2.0916215616302694,0.4897959183673469,0.4897959183673469,2.0416666666666665,0.4890138675782359,2.0449317827168016,Miss Cut: DataGolf core; ARG weakness tag,Tier 1 - core,0.006871389462519,145.53097382336364,0.0058190280645928,171.85000465708717,0.004138289108112,241.64575598156327,Winner: DG anchor + total SG overlay,Tier 4 - speculative,0.0381085220135524,26.24084974075808,0.0348247537316439,28.71520665173685,0.0280278426267706,35.67880743860236,Top 5: DG anchor + total SG overlay,Tier 3 - semi-core,0.0787610435150474,12.696632184779878,0.0749148537681057,13.348487645660205,0.0678360510984765,14.741424121936513,Top 10: DG anchor + putting overlay,Tier 2 - current-price / early value,0.1635833564851533,6.113091340626449,0.1599095935101796,6.2535335000794765,0.1635177725749486,6.115543186852356,0.1598454824866196,6.256041675020175,0.1713010723984593,5.837675071139798,Top 20: DG anchor + OTT overlay,Tier 3 - experimental,-0.273,0.12,-0.066,-0.093,-0.312,0.006,1.472,0.0004819078779912,-0.0291277504874287,0.0693384591064799,2.831204992681,19.0,bet365,0.05263157894736842,0.0280278426267706,Top 5: DG anchor + total SG overlay,Tier 3 - semi-core,standard,1.0,0.35,15.0,0.6,25.0,-0.024603736320597817,-0.4674709900913586,False,False,False
"Cantero Gutierrez, Ivan",19635,-0.5041500000000001,-0.472990052522035,0.2857142857142857,0.3947,0.3402071428571428,2.533569799847986,2.939385668395306,0.2742647030216458,3.6461126385668265,Make Cut: DG anchor + putting overlay,Tier 2 - candidate,0.6053,0.6597928571428572,1.6520733520568314,1.515627199012677,0.7142857142857143,0.7142857142857143,1.4,0.7209454655397504,1.387067465985558,Miss Cut: DataGolf core; ARG weakness tag,Tier 1 - core,0.0018182815181672,549.9698424080939,0.0013674740924169,731.2752801280185,0.0006407010271346,1560.7903806121028,Winner: DG anchor + total SG overlay,Tier 4 - speculative,0.0137632874275334,72.65705996951698,0.010634481015354,94.03373785295229,0.0045921448644327,217.7631650397693,Top 5: DG anchor + total SG overlay,Tier 3 - semi-core,0.0346879707740397,28.828437573188754,0.0269178386864981,37.150085177588736,0.0164614058077253,60.74815308487806,Top 10: DG anchor + putting overlay,Tier 2 - current-price / early value,0.0846933640482816,11.807300503849673,0.0675261809511398,14.809070880575554,0.0842472774143572,11.869819781613293,0.0671705152257224,14.88748443628221,0.0528915307725895,18.906618609689364,Top 20: DG anchor + OTT overlay,Tier 3 - experimental,-0.809,-0.096,-0.123,-0.229,-1.259,-0.081,8.291,0.2267058893995049,-0.0397121864259223,0.0523748392965533,2.99940672936012,111.0,skybet,0.009009009009009009,0.0045921448644327,Top 5: DG anchor + total SG overlay,Tier 3 - semi-core,standard,1.0,0.35,15.0,0.6,25.0,-0.004416864144576309,-0.49027192004797027,False,False,False
"Norgaard, Niklas",15676,-0.22925,-0.2129828760830376,0.4807692307692307,0.49565,0.4882096153846154,2.0175527085645117,2.048300501439719,0.5052892915248021,1.97906430390068,Make Cut: DG anchor + putting overlay,Tier 2 - candidate,0.5043500000000001,0.5117903846153846,1.9827500743531277,1.9539249467367572,0.5192307692307693,0.5192307692307693,1.9259259259259256,0.5724114866519684,1.7469949910491742,Miss Cut: DataGolf core; ARG weakness tag,Tier 1 - core,0.0057258720225357,174.64588731012938,0.0050046026779345,199.81606220390623,0.0036017683581164,277.64139738373945,Winner: DG anchor + total SG overlay,Tier 4 - speculative,0.0317493427986154,31.49671495069845,0.030162217695604,33.15406082178583,0.0240609172111899,41.56117537925489,Top 5: DG anchor + total SG overlay,Tier 3 - semi-core,0.0682553596491464,14.650864124668134,0.0656152107889791,15.240368627573805,0.0726602359579875,13.762685832429783,Top 10: DG anchor + putting overlay,Tier 2 - current-price / early value,0.1415266027400551,7.065809400065379,0.140295122801019,7.127831531380479,0.1429039704493484,6.997706199873886,0.141660505479443,7.059130536175551,0.1587494313243534,6.299235163600817,Top 20: DG anchor + OTT overlay,Tier 3 - experimental,-0.509,0.3,-0.411,0.168,-0.452,-0.025,9.719,0.1348045466729222,0.0515367356555338,0.0010491623344672,2.89211608755812,21.0,bet365,0.047619047619047616,0.0240609172111899,Top 5: DG anchor + total SG overlay,Tier 3 - semi-core,standard,1.0,0.35,15.0,0.6,25.0,-0.023558130407857716,-0.49472073856501214,False,False,False
"Meronk, Adrian",14196,-0.32385,-0.2840487801659626,0.4524886877828054,0.4632,0.4578443438914027,2.158894645941278,2.184148419309058,0.4979468988071144,2.008246265607052,Make Cut: DG anchor + putting overlay,Tier 2 - candidate,0.5367999999999999,0.5421556561085973,1.8628912071535024,1.844488734430345,0.5475113122171946,0.5475113122171946,1.8264462809917357,0.5654399617920806,1.7685343583262916,Miss Cut: DataGolf core; ARG weakness tag,Tier 1 - core,0.0036986314726432,270.37027273369665,0.0034159824029882,292.74155485262514,0.0025350088731744,394.4759367835067,Winner: DG anchor + total SG overlay,Tier 4 - speculative,0.0239467565484817,41.759308738761206,0.022933487401225,43.6043582253689,0.0172872703144193,57.84603247430567,Top 5: DG anchor + total SG overlay,Tier 3 - semi-core,0.0526462813264278,18.994693923386595,0.0519990903385385,19.23110564991674,0.0695148937183688,14.385406443277883,Top 10: DG anchor + putting overlay,Tier 2 - current-price / early value,0.1199264539818377,8.338443827843397,0.1201137619141928,8.325440682761915,0.1190615772758836,8.399015222877901,0.1192475343947847,8.385917621486144,0.1189584065346861,8.406299555705782,Top 20: DG anchor + OTT overlay,Tier 3 - experimental,-0.463,-0.356,-0.186,0.384,-0.621,-0.061,3.395,0.1434546062373169,-0.0541768239090699,0.140823002028796,2.85409347548506,29.0,skybet,0.034482758620689655,0.0172872703144193,Top 5: DG anchor + total SG overlay,Tier 3 - semi-core,standard,1.0,0.35,15.0,0.6,25.0,-0.017195488306270355,-0.49866916088184027,False,False,False
"Harrington, Padraig",5716,-0.32635,-0.3271916810252289,0.28328611898017,0.4464,0.364843059490085,2.240143369175627,2.740904545087492,0.242833248915341,4.118052220882775,Make Cut: DG anchor + putting overlay,Tier 2 - candidate,0.5536,0.635156940509915,1.8063583815028903,1.5744140325337272,0.71671388101983,0.71671388101983,1.3952569169960474,0.702670229542196,1.4231426890698362,Miss Cut: DataGolf core; ARG weakness tag,Tier 1 - core,0.0044493311581171,224.7528818293607,0.0025329989123918,394.788957511123,0.0004156571072515,2405.8291860139684,Winner: DG anchor + total SG overlay,Tier 4 - speculative,0.0221120917340346,45.22412497325214,0.0143488798617262,69.69185118535738,0.0037820270997966,264.4084702761059,Top 5: DG anchor + total SG overlay,Tier 3 - semi-core,0.0495739783350944,20.17187309924004,0.0339688389150219,29.43874538960977,0.0116939287118214,85.51446007953676,Top 10: DG anchor + putting overlay,Tier 2 - current-price / early value,0.109040617476695,9.170894508312257,0.0786690901652539,12.711472802079935,0.109741602259109,9.112314559057708,0.0791748268010905,12.630277076731495,0.0444831205781288,22.48043723109823,Top 20: DG anchor + OTT overlay,Tier 3 - experimental,-0.198,-0.637,0.037,-0.619,-1.417,-0.051,-4.63,0.0536759698148321,0.211541334627643,-0.0839317236904713,2.96421022127846,126.0,skybet,0.007936507936507936,0.0037820270997966,Top 5: DG anchor + total SG overlay,Tier 3 - semi-core,standard,1.0,0.35,15.0,0.6,25.0,-0.004154480836711336,-0.5234645854256283,False,False,False
"Forrest, Grant",16475,-0.49845,-0.5008266884082054,0.3861003861003861,0.3915,0.3888001930501931,2.554278416347382,2.572015183827089,0.3883634934121781,2.5749073148301287,Make Cut: DG anchor + putting overlay,Tier 2 - candidate,0.6085,0.6111998069498069,1.6433853738701725,1.6361261712278683,0.6138996138996139,0.6138996138996139,1.628930817610063,0.6177905472002466,1.6186715781455077,Miss Cut: DataGolf core; ARG weakness tag,Tier 1 - core,0.0023836625961752,419.5224616120439,0.0024834979647542,402.65786974338886,0.0018292670219166,546.6670464283874,Winner: DG anchor + total SG overlay,Tier 4 - speculative,0.0149443046961343,66.91512387716986,0.01568986017265,63.73543097236539,0.0102987591232814,97.0990765032454,Top 5: DG anchor + total SG overlay,Tier 3 - semi-core,0.0340871349930747,29.336581094397182,0.036585708203053,27.333077562690196,0.0382606625042811,26.136505082422623,Top 10: DG anchor + putting overlay,Tier 2 - current-price / early value,0.0789004717294721,12.674195452578822,0.0852622271653457,11.728523089840689,0.0785315657034642,12.733733130649751,0.0848635761978331,11.78361842386667,0.0914753888392399,10.931902150833308,Top 20: DG anchor + OTT overlay,Tier 3 - experimental,-0.737,-0.31,-0.097,-0.059,-1.203,-0.068,3.622,0.1593057037168256,0.161716935456766,-0.131965527763631,2.98526495955456,46.0,skybet,0.021739130434782608,0.0102987591232814,Top 5: DG anchor + total SG overlay,Tier 3 - semi-core,standard,1.0,0.35,15.0,0.6,25.0,-0.011440371311501208,-0.5262570803290556,False,False,False
"Lombard, Zander",16897,-0.6282,-0.6059606311242515,0.2941176470588235,0.35115,0.3226338235294118,2.847785846504342,3.099489040115593,0.2961829906518599,3.376291115837311,Make Cut: DG anchor + putting overlay,Tier 2 - candidate,0.6488499999999999,0.6773661764705883,1.5411882561454884,1.4763063683080442,0.7058823529411764,0.7058823529411764,1.4166666666666667,0.6832556564234027,1.4635810045607816,Miss Cut: DataGolf core; ARG weakness tag,Tier 1 - core,0.0012237119565866,817.1857720417869,0.0010701893116266,934.4141163959808,0.0006163384053122,1622.4852960337937,Winner: DG anchor + total SG overlay,Tier 4 - speculative,0.0090727874947746,110.219709276332,0.0086281993029428,115.89903812941884,0.004680899781094,213.63414017940823,Top 5: DG anchor + total SG overlay,Tier 3 - semi-core,0.0226510037905259,44.14815384112291,0.0216679691271052,46.15107184867934,0.0202716968565428,49.32986158370084,Top 10: DG anchor + putting overlay,Tier 2 - current-price / early value,0.0569589079339974,17.556516377715234,0.0552661174886622,18.09426906467872,0.057440475734311,17.409326563127134,0.0557333733332041,17.94257085465581,0.0500075831449196,19.996967201995083,Top 20: DG anchor + OTT overlay,Tier 3 - experimental,-0.884,-0.584,0.098,-0.058,-1.428,-0.063,-2.832,0.0910221129210454,0.127794927405171,0.0337370560669272,2.98784648637562,101.0,unibet,0.009900990099009901,0.004680899781094,Top 5: DG anchor + total SG overlay,Tier 3 - semi-core,standard,1.0,0.35,15.0,0.6,25.0,-0.005220090317915901,-0.527229122109506,False,False,False
"Soderberg, Sebastian",18517,-0.3536999999999999,-0.3628093957756371,0.334448160535117,0.43735,0.3858990802675585,2.286498227963873,2.5913510840882594,0.3292948510749822,3.036792092969272,Make Cut: DG anchor + putting overlay,Tier 2 - candidate,0.56265,0.6141009197324414,1.777303830089754,1.6283968446679604,0.6655518394648829,0.6655518394648829,1.5025125628140703,0.6732441218925233,1.485345311577247,Miss Cut: DataGolf core; ARG weakness tag,Tier 1 - core,0.0035995218065402,277.814680323097,0.0024747609032701,404.0794400293809,0.0009661754300142,1035.0087250565805,Winner: DG anchor + total SG overlay,Tier 4 - speculative,0.0204401506693675,48.92331843221884,0.015536338562197,64.3652296837298,0.0067816303565491,147.45716699735496,Top 5: DG anchor + total SG overlay,Tier 3 - semi-core,0.0446809026484672,22.38092654187468,0.0354783458371281,28.186207006119734,0.0241368170715415,41.43048344096066,Top 10: DG anchor + putting overlay,Tier 2 - current-price / early value,0.1020373517361664,9.800332750556452,0.084062511164731,11.8959092007182,0.1012604476385029,9.875524188575316,0.0834224660413273,11.987178603718116,0.0624884262432873,16.00296343048682,Top 20: DG anchor + OTT overlay,Tier 3 - experimental,-0.351,-0.535,-0.126,-0.143,-1.156,-0.041,-3.815,0.041535467187319,0.0761822990216961,-0.0853602872272696,2.95665979936468,67.0,skybet,0.014925373134328358,0.0067816303565491,Top 5: DG anchor + total SG overlay,Tier 3 - semi-core,standard,1.0,0.35,15.0,0.6,25.0,-0.008143742777779258,-0.5456307661112103,False,False,False
"Westwood, Lee",4052,-0.2796,-0.2916888418172612,0.4115226337448559,0.46205,0.4367863168724279,2.1642679363705226,2.289449008294071,0.4169614884147634,2.398303027461548,Make Cut: DG anchor + putting overlay,Tier 2 - candidate,0.5379499999999999,0.563213683127572,1.8589088205223536,1.775525044858494,0.5884773662551441,0.5884773662551441,1.699300699300699,0.5854221477187482,1.7081690603896071,Miss Cut: DataGolf core; ARG weakness tag,Tier 1 - core,0.0033037008490547,302.69084450734186,0.002768517091194,361.2041995986797,0.0017651845748302,566.512994878275,Winner: DG anchor + total SG overlay,Tier 4 - speculative,0.0183268997453961,54.56460251828501,0.0172727190525922,57.89476439437141,0.0122887269808094,81.37539401450088,Top 5: DG anchor + total SG overlay,Tier 3 - semi-core,0.0455961414956922,21.931680339540915,0.0426340727319731,23.4554180710504,0.0398067977094003,25.12133749869186,Top 10: DG anchor + putting overlay,Tier 2 - current-price / early value,0.111632146585665,8.957993110278615,0.1042786965260807,9.589686420273708,0.1129597969919782,8.852707127926355,0.1055188917390826,9.47697595680504,0.0974979689826017,10.25662391160628,Top 20: DG anchor + OTT overlay,Tier 3 - experimental,-0.368,-0.278,-0.051,-0.026,-0.723,0.003,-8.095,-0.0794042953566128,-0.0401968056490338,-0.0106928599957409,2.82396811191322,36.0,skybet,0.027777777777777776,0.0122887269808094,Top 5: DG anchor + total SG overlay,Tier 3 - semi-core,standard,1.0,0.35,15.0,0.6,25.0,-0.015489050796968376,-0.5576058286908616,False,False,False
"Campillo, Jorge",14016,-0.0885,-0.1067701195070782,0.4016064257028112,0.534,0.4678032128514056,1.8726591760299625,2.137650987697776,0.3787187828389604,2.640481658986589,Make Cut: DG anchor + putting overlay,Tier 2 - candidate,0.4659999999999999,0.5321967871485944,2.145922746781116,1.879004203234302,0.5983935742971889,0.5983935742971889,1.6711409395973151,0.5714234274739473,1.7500157535028482,Miss Cut: DataGolf core; ARG weakness tag,Tier 1 - core,0.0067140851866945,148.94061844519425,0.0042237092600139,236.7587204609595,0.0013950245152413,716.8332807591996,Winner: DG anchor + total SG overlay,Tier 4 - speculative,0.0388496702523431,25.74024421583569,0.0262616572161186,38.07832810285208,0.0106899519434642,93.54579003616516,Top 5: DG anchor + total SG overlay,Tier 3 - semi-core,0.0787085701451008,12.705096765911,0.0569720342909246,17.55247135627199,0.0281118885067579,35.57213880382332,Top 10: DG anchor + putting overlay,Tier 2 - current-price / early value,0.1647142812009885,6.07111898682164,0.1269385913305634,7.87782493501822,0.1648993916097098,6.064303756601106,0.127081248387088,7.86898155858535,0.084168515711149,11.880927108561789,Top 20: DG anchor + OTT overlay,Tier 3 - experimental,0.13,-0.55,0.105,-0.33,-0.644,-0.033,-4.005,0.0252088568785164,0.0679558360253945,-0.120943984980998,2.81812847913951,41.0,skybet,0.024390243902439025,0.0106899519434642,Top 5: DG anchor + total SG overlay,Tier 3 - semi-core,standard,1.0,0.35,15.0,0.6,25.0,-0.013700291958974825,-0.5617119703179678,False,False,False
"Poulter, Ian",1435,-0.38515,-0.4079017171687731,0.3759398496240601,0.4165,0.39621992481203,2.4009603841536618,2.5238508650830926,0.4109788591499065,2.433215183059441,Make Cut: DG anchor + putting overlay,Tier 2 - candidate,0.5835,0.60378007518797,1.713796058269066,1.6562321962821944,0.6240601503759399,0.6240601503759399,1.6024096385542168,0.6059774684837161,1.6502263731062667,Miss Cut: DataGolf core; ARG weakness tag,Tier 1 - core,0.0012237119565866,817.1857720417869,0.0011618559782933,860.6918746236823,0.0008646498333854,1156.5375501023532,Winner: DG anchor + total SG overlay,Tier 4 - speculative,0.0113758682806069,87.90537788704457,0.0113297066270759,88.26353875838035,0.0084685637953509,118.08377715108936,Top 5: DG anchor + total SG overlay,Tier 3 - semi-core,0.0294517262609355,33.9538671227699,0.0293865515624062,34.02917140095077,0.0374320345997688,26.715085372521436,Top 10: DG anchor + putting overlay,Tier 2 - current-price / early value,0.0786488813020238,12.714739020379014,0.0775349154308617,12.897415241159386,0.0796651545459886,12.552539509889804,0.0785367943987629,12.732885364821446,0.0711806434167414,14.048763146819264,Top 20: DG anchor + OTT overlay,Tier 3 - experimental,-0.489,-0.602,0.05,0.293,-0.747,0.014,-15.855,-0.1704580579028129,-0.06,-0.0135295568924589,2.74578000169515,51.0,skybet,0.0196078431372549,0.0084685637953509,Top 5: DG anchor + total SG overlay,Tier 3 - semi-core,standard,1.0,0.35,15.0,0.6,25.0,-0.011139279341904002,-0.5681032464371041,False,False,False
"Surratt, Caleb",30463,-0.3006,-0.2995081177011172,0.4201680672268907,0.46665,0.4434090336134454,2.1429336762027216,2.255254007458447,0.4645553157973223,2.1525961839090937,Make Cut: DG anchor + putting overlay,Tier 2 - candidate,0.53335,0.5565909663865546,1.8749414080809972,1.7966515096213331,0.5798319327731092,0.5798319327731092,1.7246376811594204,0.6092092766197377,1.6414720497176374,Miss Cut: DataGolf core; ARG weakness tag,Tier 1 - core,0.0049054886481135,203.8532900049736,0.0038777443240567,257.8818809162306,0.0023651304609253,422.8096574464452,Winner: DG anchor + total SG overlay,Tier 4 - speculative,0.0247143323145006,40.462351451561176,0.0223836013424355,44.6755633600465,0.016521434594227,60.52743145861104,Top 5: DG anchor + total SG overlay,Tier 3 - semi-core,0.0567584444480716,17.61852372319509,0.0520257860768496,19.2212376863053,0.063852902784307,15.6609951371822,Top 10: DG anchor + putting overlay,Tier 2 - current-price / early value,0.1199773921309375,8.33490362008076,0.1147077100838577,8.717809807805805,0.1202536359942435,8.315756872813965,0.1149718206835445,8.69778345732613,0.1145404974875297,8.730536552007488,Top 20: DG anchor + OTT overlay,Tier 3 - experimental,-0.52,-0.104,-0.264,0.378,-0.51,-0.06,9.465,0.198768554403771,-0.0117937705130252,-0.0909764230792149,2.94132637737783,26.0,unibet,0.038461538461538464,0.016521434594227,Top 5: DG anchor + total SG overlay,Tier 3 - semi-core,standard,1.0,0.35,15.0,0.6,25.0,-0.021940103867311465,-0.570442700550098,False,False,False
"Biondi, Fred",25614,-0.5944000000000002,-0.590544410328223,0.2336448598130841,0.3547,0.2941724299065421,2.81928390188892,3.3993668282160154,0.2256677026275017,4.431294280735642,Make Cut: DG anchor + putting overlay,Tier 2 - candidate,0.6453,0.705827570093458,1.549666821633349,1.4167766213320214,0.7663551401869159,0.7663551401869159,1.304878048780488,0.7748434049335101,1.290583353530396,Miss Cut: DataGolf core; ARG weakness tag,Tier 1 - core,0.000957366417283,1044.5321477203302,0.0007703498753081,1298.1114582512828,0.0003719488970143,2688.541377664995,Winner: DG anchor + total SG overlay,Tier 4 - speculative,0.0095971139947363,104.19799124491588,0.0071291191666803,140.2697832116122,0.0024284744641512,411.7811468730052,Top 5: DG anchor + total SG overlay,Tier 3 - semi-core,0.0232872089354392,42.94202893839136,0.0180533988400139,55.39123180415067,0.011271432945364,88.71986417763358,Top 10: DG anchor + putting overlay,Tier 2 - current-price / early value,0.0567595377345935,17.61818436006261,0.0463038477513756,21.59647736769975,0.0568992820837273,17.574914188345993,0.0464178497557024,21.543436528469304,0.0337467946105384,29.63244395625413,Top 20: DG anchor + OTT overlay,Tier 3 - experimental,-0.771,-0.543,-0.147,-0.199,-1.659,-0.031,-7.856,-0.0148816371127572,-0.06,0.0417187669152639,2.98224842980174,176.0,skybet,0.005681818181818182,0.0024284744641512,Top 5: DG anchor + total SG overlay,Tier 3 - semi-core,standard,1.0,0.35,15.0,0.6,25.0,-0.003253343717666982,-0.5725884943093889,False,False,False
"Arnaus, Adri",23236,-0.5962000000000001,-0.5647904560013971,0.2732240437158469,0.3647,0.3189620218579235,2.741979709350151,3.1351694918883912,0.2855127147843507,3.5024709871688398,Make Cut: DG anchor + putting overlay,Tier 2 - candidate,0.6353,0.6810379781420766,1.5740594994490793,1.468346894145428,0.726775956284153,0.726775956284153,1.37593984962406,0.740112876721676,1.3511452529099237,Miss Cut: DataGolf core; ARG weakness tag,Tier 1 - core,0.0016792362996291,595.5088037465981,0.0011229514831478,890.5104227626991,0.0003896539397201,2566.3798002867834,Winner: DG anchor + total SG overlay,Tier 4 - speculative,0.0103635497256537,96.492034724803,0.0081422907358427,122.81556044148095,0.0035201632845541,284.0777313904219,Top 5: DG anchor + total SG overlay,Tier 3 - semi-core,0.024955730288747,40.07095718817407,0.0201186170082503,49.70520585932496,0.0165623952195724,60.3777404622164,Top 10: DG anchor + putting overlay,Tier 2 - current-price / early value,0.0619496021319334,16.14215371182384,0.0521038051290332,19.19245624237106,0.062539737849088,15.989833574503564,0.0526001491788436,19.01135292601433,0.0423209761040718,23.628944605173857,Top 20: DG anchor + OTT overlay,Tier 3 - experimental,-0.932,-0.292,-0.179,0.073,-1.33,-0.04,-1.137,0.0617321939276264,0.0775661833346278,0.106790077195545,2.93173052822915,111.0,skybet,0.009009009009009009,0.0035201632845541,Top 5: DG anchor + total SG overlay,Tier 3 - semi-core,standard,1.0,0.35,15.0,0.6,25.0,-0.005488845724454908,-0.609261875414495,False,False,False
"Peake, Ryan",15169,-0.5870500000000001,-0.575783637441576,0.1838235294117647,0.36695,0.2753867647058823,2.725166916473634,3.631256574977438,0.1539010684601205,6.4976806854276274,Make Cut: DG anchor + putting overlay,Tier 2 - candidate,0.63305,0.7246132352941177,1.5796540557617882,1.380046556276472,0.8161764705882353,0.8161764705882353,1.2252252252252251,0.8140871445268695,1.2283697227293513,Miss Cut: DataGolf core; ARG weakness tag,Tier 1 - core,0.0015412309431681,648.8320289913371,0.000970615471584,1030.2741191297794,0.0002382369008713,4197.502554567914,Winner: DG anchor + total SG overlay,Tier 4 - speculative,0.0108447343054596,92.21065005682632,0.0069423969146345,144.04247010020404,0.0014053631408521,711.5598601751226,Top 5: DG anchor + total SG overlay,Tier 3 - semi-core,0.0268280374263612,37.27443733984797,0.0173745478137097,57.55545472158588,0.0049794453302632,200.8255806971839,Top 10: DG anchor + putting overlay,Tier 2 - current-price / early value,0.0661509013729748,15.11695198772512,0.0446905426778294,22.376098836143505,0.0657231202170731,15.21534578238461,0.0444015402363236,22.52174124315463,0.0214785235336204,46.55813508012764,Top 20: DG anchor + OTT overlay,Tier 3 - experimental,-0.666,-0.611,-0.049,-0.631,-1.956,-0.084,-0.749,0.1487639017426718,-0.06,-0.0030501380792156,3.06413685862519,276.0,skybet,0.0036231884057971015,0.0014053631408521,Top 5: DG anchor + total SG overlay,Tier 3 - semi-core,standard,1.0,0.35,15.0,0.6,25.0,-0.0022178252649450014,-0.6121197731248205,False,False,False
"Sterne, Richard",7049,-0.411,-0.4579323979617546,0.2785515320334262,0.402,0.3402757660167131,2.487562189054726,2.938792884683077,0.2519828317240529,3.968524336194074,Make Cut: DG anchor + putting overlay,Tier 2 - candidate,0.598,0.659724233983287,1.6722408026755853,1.5157848514404175,0.7214484679665738,0.7214484679665738,1.3861003861003862,0.7312437965816837,1.3675329687235096,Miss Cut: DataGolf core; ARG weakness tag,Tier 1 - core,0.0017254725937562,579.5513667493522,0.0011877362968781,841.9377286258011,0.0004487075337956,2228.623155802263,Winner: DG anchor + total SG overlay,Tier 4 - speculative,0.0122003130647488,81.96510980438413,0.0091675435897614,109.0804739796192,0.0036722778929767,272.3105465173298,Top 5: DG anchor + total SG overlay,Tier 3 - semi-core,0.0328872696406117,30.406902455809952,0.024960136998683,40.06388266429636,0.0125133117905265,79.91489517244084,Top 10: DG anchor + putting overlay,Tier 2 - current-price / early value,0.0792024110828689,12.625878257086228,0.0620959948493487,16.10409821802682,0.0790250546075611,12.65421460277384,0.0619569444514298,16.140240756771572,0.0464621031129804,21.52291723791175,Top 20: DG anchor + OTT overlay,Tier 3 - experimental,-0.566,-0.166,-0.149,-0.433,-1.313,0.053,-9.331,-0.1842981791258938,0.163175442634102,-0.183306760904352,2.91506972022881,101.0,unibet,0.009900990099009901,0.0036722778929767,Top 5: DG anchor + total SG overlay,Tier 3 - semi-core,standard,1.0,0.35,15.0,0.6,25.0,-0.006228712206033202,-0.6290999328093533,False,False,False
"Jamieson, Scott",11397,-0.44095,-0.4098540533566249,0.3690036900369003,0.4199,0.3944518450184502,2.3815194093831864,2.535163702817072,0.3779004689069409,2.646199415662151,Make Cut: DG anchor + putting overlay,Tier 2 - candidate,0.5801000000000001,0.6055481549815498,1.723840717117738,1.651396328720494,0.6309963099630996,0.6309963099630996,1.5847953216374269,0.6460142933390705,1.5479533662193057,Miss Cut: DataGolf core; ARG weakness tag,Tier 1 - core,0.0025270661834422,395.7157934968902,0.0022385330917211,446.72111558160685,0.0014218125203336,703.3276087379737,Winner: DG anchor + total SG overlay,Tier 4 - speculative,0.0179763868084038,55.62853150959715,0.0157611431396516,63.4471745570417,0.0089263001566018,112.02849808499992,Top 5: DG anchor + total SG overlay,Tier 3 - semi-core,0.0389098514710792,25.70043220913539,0.0357637608124997,27.96126518244948,0.0337407933475603,29.637714492931647,Top 10: DG anchor + putting overlay,Tier 2 - current-price / early value,0.0916095067507011,10.915897655920372,0.0861554997354719,11.606920081368646,0.0921534685897057,10.85146349132329,0.0866670765983842,11.538406962011718,0.0814787490942364,12.273138838243865,Top 20: DG anchor + OTT overlay,Tier 3 - experimental,-0.654,-0.261,-0.174,0.014,-1.075,-0.009,-4.384,-0.0257231404875747,0.166016614140464,0.126837149925547,2.92603019116858,41.0,skybet,0.024390243902439025,0.0089263001566018,Top 5: DG anchor + total SG overlay,Tier 3 - semi-core,standard,1.0,0.35,15.0,0.6,25.0,-0.015463943745837224,-0.6340216935793261,False,False,False
"Hoffman, Charley",5768,-0.3533,-0.3834581318395776,0.2493765586034912,0.4216,0.3354882793017456,2.3719165085389,2.9807300633014893,0.2189310397309727,4.567648339078927,Make Cut: DG anchor + putting overlay,Tier 2 - candidate,0.5784,0.6645117206982544,1.7289073305670817,1.504864352052695,0.7506234413965087,0.7506234413965087,1.3322259136212624,0.7707373486647248,1.297458857719124,Miss Cut: DataGolf core; ARG weakness tag,Tier 1 - core,0.0037979831875022,263.29763735938207,0.0022739915937511,439.755363541349,0.0005098483316122,1961.3676028670068,Winner: DG anchor + total SG overlay,Tier 4 - speculative,0.0193813907688639,51.59588452271929,0.0124984136384002,80.0101540028723,0.003272163039842,305.6082437897938,Top 5: DG anchor + total SG overlay,Tier 3 - semi-core,0.0452909452798046,22.0794685079338,0.0300434879116675,33.28508337447875,0.0101662965820483,98.36423636959373,Top 10: DG anchor + putting overlay,Tier 2 - current-price / early value,0.1027472057361218,9.73262477393524,0.0709750847426677,14.089451300067765,0.1029618200529316,9.71233802477375,0.0711233347044398,14.060083152113169,0.0401236411187463,24.922962426079145,Top 20: DG anchor + OTT overlay,Tier 3 - experimental,-0.411,-0.203,-0.246,-0.519,-1.38,-0.02,-1.986,0.0188000296985418,-0.06,-0.145190674047159,2.98727217417404,111.0,skybet,0.009009009009009009,0.003272163039842,Top 5: DG anchor + total SG overlay,Tier 3 - semi-core,standard,1.0,0.35,15.0,0.6,25.0,-0.005736845969167009,-0.636789902577538,False,False,False
"Baldwin, Matthew",13344,-0.5869000000000001,-0.5941516568884502,0.2242152466367713,0.357,0.2906076233183856,2.801120448179272,3.4410659589078088,0.1956705582033658,5.110630895020356,Make Cut: DG anchor + putting overlay,Tier 2 - candidate,0.643,0.7093923766816144,1.5552099533437014,1.4096570993302548,0.7757847533632287,0.7757847533632287,1.2890173410404624,0.8028529784484447,1.245558062115622,Miss Cut: DataGolf core; ARG weakness tag,Tier 1 - core,0.0013589740289773,735.8492352885744,0.0008878203478219,1126.353999942938,0.0002510285315541,3983.610921869992,Winner: DG anchor + total SG overlay,Tier 4 - speculative,0.0097404862164844,102.66427956210582,0.0065325876849617,153.07869533875993,0.0015682363073833,637.6590028505087,Top 5: DG anchor + total SG overlay,Tier 3 - semi-core,0.0237282373626411,42.143880504771445,0.0168232137991656,59.44167457763599,0.0067735759512487,147.63250714205674,Top 10: DG anchor + putting overlay,Tier 2 - current-price / early value,0.0611003304114313,16.366523605785744,0.0455243399430154,21.96627125734801,0.0608207219316655,16.441764718339563,0.0453160106034178,22.0672558480816,0.0302456142250627,33.06264480393192,Top 20: DG anchor + OTT overlay,Tier 3 - experimental,-0.795,-0.257,-0.329,-0.525,-1.906,0.028,-10.535,-0.1510632058608302,0.0684909533846537,0.022150580142001,2.99754227282944,226.0,skybet,0.004424778761061947,0.0015682363073833,Top 5: DG anchor + total SG overlay,Tier 3 - semi-core,standard,1.0,0.35,15.0,0.6,25.0,-0.002856542453678647,-0.6455785945313741,False,False,False
"Uihlein, Peter",11357,-0.41405,-0.3602379626072725,0.4366812227074236,0.44365,0.4401656113537118,2.254029076975093,2.271872164035123,0.484093037902672,2.065718615439068,Make Cut: DG anchor + putting overlay,Tier 2 - candidate,0.55635,0.5598343886462882,1.7974296755639436,1.786242539366075,0.5633187772925764,0.5633187772925764,1.7751937984496124,0.5150379588968466,1.941604463760084,Miss Cut: DataGolf core; ARG weakness tag,Tier 1 - core,0.0024313789530427,411.2892392806797,0.002707356143188,369.3640389780643,0.0023482713202612,425.8451701776804,Winner: DG anchor + total SG overlay,Tier 4 - speculative,0.0194317126756698,51.46226772136693,0.0203357075283111,49.17458606285582,0.015979394580695,62.58059371086047,Top 5: DG anchor + total SG overlay,Tier 3 - semi-core,0.0431071538533405,23.19800568142836,0.0459013017943951,21.78587449391484,0.067057507137011,14.91257344172984,Top 10: DG anchor + putting overlay,Tier 2 - current-price / early value,0.1024936700011293,9.756700096591146,0.1077974552368096,9.276656835759228,0.1031022377680711,9.699110529972234,0.1084375148289264,9.221900756187775,0.0978105704873644,10.223843854680142,Top 20: DG anchor + OTT overlay,Tier 3 - experimental,-0.442,-0.941,0.237,0.406,-0.741,-0.168,5.422,0.362215102090356,0.125065562201418,0.0566862453681049,2.89475857438455,21.0,unibet,0.047619047619047616,0.015979394580695,Top 5: DG anchor + total SG overlay,Tier 3 - semi-core,standard,1.0,0.35,15.0,0.6,25.0,-0.031639653038352616,-0.664432713805405,False,False,False
"Bland, Richard",6516,-0.2764999999999999,-0.3165025468761521,0.3663003663003663,0.45105,0.4086751831501831,2.217049107637734,2.4469310621988813,0.3569715688591839,2.8013435445176142,Make Cut: DG anchor + putting overlay,Tier 2 - candidate,0.54895,0.5913248168498169,1.8216595318335,1.691117929613256,0.6336996336996337,0.6336996336996337,1.578034682080925,0.5969569906886532,1.6751625587739478,Miss Cut: DataGolf core; ARG weakness tag,Tier 1 - core,0.0029130246010678,343.2858066606853,0.0019815123005339,504.66504786800726,0.0007878037191696,1269.3517124468945,Winner: DG anchor + total SG overlay,Tier 4 - speculative,0.0186779099895508,53.53918080553133,0.0144221527460981,69.33777623944148,0.0070380708613207,142.08438927429967,Top 5: DG anchor + total SG overlay,Tier 3 - semi-core,0.0423468213067298,23.61452333710532,0.0345168020998813,28.971397671959803,0.0237076778222267,42.18042810850353,Top 10: DG anchor + putting overlay,Tier 2 - current-price / early value,0.1032036159531067,9.689582974053696,0.0872467711152665,11.461742219420872,0.1026290867481581,9.74382635260025,0.0867610728421947,11.525906345335876,0.0632762004422057,15.803730202058578,Top 20: DG anchor + OTT overlay,Tier 3 - experimental,-0.136,-0.802,0.175,-0.187,-0.95,0.004,-18.157,-0.1728242209309572,0.152233222735647,-0.151658929599194,2.77071254543034,46.0,skybet,0.021739130434782608,0.0070380708613207,Top 5: DG anchor + total SG overlay,Tier 3 - semi-core,standard,1.0,0.35,15.0,0.6,25.0,-0.014701059573461909,-0.6762487403792479,False,False,False
"Larrazabal, Pablo",9133,-0.59875,-0.5919399083382394,0.2105263157894736,0.352,0.2812631578947368,2.8409090909090917,3.5553892215568865,0.2099070230289777,4.764014017110565,Make Cut: DG anchor + putting overlay,Tier 2 - candidate,0.648,0.7187368421052631,1.5432098765432098,1.3913298183948448,0.7894736842105263,0.7894736842105263,1.2666666666666666,0.777591905594928,1.2860216172581038,Miss Cut: DataGolf core; ARG weakness tag,Tier 1 - core,0.000957366417283,1044.5321477203302,0.0005786832086415,1728.061200095149,0.000132894801598,7524.7488086458225,Winner: DG anchor + total SG overlay,Tier 4 - speculative,0.0078425707693422,127.50920959606024,0.005152168321179,194.0930376613077,0.0013776646216362,725.8660665992066,Top 5: DG anchor + total SG overlay,Tier 3 - semi-core,0.0204567209660095,48.88368970088511,0.0142844274021966,70.00630629731927,0.007739523779275,129.2069161513279,Top 10: DG anchor + putting overlay,Tier 2 - current-price / early value,0.0557131803738738,17.94907404835464,0.0405115480068947,24.68431963720094,0.0557855599669731,17.925785823285302,0.0405641784498327,24.65229269308973,0.0232494334246142,43.0118008355979,Top 20: DG anchor + OTT overlay,Tier 3 - experimental,-0.789,-0.638,0.04,-0.093,-1.479,-0.037,-8.999,-0.012817110598026,0.0590017309017307,0.0257085808823831,2.90600920280598,226.0,skybet,0.004424778761061947,0.0013776646216362,Top 5: DG anchor + total SG overlay,Tier 3 - semi-core,standard,1.0,0.35,15.0,0.6,25.0,-0.003047114139425747,-0.6886477955102188,False,False,False
"Follet-Smith, Benjamin",15211,-0.591,-0.5624785703006926,0.1912045889101338,0.3712,0.2812022944550669,2.6939655172413794,3.5561587501903875,0.1828073519603953,5.47023951321524,Make Cut: DG anchor + putting overlay,Tier 2 - candidate,0.6288,0.718797705544933,1.5903307888040712,1.3912120090059032,0.8087954110898662,0.8087954110898662,1.236406619385343,0.8349250853428812,1.1977122469488708,Miss Cut: DataGolf core; ARG weakness tag,Tier 1 - core,0.001633115463282,612.3265760954399,0.0008998910649743,1111.24561507736,9.916861244081324e-05,10083.83575596391,Winner: DG anchor + total SG overlay,Tier 4 - speculative,0.0117633098178394,85.01008776317951,0.0070200080835228,142.4499784191372,0.001050479987094,951.945788863913,Top 5: DG anchor + total SG overlay,Tier 3 - semi-core,0.0278659505504931,35.88608966301006,0.0174449512853475,57.32317526388995,0.0060494061341061,165.30548252696408,Top 10: DG anchor + putting overlay,Tier 2 - current-price / early value,0.0688057588591907,14.53366718978386,0.0455281247909591,21.96444515541693,0.0682726512041108,14.647153470140738,0.0451753724596148,22.13595473715161,0.019854165741463,50.36726362728099,Top 20: DG anchor + OTT overlay,Tier 3 - experimental,-0.627,-0.753,-0.354,-0.225,-1.96,-0.051,-5.089,0.0475500877406398,-0.06,0.133832104626217,3.02385929426856,276.0,skybet,0.0036231884057971015,0.001050479987094,Top 5: DG anchor + total SG overlay,Tier 3 - semi-core,standard,1.0,0.35,15.0,0.6,25.0,-0.0025727084187031016,-0.710067523562056,False,False,False
"Micheluzzi, David",19224,-0.8502500000000001,-0.8303289081132128,0.2188183807439825,0.277,0.2479091903719912,3.610108303249097,4.033735088640666,0.2260695690639755,4.423417110672731,Make Cut: DG anchor + putting overlay,Tier 2 - candidate,0.723,0.7520908096280088,1.3831258644536653,1.3296266716709508,0.7811816192560175,0.7811816192560175,1.2801120448179273,0.7493490745043997,1.3344915394222303,Miss Cut: DataGolf core; ARG weakness tag,Tier 1 - core,0.000487734538408,2050.2956449708663,0.0004605339358706,2171.392642562529,0.0002716443862582,3681.2835110440296,Winner: DG anchor + total SG overlay,Tier 4 - speculative,0.003576390508865,279.6115238314272,0.0036275107306229,275.6711349075096,0.0018600188478291,537.6289606780684,Top 5: DG anchor + total SG overlay,Tier 3 - semi-core,0.0103254712063697,96.84788035466136,0.0101754996446989,98.27527246005693,0.0104697486535425,95.51327668803576,Top 10: DG anchor + putting overlay,Tier 2 - current-price / early value,0.0302639431595212,33.04262087491378,0.0302753213781104,33.030202636363015,0.030534867286019,32.749446415896806,0.0305463473629125,32.73713835959771,0.0274518553486696,36.42741036257353,Top 20: DG anchor + OTT overlay,Tier 3 - experimental,-1.273,-0.694,0.21,0.024,-1.733,-0.051,-6.7,0.0322567671707982,0.0860509744079345,0.0619643322465533,2.98931027498037,151.0,skybet,0.006622516556291391,0.0018600188478291,Top 5: DG anchor + total SG overlay,Tier 3 - semi-core,standard,1.0,0.35,15.0,0.6,25.0,-0.004762497708462291,-0.719137153977806,False,False,False
"La Sasso, Michael",33755,-0.2772,-0.2590041473954874,0.3225806451612903,0.4799,0.4012403225806451,2.083767451552407,2.49227194706736,0.3067988793441211,3.25946431791998,Make Cut: DG anchor + putting overlay,Tier 2 - candidate,0.5201,0.5987596774193549,1.9227071716977504,1.6701191441447507,0.6774193548387097,0.6774193548387097,1.476190476190476,0.6985659293902265,1.4315041113913087,Miss Cut: DataGolf core; ARG weakness tag,Tier 1 - core,0.0058292096733873,171.5498422651353,0.0037312715033603,268.0051556418278,0.0012143221553861,823.5046981268481,Winner: DG anchor + total SG overlay,Tier 4 - speculative,0.031958156346189,31.290916446099928,0.0217716674588088,45.93125454869096,0.0078946915293145,126.66739368939297,Top 5: DG anchor + total SG overlay,Tier 3 - semi-core,0.0635282323239282,15.74103297729164,0.0452985257338736,22.07577363278761,0.0225576350318439,44.33088834837196,Top 10: DG anchor + putting overlay,Tier 2 - current-price / early value,0.1345195173493381,7.433865506691253,0.1002945398425751,9.97063251468749,0.1345122821573089,7.43426536195798,0.1002891454561728,9.971168818434176,0.0685746828866985,14.58264125919816,Top 20: DG anchor + OTT overlay,Tier 3 - experimental,-0.348,-0.144,-0.227,-0.271,-0.99,-0.071,7.367,0.2012506728161356,-0.06,0.0053539266144953,3.01556543112787,34.0,unibet,0.029411764705882353,0.0078946915293145,Top 5: DG anchor + total SG overlay,Tier 3 - semi-core,standard,1.0,0.35,15.0,0.6,25.0,-0.021517073176567852,-0.731580488003307,False,False,False
"Naidoo, Dylan",19429,-0.88505,-0.8705325037064908,0.15527950310559,0.26775,0.211514751552795,3.734827264239029,4.727802636263862,0.1474827495172154,6.780454007492392,Make Cut: DG anchor + putting overlay,Tier 2 - candidate,0.7322500000000001,0.7884852484472049,1.3656538067599862,1.2682545449890654,0.84472049689441,0.84472049689441,1.1838235294117647,0.8457155173193583,1.182430710470671,Miss Cut: DataGolf core; ARG weakness tag,Tier 1 - core,0.0003654650266373,2736.239932999877,0.0003160658466519,3163.8976833238944,0.0001501003623191,6662.209101624752,Winner: DG anchor + total SG overlay,Tier 4 - speculative,0.003843489732885,260.1802188890908,0.0027766853426329,360.14163529662306,0.0007157627944847,1397.1108972210625,Top 5: DG anchor + total SG overlay,Tier 3 - semi-core,0.0099516711533283,100.48563548701524,0.0077188231909017,129.55342741607353,0.0046729710076978,213.9966197848616,Top 10: DG anchor + putting overlay,Tier 2 - current-price / early value,0.0279665870215303,35.75695522768445,0.0220977645027361,45.2534463328261,0.0278437546755775,35.914696550502406,0.0220007086749337,45.453081297301054,0.015028820322943,66.53882197749058,Top 20: DG anchor + OTT overlay,Tier 3 - experimental,-1.277,-0.602,-0.083,-0.239,-2.202,-0.04,-6.125,0.0173819621958555,-0.0221455591797643,0.0694328901645593,3.04758587785165,301.0,bet365,0.0033222591362126247,0.0007157627944847,Top 5: DG anchor + total SG overlay,Tier 3 - semi-core,standard,1.0,0.35,15.0,0.6,25.0,-0.0026064963417279244,-0.7845553988601053,False,False,False
"Buchanan, Jack",27379,-0.6807000000000001,-0.6628655370005143,0.2242152466367713,0.33755,0.2808826233183856,2.962524070508073,3.560205997031299,0.2231609279106829,4.481071168516722,Make Cut: DG anchor + putting overlay,Tier 2 - candidate,0.66245,0.7191173766816144,1.5095478904068231,1.3905935698766254,0.7757847533632287,0.7757847533632287,1.2890173410404624,0.7681195371186587,1.3018806991307144,Miss Cut: DataGolf core; ARG weakness tag,Tier 1 - core,0.0010897978927856,917.6013338068034,0.0007698989463928,1298.8717606190096,0.0002849560882579,3509.312631687591,Winner: DG anchor + total SG overlay,Tier 4 - speculative,0.0069057956364565,144.80590689954423,0.0054026001991806,185.09605803362368,0.0020068642180898,498.2898150188833,Top 5: DG anchor + total SG overlay,Tier 3 - semi-core,0.0190980017932184,52.36149890587474,0.0148683596628429,67.25691486324938,0.0101033247917801,98.97731891323352,Top 10: DG anchor + putting overlay,Tier 2 - current-price / early value,0.0506392045807242,19.74754556829373,0.0407913140045738,24.515022974937093,0.0508789032993345,19.654511696463377,0.0409843981135815,24.39952874819985,0.0281746151947922,35.492942604051514,Top 20: DG anchor + OTT overlay,Tier 3 - experimental,-0.912,-0.676,-0.002,-0.099,-1.689,-0.061,-3.699,0.0785829121624208,-0.06,0.0648808589162186,3.00775510754006,101.0,unibet,0.009900990099009901,0.0020068642180898,Top 5: DG anchor + total SG overlay,Tier 3 - semi-core,standard,1.0,0.35,15.0,0.6,25.0,-0.0078941258809201,-0.7973067139729302,False,False,False
"Strydom, Ockie",13731,-0.69045,-0.6486481931821222,0.1838235294117647,0.3435,0.2636617647058824,2.911208151382824,3.792738022198672,0.1685086818774832,5.934412333288948,Make Cut: DG anchor + putting overlay,Tier 2 - candidate,0.6565,0.7363382352941177,1.523229246001523,1.35807153841545,0.8161764705882353,0.8161764705882353,1.2252252252252251,0.830502853362392,1.2040897824148082,Miss Cut: DataGolf core; ARG weakness tag,Tier 1 - core,0.0010897978927856,917.6013338068034,0.0006615656130594,1511.565867783493,0.0001355633160927,7376.626869437935,Winner: DG anchor + total SG overlay,Tier 4 - speculative,0.0097883118307151,102.16266270370156,0.0062753166296432,159.35450894640329,0.0012227041323668,817.8593443241876,Top 5: DG anchor + total SG overlay,Tier 3 - semi-core,0.0225532150889138,44.339576244788105,0.0151347027825521,66.0733160318708,0.0060135267092258,166.29176993025155,Top 10: DG anchor + putting overlay,Tier 2 - current-price / early value,0.0543189289316013,18.409788625604243,0.0385654609760986,25.92993768750125,0.0548082911256471,18.24541468931251,0.0389128993179227,25.6984192267425,0.0210910010923399,47.41358627889833,Top 20: DG anchor + OTT overlay,Tier 3 - experimental,-0.872,-0.611,-0.227,-0.354,-2.064,-0.055,-3.683,0.0682695237028962,-0.0368336698419086,0.184082689698418,3.05004970665605,161.0,bet365,0.006211180124223602,0.0012227041323668,Top 5: DG anchor + total SG overlay,Tier 3 - semi-core,standard,1.0,0.35,15.0,0.6,25.0,-0.0049884759918568024,-0.8031446346889453,False,False,False
"Berry, Joshua",31520,-0.9364,-0.9310184149127728,0.1481481481481481,0.25385,0.200999074074074,3.939334252511325,4.975147296606305,0.1537714153117016,6.503159237839846,Make Cut: DG anchor + putting overlay,Tier 2 - candidate,0.74615,0.7990009259259259,1.3402130938819272,1.2515630051881923,0.8518518518518519,0.8518518518518519,1.1739130434782608,0.8752445888225551,1.142537769179785,Miss Cut: DataGolf core; ARG weakness tag,Tier 1 - core,0.0005291595792894,1889.789090358795,0.000372913122978,2681.5897279618266,0.0001173145374133,8524.092768458317,Winner: DG anchor + total SG overlay,Tier 4 - speculative,0.00269727314088,370.7448032770382,0.0020855810148844,479.4826922872736,0.0005764461768813,1734.7673384013349,Top 5: DG anchor + total SG overlay,Tier 3 - semi-core,0.0079107332867886,126.41053158372245,0.0062201685313211,160.76734817787948,0.0047509911893793,210.4823941234519,Top 10: DG anchor + putting overlay,Tier 2 - current-price / early value,0.0228547191095861,43.7546396962963,0.0188150562099897,53.14892439540291,0.0234418880298814,42.65867999733207,0.0192984406780788,51.81765805233693,0.0133815730771373,74.72962963588442,Top 20: DG anchor + OTT overlay,Tier 3 - experimental,-1.324,-0.69,-0.386,0.029,-2.371,-0.032,-8.44,-0.0178563340435569,-0.06,0.0508360924579145,3.0331419082518,301.0,bet365,0.0033222591362126247,0.0005764461768813,Top 5: DG anchor + total SG overlay,Tier 3 - semi-core,standard,1.0,0.35,15.0,0.6,25.0,-0.0027458129593313247,-0.8264897007587286,False,False,False
"Ko, Jeong Weon",26213,-0.9625,-0.9422751272263123,0.1398601398601398,0.24885,0.1943550699300699,4.01848503114326,5.145222094591131,0.1500342606622287,6.6651443182787045,Make Cut: DG anchor + putting overlay,Tier 2 - candidate,0.75115,0.8056449300699301,1.331292018904347,1.2412415974779358,0.8601398601398602,0.8601398601398602,1.1626016260162602,0.8729160348177553,1.1455855547535874,Miss Cut: DataGolf core; ARG weakness tag,Tier 1 - core,0.000285920180244,3497.4796082821986,0.0002096267567886,4770.383396276351,7.249058374310947e-05,13794.895121051555,Winner: DG anchor + total SG overlay,Tier 4 - speculative,0.0033107619952867,302.0452697667856,0.0023686283521407,422.18526984033736,0.0005619433479634,1779.5388158327935,Top 5: DG anchor + total SG overlay,Tier 3 - semi-core,0.0086961161561733,114.9938641620029,0.0066681142950178,149.967435433306,0.0052515814018135,190.4188326309984,Top 10: DG anchor + putting overlay,Tier 2 - current-price / early value,0.0254312461378465,39.32170663520133,0.0196875073998701,50.7936317020303,0.025748974864269,38.83649757985759,0.0199334759465425,50.16686516098814,0.0118960563351143,84.06147145152947,Top 20: DG anchor + OTT overlay,Tier 3 - experimental,-1.307,-0.927,-0.246,0.127,-2.353,-0.11,-0.812,0.1977530872675208,-0.0224756227125389,0.0078667259128124,3.14048258819912,301.0,bet365,0.0033222591362126247,0.0005619433479634,Top 5: DG anchor + total SG overlay,Tier 3 - semi-core,standard,1.0,0.35,15.0,0.6,25.0,-0.0027603157882492247,-0.8308550522630165,False,False,False
"Johnston, Ryggs",32449,-0.83455,-0.8242710938873613,0.1228501228501228,0.2885,0.2056750614250614,3.466204506065858,4.862038173569984,0.1139907604308363,8.772640837032997,Make Cut: DG anchor + putting overlay,Tier 2 - candidate,0.7115,0.7943249385749386,1.4054813773717498,1.2589306358605,0.8771498771498771,0.8771498771498771,1.1400560224089635,0.8931169793801679,1.1196741558916616,Miss Cut: DataGolf core; ARG weakness tag,Tier 1 - core,0.0004466272261572,2239.003673385379,0.0003066469464119,3261.079269501949,9.090583713150651e-05,11000.393721179602,Winner: DG anchor + total SG overlay,Tier 4 - speculative,0.0047887413473984,208.82313899523217,0.0030231735837521,330.7782276791663,0.0004981646381615,2007.3684950630416,Top 5: DG anchor + total SG overlay,Tier 3 - semi-core,0.0126309115158271,79.17084992218875,0.0081484983865811,122.72199766852536,0.0029751123063904,336.1217651690082,Top 10: DG anchor + putting overlay,Tier 2 - current-price / early value,0.036004300979869,27.774459516909584,0.0237025922703763,42.189478205293526,0.0362482253934014,27.587557436178297,0.0238631742220154,41.90557344535623,0.0106303349740272,94.07041287440784,Top 20: DG anchor + OTT overlay,Tier 3 - experimental,-1.144,-0.573,-0.32,-0.301,-2.339,-0.087,2.796,0.1881602199359614,-0.0474145983950067,-0.0308319298060353,3.12570767255582,301.0,bet365,0.0033222591362126247,0.0004981646381615,Top 5: DG anchor + total SG overlay,Tier 3 - semi-core,standard,1.0,0.35,15.0,0.6,25.0,-0.0028240944980511247,-0.8500524439133884,False,False,False
"Capan III, Frankie",21412,-1.19955,-1.2308223051543037,0.0898472596585804,0.17185,0.1308486298292902,5.819028222286878,7.642418581720234,0.1030735481302535,9.701810194176147,Make Cut: DG anchor + putting overlay,Tier 2 - candidate,0.8281499999999999,0.8691513701707098,1.2075107166576105,1.150547573552798,0.9101527403414196,0.9101527403414196,1.0987166831194473,0.8998487682511738,1.1112978483523035,Miss Cut: DataGolf core; ARG weakness tag,Tier 1 - core,6.222699349230077e-05,16070.196290677746,3.944683007948373e-05,25350.579450491747,8.288805890911356e-06,120644.63966956885,Winner: DG anchor + total SG overlay,Tier 4 - speculative,0.000613266124596,1630.613464356354,0.0005418513162662,1845.524722336488,0.000158504841474,6308.95555429331,Top 5: DG anchor + total SG overlay,Tier 3 - semi-core,0.003091049858683,323.51467809259225,0.0024237193737859,412.58901951093816,0.0022863482648199,437.3786860851415,Top 10: DG anchor + putting overlay,Tier 2 - current-price / early value,0.0100767233533412,99.23860812040805,0.008105795076604,123.36852715242269,0.0102095562617328,97.94744985618738,0.0082126469070151,121.76342308663094,0.0043340030752003,230.7335695542316,Top 20: DG anchor + OTT overlay,Tier 3 - experimental,-1.501,-1.666,0.119,0.306,-2.741,-0.142,-7.162,0.1994713924242078,-0.06,-0.241097221983624,3.06674715409439,301.0,bet365,0.0033222591362126247,0.000158504841474,Top 5: DG anchor + total SG overlay,Tier 3 - semi-core,standard,1.0,0.35,15.0,0.6,25.0,-0.0031637542947386245,-0.952290042716326,False,False,False
"Palmer, Ryan",7820,-1.16975,-1.250103692448992,0.0627746390458254,0.17695,0.1198623195229127,5.651313930488839,8.342905460033595,0.0545843877722,18.32025677696254,Make Cut: DG anchor + putting overlay,Tier 2 - candidate,0.8230500000000001,0.8801376804770873,1.2149930137901706,1.1361858743031432,0.9372253609541744,0.9372253609541744,1.0669792364367046,0.941226696184652,1.0624433030359115,Miss Cut: DataGolf core; ARG weakness tag,Tier 1 - core,0.0001333864805569,7497.01165983738,9.16932402784666e-05,10905.92934618804,2.336685060837455e-05,42795.66881989674,Winner: DG anchor + total SG overlay,Tier 4 - speculative,0.0014204370863808,704.0086531026486,0.0009146629876348,1093.2988581793045,0.0001235539347795,8093.63135042578,Top 5: DG anchor + total SG overlay,Tier 3 - semi-core,0.0041487224110618,241.03805965269424,0.0026509022108219,377.2300599839712,0.0008237448910191,1213.9680754351457,Top 10: DG anchor + putting overlay,Tier 2 - current-price / early value,0.0121679192305549,82.18332001160029,0.0082435709067637,121.30665354980052,0.0120582969696676,82.93045050353942,0.0081693035761329,122.40945518557476,0.0039448884663554,253.4925913694726,Top 20: DG anchor + OTT overlay,Tier 3 - experimental,-1.713,-0.652,-0.182,-0.464,-3.012,-0.011,-8.998,-0.0603376675378608,-0.0292231529984866,-0.364293840226406,3.22701856026221,276.0,skybet,0.0036231884057971015,0.0001235539347795,Top 5: DG anchor + total SG overlay,Tier 3 - semi-core,standard,1.0,0.35,15.0,0.6,25.0,-0.0034996344710176014,-0.965899114000858,False,False,False
"Gavins, Daniel",18241,-1.3201500000000002,-1.310242965975252,0.0514668039114771,0.1752,0.1133334019557385,5.707762557077626,8.823524069193141,0.051570557442156,19.390909262938404,Make Cut: DG anchor + putting overlay,Tier 2 - candidate,0.8248,0.8866665980442614,1.2124151309408342,1.127819636158304,0.9485331960885228,0.9485331960885228,1.054259359739555,0.9466850406511256,1.056317525955839,Miss Cut: DataGolf core; ARG weakness tag,Tier 1 - core,0.000285920180244,3497.4796082821986,0.0001512934234553,6609.672629260092,6.781930633066711e-06,147450.6381891157,Winner: DG anchor + total SG overlay,Tier 4 - speculative,0.0017127462741489,583.8576414343219,0.0010270080577093,973.702194927672,8.093454243416258e-05,12355.663847898628,Top 5: DG anchor + total SG overlay,Tier 3 - semi-core,0.0039712579085233,251.80938207355885,0.0025968227373304,385.0859689514329,0.0011798962101951,847.5321738974097,Top 10: DG anchor + putting overlay,Tier 2 - current-price / early value,0.0119773476197427,83.49093904160068,0.0076570733038958,130.59820120713937,0.011846109421743,84.41590098471809,0.0075731732173108,132.0450452280936,0.0021135560732932,473.1362525158041,Top 20: DG anchor + OTT overlay,Tier 3 - experimental,-1.433,-2.092,-0.012,-0.078,-3.615,-0.156,-11.633,0.184603490497175,0.0768282044216322,-0.0619736262302535,3.35494472653152,301.0,bet365,0.0033222591362126247,8.093454243416258e-05,Top 5: DG anchor + total SG overlay,Tier 3 - semi-core,standard,1.0,0.35,15.0,0.6,25.0,-0.003241324593778462,-0.975638702727317,False,False,False
"Zanotti, Fabrizio",9842,-0.21875,-0.2054117719087616,0.3472222222222222,0.49415,0.4206861111111111,2.023677021147425,2.377069205728737,0.3095104404857534,3.230908781075608,Make Cut: DG anchor + putting overlay,Tier 2 - candidate,0.50585,0.5793138888888889,1.9768706138183252,1.7261799158966784,0.6527777777777778,0.6527777777777778,1.5319148936170213,0.6620284331149213,1.510509141268877,Miss Cut: DataGolf core; ARG weakness tag,Tier 1 - core,0.0057775198441553,173.08464998378608,0.0035054265887443,285.271984645445,0.0009019020632463,1108.7678371646289,Winner: DG anchor + total SG overlay,Tier 4 - speculative,0.0296668966037649,33.707603911394386,0.0201587991316083,49.60612948576057,0.0070522481984439,141.79875294528694,Top 5: DG anchor + total SG overlay,Tier 3 - semi-core,0.0647211780333834,15.450893052104158,0.0457985507771534,21.83475203977084,0.0184886286691367,54.08729970705248,Top 10: DG anchor + putting overlay,Tier 2 - current-price / early value,0.1383542303472156,7.227823807702784,0.1034156591759018,9.669715476058412,0.1385189632020238,7.219228161140248,0.1035387920698159,9.658215824323143,0.0696522050031584,14.35704727444959,Top 20: DG anchor + OTT overlay,Tier 3 - experimental,-0.174,-0.229,-0.136,-0.522,-1.062,0.06,-10.647,-0.2110372512528173,0.0938867754019062,0.148738072232124,2.85791172378078,,,,0.0070522481984439,Top 5: DG anchor + total SG overlay,Tier 3 - semi-core,standard,1.0,0.35,15.0,0.6,25.0,,,False,False,False
"McKinney, Connor",24172,-0.91225,-0.8984076134121965,0.1386962552011095,0.2548,0.1967481276005548,3.9246467817896384,5.082640491655587,0.1406865698102821,7.107999017592896,Make Cut: DG anchor + putting overlay,Tier 2 - candidate,0.7452,0.8032518723994452,1.3419216317767042,1.2449395194222652,0.8613037447988905,0.8613037447988905,1.1610305958132043,0.8678856012553299,1.1522255911995507,Miss Cut: DataGolf core; ARG weakness tag,Tier 1 - core,0.0008265841008173,1209.7982516373122,0.0004966253837419,2013.590188373419,9.065577720215248e-05,11030.736604575231,Winner: DG anchor + total SG overlay,Tier 4 - speculative,0.0034876795961113,286.72358582335363,0.0025555064647223,391.31186471432073,0.0006400584697514,1562.3572646236012,Top 5: DG anchor + total SG overlay,Tier 3 - semi-core,0.0087424441490048,114.3844882456395,0.0065854912543965,151.84896029318816,0.0043992009552432,227.31400774227768,Top 10: DG anchor + putting overlay,Tier 2 - current-price / early value,0.0253338754273599,39.47283955300512,0.0194427208657131,51.43313052256386,0.0259062009815075,38.60079680204076,0.0198819574927941,50.296858363288926,0.0114476926176867,87.35384792346636,Top 20: DG anchor + OTT overlay,Tier 3 - experimental,-1.183,-0.966,-0.16,-0.041,-2.351,-0.046,-9.887,-0.0064317235659347,-0.06,0.0874277947219846,3.02427646779437,,,,0.0006400584697514,Top 5: DG anchor + total SG overlay,Tier 3 - semi-core,standard,1.0,0.35,15.0,0.6,25.0,,,False,False,False
