player_name,dg_id,skill_pred,custom_pred,p_make_cut,p_make_cut_model,p_make_cut_anchored,make_cut_fair_odds_dec_model,make_cut_fair_odds_dec_anchored,make_cut_strategy_prob,make_cut_strategy_fair_odds_dec,make_cut_strategy_name,make_cut_strategy_tier,p_miss_cut_model,p_miss_cut_anchored,miss_cut_fair_odds_dec_model,miss_cut_fair_odds_dec_anchored,p_miss_cut_dg,miss_cut_strategy_prob,miss_cut_strategy_fair_odds_dec,miss_cut_arg_overlay_prob,miss_cut_arg_overlay_fair_odds_dec,miss_cut_strategy_name,miss_cut_strategy_tier,win_prob_model,win_fair_odds_dec,win_prob_anchored,win_fair_odds_dec_anchored,win_strategy_prob,win_strategy_fair_odds_dec,win_strategy_name,win_strategy_tier,top5_prob_model,top5_fair_odds_dec,top5_prob_anchored,top5_fair_odds_dec_anchored,top5_strategy_prob,top5_strategy_fair_odds_dec,top5_strategy_name,top5_strategy_tier,top10_prob_model,top10_fair_odds_dec,top10_prob_anchored,top10_fair_odds_dec_anchored,top10_strategy_prob,top10_strategy_fair_odds_dec,top10_strategy_name,top10_strategy_tier,top20_prob_model,top20_fair_odds_dec,top20_prob_anchored,top20_fair_odds_dec_anchored,top20_prob_dh,top20_fair_odds_dec_dh,top20_prob_anchored_dh,top20_fair_odds_dec_anchored_dh,top20_strategy_prob,top20_strategy_fair_odds_dec,top20_strategy_name,top20_strategy_tier,sg_app,sg_ott,sg_arg,sg_putt,sg_total,driving_acc,driving_dist,total_fit_adjustment,total_course_history_adjustment,timing_adjustment,std_deviation
"Niemann, Joaquin",18079,0.6007,0.6179012799185204,0.819672131147541,0.7205,0.7700860655737705,1.3879250520471893,1.298556154570758,0.8229885668723376,1.215083708635676,Make Cut: DG anchor + putting overlay,Tier 2 - candidate,0.27949999999999997,0.22991393442622954,3.5778175313059037,4.34945364444999,0.180327868852459,0.180327868852459,5.545454545454546,0.17227341485320982,5.804726172358497,Miss Cut: DataGolf core; ARG weakness tag,Tier 1 - core,0.05557617795106061,17.993320823187627,0.056188088975530306,17.797366278740963,0.06262894724708486,15.9670574703225,Winner: DG anchor + total SG overlay,Tier 4 - speculative,0.18408243562747123,5.432348809332935,0.1949106721788151,5.130555391459423,0.24184967065214313,4.1347999246950335,Top 5: DG anchor + total SG overlay,Tier 3 - semi-core,0.29268888133775434,3.416597157464378,0.3118542630686997,3.2066260379442233,0.3155348899775156,3.169221635272277,Top 10: DG anchor + putting overlay,Tier 2 - current-price / early value,0.43414281732373655,2.303389484051532,0.4654504230733828,2.148456528188267,0.43483394284974775,2.2997284743834716,0.4661913881559373,2.145041769123174,0.5209470037206309,1.9195810569173974,Top 20: DG anchor + OTT overlay,Tier 3 - experimental,0.806,0.608,0.042,0.012,1.468,-0.007,12.42,-0.0399532051897379,0.0119792621311136,0.102988186654692,2.81714328967806
"McIlroy, Rory",10091,0.5943,0.5933948109725886,0.8403361344537815,0.7219,0.7811180672268907,1.3852334118298935,1.2802161951651938,0.8516076075176078,1.174249726250037,Make Cut: DG anchor + putting overlay,Tier 2 - candidate,0.2781,0.2188819327731093,3.595828838547285,4.5686731075999285,0.15966386554621848,0.15966386554621848,6.2631578947368425,0.14916933831991885,6.703790546119679,Miss Cut: DataGolf core; ARG weakness tag,Tier 1 - core,0.04871233419944938,20.5286816251828,0.06248950043305804,16.002688340759764,0.08785622496090204,11.38223273814715,Winner: DG anchor + total SG overlay,Tier 4 - speculative,0.17811180881519556,5.6144508702259905,0.21330186340230678,4.688191579995289,0.3000979555436046,3.3322452936694495,Top 5: DG anchor + total SG overlay,Tier 3 - semi-core,0.28321919587398836,3.5308341191849375,0.3319943842849057,3.012099141839206,0.39067215847476155,2.5596909795265144,Top 10: DG anchor + putting overlay,Tier 2 - current-price / early value,0.42272614708640677,2.3655976969780306,0.4856344370408169,2.0591620439716705,0.4220909830699545,2.369157456827896,0.48490475064293403,2.0622606783581774,0.5844244303803467,1.7110852113919919,Top 20: DG anchor + OTT overlay,Tier 3 - experimental,0.65,0.854,0.078,0.155,1.737,-0.034,20.476,-0.13955717550335928,0.146727545294604,0.0285707562909716,2.82484192130973
"Aberg, Ludvig",23950,0.6077000000000001,0.5820580427542054,0.8403361344537815,0.71755,0.7789430672268908,1.3936311058462825,1.283790872624481,0.8612790536867987,1.1610638801900397,Make Cut: DG anchor + putting overlay,Tier 2 - candidate,0.28245,0.22105693277310923,3.5404496371039125,4.523721502217669,0.15966386554621848,0.15966386554621848,6.2631578947368425,0.14235908884826814,7.02449002793098,Miss Cut: DataGolf core; ARG weakness tag,Tier 1 - core,0.04759718005242207,21.009648027438406,0.059090256692877687,16.92326376575942,0.08322231845863728,12.016007466759229,Winner: DG anchor + total SG overlay,Tier 4 - speculative,0.16509956273895585,6.0569512323974575,0.2002173381876599,4.994572443385093,0.29451532889185356,3.395409005577436,Top 5: DG anchor + total SG overlay,Tier 3 - semi-core,0.2671957603770684,3.742574352934319,0.31682993706684115,3.156267394608709,0.41253899865303384,2.4240132527229274,Top 10: DG anchor + putting overlay,Tier 2 - current-price / early value,0.41422232435211387,2.4141624948971603,0.47632057579484544,2.099426417452743,0.4139416029804632,2.4157996992807633,0.4759977700030723,2.1008501783391664,0.5607467209894057,1.7833363309473427,Top 20: DG anchor + OTT overlay,Tier 3 - experimental,0.738,0.612,0.157,0.331,1.839,0.005,11.509,-0.005510109726806401,0.0854974130992212,-0.146829084640376,2.80191628027215
"Rahm, Jon",19195,0.5003000000000001,0.5137951303610789,0.8333333333333334,0.69415,0.7637416666666668,1.4406108189872504,1.3093432552455562,0.8408048636352516,1.1893366026410244,Make Cut: DG anchor + putting overlay,Tier 2 - candidate,0.30584999999999996,0.23625833333333324,3.269576589831617,4.2326549328066045,0.16666666666666663,0.16666666666666663,6.000000000000002,0.1497042151870107,6.67983863213737,Miss Cut: DataGolf core; ARG weakness tag,Tier 1 - core,0.03351478604416352,29.83757672456174,0.047715726355415114,20.957451062389897,0.06899102474918563,14.494639029286255,Winner: DG anchor + total SG overlay,Tier 4 - speculative,0.13207428166620497,7.5714967924438765,0.17502167817076497,5.713577943323804,0.25773498023937624,3.8799545140175815,Top 5: DG anchor + total SG overlay,Tier 3 - semi-core,0.2281321537112615,4.383424185201282,0.28784700864375024,3.474067716429306,0.3448613988540867,2.8997156635182217,Top 10: DG anchor + putting overlay,Tier 2 - current-price / early value,0.3751507284281598,2.665595250713999,0.4482608819949104,2.230843779072728,0.3748253953648463,2.667908878016718,0.44787214734813513,2.232780059936817,0.5556073809024626,1.799832101538534,Top 20: DG anchor + OTT overlay,Tier 3 - experimental,0.506,0.796,0.146,0.084,1.532,0.003,14.209,-0.008595974927329898,0.20622127430205,0.0202183206935469,2.75515820477722
"Lowry, Shane",13900,0.4619500000000001,0.50706022994591,0.7575757575757576,0.6938,0.7256878787878788,1.4413375612568464,1.3780028979818522,0.7765443822941586,1.2877564023394035,Make Cut: DG anchor + putting overlay,Tier 2 - candidate,0.3062,0.27431212121212123,3.265839320705421,3.645482363598201,0.24242424242424243,0.24242424242424243,4.125,0.23473760538093227,4.260075833938919,Miss Cut: DataGolf core; ARG weakness tag,Tier 1 - core,0.03423482551980301,29.210021807225324,0.030192412759901505,33.120903849330595,0.027501071860224005,36.36221908304394,Winner: DG anchor + total SG overlay,Tier 4 - speculative,0.13242080978037266,7.551683165648632,0.12690899285314933,7.879662248656671,0.14025873350267795,7.129680805088027,Top 5: DG anchor + total SG overlay,Tier 3 - semi-core,0.22841030924876618,4.378086099918022,0.22457987543597907,4.45275872585952,0.23999039449193577,4.166833435634034,Top 10: DG anchor + putting overlay,Tier 2 - current-price / early value,0.37325543426703006,2.6791304511445952,0.37713731570623854,2.651554111338387,0.37231678597255385,2.685884810129719,0.3761889054068248,2.6582389475802386,0.38883505170422333,2.571784605366992,Top 20: DG anchor + OTT overlay,Tier 3 - experimental,0.67,0.285,0.023,0.199,1.178,0.028,0.288,0.0914792286207351,0.402743685150133,0.0791256141316488,2.727595081578
"Hovland, Viktor",18841,0.50055,0.5048807011761859,0.78125,0.69175,0.7364999999999999,1.4456089627755693,1.3577732518669383,0.8073408795867554,1.2386341696358283,Make Cut: DG anchor + putting overlay,Tier 2 - candidate,0.30825,0.26350000000000007,3.2441200324412,3.795066413662238,0.21875,0.21875,4.571428571428571,0.20061621804065172,4.984641868771376,Miss Cut: DataGolf core; ARG weakness tag,Tier 1 - core,0.03525723724269651,28.36297107219167,0.03541195195468161,28.239053336561298,0.03948619355014031,25.32530766051636,Winner: DG anchor + total SG overlay,Tier 4 - speculative,0.13513759272122375,7.399865425033187,0.14190690813309886,7.046873285845035,0.18258113934757336,5.477016977620754,Top 5: DG anchor + total SG overlay,Tier 3 - semi-core,0.22952312294205962,4.356859505839148,0.24402606483803332,4.097922902882226,0.30002417497908285,3.333064744098432,Top 10: DG anchor + putting overlay,Tier 2 - current-price / early value,0.3709393443675037,2.69585854179238,0.39744035032505487,2.516100841754314,0.3718150409968432,2.6895092713812248,0.3983786093165259,2.510174935636327,0.4338680121565398,2.3048484146814663,Top 20: DG anchor + OTT overlay,Tier 3 - experimental,0.678,0.335,0.12,0.319,1.453,0.05,0.756,0.1582141118534906,0.140134185198064,-0.0924870963453321,2.73732792393981
"Fleetwood, Tommy",12294,0.49955,0.49809444753196025,0.8403361344537815,0.69295,0.7666430672268907,1.443105563171946,1.3043879775985068,0.860529515244456,1.1620751900833102,Make Cut: DG anchor + putting overlay,Tier 2 - candidate,0.30705000000000005,0.23335693277310932,3.25679856700863,4.285280870452177,0.15966386554621848,0.15966386554621848,6.2631578947368425,0.12819559999945698,7.800579739119251,Miss Cut: DataGolf core; ARG weakness tag,Tier 1 - core,0.030530021946001983,32.754643994972746,0.04168167763966764,23.991356793382028,0.06058408385110027,16.50598534192143,Winner: DG anchor + total SG overlay,Tier 4 - speculative,0.12556074876782009,7.964272352732971,0.16387017597121156,6.1023916894778845,0.24971952207728912,4.004492687161624,Top 5: DG anchor + total SG overlay,Tier 3 - semi-core,0.21840895435389138,4.578566858480008,0.2753108748186557,3.6322575367162275,0.3756237855213344,2.662238224909223,Top 10: DG anchor + putting overlay,Tier 2 - current-price / early value,0.3657296856460638,2.734259862536162,0.4398568162315679,2.273467099060568,0.3653646145022546,2.736991926167577,0.4394177514323016,2.2757387400496585,0.5242399115579995,1.9075235935930157,Top 20: DG anchor + OTT overlay,Tier 3 - experimental,0.613,0.39,0.332,0.317,1.651,0.077,-2.239,0.2508068303814155,0.129293652159215,-0.16500459057071,2.68236936203395
"Scott, Adam",6430,0.46560000000000007,0.4494725489183007,0.7462686567164178,0.6679,0.7070843283582089,1.4972301242701003,1.4142584694557112,0.7496861233704573,1.3338915698534948,Make Cut: DG anchor + putting overlay,Tier 2 - candidate,0.33209999999999995,0.2929156716417911,3.011141222523337,3.4139518530879696,0.25373134328358216,0.25373134328358216,3.941176470588234,0.24708842023208138,4.047134216410204,Miss Cut: DataGolf core; ARG weakness tag,Tier 1 - core,0.02822007362343054,35.43576864270548,0.02510170347838192,39.83793374267287,0.02292395116013487,43.62249740520372,Winner: DG anchor + total SG overlay,Tier 4 - speculative,0.11735385856011481,8.521236645046038,0.1115441451891484,8.965060409977351,0.12169100477638393,8.217534252737684,Top 5: DG anchor + total SG overlay,Tier 3 - semi-core,0.20069332908813517,4.9827266533649786,0.19894908157148458,5.02641174365356,0.18779050932849023,5.325082740207932,Top 10: DG anchor + putting overlay,Tier 2 - current-price / early value,0.3433899083136464,2.9121414921914863,0.3452389478483167,2.896544570745701,0.3424076509797352,2.9204954887505807,0.3442514013879645,2.904853824757622,0.3675917045132526,2.7204095949993,Top 20: DG anchor + OTT overlay,Tier 3 - experimental,0.617,0.499,0.013,0.002,1.131,0.008,5.413,0.0136645251356501,0.140611940413544,-0.122622503079708,2.73856911720807
"Gerard, Ryan",29767,0.4001,0.38707178228815164,0.7633587786259541,0.65465,0.709004389312977,1.5275337966852518,1.410428503791065,0.7917508911906704,1.2630235230883735,Make Cut: DG anchor + putting overlay,Tier 2 - candidate,0.34535000000000005,0.29099561068702295,2.895613146083683,3.436477951124626,0.23664122137404586,0.23664122137404586,4.225806451612902,0.2245893704345294,4.452570475910001,Miss Cut: DataGolf core; ARG weakness tag,Tier 1 - core,0.01996356833424631,50.0912453754352,0.023506784167123155,42.54091044059574,0.029298036735236167,34.13197986735131,Winner: DG anchor + total SG overlay,Tier 4 - speculative,0.09418043964184002,10.617916032277112,0.11000821585266601,9.090230145531129,0.15128556882592273,6.610015798338661,Top 5: DG anchor + total SG overlay,Tier 3 - semi-core,0.17204204355504502,5.812532677107204,0.200298769469645,4.992541904515038,0.26970275756575424,3.707785597098307,Top 10: DG anchor + putting overlay,Tier 2 - current-price / early value,0.3076306434397936,3.250651459225355,0.3485930148832148,2.868674807884543,0.3065510006972416,3.2620999367985366,0.3473696129671549,2.878778000925929,0.4100283920677576,2.4388555020715468,Top 20: DG anchor + OTT overlay,Tier 3 - experimental,0.429,0.501,0.06,0.329,1.318,0.035,4.188,0.1043155747551402,0.0056324152607613,-0.118706979752002,2.73599401021762
"Chacarra, Eugenio",26745,0.38800000000000007,0.3889612037659595,0.7352941176470588,0.6504,0.6928470588235294,1.5375153751537516,1.4433199755484616,0.7320223154330064,1.366078572903176,Make Cut: DG anchor + putting overlay,Tier 2 - candidate,0.3496,0.30715294117647063,2.860411899313501,3.255707062969204,0.26470588235294124,0.26470588235294124,3.777777777777777,0.2657702381171965,3.7626485459181875,Miss Cut: DataGolf core; ARG weakness tag,Tier 1 - core,0.02076563438147022,48.15648689704029,0.018341150524068463,54.52220670059571,0.01567002833975028,63.816093903499365,Winner: DG anchor + total SG overlay,Tier 4 - speculative,0.09311080137171242,10.739892528771701,0.08976494102977156,11.140206728017999,0.0919102738662069,10.880176480114645,Top 5: DG anchor + total SG overlay,Tier 3 - semi-core,0.1751094525779777,5.710713986469073,0.17186898624199887,5.818385398468327,0.1516931765207015,6.592254331647742,Top 10: DG anchor + putting overlay,Tier 2 - current-price / early value,0.3074212554198233,3.2528655139163076,0.31129666306344717,3.212369802358544,0.3066604474511854,3.260935697157949,0.31052626421270535,3.2203395179321017,0.333217047627315,3.001046936585445,Top 20: DG anchor + OTT overlay,Tier 3 - experimental,0.519,0.459,-0.046,-0.076,0.855,0.004,7.708,0.0017063561672989013,0.0394298955838771,-0.0059046331498213,2.71167096781657
"Fitzpatrick, Matt",17646,0.40620000000000006,0.3886245033478384,0.8,0.65005,0.725025,1.5383432043688947,1.3792627840419296,0.8324902844416074,1.2012152197917236,Make Cut: DG anchor + putting overlay,Tier 2 - candidate,0.34995,0.27497499999999997,2.8575510787255323,3.6366942449313577,0.19999999999999996,0.19999999999999996,5.000000000000001,0.15409831677930533,6.489363549844402,Miss Cut: DataGolf core; ARG weakness tag,Tier 1 - core,0.02019243632447983,49.52349404156215,0.027429551495573266,36.4570306649522,0.038641000944471954,25.87924679893836,Winner: DG anchor + total SG overlay,Tier 4 - speculative,0.09260444749209902,10.79861742153712,0.122760818322769,8.145921586892237,0.18802096959267459,5.318555702411188,Top 5: DG anchor + total SG overlay,Tier 3 - semi-core,0.17001705628626312,5.88176281746855,0.21971109771476358,4.551431449758783,0.33555300607934857,2.980155092884279,Top 10: DG anchor + putting overlay,Tier 2 - current-price / early value,0.3049089239413045,3.2796678663052243,0.37373301722326974,2.6757068653706764,0.30387033389646373,3.2908773527748356,0.3724599964598922,2.6848520901698594,0.43427622426911383,2.302681897179608,Top 20: DG anchor + OTT overlay,Tier 3 - experimental,0.562,0.042,0.419,0.447,1.47,0.035,-1.072,0.1120566444788777,0.216273021428771,-0.19797406085744,2.67250304997663
"Spaun, J.J.",17536,0.4138,0.3796578693258602,0.7299270072992701,0.6456,0.687763503649635,1.5489467162329618,1.4539881728144541,0.7292698210956964,1.371234584337445,Make Cut: DG anchor + putting overlay,Tier 2 - candidate,0.35440000000000005,0.312236496350365,2.821670428893905,3.202700554511366,0.27007299270072993,0.27007299270072993,3.7027027027027026,0.24173286810620273,4.136797812536857,Miss Cut: DataGolf core; ARG weakness tag,Tier 1 - core,0.017349309483010857,57.639181604273084,0.01712465474150543,58.39533789701911,0.017308789448482055,57.77411545598863,Winner: DG anchor + total SG overlay,Tier 4 - speculative,0.0919858490290452,10.871237375699415,0.08939410867758175,11.186419494451314,0.09817324010796964,10.186075135140829,Top 5: DG anchor + total SG overlay,Tier 3 - semi-core,0.17154935428880524,5.829226254716698,0.17036083212368264,5.869893845517238,0.1556266814755504,6.425633384447025,Top 10: DG anchor + putting overlay,Tier 2 - current-price / early value,0.2987876508156882,3.3468585373927167,0.3051120910079846,3.277484011519657,0.29809638436160224,3.3546196883319523,0.3044061925122668,3.285084287369425,0.32235377464119075,3.1021817601270265,Top 20: DG anchor + OTT overlay,Tier 3 - experimental,0.579,0.329,0.177,-0.046,1.039,0.045,-0.125,0.1419786238273121,-0.06,-0.226699965284355,2.69534736923088
"Reed, Patrick",14838,0.3192,0.3578981075372549,0.7299270072992701,0.64285,0.6863885036496351,1.5555728396982187,1.4569008581624596,0.738610695044579,1.3538932034278828,Make Cut: DG anchor + putting overlay,Tier 2 - candidate,0.35714999999999997,0.3136114963503649,2.799944001119978,3.188658616273448,0.27007299270072993,0.27007299270072993,3.7027027027027026,0.22658795135691912,4.413297326762136,Miss Cut: DataGolf core; ARG weakness tag,Tier 1 - core,0.016223466482027268,61.639107838501914,0.016495066574346982,60.62418696479791,0.016233439106927212,61.601241327432284,Winner: DG anchor + total SG overlay,Tier 4 - speculative,0.08520199524651044,11.736814344626,0.08687851085076848,11.51032620388376,0.09169690720990321,10.905493221389703,Top 5: DG anchor + total SG overlay,Tier 3 - semi-core,0.16133079718258392,6.198444546630881,0.16710764773104098,5.984166575125847,0.1720444747953508,5.8124505375108,Top 10: DG anchor + putting overlay,Tier 2 - current-price / early value,0.2953885164495341,3.3853719569726257,0.30836606102844505,3.242899029370666,0.29448275707775573,3.395784561117642,0.3074205081915506,3.2528734204580463,0.3051338581956374,3.277250207215115,Top 20: DG anchor + OTT overlay,Tier 3 - experimental,0.594,-0.174,0.299,0.061,0.779,-0.003,-4.344,0.0035079005013965003,0.279463389202916,0.121870740134847,2.64726702803981
"Fitzpatrick, Alex",25362,0.34855,0.36207908724084825,0.7407407407407407,0.63615,0.6884453703703703,1.5719562996148708,1.452548078668928,0.740100498960054,1.3511678500489346,Make Cut: DG anchor + putting overlay,Tier 2 - candidate,0.36385,0.31155462962962965,2.748385323622372,3.2097099670410336,0.2592592592592593,0.2592592592592593,3.8571428571428563,0.2354120886939064,4.247870215791025,Miss Cut: DataGolf core; ARG weakness tag,Tier 1 - core,0.020306958983169282,49.244202483927566,0.020761812824917993,48.16535089844448,0.02123596040172319,47.089935236404706,Winner: DG anchor + total SG overlay,Tier 4 - speculative,0.09103043967278736,10.985336373135635,0.09716114906919768,10.292179637437235,0.11189185337761987,8.937201143903973,Top 5: DG anchor + total SG overlay,Tier 3 - semi-core,0.1654248754225556,6.045040066952654,0.17921290302143078,5.579955366720538,0.17757547294784895,5.6314083437282125,Top 10: DG anchor + putting overlay,Tier 2 - current-price / early value,0.29193825310446714,3.425381872248719,0.31739082130424057,3.150689726598717,0.2928817783435913,3.414346927472081,0.31841660757028273,3.1405397087501923,0.35825271387487034,2.7913256795293324,Top 20: DG anchor + OTT overlay,Tier 3 - experimental,0.429,0.41,0.147,-0.046,0.939,0.041,2.31,0.1333856518843874,0.0159376959473421,-0.0030318137247882,2.74333313022591
"Rose, Justin",6093,0.35550000000000004,0.34270430969083765,0.6944444444444444,0.6325,0.6634722222222222,1.58102766798419,1.5072221059242201,0.7013770653790445,1.4257666088063072,Make Cut: DG anchor + putting overlay,Tier 2 - candidate,0.36750000000000005,0.33652777777777776,2.721088435374149,2.9715229054890635,0.3055555555555556,0.3055555555555556,3.2727272727272725,0.29795294356779145,3.356234672581699,Miss Cut: DataGolf core; ARG weakness tag,Tier 1 - core,0.021052776243007592,47.499673603956964,0.018009721454837146,55.525567261420065,0.014397395646199582,69.45700629293782,Winner: DG anchor + total SG overlay,Tier 4 - speculative,0.0947437694584077,10.554783768013344,0.08560313142232556,11.681815646047697,0.07878490492528939,12.692786783817102,Top 5: DG anchor + total SG overlay,Tier 3 - semi-core,0.1660804642465424,6.021177773898345,0.1581779855503997,6.32199225777454,0.1469590848128063,6.8046150482889916,Top 10: DG anchor + putting overlay,Tier 2 - current-price / early value,0.2914678543440278,3.4309100818358913,0.2863263491250609,3.4925182507853045,0.29047471775314937,3.4426404051102923,0.28535073150544826,3.5044592131382246,0.28090483443828895,3.559924491864474,Top 20: DG anchor + OTT overlay,Tier 3 - experimental,0.587,0.111,0.014,0.035,0.747,0.002,3.097,-0.0025454055426391,0.17822831305655,-0.10726282703863,2.80300948466918
"McKibbin, Tom",22322,0.31980000000000003,0.3531359014505194,0.7299270072992701,0.6385,0.6842135036496351,1.5661707126076743,1.4615321016991643,0.7374870052967823,1.3559560952502154,Make Cut: DG anchor + putting overlay,Tier 2 - candidate,0.36150000000000004,0.31578649635036493,2.76625172890733,3.1666965229903328,0.27007299270072993,0.27007299270072993,3.7027027027027026,0.25768538910736566,3.8807012049229765,Miss Cut: DataGolf core; ARG weakness tag,Tier 1 - core,0.01672924539878615,59.775559277321534,0.017481289366059725,57.204018482842585,0.018208032850413194,54.9208147972617,Winner: DG anchor + total SG overlay,Tier 4 - speculative,0.08096124395039898,12.351588873963589,0.08637635970968724,11.577241774960429,0.09960692545339982,10.03946257198593,Top 5: DG anchor + total SG overlay,Tier 3 - semi-core,0.1563712143735585,6.395038907935311,0.16688337483579674,5.992208636623871,0.1748066675192932,5.720605593545974,Top 10: DG anchor + putting overlay,Tier 2 - current-price / early value,0.28415340865665906,3.5192257757086924,0.30687151033251053,3.2586928611145765,0.28358599104931803,3.526267275403218,0.3062587276142698,3.2652130693218684,0.3486435600367447,2.8682589172007273,Top 20: DG anchor + OTT overlay,Tier 3 - experimental,0.347,0.475,0.054,0.048,0.924,0.03,4.036,0.0934699819321938,0.154801553418495,0.081244127931876,2.67319683791688
"Smalley, Alex",18474,0.37060000000000004,0.3429464871863585,0.7092198581560284,0.6265,0.6678599290780142,1.5961691939345573,1.497319956567102,0.7221860112457569,1.3846848103233396,Make Cut: DG anchor + putting overlay,Tier 2 - candidate,0.37350000000000005,0.33214007092198583,2.6773761713520745,3.010777944450079,0.2907801418439716,0.2907801418439716,3.439024390243903,0.2801720602311632,3.5692352734063637,Miss Cut: DataGolf core; ARG weakness tag,Tier 1 - core,0.01757529164885186,56.89806007090226,0.01617931249109258,61.807323429258425,0.014724294554531017,67.91496844188546,Winner: DG anchor + total SG overlay,Tier 4 - speculative,0.08129545348226073,12.300810896124805,0.07969406933372297,12.547985168287104,0.0849255651514037,11.775017313305113,Top 5: DG anchor + total SG overlay,Tier 3 - semi-core,0.15620786162882005,6.401726453283078,0.15527567594428004,6.4401587300695144,0.15885020139659048,6.29523910708409,Top 10: DG anchor + putting overlay,Tier 2 - current-price / early value,0.2797151604589772,3.575065428556416,0.28507658150599013,3.5078293513877696,0.280233353507512,3.5684546021506813,0.28560470698404455,3.501342854464459,0.295420491469865,3.3850055391367704,Top 20: DG anchor + OTT overlay,Tier 3 - experimental,0.55,0.216,0.037,0.104,0.907,0.031,1.068,0.0962840136819728,-0.06,-0.171409570909194,2.75438429190326
"Wallace, Matt",20706,0.31044999999999995,0.32891697800972497,0.7575757575757576,0.62715,0.6923628787878788,1.5945148688511521,1.4443293114597682,0.7694051646021902,1.2997053386261521,Make Cut: DG anchor + putting overlay,Tier 2 - candidate,0.37285,0.30763712121212117,2.682043717312592,3.2505830117636636,0.24242424242424243,0.24242424242424243,4.125,0.20383844812936885,4.905845826324857,Miss Cut: DataGolf core; ARG weakness tag,Tier 1 - core,0.01656049580941539,60.384665502071186,0.019821914571374347,50.44921349041337,0.023175094670898795,43.1497697938516,Winner: DG anchor + total SG overlay,Tier 4 - speculative,0.08335864846039284,11.996355728765703,0.09702039595939292,10.307111098768775,0.1200381672080106,8.33068367552738,Top 5: DG anchor + total SG overlay,Tier 3 - semi-core,0.15288846551623084,6.540715786658469,0.17979837490069492,5.5617855308887725,0.2118545672297144,4.720219219610676,Top 10: DG anchor + putting overlay,Tier 2 - current-price / early value,0.27934974862310274,3.5797419003558684,0.32164067074891034,3.1090595529215665,0.2781544632799891,3.5951247670378175,0.3202644304573391,3.1224198034480297,0.3629851846118373,2.754933375777753,Top 20: DG anchor + OTT overlay,Tier 3 - experimental,0.435,0.128,0.284,0.108,0.956,0.01,0.488,0.0344467752168083,0.143538245820222,0.0392269409851655,2.70523397443068
"Rai, Aaron",18554,0.31595,0.32692003739646497,0.6802721088435374,0.6316,0.6559360544217687,1.5832805573147561,1.5245388529245218,0.6815882508008303,1.4671614406865914,Make Cut: DG anchor + putting overlay,Tier 2 - candidate,0.36839999999999995,0.3440639455782313,2.714440825190011,2.9064364716256668,0.3197278911564626,0.3197278911564626,3.127659574468085,0.2978451884416763,3.357448898980011,Miss Cut: DataGolf core; ARG weakness tag,Tier 1 - core,0.014937504236298216,66.94558770868795,0.012710418784815759,78.6756138353702,0.010107471534478663,98.9367119747797,Winner: DG anchor + total SG overlay,Tier 4 - speculative,0.0734692490690537,13.611136804462241,0.0672769988731512,14.863921053991582,0.06352572438468458,15.741654419309384,Top 5: DG anchor + total SG overlay,Tier 3 - semi-core,0.14691302206201423,6.80674855070291,0.13642041354053464,7.330281253713322,0.11772733345260612,8.494204112782128,Top 10: DG anchor + putting overlay,Tier 2 - current-price / early value,0.275226784278024,3.633367306976332,0.26481386060573053,3.776237383166492,0.27503493661866885,3.6359017232290114,0.2646292713061997,3.7788714569028565,0.25864348856604025,3.8663258276640007,Top 20: DG anchor + OTT overlay,Tier 3 - experimental,0.469,0.198,0.11,-0.025,0.752,0.114,-11.863,0.3862067236794762,0.204437572239027,-0.18936256791717,2.65950824929343
"Lindell, Oliver",20085,0.2955,0.2903713584406442,0.6578947368421053,0.60415,0.6310223684210526,1.655218074981379,1.5847298765370317,0.6669473342897155,1.4993687635995703,Make Cut: DG anchor + putting overlay,Tier 2 - candidate,0.39585000000000004,0.36897763157894736,2.5262094227611467,2.7101913894366727,0.3421052631578947,0.3421052631578947,2.9230769230769234,0.3216722275132462,3.1087545472318427,Miss Cut: DataGolf core; ARG weakness tag,Tier 1 - core,0.016223466482027268,61.639107838501914,0.013003399907680284,76.90296438621128,0.009001215115012295,111.09611171631622,Winner: DG anchor + total SG overlay,Tier 4 - speculative,0.07308226719842255,13.683209872032878,0.06539494642989913,15.291701493661465,0.055688144508749336,17.957143460631677,Top 5: DG anchor + total SG overlay,Tier 3 - semi-core,0.1420883693233158,7.037873717338146,0.1305692219391954,7.658772757837897,0.1182265446202206,8.458337365879231,Top 10: DG anchor + putting overlay,Tier 2 - current-price / early value,0.26193088312385243,3.8178010476418547,0.2506097909394007,3.990267085142764,0.26164154896462405,3.822022931591831,0.25033296228792185,3.9946796892446166,0.2247789468636275,4.4488152202559075,Top 20: DG anchor + OTT overlay,Tier 3 - experimental,0.611,-0.221,0.095,0.052,0.537,-0.012,-3.751,-0.030508145652414897,0.0469585828634879,-0.0221287806864434,2.72551186869667
"Smith, Jordan",18586,0.25565,0.2804233367501426,0.6896551724137931,0.60625,0.6479525862068966,1.6494845360824744,1.5433228005987027,0.6805454109286192,1.4694096586963652,Make Cut: DG anchor + putting overlay,Tier 2 - candidate,0.39375000000000004,0.35204741379310345,2.5396825396825395,2.8405264768901133,0.31034482758620685,0.31034482758620685,3.2222222222222228,0.329608819769365,3.033899398382978,Miss Cut: DataGolf core; ARG weakness tag,Tier 1 - core,0.0159430935775279,62.72308414532042,0.0143882134554306,69.50133198243358,0.011828309375138908,84.54293578944001,Winner: DG anchor + total SG overlay,Tier 4 - speculative,0.07645956473294875,13.078808432832597,0.07300043051462252,13.698549350331472,0.06706663083088303,14.91054474648691,Top 5: DG anchor + total SG overlay,Tier 3 - semi-core,0.14252167146708244,7.016476790555781,0.1414518876214682,7.069541572156649,0.12071429533514713,8.284023008407027,Top 10: DG anchor + putting overlay,Tier 2 - current-price / early value,0.2603158385937861,3.841487346301911,0.2650825668021656,3.7724095253171157,0.25999240096833937,3.8462662611503604,0.26475320660488766,3.777102505475523,0.29444913209298434,3.3961723469580787,Top 20: DG anchor + OTT overlay,Tier 3 - experimental,0.246,0.601,-0.166,-0.133,0.548,0.056,4.756,0.1741863518329161,0.163869697882792,-0.0041939166364432,2.78873666290761
"Hatton, Tyrrell",14796,0.24315,0.25068021715292865,0.684931506849315,0.59545,0.6401907534246576,1.6794021328407087,1.562034432160363,0.6887348011503416,1.4519376664715877,Make Cut: DG anchor + putting overlay,Tier 2 - candidate,0.40454999999999997,0.3598092465753424,2.4718823384006923,2.7792504209327054,0.31506849315068497,0.31506849315068497,3.1739130434782603,0.2808963037980672,3.5600326044834234,Miss Cut: DataGolf core; ARG weakness tag,Tier 1 - core,0.014770491956589379,67.70255201648055,0.015435245978294689,64.78678742186665,0.015389333775527052,64.98007091055845,Winner: DG anchor + total SG overlay,Tier 4 - speculative,0.06960634203905988,14.366506997865883,0.0737382079964419,13.56149040193997,0.07941241124211831,12.592490069985756,Top 5: DG anchor + total SG overlay,Tier 3 - semi-core,0.1310650101803025,7.629801414003079,0.14087615303942425,7.098433470994553,0.14363024205464636,6.9623220409218165,Top 10: DG anchor + putting overlay,Tier 2 - current-price / early value,0.24610582347919227,4.063292716373076,0.26479144547437966,3.7765570492977147,0.2462630195261936,4.06069901166641,0.26496057665510464,3.774146375374498,0.28824366128004575,3.469287045408575,Top 20: DG anchor + OTT overlay,Tier 3 - experimental,0.31,0.211,0.198,0.001,0.719,-0.018,4.682,-0.0640301510660614,0.262281082340483,0.0040958907125533,2.79391453830965
"Hillier, Daniel",21362,0.24184999999999998,0.2437174906086782,0.6711409395973155,0.58945,0.6302954697986578,1.6964967342437864,1.5865574923447268,0.6674348338277126,1.4982736131182113,Make Cut: DG anchor + putting overlay,Tier 2 - candidate,0.41054999999999997,0.3697045302013422,2.4357569114602367,2.7048627168712187,0.32885906040268453,0.32885906040268453,3.0408163265306127,0.37311991150177043,2.6801035516306264,Miss Cut: DataGolf core; ARG weakness tag,Tier 1 - core,0.015327857744608207,65.2406889900687,0.013213928872304104,75.67771929633754,0.009839991203029533,101.62610711401045,Winner: DG anchor + total SG overlay,Tier 4 - speculative,0.06806556715513407,14.69171626412536,0.06447119988348333,15.510801750351582,0.05524834560084295,18.100089498150375,Top 5: DG anchor + total SG overlay,Tier 3 - semi-core,0.13084937581738423,7.6423750113689355,0.1269063487247281,7.879826423570775,0.11044709884914412,9.05410835069435,Top 10: DG anchor + putting overlay,Tier 2 - current-price / early value,0.2422060974525119,4.128715216164468,0.24338564099509846,4.108705821392886,0.2420864717356131,4.130755398393833,0.24326543270103343,4.110736116088358,0.26129834909276695,3.8270429318517314,Top 20: DG anchor + OTT overlay,Tier 3 - experimental,0.302,0.461,-0.319,-0.076,0.368,0.024,7.131,0.06949060973330469,0.109806277699284,-0.0528594212480824,2.77450997762151
"Canter, Laurie",14795,0.2183,0.24965316792152167,0.6060606060606061,0.5954,0.6007303030303031,1.6795431642593213,1.6646405133146018,0.5768526061282703,1.733545084786594,Make Cut: DG anchor + putting overlay,Tier 2 - candidate,0.40459999999999996,0.39926969696969694,2.471576866040534,2.5045727426589455,0.3939393939393939,0.3939393939393939,2.5384615384615388,0.40471598759812477,2.470868536562437,Miss Cut: DataGolf core; ARG weakness tag,Tier 1 - core,0.015272037051745898,65.47914967805032,0.01084435185920625,92.21390203703652,0.00550689156607,181.59064655664744,Winner: DG anchor + total SG overlay,Tier 4 - speculative,0.06586894718320735,15.181660596739283,0.05306056155456662,18.846389308782875,0.03476825067732811,28.761872700488954,Top 5: DG anchor + total SG overlay,Tier 3 - semi-core,0.12740198156209057,7.849171478644863,0.10791993812999263,9.266128366340162,0.06547891512058544,15.27209175897933,Top 10: DG anchor + putting overlay,Tier 2 - current-price / early value,0.24215411339321619,4.129601541709819,0.2150150470627236,4.650837295625561,0.24212427003502496,4.130110541398197,0.21498854835503664,4.65141054093997,0.1955646420342634,5.113398769828738,Top 20: DG anchor + OTT overlay,Tier 3 - experimental,0.34,0.29,-0.103,-0.309,0.217,0.031,0.711,0.0998785362131457,0.163416608540169,0.0659724193659933,2.76420120246349
"MacIntyre, Robert",23323,0.2232,0.2339435494705969,0.7633587786259541,0.59355,0.6784543893129771,1.6847780304944824,1.4739384338166484,0.8001727873765448,1.2497300780230365,Make Cut: DG anchor + putting overlay,Tier 2 - candidate,0.40645,0.3215456106870229,2.4603272235207285,3.109978699019941,0.23664122137404586,0.23664122137404586,4.225806451612902,0.2155578339624873,4.639126222496865,Miss Cut: DataGolf core; ARG weakness tag,Tier 1 - core,0.010817795637554051,92.4402746645068,0.019067231152110377,52.4459997375822,0.0276051103375134,36.22517670726606,Winner: DG anchor + total SG overlay,Tier 4 - speculative,0.06236568121980733,16.034459665012047,0.09165230158873966,10.91080074003138,0.13190508344436844,7.58120895637623,Top 5: DG anchor + total SG overlay,Tier 3 - semi-core,0.12546513124772238,7.970341959197954,0.17244057534562068,5.799099185303177,0.27957683583834725,3.5768342430851643,Top 10: DG anchor + putting overlay,Tier 2 - current-price / early value,0.23695735995396242,4.220168557728219,0.3070900657671172,3.2563736554029505,0.2372337716920148,4.215251449520581,0.3074482875958623,3.252579507987015,0.3804347846090492,2.62857141475021,Top 20: DG anchor + OTT overlay,Tier 3 - experimental,0.207,0.205,0.136,0.445,0.993,0.009,1.457,0.0309770431612396,0.0983781863073039,0.0136346791955386,2.75124065566917
"Rozner, Antoine",18770,0.2029,0.22482306387700854,0.6172839506172839,0.58605,0.6016669753086419,1.7063390495691495,1.6620490089006832,0.6013797507213898,1.6628428190347981,Make Cut: DG anchor + putting overlay,Tier 2 - candidate,0.41395000000000004,0.3983330246913581,2.4157506945283242,2.510462196236011,0.3827160493827161,0.3827160493827161,2.6129032258064515,0.39702594935679497,2.518727054541543,Miss Cut: DataGolf core; ARG weakness tag,Tier 1 - core,0.011251285774308246,88.8787308454515,0.008692309553820773,115.04422315015717,0.005312713034637807,188.22774606499613,Winner: DG anchor + total SG overlay,Tier 4 - speculative,0.05947550190443594,16.813645416675595,0.04984291990363692,20.06303005388399,0.03527360575434588,28.349809400384174,Top 5: DG anchor + total SG overlay,Tier 3 - semi-core,0.12132813013188902,8.242111692588981,0.10466897578023021,9.553929352472743,0.07202135272078998,13.884771143868504,Top 10: DG anchor + putting overlay,Tier 2 - current-price / early value,0.23051800098961778,4.338056011708338,0.2087706452852039,4.789945438133263,0.22995343364138768,4.348706536643848,0.20825933992470727,4.801705413843785,0.19383063457317407,5.159143198401306,Top 20: DG anchor + OTT overlay,Tier 3 - experimental,0.304,0.268,-0.125,-0.188,0.259,0.019,2.874,0.057993721064474604,0.151883510398322,0.0426475812532249,2.74035327328207
"Koepka, Brooks",16243,0.20679999999999998,0.2075892989013735,0.6578947368421053,0.57515,0.6165223684210527,1.7386768669042856,1.6220011652797843,0.6432145057274374,1.5546913060815681,Make Cut: DG anchor + putting overlay,Tier 2 - candidate,0.42484999999999995,0.3834776315789473,2.3537719195010007,2.607714029844601,0.3421052631578947,0.3421052631578947,2.9230769230769234,0.3380474435888249,2.9581646569595828,Miss Cut: DataGolf core; ARG weakness tag,Tier 1 - core,0.012560716650611559,79.6132918061894,0.01241369165863913,80.55621385634018,0.010998572099748982,90.92089326966568,Winner: DG anchor + total SG overlay,Tier 4 - speculative,0.06460833215727592,15.477879812246233,0.06431607745429932,15.548211886997677,0.05915410849396144,16.904996549852186,Top 5: DG anchor + total SG overlay,Tier 3 - semi-core,0.12197233936929,8.19858014670315,0.12429025467373,8.045683087745415,0.10452978368472277,9.566651386327818,Top 10: DG anchor + putting overlay,Tier 2 - current-price / early value,0.228338107875509,4.379470467300204,0.2362166278453285,4.23340223387994,0.22838604252737937,4.3785512850686485,0.23626621642222922,4.232513709081916,0.2566976282848767,3.895633967019846,Top 20: DG anchor + OTT overlay,Tier 3 - experimental,0.241,0.375,-0.012,-0.183,0.421,-0.027,7.945,-0.09741777341258799,-0.0508971092869233,0.0653796585348924,2.8494849569416
"Cauley, Bud",14502,0.24695000000000003,0.2107156940415923,0.6802721088435374,0.58375,0.6320110544217687,1.7130620985010707,1.5822508055890048,0.6846851360023333,1.4605253530676796,Make Cut: DG anchor + putting overlay,Tier 2 - candidate,0.41625,0.36798894557823125,2.4024024024024024,2.7174729350325246,0.3197278911564626,0.3197278911564626,3.127659574468085,0.2789505723696872,3.584864485148722,Miss Cut: DataGolf core; ARG weakness tag,Tier 1 - core,0.010871896891964395,91.98026893900338,0.010760948445982198,92.92861173155873,0.010341932248507298,96.69372956338357,Winner: DG anchor + total SG overlay,Tier 4 - speculative,0.057301077318331076,17.451678865383077,0.05978821091746279,16.725705363227764,0.06548162902602203,15.271458802630058,Top 5: DG anchor + total SG overlay,Tier 3 - semi-core,0.11462930101547042,8.72377298946488,0.1218169454812802,8.209038537694015,0.1236320427165797,8.088517976625608,Top 10: DG anchor + putting overlay,Tier 2 - current-price / early value,0.22667764337819457,4.411551069161132,0.23934595138810177,4.1780527065548325,0.2264265473836145,4.416443264074457,0.23908082241985923,4.182685963175501,0.2583134468589325,3.871265751589424,Top 20: DG anchor + OTT overlay,Tier 3 - experimental,0.294,0.241,0.243,0.007,0.785,0.017,0.799,0.0490618675437547,-0.06,-0.190702463563916,2.7474446197135
"Reitan, Kristoffer",21407,0.24565,0.19947679628475024,0.6535947712418301,0.5683,0.6109473856209151,1.7596339961288052,1.6368021592950837,0.6787947482193601,1.473199376723579,Make Cut: DG anchor + putting overlay,Tier 2 - candidate,0.4317,0.3890526143790849,2.3164234422052354,2.5703464339803164,0.3464052287581699,0.3464052287581699,2.8867924528301887,0.35189468031602406,2.8417593556740774,Miss Cut: DataGolf core; ARG weakness tag,Tier 1 - core,0.012505899017200247,79.96226409829707,0.011702949508600125,85.4485443404786,0.010644186084009636,93.94800054296897,Winner: DG anchor + total SG overlay,Tier 4 - speculative,0.05925779063882535,16.875418222980556,0.060594652594544926,16.503106415862604,0.06572957800964996,15.213850906713366,Top 5: DG anchor + total SG overlay,Tier 3 - semi-core,0.11928941552821457,8.38297342284721,0.12186420271360228,8.205855187434642,0.1399717380250564,7.144299371498763,Top 10: DG anchor + putting overlay,Tier 2 - current-price / early value,0.22423947899952176,4.4595180316224905,0.23414139256891386,4.27092360316288,0.22372784487666963,4.46971632230781,0.23360716582817734,4.280690604908583,0.26047198669337923,3.8391844462612927,Top 20: DG anchor + OTT overlay,Tier 3 - experimental,0.214,0.455,-0.073,0.215,0.811,0.002,7.961,-0.0097913259744261,0.0353784954702891,-0.234814979456608,2.83523009784273
"Ayora, Angel",30445,0.22290000000000001,0.20303208462504171,0.641025641025641,0.5691,0.6050628205128206,1.7571604287471445,1.6527209507806986,0.6431370314550868,1.55487858899606,Make Cut: DG anchor + putting overlay,Tier 2 - candidate,0.43089999999999995,0.39493717948717944,2.3207240659085637,2.5320482647353852,0.35897435897435903,0.35897435897435903,2.785714285714285,0.365033242370311,2.7394765296075194,Miss Cut: DataGolf core; ARG weakness tag,Tier 1 - core,0.011034347173828167,90.62611355675409,0.010808840253580733,92.51686365414845,0.009541951975586322,104.8003597752915,Winner: DG anchor + total SG overlay,Tier 4 - speculative,0.05762685716561449,17.35301991441401,0.056957720910849594,17.556882262989475,0.052586781896368756,19.01618551161147,Top 5: DG anchor + total SG overlay,Tier 3 - semi-core,0.11404084520934896,8.768788044005316,0.11503682637451598,8.692868462351194,0.10909063342463925,9.166689830349263,Top 10: DG anchor + putting overlay,Tier 2 - current-price / early value,0.21594518001339086,4.6308049104776945,0.22289092899409693,4.486499313870616,0.21617143834699382,4.62595802501356,0.22312446479316542,4.481803467526485,0.2347271291884696,4.260265966943554,Top 20: DG anchor + OTT overlay,Tier 3 - experimental,0.326,0.212,-0.076,-0.018,0.445,-0.037,10.206,-0.1370981946314035,-0.0104655858439526,-0.0281740830981016,2.82193033564
"Brown, Dan",20766,0.18850000000000003,0.1659502382664677,0.5524861878453039,0.5611,0.556793093922652,1.7822135091783995,1.7959992875538737,0.5369143261168745,1.8624945384346512,Make Cut: DG anchor + putting overlay,Tier 2 - candidate,0.43889999999999996,0.44320690607734803,2.2784233310549102,2.2562825314492754,0.4475138121546961,0.4475138121546961,2.234567901234568,0.4891938594387108,2.0441793794128484,Miss Cut: DataGolf core; ARG weakness tag,Tier 1 - core,0.01017052782581908,98.32331390524122,0.00690193057957619,144.8869976987518,0.0029821415208993664,335.329491572357,Winner: DG anchor + total SG overlay,Tier 4 - speculative,0.05221553919966079,19.151387026306843,0.03914674446755525,25.544908359590366,0.020931077474542654,47.77584915139922,Top 5: DG anchor + total SG overlay,Tier 3 - semi-core,0.10635357306288652,9.402599002561985,0.08352834543550217,11.971983819219393,0.04988282279845182,20.046980982620664,Top 10: DG anchor + putting overlay,Tier 2 - current-price / early value,0.2088505410912355,4.788113043782607,0.17292558671093375,5.782834218001655,0.2081074847227177,4.80520919914245,0.17231034550631985,5.803482066393529,0.13709205151089,7.294368922041876,Top 20: DG anchor + OTT overlay,Tier 3 - experimental,0.388,0.084,-0.28,-0.179,0.013,0.037,-6.304,0.1253817040651603,0.0045501229208812,-0.176577191430462,2.78110500661696
"Ferguson, Ewen",21646,0.13375,0.1748887751288433,0.6711409395973155,0.5726,0.6218704697986577,1.7464198393293748,1.608051915254585,0.6877457231738755,1.4540257631630238,Make Cut: DG anchor + putting overlay,Tier 2 - candidate,0.4274,0.3781295302013423,2.339728591483388,2.644596415063195,0.32885906040268453,0.32885906040268453,3.0408163265306127,0.3380755167231283,2.9579190167117724,Miss Cut: DataGolf core; ARG weakness tag,Tier 1 - core,0.00894051889015635,111.85033131589438,0.008970259445078173,111.47949578522868,0.00802135876319387,124.66715796187992,Winner: DG anchor + total SG overlay,Tier 4 - speculative,0.050169863850695925,19.932284508006067,0.05165940613169716,19.35755895936288,0.048747532220716844,20.513858947202614,Top 5: DG anchor + total SG overlay,Tier 3 - semi-core,0.10060857850016722,9.939510277429653,0.1070996211519781,9.337101189003882,0.12013837637945105,8.323734930806374,Top 10: DG anchor + putting overlay,Tier 2 - current-price / early value,0.2074531478391992,4.820365515856712,0.21992271753293058,4.547051851749981,0.20672850925906816,4.837262183063582,0.21915452246126485,4.562990481644056,0.2376515434217015,4.207841386603356,Top 20: DG anchor + OTT overlay,Tier 3 - experimental,0.137,0.22,-0.098,0.132,0.391,0.054,-3.679,0.1843978342431394,0.123003676269867,0.08274403945518,2.69409787730754
"Hojgaard, Nicolai",23602,0.1904,0.15900434039547703,0.6756756756756757,0.5558,0.6157378378378378,1.7992083483267363,1.6240678070256298,0.6790514207520887,1.4726425266770553,Make Cut: DG anchor + putting overlay,Tier 2 - candidate,0.44420000000000004,0.38426216216216225,2.2512381809995494,2.6023899786885356,0.32432432432432434,0.32432432432432434,3.083333333333333,0.3050486642281827,3.2781654774006133,Miss Cut: DataGolf core; ARG weakness tag,Tier 1 - core,0.011631841411403368,85.97091076393477,0.012149254039035034,82.30958022501157,0.011500886002594702,86.94982280272939,Winner: DG anchor + total SG overlay,Tier 4 - speculative,0.053294614954295313,18.763621819157255,0.059997267794607956,16.66742564717041,0.06284879994767179,15.911202772886751,Top 5: DG anchor + total SG overlay,Tier 3 - semi-core,0.10779260888800118,9.277073913657858,0.12018153950986059,8.320745466219897,0.12595663180586134,7.939240559729428,Top 10: DG anchor + putting overlay,Tier 2 - current-price / early value,0.206056028693596,4.853048980609995,0.2288541876179715,4.36959450210852,0.20682929818545479,4.834904961594676,0.22971301209639652,4.353257966859801,0.2518820851682435,3.970111647011555,Top 20: DG anchor + OTT overlay,Tier 3 - experimental,0.279,0.113,0.091,-0.004,0.479,-0.07,15.941,-0.2533548775664616,0.0262982425140976,-0.0368754198679086,2.84238694875402
"Straka, Sepp",17511,0.1395,0.16288418442235683,0.6172839506172839,0.55855,0.587916975308642,1.7903500134276251,1.700920439446445,0.613320592184125,1.630468653333247,Make Cut: DG anchor + putting overlay,Tier 2 - candidate,0.44145,0.41208302469135805,2.2652622041001247,2.4266954474744016,0.3827160493827161,0.3827160493827161,2.6129032258064515,0.3907442652447982,2.5592186218613033,Miss Cut: DataGolf core; ARG weakness tag,Tier 1 - core,0.009901921193525396,100.9905027979695,0.008309293930095999,120.34716889458342,0.005661282390188655,176.6384241374464,Winner: DG anchor + total SG overlay,Tier 4 - speculative,0.05097664300061165,19.616827259260702,0.04589677718813653,21.788022193821522,0.03420298405997053,29.2372150408464,Top 5: DG anchor + total SG overlay,Tier 3 - semi-core,0.10395763400516038,9.619303186049432,0.09582053928492748,10.436175870670553,0.07866652593058157,12.711887148574977,Top 10: DG anchor + putting overlay,Tier 2 - current-price / early value,0.20533170503444179,4.870168490697833,0.1946396414597599,5.137699558528737,0.20601363049646348,4.854047752035351,0.1952860575960693,5.120693265611441,0.18154639085060992,5.508233985344691,Top 20: DG anchor + OTT overlay,Tier 3 - experimental,0.271,0.027,-0.087,-0.076,0.135,0.026,-3.236,0.09315058838561491,0.0890150343715151,0.0480918693260979,2.79650183480781
"Jarvis, Casey",26947,0.1554,0.15263518602888146,0.6024096385542169,0.55345,0.5779298192771085,1.8068479537446924,1.7303139008311237,0.5894428770950437,1.6965172349326,Make Cut: DG anchor + putting overlay,Tier 2 - candidate,0.44655,0.4220701807228915,2.239390885679095,2.3692742242232603,0.3975903614457831,0.3975903614457831,2.5151515151515156,0.41746356959962266,2.395418601338247,Miss Cut: DataGolf core; ARG weakness tag,Tier 1 - core,0.009741073474043765,102.65809026742458,0.007928870070355183,126.12137557138755,0.0051934021505725975,192.55200560383048,Winner: DG anchor + total SG overlay,Tier 4 - speculative,0.051299620521730094,19.493321584638394,0.04485390086933065,22.294604942237275,0.032594025733779765,30.68046911933376,Top 5: DG anchor + total SG overlay,Tier 3 - semi-core,0.10369161009230472,9.643981794764446,0.09324324041171271,10.724638006835994,0.06935451865377908,14.41867118986213,Top 10: DG anchor + putting overlay,Tier 2 - current-price / early value,0.20445226922650533,4.8911171481894185,0.18961261780598565,5.273910626682103,0.203804675179912,4.906658785512321,0.18901202773714126,5.290668599094119,0.18119367145543533,5.518956550565567,Top 20: DG anchor + OTT overlay,Tier 3 - experimental,0.22,0.264,-0.157,-0.159,0.168,0.035,-1.058,0.1178969479408558,0.0531012958223417,-0.0860478677816061,2.83038623859098
"Noren, Alex",10419,0.16110000000000002,0.16018582721801394,0.6993006993006994,0.56155,0.6304253496503497,1.780785326328911,1.5862306307235678,0.7451912108374675,1.3419374590800273,Make Cut: DG anchor + putting overlay,Tier 2 - candidate,0.43845,0.3695746503496503,2.2807617744326603,2.7058132884761212,0.3006993006993006,0.3006993006993006,3.3255813953488382,0.2758336585811406,3.6253733686595573,Miss Cut: DataGolf core; ARG weakness tag,Tier 1 - core,0.008834256863509396,113.19571249174109,0.010758795098421349,92.94721117485834,0.012384873310797429,80.74366002017769,Winner: DG anchor + total SG overlay,Tier 4 - speculative,0.04620406371869016,21.643117931972867,0.05734629141922963,17.437919266470217,0.07248988969119557,13.795027199792488,Top 5: DG anchor + total SG overlay,Tier 3 - semi-core,0.0990690557767545,10.093969223381247,0.11963545501680425,8.358726097205363,0.18963788467931325,5.273207944135466,Top 10: DG anchor + putting overlay,Tier 2 - current-price / early value,0.19897123112406037,5.0258522016003955,0.23512437048766016,4.253068271595786,0.19895831984921347,5.026178351113338,0.23510911322984748,4.2533442717823515,0.2675155727533862,3.7381001401434935,Top 20: DG anchor + OTT overlay,Tier 3 - experimental,0.165,0.037,0.137,0.474,0.813,0.052,-8.282,0.17673095705100422,0.330863138303118,-0.175652127011212,2.68278254845879
"Jordan, Matthew",25601,0.11845000000000003,0.1378683821120032,0.5952380952380952,0.55375,0.5744940476190477,1.8058690744920995,1.7406620732528622,0.5626145899014124,1.7774156908643821,Make Cut: DG anchor + putting overlay,Tier 2 - candidate,0.44625000000000004,0.42550595238095235,2.2408963585434174,2.3501433867244876,0.40476190476190477,0.40476190476190477,2.4705882352941178,0.37089461438680627,2.696183662988159,Miss Cut: DataGolf core; ARG weakness tag,Tier 1 - core,0.007673301935473633,130.32199285382026,0.006544984301070117,152.7887545637807,0.004576214077695439,218.52124551471934,Winner: DG anchor + total SG overlay,Tier 4 - speculative,0.04813035010435924,20.776910989256,0.041805839734719324,23.92010318045376,0.029872066071154706,33.47609092782597,Top 5: DG anchor + total SG overlay,Tier 3 - semi-core,0.09811416930483344,10.192207782884797,0.08785387923514881,11.38253664728236,0.055935347059332216,17.87778305798785,Top 10: DG anchor + putting overlay,Tier 2 - current-price / early value,0.1984543771300527,5.038941516239131,0.18354077998518037,5.448380463898775,0.1987993808071762,5.0301967538316505,0.18385985706935828,5.438925146247478,0.16998043275988367,5.883030086248878,Top 20: DG anchor + OTT overlay,Tier 3 - experimental,0.189,0.126,0.168,-0.338,0.145,0.001,0.348,0.0036225338621949,0.100686789978687,0.0701089461342466,2.77168150463524
"Wiesberger, Bernd",9531,0.08109999999999999,0.123696248595303,0.5882352941176471,0.5458,0.5670176470588235,1.832172957127153,1.7636135404023114,0.5706470086310751,1.7523968142738533,Make Cut: DG anchor + putting overlay,Tier 2 - candidate,0.45420000000000005,0.4329823529411765,2.2016732716864813,2.3095629491760294,0.4117647058823529,0.4117647058823529,2.428571428571429,0.377683259315123,2.647721272617069,Miss Cut: DataGolf core; ARG weakness tag,Tier 1 - core,0.0073593370203791164,135.88180528094432,0.006179668510189558,161.82097767074654,0.004193821986060131,238.4459815709646,Winner: DG anchor + total SG overlay,Tier 4 - speculative,0.04072627162405919,24.554174986380204,0.036928182108325894,27.079589162189986,0.027564497531653888,36.278549930091884,Top 5: DG anchor + total SG overlay,Tier 3 - semi-core,0.08743539406933548,11.437015989280143,0.08143879688389259,12.279159789476033,0.06102440456413629,16.386886642195844,Top 10: DG anchor + putting overlay,Tier 2 - current-price / early value,0.18472076334685225,5.4135765892342524,0.17647649734016663,5.666476925097021,0.18482949102267865,5.410392002201097,0.17658037239484983,5.663143567077255,0.16459127880079813,6.075656057149189,Top 20: DG anchor + OTT overlay,Tier 3 - experimental,0.161,-0.017,0.168,-0.2,0.112,0.051,-9.164,0.1822125867590729,0.185647814188683,0.0754629960498078,2.71289760863305
"Neergaard-Petersen, Rasmus",23841,0.09090000000000001,0.11250885012412684,0.6451612903225806,0.5469,0.5960306451612903,1.8284878405558602,1.6777660815231952,0.6493005958894521,1.5401187159394767,Make Cut: DG anchor + putting overlay,Tier 2 - candidate,0.45309999999999995,0.40396935483870966,2.2070183182520418,2.475435297311757,0.3548387096774194,0.3548387096774194,2.818181818181818,0.3518148889527885,2.842403864647679,Miss Cut: DataGolf core; ARG weakness tag,Tier 1 - core,0.007673301935473633,130.32199285382026,0.007778317634403466,128.5625050302657,0.0068660030454332005,145.64514367134342,Winner: DG anchor + total SG overlay,Tier 4 - speculative,0.043698150611616124,22.884263658841743,0.04540649924760701,22.023278970415266,0.041654173437605004,24.007198258247257,Top 5: DG anchor + total SG overlay,Tier 3 - semi-core,0.0903360301881071,11.069780218565015,0.09620983914962755,10.393947322214926,0.09755044108999272,10.251106902504674,Top 10: DG anchor + putting overlay,Tier 2 - current-price / early value,0.18332837540702834,5.454692967085894,0.19737772997143166,5.066427707648373,0.18273388990650638,5.472438640208656,0.19673768612479067,5.082910243061923,0.21764125471086146,4.5947171244188505,Top 20: DG anchor + OTT overlay,Tier 3 - experimental,0.057,0.245,-0.019,0.002,0.285,0.029,2.388,0.0940657888279088,0.0227482906895489,0.0553242835342925,2.7752235443348
"Fox, Ryan",11889,0.15355000000000002,0.12108252999071836,0.6097560975609756,0.5432,0.5764780487804878,1.840942562592047,1.7346714278461304,0.6182908751393225,1.6173617308757229,Make Cut: DG anchor + putting overlay,Tier 2 - candidate,0.4568,0.4235219512195122,2.189141856392294,2.3611527032319,0.3902439024390244,0.3902439024390244,2.5625,0.38103885873058213,2.624404249297475,Miss Cut: DataGolf core; ARG weakness tag,Tier 1 - core,0.006631546936485103,150.79437868384096,0.006374106801575852,156.88472614747732,0.00543982136436484,183.8295659028063,Winner: DG anchor + total SG overlay,Tier 4 - speculative,0.04524313174838528,22.102802378080067,0.04286329867842544,23.32998231196177,0.03711150539092154,26.94582150377081,Top 5: DG anchor + total SG overlay,Tier 3 - semi-core,0.09086399050185165,11.00545985793593,0.08995065386083442,11.117206569138814,0.08792944442293457,11.372754673509238,Top 10: DG anchor + putting overlay,Tier 2 - current-price / early value,0.18286431441859774,5.468535526898285,0.18560761397475586,5.387710011379211,0.18273930579481157,5.472276452242014,0.18548072999271165,5.391395645462978,0.18838422868438454,5.308299994026473,Top 20: DG anchor + OTT overlay,Tier 3 - experimental,0.226,0.093,0.018,0.042,0.379,-0.053,7.198,-0.187295184586412,0.223500128212135,-0.124564789806236,2.75450635667014
"Rosenmueller, Thomas",22736,0.08789999999999999,0.09151987925591068,0.5434782608695652,0.526,0.5347391304347826,1.9011406844106462,1.8700707374583299,0.5303115025082161,1.8856841597255511,Make Cut: DG anchor + putting overlay,Tier 2 - candidate,0.474,0.4652608695652174,2.109704641350211,2.149331838145968,0.4565217391304348,0.4565217391304348,2.1904761904761902,0.47217368376835295,2.1178647484525994,Miss Cut: DataGolf core; ARG weakness tag,Tier 1 - core,0.0067869174239653,147.3422965879764,0.0054101253786493,184.83859984954017,0.0032784221672860305,305.02477990131086,Winner: DG anchor + total SG overlay,Tier 4 - speculative,0.04136179029200177,24.176903198345656,0.034138583638064386,29.292369320354695,0.02124687453253134,47.065745998023765,Top 5: DG anchor + total SG overlay,Tier 3 - semi-core,0.0851714032238516,11.741029995381803,0.07333528103713025,13.636001469656765,0.051489968378440575,19.421258771227198,Top 10: DG anchor + putting overlay,Tier 2 - current-price / early value,0.17740131054879602,5.636936936409723,0.159386471125214,6.274058224266726,0.17810758596505305,5.6145839863115805,0.16002102532265178,6.249178806245562,0.14134644315222547,7.074815451302393,Top 20: DG anchor + OTT overlay,Tier 3 - experimental,0.175,0.081,-0.129,-0.157,-0.031,0.003,3.468,0.005844188690503901,-0.06,0.0301773019343015,2.78887712334518
"Perez, Victor",20730,0.11605,0.09135929023974548,0.6172839506172839,0.52795,0.572616975308642,1.89411876124633,1.746368066474099,0.6351296922423425,1.5744815778797445,Make Cut: DG anchor + putting overlay,Tier 2 - candidate,0.47204999999999997,0.427383024691358,2.118419658934435,2.3398215236137823,0.3827160493827161,0.3827160493827161,2.6129032258064515,0.3658350811594384,2.7334721340301957,Miss Cut: DataGolf core; ARG weakness tag,Tier 1 - core,0.006631546936485103,150.79437868384096,0.006740773468242552,148.35092808136142,0.006336693060048594,157.8110207522552,Winner: DG anchor + total SG overlay,Tier 4 - speculative,0.037244306993044575,26.84974109430339,0.03982207082456464,25.111702613494927,0.04148606847830973,24.104477398788283,Top 5: DG anchor + total SG overlay,Tier 3 - semi-core,0.07986718180467298,12.520787354756653,0.08601163410912968,11.626334162320667,0.09780728258865566,10.224187540366106,Top 10: DG anchor + putting overlay,Tier 2 - current-price / early value,0.17158293773609565,5.8280853166068125,0.18357266082423984,5.447434250339934,0.17145145976654072,5.832554598028294,0.1834319955516351,5.4516116285640335,0.205487389844579,4.8664786717878545,Top 20: DG anchor + OTT overlay,Tier 3 - experimental,0.02,0.341,0.066,0.132,0.559,0.021,1.439,0.0592305021787779,0.146083491177086,-0.189589672684933,2.71072247633436
"Coussaud, Ugo",20727,0.06880000000000001,0.0711335284241605,0.5649717514124294,0.52445,0.5447108757062147,1.9067594622938318,1.8358363025219673,0.5548972400781506,1.8021354726132033,Make Cut: DG anchor + putting overlay,Tier 2 - candidate,0.47555000000000003,0.4552891242937853,2.102828304068973,2.1964065176191823,0.4350282485875706,0.4350282485875706,2.2987012987012987,0.45038278793804953,2.2203335180241184,Miss Cut: DataGolf core; ARG weakness tag,Tier 1 - core,0.006373333184668663,156.9037693503212,0.005253333259000981,190.35533264268267,0.0033545078782739007,298.1063202971403,Winner: DG anchor + total SG overlay,Tier 4 - speculative,0.038455092705458875,26.004358061475834,0.03381885918341729,29.56930021135483,0.0229704153499359,43.53425851321363,Top 5: DG anchor + total SG overlay,Tier 3 - semi-core,0.08154563088435804,12.263072701198741,0.07331935043496401,13.638964257969299,0.05577071685702169,17.930556685575347,Top 10: DG anchor + putting overlay,Tier 2 - current-price / early value,0.17117123302922477,5.842103151931294,0.15879022729734837,6.297616780454718,0.17048261185778488,5.865700842465925,0.15815141486140571,6.32305440249358,0.14657022909136944,6.8226679196674835,Top 20: DG anchor + OTT overlay,Tier 3 - experimental,0.132,0.088,-0.128,-0.13,-0.038,-0.041,4.851,-0.1381719912677091,0.13948292854921,0.0458829056173545,2.7979536517748
"Olesen, Jacob Skov",25611,0.0879,0.09034225408059288,0.6666666666666666,0.5264,0.5965333333333334,1.899696048632219,1.6763522574877068,0.7040929445467897,1.4202670368237813,Make Cut: DG anchor + putting overlay,Tier 2 - candidate,0.4736,0.40346666666666664,2.1114864864864864,2.4785194976867153,0.33333333333333337,0.33333333333333337,2.9999999999999996,0.3281051369055566,3.0478035468485976,Miss Cut: DataGolf core; ARG weakness tag,Tier 1 - core,0.0060134333969400254,166.29435033052107,0.008440050031803363,118.48270996402289,0.009833345219541833,101.6947923289317,Winner: DG anchor + total SG overlay,Tier 4 - speculative,0.03951025361514222,25.309885624645858,0.05049254082873511,19.804905508555905,0.05768108223392629,17.33670661629559,Top 5: DG anchor + total SG overlay,Tier 3 - semi-core,0.08243810558131864,12.130312710953547,0.10470845033755682,9.550327569324365,0.15792644706722642,6.332061656362839,Top 10: DG anchor + putting overlay,Tier 2 - current-price / early value,0.17055373006432203,5.863254938035442,0.20900267644297252,4.784627723525135,0.1701337376837446,5.877728977299397,0.20848800267070594,4.796439062152842,0.24411930188377065,4.09635777377455,Top 20: DG anchor + OTT overlay,Tier 3 - experimental,0.081,0.035,-0.004,0.35,0.462,0.013,-0.229,0.045281572656127304,-0.06,0.0045704840749007,2.74665043753088
"Bradbury, Dan",29971,0.051649999999999974,0.06292596746531828,0.47846889952153115,0.51675,0.4976094497607656,1.9351717464925011,2.009608138432193,0.43529033240440673,2.2973172743725203,Make Cut: DG anchor + putting overlay,Tier 2 - candidate,0.48324999999999996,0.5023905502392344,2.0693222969477496,1.990483299345117,0.5215311004784688,0.5215311004784688,1.9174311926605507,0.5676729281823566,1.7615777507691273,Miss Cut: DataGolf core; ARG weakness tag,Tier 1 - core,0.007254949567151395,137.836933357573,0.004802474783575698,208.22597620292902,0.0017562839710178431,569.3840042396199,Winner: DG anchor + total SG overlay,Tier 4 - speculative,0.03908793556650807,25.583341394392686,0.027922945957857184,35.81284014621,0.011456731662651718,87.2849281492681,Top 5: DG anchor + total SG overlay,Tier 3 - semi-core,0.0829633466674617,12.053515680945894,0.06185164131713635,16.16771970322709,0.02692622419556537,37.13851569893322,Top 10: DG anchor + putting overlay,Tier 2 - current-price / early value,0.16978194294695664,5.889907858531343,0.13347541333948268,7.492016506864752,0.1698979099590619,5.885887591206726,0.13356658172055919,7.486902690166513,0.09944328755515318,10.055982908302187,Top 20: DG anchor + OTT overlay,Tier 3 - experimental,0.148,0.175,-0.307,-0.428,-0.412,0.051,-1.711,0.167906548937072,0.18077070142815,-0.072766112498982,2.80995796576843
"Manassero, Matteo",11460,0.027050000000000005,0.06537975926167687,0.4926108374384237,0.52565,0.5091304187192118,1.9024065442785125,1.9641332814402224,0.46011878477130497,2.17335182369708,Make Cut: DG anchor + putting overlay,Tier 2 - candidate,0.47435000000000005,0.49086958128078817,2.1081479919890374,2.0372009962213937,0.5073891625615763,0.5073891625615763,1.9708737864077672,0.47001506660099135,2.1275913711271035,Miss Cut: DataGolf core; ARG weakness tag,Tier 1 - core,0.005502695503576387,181.72911791140655,0.0036096810851214936,277.0327838993406,0.0012736237293128198,785.1612505206285,Winner: DG anchor + total SG overlay,Tier 4 - speculative,0.036876380701262444,27.117628709310008,0.02539951310195397,39.37083344810537,0.009398051325387308,106.40503710579475,Top 5: DG anchor + total SG overlay,Tier 3 - semi-core,0.07918587943931936,12.628514162885649,0.05770426075973073,17.329742844532827,0.026036480031006688,38.40764952901107,Top 10: DG anchor + putting overlay,Tier 2 - current-price / early value,0.16417671990007265,6.090997558049992,0.12876020176562814,7.766374906900346,0.16395808839469586,6.099119657901248,0.12858873386955996,7.7767310549491615,0.07852176090432783,12.73532315733999,Top 20: DG anchor + OTT overlay,Tier 3 - experimental,0.385,-0.678,0.178,-0.33,-0.445,0.005,-15.189,0.0439525697884164,0.334114245148992,0.0861439501269281,2.70642713620806
"Lawrence, Thriston",18105,0.020349999999999993,0.049184282969125984,0.5235602094240838,0.50795,0.5157551047120419,1.968697706467172,1.9389047066404186,0.4990489360792376,2.003811505654072,Make Cut: DG anchor + putting overlay,Tier 2 - candidate,0.49205,0.4842448952879581,2.03231378924906,2.0650708138189997,0.47643979057591623,0.47643979057591623,2.098901098901099,0.5035805923081431,1.9857794666322164,Miss Cut: DataGolf core; ARG weakness tag,Tier 1 - core,0.006838779896250301,146.22491367916365,0.0047777232814584505,209.30471295414569,0.002066032334210597,484.01953030521497,Winner: DG anchor + total SG overlay,Tier 4 - speculative,0.037244306993044575,26.84974109430339,0.028500880348374138,35.086635492543515,0.013920329152157783,71.83738179387737,Top 5: DG anchor + total SG overlay,Tier 3 - semi-core,0.07771958870203034,12.866769069428646,0.06255201897823982,15.9866942160232,0.03632926131793247,27.526020726063884,Top 10: DG anchor + putting overlay,Tier 2 - current-price / early value,0.16361136158802217,6.112044972268045,0.13867248295018808,7.211235990915411,0.16293159453019923,6.137545040809448,0.13809633111805913,7.241321995333068,0.11188746112442095,8.9375519825942,Top 20: DG anchor + OTT overlay,Tier 3 - experimental,0.118,0.003,-0.195,-0.258,-0.333,0.011,-3.305,0.0421013495864675,0.0395021109083208,0.113245212325316,2.80645614910502
"Kobori, Kazuma",24369,0.008850000000000004,0.06526375126680746,0.5780346820809249,0.52145,0.5497423410404625,1.9177294083804777,1.8190339825514683,0.586793086399411,1.7041782242801213,Make Cut: DG anchor + putting overlay,Tier 2 - candidate,0.47855000000000003,0.4502576589595375,2.0896458050360462,2.220950560420928,0.4219653179190751,0.4219653179190751,2.3698630136986303,0.41772987428703573,2.3938915111272783,Miss Cut: DataGolf core; ARG weakness tag,Tier 1 - core,0.0052489104123191735,190.5157302081216,0.004149455206159587,240.995492255361,0.002456975825067809,407.0044116011607,Winner: DG anchor + total SG overlay,Tier 4 - speculative,0.03373412145472577,29.64357620346183,0.029265218796145936,34.17025537945728,0.019278799068326975,51.870450874862534,Top 5: DG anchor + total SG overlay,Tier 3 - semi-core,0.07468727861013827,13.389161027273754,0.06731993740511724,14.85444043095599,0.059334650671757416,16.853558395954085,Top 10: DG anchor + putting overlay,Tier 2 - current-price / early value,0.16294328422251933,6.137104728013065,0.15304606951256217,6.5339802791728605,0.16237818923209874,6.158462566488093,0.15251529852928553,6.556719290740418,0.1345197987027645,7.433849958470455,Top 20: DG anchor + OTT overlay,Tier 3 - experimental,0.104,-0.205,-0.013,0.042,-0.072,0.11,-21.131,0.3972768503462441,0.0158910849717776,0.0794575599179708,2.65659528912409
"Girrbach, Joel",15592,0.004500000000000011,0.051664655911511884,0.4587155963302752,0.513,0.48585779816513763,1.949317738791423,2.0582153950735007,0.42319285203586293,2.362988871832968,Make Cut: DG anchor + putting overlay,Tier 2 - candidate,0.487,0.5141422018348624,2.053388090349076,1.9449871969879464,0.5412844036697249,0.5412844036697249,1.8474576271186438,0.5599381761323793,1.7859114499161821,Miss Cut: DataGolf core; ARG weakness tag,Tier 1 - core,0.005451851677072168,183.42391892382415,0.0035592591718693837,280.95734300651753,0.0012466730912584446,802.1349036984168,Winner: DG anchor + total SG overlay,Tier 4 - speculative,0.03316032846947925,30.15651672209458,0.023062472435797822,43.360485428604306,0.008875616622523348,112.66822830791658,Top 5: DG anchor + total SG overlay,Tier 3 - semi-core,0.07416516240796393,13.483419540015987,0.053625831564732315,18.647729477031778,0.0231315427130542,43.23101197377785,Top 10: DG anchor + putting overlay,Tier 2 - current-price / early value,0.1563696006945782,6.395104902475286,0.1208158486277124,8.277059767890607,0.15648948154911338,6.390205847069379,0.12090847217545153,8.270719015859283,0.08385863929376222,11.92482979001049,Top 20: DG anchor + OTT overlay,Tier 3 - experimental,0.101,-0.001,-0.147,-0.361,-0.408,0.083,-9.669,0.28955623642691064,-0.06,0.106045161344104,2.76638968186023
"Molinari, Francesco",7655,-0.011200000000000002,0.02574508723451812,0.49751243781094534,0.5064,0.5019562189054727,1.9747235387045816,1.9922056194074524,0.458881541485212,2.1792116474404457,Make Cut: DG anchor + putting overlay,Tier 2 - candidate,0.49360000000000004,0.4980437810945273,2.025931928687196,2.007855610208298,0.5024875621890547,0.5024875621890547,1.9900990099009903,0.5163108630903378,1.9368176644872028,Miss Cut: DataGolf core; ARG weakness tag,Tier 1 - core,0.00459438446763194,217.65701304388764,0.0033471922338159698,298.7578633510239,0.0015663208297784332,638.4388057595179,Winner: DG anchor + total SG overlay,Tier 4 - speculative,0.02906172663935667,34.40951779670778,0.021903403002218037,45.65500620605554,0.01004524173107409,99.54962028505358,Top 5: DG anchor + total SG overlay,Tier 3 - semi-core,0.0657886694890894,15.200185803512003,0.0519475165396015,19.250198404338796,0.02612450541681722,38.27823662285551,Top 10: DG anchor + putting overlay,Tier 2 - current-price / early value,0.148778824728924,6.721386607415448,0.12246540042732505,8.165571635014025,0.14878927659320118,6.720914456315693,0.1224740037466902,8.164998035569035,0.09499918043326697,10.526406600975458,Top 20: DG anchor + OTT overlay,Tier 3 - experimental,0.062,0.02,-0.118,-0.385,-0.421,0.059,-6.92,0.2065435704882661,0.251315167513001,0.0186248590502073,2.72553364407289
"Laporta, Francesco",14987,-0.02530000000000001,0.01335097959127238,0.5586592178770949,0.4977,0.5281796089385474,2.00924251557163,1.893295354604172,0.5559621938467229,1.7986834555798898,Make Cut: DG anchor + putting overlay,Tier 2 - candidate,0.5023,0.47182039106145257,1.990842126219391,2.1194505768398515,0.44134078212290506,0.44134078212290506,2.2658227848101262,0.4505597828921956,2.2194612967470904,Miss Cut: DataGolf core; ARG weakness tag,Tier 1 - core,0.005097169791059792,196.18730412982424,0.004348584895529896,229.95986603088846,0.002906350096903834,344.07417092156606,Winner: DG anchor + total SG overlay,Tier 4 - speculative,0.031599204308805154,31.64636647896064,0.02862670202212743,34.93242075971711,0.020019348376397423,49.95167580873852,Top 5: DG anchor + total SG overlay,Tier 3 - semi-core,0.06921562048449309,14.44760580054379,0.06497738365494495,15.389970228878205,0.05504329117778762,18.167518304275088,Top 10: DG anchor + putting overlay,Tier 2 - current-price / early value,0.14872757341768184,6.723702787724718,0.14464215479908393,6.913613817417586,0.14925656268741205,6.699872903373096,0.1451566131882119,6.889110857824902,0.1443433954820367,6.927923488708899,Top 20: DG anchor + OTT overlay,Tier 3 - experimental,-0.111,0.205,-0.092,-0.063,-0.062,0.041,-3.059,0.1416430177824778,0.194898255912813,0.0737088250869198,2.74693027715779
"Detry, Thomas",14181,0.011049999999999997,0.014724084716164279,0.6024096385542169,0.4987,0.5505548192771085,2.0052135552436336,1.8163495531889517,0.6518625064277788,1.5340658346497371,Make Cut: DG anchor + putting overlay,Tier 2 - candidate,0.5013000000000001,0.4494451807228915,1.9948134849391579,2.2249654527201543,0.3975903614457831,0.3975903614457831,2.5151515151515156,0.40957112737998064,2.441578356357741,Miss Cut: DataGolf core; ARG weakness tag,Tier 1 - core,0.004644447016248902,215.3108855589125,0.005272223508124451,189.67329409669537,0.005175177624217747,193.2300826391741,Winner: DG anchor + total SG overlay,Tier 4 - speculative,0.028597397757209805,34.968216636000946,0.03314813670929275,30.16760817568548,0.033793990981159545,29.591059563148637,Top 5: DG anchor + total SG overlay,Tier 3 - semi-core,0.06527030221180047,15.320903475443172,0.07466515697965614,13.393127938811778,0.11371437660031382,8.79396282068032,Top 10: DG anchor + putting overlay,Tier 2 - current-price / early value,0.14606321801614605,6.846350597927114,0.16419372164081053,6.090366854511013,0.14632363970545742,6.8341657029100205,0.16448646889740798,6.079527432883923,0.18099175291793754,5.525113624671089,Top 20: DG anchor + OTT overlay,Tier 3 - experimental,-0.064,0.055,-0.11,0.435,0.316,-0.016,6.426,-0.0626006340888647,0.193609812612965,0.0012682874720125,2.7535679053608
"Olesen, Thorbjorn",13412,-0.00405,-0.0043837214872305295,0.5882352941176471,0.4923,0.5402676470588236,2.031281738777168,1.8509344497008562,0.5982198101086733,1.6716263538954668,Make Cut: DG anchor + putting overlay,Tier 2 - candidate,0.5077,0.4597323529411764,1.9696671262556626,2.175178652540801,0.4117647058823529,0.4117647058823529,2.428571428571429,0.4045535371389487,2.4718607259551364,Miss Cut: DataGolf core; ARG weakness tag,Tier 1 - core,0.0047447190014161585,210.76063718452653,0.004497359500708079,222.35269380678966,0.0034689741782006453,288.26965801132,Winner: DG anchor + total SG overlay,Tier 4 - speculative,0.029423252097927986,33.986725759333076,0.030278405149493093,33.026838602057005,0.024740053464999686,40.42028451614798,Top 5: DG anchor + total SG overlay,Tier 3 - semi-core,0.06527030221180047,15.320903475443172,0.06815260367647778,14.672953725246163,0.07094453555554857,14.095518311160331,Top 10: DG anchor + putting overlay,Tier 2 - current-price / early value,0.1453973492895702,6.877704475949019,0.1526536746216601,6.550775816425119,0.14630344328372516,6.835109123581648,0.15360498892302948,6.510205215411941,0.15384029109662292,6.500247710607406,Top 20: DG anchor + OTT overlay,Tier 3 - experimental,0.026,-0.097,0.005,0.054,-0.012,-0.02,1.265,-0.0672953904851733,0.129234344349472,-0.000329498280934,2.75527453156605
"Stone, Brandon",15229,-0.035100000000000006,-0.016470590029064574,0.47619047619047616,0.49395,0.4850702380952381,2.0244964065188786,2.0615571137218716,0.4506868189625293,2.218835692381634,Make Cut: DG anchor + putting overlay,Tier 2 - candidate,0.50605,0.5149297619047619,1.9760893192372295,1.9420124335034135,0.5238095238095238,0.5238095238095238,1.909090909090909,0.5489246433821434,1.8217436802228473,Miss Cut: DataGolf core; ARG weakness tag,Tier 1 - core,0.003506417493160125,285.19136752844554,0.0025948754132467124,385.37495669158096,0.0012759379958894833,783.7371433577216,Winner: DG anchor + total SG overlay,Tier 4 - speculative,0.028803697740765962,34.71776467730034,0.021306309849218982,46.93445308346798,0.009673100106985785,103.37947389563489,Top 5: DG anchor + total SG overlay,Tier 3 - semi-core,0.06542578801252785,15.284493016859317,0.04989627062964053,20.041578005350104,0.026059794995474936,38.37328728693536,Top 10: DG anchor + putting overlay,Tier 2 - current-price / early value,0.14350267182554285,6.968511368315892,0.11560430981387032,8.650196533416949,0.14446352507551852,6.922162528411573,0.11637836353275083,8.592662498803596,0.08944775116587356,11.179710914649846,Top 20: DG anchor + OTT overlay,Tier 3 - experimental,-0.053,0.157,-0.184,-0.268,-0.348,-0.01,5.197,-0.0400299106371089,0.116240528385332,0.0841018730768986,2.77232686665162
"Du Plessis, Hennie",19421,-0.010200000000000004,-0.023504625076203045,0.5128205128205129,0.4803,0.4965602564102565,2.0820320632937745,2.013854284733177,0.48382929719755835,2.066844661520523,Make Cut: DG anchor + putting overlay,Tier 2 - candidate,0.5197,0.5034397435897435,1.924187030979411,1.986335033602168,0.4871794871794871,0.4871794871794871,2.0526315789473686,0.49010128708523776,2.0403945599638496,Miss Cut: DataGolf core; ARG weakness tag,Tier 1 - core,0.0040470687704014,247.09241595141393,0.00346520105186735,288.583543936394,0.0022367553215304286,447.07616893732563,Winner: DG anchor + total SG overlay,Tier 4 - speculative,0.028906888840155232,34.59383005655305,0.024485058477316666,40.84123388663398,0.014626749139625634,68.36789162472739,Top 5: DG anchor + total SG overlay,Tier 3 - semi-core,0.06459677321879728,15.480649422113949,0.05656826545740249,17.677756104313087,0.03596576801684775,27.804216485285718,Top 10: DG anchor + putting overlay,Tier 2 - current-price / early value,0.1377207725283971,7.261068767195644,0.12584553646122354,7.946249252218234,0.13821599741801388,7.235052516935848,0.1262980596409779,7.9177780152969675,0.11503364329919433,8.693109001156046,Top 20: DG anchor + OTT overlay,Tier 3 - experimental,-0.008,0.118,-0.055,-0.298,-0.243,-0.015,6.717,-0.058137063313686,0.0857801504535152,-0.058899631337551,2.80677768270972
"Waring, Paul",12426,-0.06265000000000001,-0.03345113560192427,0.4854368932038835,0.4791,0.4822684466019418,2.087246921310791,2.073533956131671,0.4570977273988008,2.187715974198089,Make Cut: DG anchor + putting overlay,Tier 2 - candidate,0.5208999999999999,0.5177315533980582,1.9197542714532543,1.9315029061617757,0.5145631067961165,0.5145631067961165,1.9433962264150944,0.526294729749897,1.9000760286450422,Miss Cut: DataGolf core; ARG weakness tag,Tier 1 - core,0.004544371462133448,220.05243372656196,0.003505519064400024,285.2644591653795,0.00182889087459774,546.7794792403606,Winner: DG anchor + total SG overlay,Tier 4 - speculative,0.028545839950747394,35.0313741590854,0.023288878970082697,42.938949585534694,0.012160582979490396,82.23289966332734,Top 5: DG anchor + total SG overlay,Tier 3 - semi-core,0.06506302042757763,15.369713754883408,0.05360347887013246,18.655505595499587,0.031320044542582026,31.928434796458305,Top 10: DG anchor + putting overlay,Tier 2 - current-price / early value,0.13690266092053424,7.30445992266326,0.11870510864967013,8.424237266411692,0.13682726939693812,7.308484663966975,0.118639738415523,8.428879002561578,0.09852688932269513,10.149513568065682,Top 20: DG anchor + OTT overlay,Tier 3 - experimental,-0.035,-0.014,-0.106,-0.293,-0.448,-0.016,-0.032,-0.048503637417645615,0.182037030142986,0.124736883163455,2.827283612745
"Bryant, Davis",32550,-0.0416,-0.025911829087484687,0.5076142131979695,0.47795,0.49278210659898475,2.092269065801862,2.029294462215078,0.5227498787185323,1.9129607498932328,Make Cut: DG anchor + putting overlay,Tier 2 - candidate,0.52205,0.5072178934010152,1.9155253328225266,1.9715392792923077,0.4923857868020305,0.4923857868020305,2.0309278350515463,0.5044830760708738,1.9822270506840787,Miss Cut: DataGolf core; ARG weakness tag,Tier 1 - core,0.004544371462133448,220.05243372656196,0.003447185731066724,290.09170900999067,0.0018198182231864658,549.5054326079995,Winner: DG anchor + total SG overlay,Tier 4 - speculative,0.028082131335963312,35.60983274511477,0.022546839477505458,44.3521142285898,0.012365249107479473,80.87180381955439,Top 5: DG anchor + total SG overlay,Tier 3 - semi-core,0.05937779769322963,16.84131171665233,0.05144126643273242,19.439645820299894,0.04517602494675468,22.135635022749767,Top 10: DG anchor + putting overlay,Tier 2 - current-price / early value,0.13680040696363627,7.309919774330905,0.12223041972390913,8.181269460243806,0.13730747104803187,7.282924901079763,0.12268347872598558,8.151056771331918,0.09880383755915535,10.121064370615006,Top 20: DG anchor + OTT overlay,Tier 3 - experimental,0.065,-0.305,-0.108,0.097,-0.251,0.041,-9.971,0.1522578000534503,-0.06,0.0173119545358514,2.73183283678174
"LaCroix, Frederic",23733,-0.054700000000000006,-0.038970223625121696,0.48780487804878053,0.47845,0.48312743902439026,2.0900825582610514,2.0698472477973167,0.4590067856068878,2.1786170299809924,Make Cut: DG anchor + putting overlay,Tier 2 - candidate,0.52155,0.5168725609756097,1.9173617102866458,1.9347128779915794,0.5121951219512195,0.5121951219512195,1.9523809523809523,0.522376403496556,1.9143284292828762,Miss Cut: DataGolf core; ARG weakness tag,Tier 1 - core,0.004644447016248902,215.3108855589125,0.0032972235081244507,303.2854756542807,0.0014647490833941074,682.7107873539721,Winner: DG anchor + total SG overlay,Tier 4 - speculative,0.029010107233409282,34.47074469439938,0.02215718324633429,45.13209052262729,0.010554491263600543,94.74639516247622,Top 5: DG anchor + total SG overlay,Tier 3 - semi-core,0.06294055596985769,15.888007097981486,0.051022855846881696,19.599059742970383,0.02894315082579871,34.550488508274015,Top 10: DG anchor + putting overlay,Tier 2 - current-price / early value,0.1347046936884055,7.423646293373913,0.11559281632842225,8.65105662932202,0.13571494405152654,7.3683853092871825,0.11645973255437127,8.586658908332392,0.09623962848685419,10.390730052917801,Top 20: DG anchor + OTT overlay,Tier 3 - experimental,-0.056,0.062,-0.097,-0.297,-0.389,0.025,-0.937,0.0835193886244122,0.0227571864586258,0.031199890947529,2.81021531954931
"Sullivan, Andy",15326,-0.05455,-0.020668612219832197,0.5617977528089888,0.4839,0.5228488764044944,2.0665426741062203,1.9125985444910176,0.56163807335857,1.7805060722113188,Make Cut: DG anchor + putting overlay,Tier 2 - candidate,0.5161,0.4771511235955056,1.937608990505716,2.0957720741903314,0.4382022471910112,0.4382022471910112,2.2820512820512824,0.43443649466835266,2.3018324019104255,Miss Cut: DataGolf core; ARG weakness tag,Tier 1 - core,0.004146106313342964,241.19014912420567,0.003881386490004782,257.6398930060603,0.0028211146914309693,354.4698140197783,Winner: DG anchor + total SG overlay,Tier 4 - speculative,0.025567649755328065,39.1119250134287,0.024914403581367733,40.137424792614794,0.017852978195697235,56.013063424959036,Top 5: DG anchor + total SG overlay,Tier 3 - semi-core,0.057729560050043136,17.32214829167493,0.05707250038336692,17.521573319598904,0.05212264373881191,19.185519541392207,Top 10: DG anchor + putting overlay,Tier 2 - current-price / early value,0.1342447856393613,7.449078898948271,0.13366211395502664,7.481551581149394,0.1343677396458435,7.442262574601059,0.13378453429595372,7.47470554247947,0.12704435646626022,7.871266601799623,Top 20: DG anchor + OTT overlay,Tier 3 - experimental,-0.029,-0.132,-0.016,-0.04,-0.218,0.023,-7.742,0.09029981108199239,0.243894969410142,0.0632832910073073,2.74605068847497
"Hidalgo, Angel",24127,-0.10070000000000001,-0.05338471791668357,0.5025125628140703,0.4799,0.49120628140703515,2.083767451552407,2.035804585266197,0.5022386456440371,1.9910853309937295,Make Cut: DG anchor + putting overlay,Tier 2 - candidate,0.5201,0.5087937185929648,1.9227071716977504,1.9654330693496638,0.4974874371859297,0.4974874371859297,2.01010101010101,0.5353194621664978,1.868043422058462,Miss Cut: DataGolf core; ARG weakness tag,Tier 1 - core,0.00370219871293873,270.10975842682967,0.003151099356469365,317.3495618114833,0.001954746003513995,511.5754160398981,Winner: DG anchor + total SG overlay,Tier 4 - speculative,0.02648930004541349,37.75109188561386,0.023041445657627394,43.400054617188076,0.013534940002285093,73.88285428906008,Top 5: DG anchor + total SG overlay,Tier 3 - semi-core,0.059326250667259904,16.855944691476438,0.05302691591804555,18.85834736354506,0.04313462950653522,23.18322914651423,Top 10: DG anchor + putting overlay,Tier 2 - current-price / early value,0.13220130710885436,7.564221730248109,0.12196414369854218,8.199131069797794,0.13256582799544242,7.5434221256052485,0.12230043748235735,8.176585632772218,0.11170459601778854,8.95218312987546,Top 20: DG anchor + OTT overlay,Tier 3 - experimental,-0.163,0.075,-0.257,-0.041,-0.385,0.051,-5.277,0.17781429914078,0.092083189170005,0.124648463553691,2.79148846497793
"Helligkilde, Marcus",20190,-0.0888,-0.07481865044735768,0.4672897196261682,0.4638,0.46554485981308413,2.1561017680034498,2.148020709328633,0.44086851653717396,2.2682499713396527,Make Cut: DG anchor + putting overlay,Tier 2 - candidate,0.5362,0.5344551401869159,1.864975755315181,1.8710644258192903,0.5327102803738317,0.5327102803738317,1.8771929824561406,0.5347586915085217,1.8700023316667576,Miss Cut: DataGolf core; ARG weakness tag,Tier 1 - core,0.0042950654848344086,232.825320948175,0.003447532742417204,290.06250983387605,0.001880277898556717,531.8362784392617,Winner: DG anchor + total SG overlay,Tier 4 - speculative,0.02648930004541349,37.75109188561386,0.021767943673500392,45.93911188852296,0.011011015985300342,90.81814079054972,Top 5: DG anchor + total SG overlay,Tier 3 - semi-core,0.05829584512440257,17.15388117053648,0.049388701759855484,20.24754578207658,0.030493435429367825,32.79394354618743,Top 10: DG anchor + putting overlay,Tier 2 - current-price / early value,0.12791301179208103,7.817812949518158,0.11178823331214291,8.945485319619733,0.12753765287005311,7.840821729868985,0.11146019232425923,8.971812977774224,0.08901734700986011,11.233765480443198,Top 20: DG anchor + OTT overlay,Tier 3 - experimental,0.008,-0.242,-0.05,-0.277,-0.561,-0.051,2.69,-0.1712329923365806,0.0814721047890476,0.13515521773424,2.83906404641491
"Schaper, Jayden",26991,-0.043350000000000014,-0.042308513309004064,0.5464480874316939,0.46855,0.507499043715847,2.1342439440828085,1.9704470626744837,0.5597694315647541,1.7864498195348848,Make Cut: DG anchor + putting overlay,Tier 2 - candidate,0.53145,0.492500956284153,1.881644557343118,2.03045291027423,0.45355191256830607,0.45355191256830607,2.2048192771084336,0.4449666081835932,2.2473596481365634,Miss Cut: DataGolf core; ARG weakness tag,Tier 1 - core,0.0032630874699101364,306.4582268239164,0.003506543734955068,285.18110013329516,0.0031436706265631676,318.0994826717119,Winner: DG anchor + total SG overlay,Tier 4 - speculative,0.02526097478619388,39.5867542113434,0.02475634417520374,40.39368627786377,0.020186325626331363,49.53848553277988,Top 5: DG anchor + total SG overlay,Tier 3 - semi-core,0.057317913586561985,17.44655269926725,0.0573166885753878,17.446925578834072,0.0586708103400622,17.044250696451858,Top 10: DG anchor + putting overlay,Tier 2 - current-price / early value,0.1265355133463399,7.902919690718792,0.13008107206148545,7.687513518702628,0.1267092386905301,7.892084352604805,0.1302596652359934,7.676973514313007,0.13735960939674405,7.280160480885176,Top 20: DG anchor + OTT overlay,Tier 3 - experimental,-0.19,0.207,0.012,0.082,0.109,0.062,-5.926,0.2113377734895828,-0.0220754400659785,-0.094942593273317,2.71832620186528
"Winther, Jeff",15680,-0.11745,-0.06943057749926143,0.5,0.4683,0.48414999999999997,2.135383301302584,2.065475575751317,0.5234049044629374,1.9105667361411027,Make Cut: DG anchor + putting overlay,Tier 2 - candidate,0.5317000000000001,0.51585,1.8807598269700958,1.9385480275273819,0.5,0.5,2.0,0.5110575517609302,1.9567267845946916,Miss Cut: DataGolf core; ARG weakness tag,Tier 1 - core,0.003997632168724435,250.14807711012597,0.0027821494176955173,359.43432571939655,0.001165673733546653,857.8729804243098,Winner: DG anchor + total SG overlay,Tier 4 - speculative,0.023122131073669675,43.24860873826418,0.019002940536834836,52.62343467641886,0.010097292300570894,99.03645157855445,Top 5: DG anchor + total SG overlay,Tier 3 - semi-core,0.053108377777955504,18.82942092829439,0.04569658697700085,21.8834724025079,0.042378911370765195,23.59664200080994,Top 10: DG anchor + putting overlay,Tier 2 - current-price / early value,0.12240565604246437,8.169557129395107,0.11008809123024538,9.083634649532938,0.12224935157004953,8.180002488004975,0.10994751552831106,9.095248721127344,0.08567000236499679,11.672697238170988,Top 20: DG anchor + OTT overlay,Tier 3 - experimental,0.003,-0.504,-0.102,0.171,-0.432,0.026,-14.353,0.1115114382520603,0.0894181720104347,0.161986850375054,2.7271237840444
"Dean, Joe",16497,-0.08630000000000002,-0.06709694325700957,0.5813953488372093,0.46625,0.5238226744186046,2.1447721179624666,1.909042981214795,0.5921865563242127,1.688657044508312,Make Cut: DG anchor + putting overlay,Tier 2 - candidate,0.53375,0.47617732558139536,1.873536299765808,2.100057995787674,0.41860465116279066,0.41860465116279066,2.3888888888888893,0.3922210102657389,2.5495829489666466,Miss Cut: DataGolf core; ARG weakness tag,Tier 1 - core,0.004146106313342964,241.19014912420567,0.004373053156671481,228.673186484004,0.0037653263709850303,265.5812276210188,Winner: DG anchor + total SG overlay,Tier 4 - speculative,0.02403705947051228,41.602426504238615,0.02800522947070589,35.70761671658584,0.02552843512200783,39.17200546060535,Top 5: DG anchor + total SG overlay,Tier 3 - semi-core,0.05541624157367118,18.045251204388972,0.06389189553061034,15.651437348902949,0.07268533294106157,13.757933816040591,Top 10: DG anchor + putting overlay,Tier 2 - current-price / early value,0.12220181648473365,8.183184413833384,0.14068949678345533,7.107851139301232,0.12262159134922139,8.155170626941548,0.14117277858847252,7.083518579138139,0.1569185256005731,6.3727338513582605,Top 20: DG anchor + OTT overlay,Tier 3 - experimental,-0.198,0.018,0.12,0.061,0.001,0.002,1.178,0.0060910247264899,0.0135222712371339,0.0895892035424238,2.79043884325705
"Elvira, Manuel",26008,-0.08305000000000001,-0.09098516801791927,0.5,0.45905,0.479525,2.1784119376974185,2.0853970074552945,0.48877417756150243,2.04593459701371,Make Cut: DG anchor + putting overlay,Tier 2 - candidate,0.54095,0.520475,1.8485996857380533,1.9213218694461789,0.5,0.5,2.0,0.5267864386228761,1.8983024745553392,Miss Cut: DataGolf core; ARG weakness tag,Tier 1 - core,0.0038496577459732435,259.7633519618734,0.002866495539653272,348.8580345465875,0.0014028487742226772,712.8352095927823,Winner: DG anchor + total SG overlay,Tier 4 - speculative,0.02322365935407366,43.05953617187337,0.01940233893629608,51.540177876662774,0.01059085026281072,94.42112532847845,Top 5: DG anchor + total SG overlay,Tier 3 - semi-core,0.05356950432894286,18.66733718235496,0.04613924404990083,21.673523712665798,0.03284046853376947,30.450235476138584,Top 10: DG anchor + putting overlay,Tier 2 - current-price / early value,0.1215903572913154,8.224336388815145,0.10965561895766049,9.119459718576879,0.121337890916812,8.241448672332615,0.10942793349658533,9.138434475062116,0.09593145276258506,10.424109832620166,Top 20: DG anchor + OTT overlay,Tier 3 - experimental,-0.087,-0.008,-0.193,-0.139,-0.427,-0.011,-0.243,-0.0341281459912329,-0.0312345437812328,-0.0148031311486716,2.79096876086139
"Clements, Todd",22608,-0.08109999999999999,-0.08102134778108658,0.5154639175257733,0.45995,0.4877069587628866,2.1741493640613108,2.0504115884189793,0.5173116981319167,1.9330705329323439,Make Cut: DG anchor + putting overlay,Tier 2 - candidate,0.5400499999999999,0.5122930412371134,1.8516803999629667,1.952007775833037,0.48453608247422675,0.48453608247422675,2.063829787234043,0.4928212823549767,2.0291331478653656,Miss Cut: DataGolf core; ARG weakness tag,Tier 1 - core,0.004146106313342964,241.19014912420567,0.003481386490004782,287.24187988637436,0.0021420837830619785,466.83514804941984,Winner: DG anchor + total SG overlay,Tier 4 - speculative,0.022767042877904573,43.92313948556316,0.020644321703502534,48.43946991149334,0.013049440312983992,76.63163906003045,Top 5: DG anchor + total SG overlay,Tier 3 - semi-core,0.0545437298561207,18.33391303891154,0.0491339566789021,20.35252333808882,0.04102282072612613,24.376675769716922,Top 10: DG anchor + putting overlay,Tier 2 - current-price / early value,0.12102993168612333,8.262418941071376,0.11376082963205067,8.790371898960402,0.1207148492078554,8.283984999046215,0.11346467112290402,8.813315987289188,0.10053674138084179,9.946612415175805,Top 20: DG anchor + OTT overlay,Tier 3 - experimental,-0.046,-0.18,-0.086,-0.022,-0.333,-0.013,-2.133,-0.0364097087163493,0.0031483066208096,0.0178110387975393,2.78477963665942
"Crocker, Sean",23610,-0.13535,-0.10850245089751791,0.4065040650406504,0.44915,0.42782703252032517,2.2264276967605476,2.3373932079724113,0.38074496577081396,2.6264299988195803,Make Cut: DG anchor + putting overlay,Tier 2 - candidate,0.5508500000000001,0.5721729674796748,1.815376236725061,1.7477232529960842,0.5934959349593496,0.5934959349593496,1.6849315068493151,0.6380011464513149,1.5673953025981102,Miss Cut: DataGolf core; ARG weakness tag,Tier 1 - core,0.0038004466658098134,263.1269658370318,0.0024418899995715566,409.5188563675905,0.0007575040735001291,1320.1249141531243,Winner: DG anchor + total SG overlay,Tier 4 - speculative,0.02337601340350714,42.778894020054274,0.016232544039415868,61.60463803897896,0.005533926575186938,180.7035179114605,Top 5: DG anchor + total SG overlay,Tier 3 - semi-core,0.05157293520838262,19.390015246552437,0.03703917714002586,26.998439955064885,0.016849392400948553,59.34932110333569,Top 10: DG anchor + putting overlay,Tier 2 - current-price / early value,0.11889082285390737,8.41107813030108,0.09073255599534824,11.021402285319382,0.11909590397511402,8.396594396806103,0.0908890654202711,11.00242361802269,0.06201561735479554,16.124970493785984,Top 20: DG anchor + OTT overlay,Tier 3 - experimental,-0.152,0.029,-0.31,-0.28,-0.713,0.001,2.269,0.0008386634889309004,0.155572080930144,0.0949253935354089,2.85340351904486
"Vaillant, Tom",28157,-0.09675000000000002,-0.08378377910395284,0.5617977528089888,0.46305,0.5124238764044944,2.1595939963286903,1.9515093773862822,0.5803634860190444,1.7230580904726067,Make Cut: DG anchor + putting overlay,Tier 2 - candidate,0.53695,0.4875761235955056,1.8623707980258868,2.050961791618825,0.4382022471910112,0.4382022471910112,2.2820512820512824,0.4262887244433275,2.3458279392818984,Miss Cut: DataGolf core; ARG weakness tag,Tier 1 - core,0.0036531630936411197,273.73538338341655,0.00394324821348721,253.59803539114534,0.0033652434939515303,297.15531782390633,Winner: DG anchor + total SG overlay,Tier 4 - speculative,0.02363010015075945,42.31890654800551,0.025938565287019925,38.55263346043338,0.02146553498991051,46.5863068621412,Top 5: DG anchor + total SG overlay,Tier 3 - semi-core,0.05167521842231734,19.35163566852236,0.057966157734394674,17.25144531024595,0.06845093957719482,14.60900326827889,Top 10: DG anchor + putting overlay,Tier 2 - current-price / early value,0.11883990527234049,8.414681900901396,0.13258580309358325,7.5422856494987505,0.11921454725992565,8.388238037927383,0.13300377892992143,7.518583366919909,0.13875022264684314,7.20719564209472,Top 20: DG anchor + OTT overlay,Tier 3 - experimental,-0.131,-0.164,0.032,0.131,-0.132,-0.01,-1.956,-0.027534922190114,0.0499096518593724,0.0661211526104498,2.77990860194411
"Elvira Mijares, Ignacio",12988,-0.11069999999999999,-0.09577650187688674,0.5181347150259068,0.4579,0.4880173575129534,2.1838829438742087,2.0491074438340178,0.5360252678856003,1.8655836952324831,Make Cut: DG anchor + putting overlay,Tier 2 - candidate,0.5421,0.5119826424870466,1.8446781036709092,1.9531912159020126,0.4818652849740932,0.4818652849740932,2.0752688172043015,0.46906744340320483,2.1318895908544473,Miss Cut: DataGolf core; ARG weakness tag,Tier 1 - core,0.0032630874699101364,306.4582268239164,0.002714877068288368,368.34080322851,0.0016797034853895285,595.3431713979547,Winner: DG anchor + total SG overlay,Tier 4 - speculative,0.022260486224287997,44.92264858567729,0.019421595625371497,51.489075320549105,0.012076610179170236,82.80469313523113,Top 5: DG anchor + total SG overlay,Tier 3 - semi-core,0.05009112914277263,19.96361465819112,0.045831238873935615,21.819178895657203,0.04410864097810668,22.6712947355678,Top 10: DG anchor + putting overlay,Tier 2 - current-price / early value,0.11782168741882547,8.487401784064252,0.11199418298587724,8.929035181462082,0.11757603193912608,8.505134792418755,0.11176067771746992,8.947690909033245,0.09711563248482113,10.297003421733333,Top 20: DG anchor + OTT overlay,Tier 3 - experimental,-0.085,-0.319,0.036,0.122,-0.246,0.007,-8.179,0.0386838880341729,0.0875683039824763,0.0333834706028607,2.74995596205888
"Campillo, Jorge",14016,-0.06764999999999999,-0.07896373407699307,0.4694835680751174,0.46035,0.46491678403755865,2.1722602367763657,2.150922561486217,0.43335603040133497,2.3075714420632174,Make Cut: DG anchor + putting overlay,Tier 2 - candidate,0.53965,0.5350832159624413,1.8530529046604283,1.8688681875422386,0.5305164319248826,0.5305164319248826,1.8849557522123894,0.5023184149854931,1.9907691419771658,Miss Cut: DataGolf core; ARG weakness tag,Tier 1 - core,0.003214615023242438,311.0792405217297,0.002365640844954519,422.71843679602415,0.0010880758288905677,919.0535930015353,Winner: DG anchor + total SG overlay,Tier 4 - speculative,0.02104826064186581,47.50986397474389,0.016852586008763604,59.33807425637731,0.008060377910622463,124.063661913685,Top 5: DG anchor + total SG overlay,Tier 3 - semi-core,0.0506018201743689,19.76213496973228,0.04151173861051295,24.089571612082455,0.022583990029061578,44.27915522071954,Top 10: DG anchor + putting overlay,Tier 2 - current-price / early value,0.1168037257989081,8.5613707367659,0.10085854531426144,9.914876294161656,0.1170760449321211,8.54145696995303,0.1010936894541358,9.891814270500833,0.0742219674409573,13.47310014108004,Top 20: DG anchor + OTT overlay,Tier 3 - experimental,0.152,-0.509,0.125,-0.365,-0.597,-0.033,-3.987,-0.0993919076641578,0.17712535394044,-0.0511540550379965,2.76147012114717
"Steinlechner, Maximilian",21677,-0.1107,-0.11319221185540994,0.4587155963302752,0.4516,0.4551577981651376,2.2143489813994686,2.1970402441334995,0.45811056774711106,2.1828791353095918,Make Cut: DG anchor + putting overlay,Tier 2 - candidate,0.5484,0.5448422018348624,1.8234865061998542,1.8353938014204936,0.5412844036697249,0.5412844036697249,1.8474576271186438,0.5491626769090563,1.8209540488593772,Miss Cut: DataGolf core; ARG weakness tag,Tier 1 - core,0.0031178700302174557,320.73177852453813,0.0024672683484420277,405.3065409895346,0.0013603794768550243,735.0890078934718,Winner: DG anchor + total SG overlay,Tier 4 - speculative,0.022463007507857267,44.51763636949385,0.018096163145463032,55.26033292039116,0.009417379543006659,106.18665154497245,Top 5: DG anchor + total SG overlay,Tier 3 - semi-core,0.05147066347555522,19.42854302771765,0.042652633926329814,23.445210950564345,0.03115127875594968,32.10141091909451,Top 10: DG anchor + putting overlay,Tier 2 - current-price / early value,0.11502291587011587,8.69391975012355,0.10074231136403639,9.926315829566981,0.11476017743387149,8.713824101363317,0.10051219306846718,9.949041698043711,0.08166636265479991,12.244943542140545,Top 20: DG anchor + OTT overlay,Tier 3 - experimental,-0.098,-0.176,-0.084,-0.044,-0.403,-0.033,2.715,-0.10988942355205669,-0.06,0.0574836524989787,2.80794035680007
"Van Driel, Darius",13374,-0.1458,-0.1147765714824847,0.4424778761061947,0.44375,0.44311393805309734,2.2535211267605635,2.256755913374524,0.43296521732422455,2.3096543555625932,Make Cut: DG anchor + putting overlay,Tier 2 - candidate,0.55625,0.5568860619469027,1.797752808988764,1.795699458707851,0.5575221238938053,0.5575221238938053,1.7936507936507937,0.5694245484437535,1.7561589199710765,Miss Cut: DataGolf core; ARG weakness tag,Tier 1 - core,0.003457624977472817,289.21586537441704,0.002428812488736409,411.7238381462089,0.001005480620822803,994.549252656587,Winner: DG anchor + total SG overlay,Tier 4 - speculative,0.022260486224287997,44.92264858567729,0.016094310572461447,62.13375810648726,0.0063329054949891545,157.9054038926113,Top 5: DG anchor + total SG overlay,Tier 3 - semi-core,0.04805133763624937,20.81107517901045,0.03699943024188609,27.02744321905601,0.022259877666812353,44.92387671523091,Top 10: DG anchor + putting overlay,Tier 2 - current-price / early value,0.11197197293079501,8.930806288624176,0.09133806928998037,10.94833739943853,0.11152358242117685,8.966713391822617,0.09097230701604253,10.992356166406276,0.06563793045439491,15.235093383920717,Top 20: DG anchor + OTT overlay,Tier 3 - experimental,-0.11,-0.248,-0.108,-0.125,-0.592,0.041,-9.141,0.1521365121828323,0.200811930086814,0.028845903974457,2.77694027508667
"Ravetto, David",23416,-0.13110000000000002,-0.13247210263386935,0.4385964912280702,0.4427,0.4406482456140351,2.25886604924328,2.2693838224784457,0.39788762543988504,2.5132724318692974,Make Cut: DG anchor + putting overlay,Tier 2 - candidate,0.5573,0.559351754385965,1.794365691727974,1.7877837910739405,0.5614035087719298,0.5614035087719298,1.78125,0.568871632062594,1.7578658235676765,Miss Cut: DataGolf core; ARG weakness tag,Tier 1 - core,0.0024487032921574276,408.37940766557756,0.0018910183127453638,528.815608637977,0.0009603513722613928,1041.2855428583855,Winner: DG anchor + total SG overlay,Tier 4 - speculative,0.02109866892629248,47.39635488349847,0.015733570574257342,63.558363645450015,0.0066471511872025855,150.44038744375908,Top 5: DG anchor + total SG overlay,Tier 3 - semi-core,0.04917262935329044,20.336516740142226,0.03816370780435087,26.202904736787513,0.018111765873010423,55.21272784837442,Top 10: DG anchor + putting overlay,Tier 2 - current-price / early value,0.11126043211405001,8.987921231286675,0.09114814772026916,10.971149990551305,0.11087726406730856,9.018981559582363,0.09083424405242904,11.009063932131205,0.07186599460855903,13.914786895343449,Top 20: DG anchor + OTT overlay,Tier 3 - experimental,-0.202,0.118,-0.082,-0.413,-0.579,0.0,2.45,-0.0026590037067146,0.0191678779035956,-0.0103229807918884,2.82634809411336
"Couvra, Martin",27811,-0.12730000000000002,-0.12766967974873383,0.4694835680751174,0.44415,0.45681678403755865,2.251491613193741,2.189061424498321,0.4528812204787597,2.2080844927569707,Make Cut: DG anchor + putting overlay,Tier 2 - candidate,0.55585,0.5431832159624413,1.7990465053521636,1.8409994466197672,0.5305164319248826,0.5305164319248826,1.8849557522123894,0.5237658008835694,1.9092502761979588,Miss Cut: DataGolf core; ARG weakness tag,Tier 1 - core,0.0025908376483208513,385.9755552989244,0.0022704188241604254,440.44737004406596,0.0014780702552047087,676.5578269900999,Winner: DG anchor + total SG overlay,Tier 4 - speculative,0.018889415685695642,52.93970002244529,0.016434023319038323,60.84937209755143,0.009792006154008744,102.12411882427286,Top 5: DG anchor + total SG overlay,Tier 3 - semi-core,0.045914823747111234,21.779458536262283,0.04086252190241567,24.472302575648985,0.029112475721034363,34.34953487234613,Top 10: DG anchor + putting overlay,Tier 2 - current-price / early value,0.11090471134882912,9.016749494570119,0.10127275899794286,9.874323657167402,0.10990377368942025,9.09886864145288,0.1003587516747152,9.964253075219789,0.0914919352784293,10.92992510166922,Top 20: DG anchor + OTT overlay,Tier 3 - experimental,-0.227,0.065,0.001,-0.188,-0.348,0.011,-3.828,0.042535513159192795,0.0761071759148807,-0.0421429493019857,2.79998792086015
"Saddier, Adrien",14792,-0.1125,-0.1299331143358772,0.47393364928909953,0.4412,0.4575668246445498,2.2665457842248413,2.1854731290382055,0.474440783934344,2.1077445992467334,Make Cut: DG anchor + putting overlay,Tier 2 - candidate,0.5588,0.5424331753554502,1.789549033643522,1.843545058512897,0.5260663507109005,0.5260663507109005,1.900900900900901,0.5146412374989627,1.9431011880427003,Miss Cut: DataGolf core; ARG weakness tag,Tier 1 - core,0.0025908376483208513,385.9755552989244,0.0020787521574937256,481.0578290418531,0.0011893430620012915,840.8002971971043,Winner: DG anchor + total SG overlay,Tier 4 - speculative,0.019640527353944472,50.915129822070014,0.016805306666390237,59.505013496715854,0.009812210740307446,101.91383231223456,Top 5: DG anchor + total SG overlay,Tier 3 - semi-core,0.04454430053639718,22.449561177482163,0.039818632952181285,25.11387071477097,0.03259002377403959,30.684236591339197,Top 10: DG anchor + putting overlay,Tier 2 - current-price / early value,0.10872030231174656,9.197914085380134,0.09795718153290364,10.208541980805172,0.10867373629727956,9.201855333881928,0.09791522547285399,10.212916277022106,0.08109191746202683,12.3316852196555,Top 20: DG anchor + OTT overlay,Tier 3 - experimental,-0.093,-0.243,0.028,-0.034,-0.341,-0.013,-1.839,-0.0426063791138854,0.196799010967143,-0.115062134864229,2.80986727581543
"Hill, Calum",25131,-0.12315000000000001,-0.12078027333037736,0.5464480874316939,0.44425,0.495349043715847,2.2509848058525606,2.018778501112121,0.582760513529419,1.7159707577708383,Make Cut: DG anchor + putting overlay,Tier 2 - candidate,0.55575,0.504650956284153,1.799370220422852,1.9815676311468864,0.45355191256830607,0.45355191256830607,2.2048192771084336,0.4451376247399287,2.246496239414157,Miss Cut: DataGolf core; ARG weakness tag,Tier 1 - core,0.0030695991639120767,325.77543405554667,0.0035097995819560386,284.9165533955338,0.0031650513062758522,315.95064447048316,Winner: DG anchor + total SG overlay,Tier 4 - speculative,0.019540254294700698,51.176406658699385,0.023462213787561997,42.62172397943663,0.02109453113137805,47.40565190911037,Top 5: DG anchor + total SG overlay,Tier 3 - semi-core,0.046524693447329846,21.493962150058877,0.05470073897955717,18.28128867461409,0.07651125110894114,13.069973180495275,Top 10: DG anchor + putting overlay,Tier 2 - current-price / early value,0.10780627649156946,9.275897772781354,0.12512741468693622,7.991853763637328,0.10777532598106562,9.278561590021855,0.1250914913855421,7.994148833975599,0.1334223762312053,7.494994679656414,Top 20: DG anchor + OTT overlay,Tier 3 - experimental,-0.179,-0.22,0.011,0.292,-0.096,-0.018,-1.811,-0.0531080643218994,0.059692336295269,0.0234795814352458,2.79871862431042
"Fisher, Ross",9396,-0.20445000000000005,-0.15966986518617537,0.4016064257028112,0.43315,0.4173782128514056,2.308669052291354,2.395908481107083,0.35236392994020255,2.837974931684136,Make Cut: DG anchor + putting overlay,Tier 2 - candidate,0.5668500000000001,0.5826217871485944,1.7641351327511685,1.7163793425819067,0.5983935742971889,0.5983935742971889,1.6711409395973151,0.630673347239587,1.5856068825120482,Miss Cut: DataGolf core; ARG weakness tag,Tier 1 - core,0.0030213972089798346,330.97270263834224,0.0020523652711565673,487.2427018980257,0.000731507128113719,1367.0406774826963,Winner: DG anchor + total SG overlay,Tier 4 - speculative,0.020092223215869648,49.770500220710254,0.014104947586770774,70.89710853926985,0.0046504602079950955,215.03248179197294,Top 5: DG anchor + total SG overlay,Tier 3 - semi-core,0.04586402188012852,21.803582830429217,0.03412420370100701,29.30471312274138,0.013713364362806619,72.92156567444526,Top 10: DG anchor + putting overlay,Tier 2 - current-price / early value,0.10582666377864684,9.449414394198968,0.08315031927693582,12.026412029392885,0.10617439096899489,9.41846702273075,0.083423536119141,11.987024843586754,0.06243039437582986,16.017838906799433,Top 20: DG anchor + OTT overlay,Tier 3 - experimental,-0.328,0.201,-0.235,-0.508,-0.871,0.019,0.452,0.0618920316912787,0.247375059564,0.131110893332484,2.85914780097129
"Armitage, Marcus",17813,-0.13355,-0.13446113611160077,0.5263157894736842,0.44065,0.4834828947368421,2.2693747872461136,2.0683255000040823,0.5369524925665909,1.8623621527857672,Make Cut: DG anchor + putting overlay,Tier 2 - candidate,0.55935,0.5165171052631579,1.7877893984088673,1.9360443048454605,0.4736842105263158,0.4736842105263158,2.111111111111111,0.45283504139265,2.208309668184241,Miss Cut: DataGolf core; ARG weakness tag,Tier 1 - core,0.0027336847388982244,365.80662933467477,0.002700175702782412,370.34627004810983,0.002035179053724452,491.3572583060755,Winner: DG anchor + total SG overlay,Tier 4 - speculative,0.018489720168706168,54.084106783427636,0.018378726125719134,54.41073517062768,0.012949066232223258,77.22564562312131,Top 5: DG anchor + total SG overlay,Tier 3 - semi-core,0.04347998221493571,22.99908944434877,0.04425662620847795,22.59548649933999,0.0451916530380973,22.127980119624826,Top 10: DG anchor + putting overlay,Tier 2 - current-price / early value,0.10293532818994103,9.714837632370042,0.10780082336625502,9.276366995848297,0.10339109548425726,9.67201281035139,0.10827813363916773,9.235475034437307,0.1024717163801591,9.758790379680057,Top 20: DG anchor + OTT overlay,Tier 3 - experimental,-0.111,-0.346,0.083,0.057,-0.317,-0.015,-4.331,-0.038826879119537694,0.17405066551739,-0.0286549073775826,2.76325693376413
"Luiten, Joost",10158,-0.1615,-0.13950784032968594,0.42016806722689076,0.44515,0.4326590336134454,2.246433786364147,2.3112888494394395,0.4091594067941225,2.444035218046867,Make Cut: DG anchor + putting overlay,Tier 2 - candidate,0.5548500000000001,0.5673409663865546,1.8022889069117778,1.7626084828125306,0.5798319327731092,0.5798319327731092,1.7246376811594204,0.5892295973369829,1.6971313126826788,Miss Cut: DataGolf core; ARG weakness tag,Tier 1 - core,0.002925203651338848,341.8565403274764,0.001829268492336074,546.6666070014393,0.0005230617011039056,1911.8203414425693,Winner: DG anchor + total SG overlay,Tier 4 - speculative,0.019189599737678486,52.11156114092965,0.013721330953495293,72.87922748815163,0.00520116297803269,192.26469238198035,Top 5: DG anchor + total SG overlay,Tier 3 - semi-core,0.043328056220867515,23.079733715780755,0.03356112918065981,29.796375283352134,0.02014331276890957,49.64426713084958,Top 10: DG anchor + putting overlay,Tier 2 - current-price / early value,0.10187069182312308,9.816366043103827,0.08358282565404129,11.964180346559619,0.10242779650535286,9.762974838063027,0.08403991868730261,11.89910718168136,0.06056052604188962,16.512406106054982,Top 20: DG anchor + OTT overlay,Tier 3 - experimental,-0.137,-0.251,-0.094,-0.14,-0.623,0.013,-6.035,0.0525067579887102,0.224945149066446,0.0274711320906038,2.77128133873884
"Kaneko, Kota",28268,-0.15160000000000004,-0.14241894441349856,0.5,0.43905,0.46952499999999997,2.277644915157727,2.1298120440871093,0.5100078857493641,1.9607539960498481,Make Cut: DG anchor + putting overlay,Tier 2 - candidate,0.5609500000000001,0.530475,1.7826900793297082,1.885102973749941,0.5,0.5,2.0,0.4980763253950586,2.007724416949212,Miss Cut: DataGolf core; ARG weakness tag,Tier 1 - core,0.0018419242599841893,542.9104886259458,0.0016042954633253947,623.3265772173868,0.0010240737355489012,976.4921853639789,Winner: DG anchor + total SG overlay,Tier 4 - speculative,0.01669917600619571,59.88319421443196,0.014575900833785705,68.60639430820527,0.008551068272330486,116.94445280431172,Top 5: DG anchor + total SG overlay,Tier 3 - semi-core,0.040144723898345606,24.909873649453864,0.03667316831872915,27.267892190522723,0.033181376906501574,30.137387089685827,Top 10: DG anchor + putting overlay,Tier 2 - current-price / early value,0.09953976775911917,10.046236017145887,0.09412452673670244,10.624223405630842,0.09914362006660757,10.086377714755331,0.0937499305836782,10.666674564707352,0.08210597464205713,12.179381638906582,Top 20: DG anchor + OTT overlay,Tier 3 - experimental,-0.16,-0.264,-0.027,0.051,-0.4,0.073,-16.721,0.2653485512488161,-0.06,-0.0717689976919006,2.7028149529342
"Bairstow, Sam",28615,-0.16360000000000002,-0.13998001164432752,0.5025125628140703,0.43545,0.46898128140703516,2.296474911011597,2.1322812650428293,0.5178792996644208,1.9309518659038647,Make Cut: DG anchor + putting overlay,Tier 2 - candidate,0.56455,0.5310187185929649,1.771322292091046,1.8831727865444936,0.4974874371859297,0.4974874371859297,2.01010101010101,0.5166766207647695,1.9354465826609872,Miss Cut: DataGolf core; ARG weakness tag,Tier 1 - core,0.001980530193191639,504.9153016892373,0.0022902650965958195,436.63067715888855,0.00196946736994988,507.75149426590826,Winner: DG anchor + total SG overlay,Tier 4 - speculative,0.017941184701429327,55.73767934735841,0.017782536795159114,56.234946201389384,0.012332110226674978,81.089122755078,Top 5: DG anchor + total SG overlay,Tier 3 - semi-core,0.041962090336618324,23.831033963704794,0.04256392742494142,23.49407257503274,0.0449023218454561,22.27056327825941,Top 10: DG anchor + putting overlay,Tier 2 - current-price / early value,0.09943845902329648,10.05647120663565,0.10276392215696574,9.731041585514417,0.09979445879001535,10.020596455201702,0.103131827418917,9.696327748930925,0.1037293558240957,9.640472478165202,Top 20: DG anchor + OTT overlay,Tier 3 - experimental,-0.277,-0.025,-0.149,0.099,-0.351,-0.01,3.09,-0.0372490377708451,0.10859081481482,0.10957675696008,2.78055060797805
"Puig, David",28984,-0.14235000000000003,-0.1687416357716458,0.5780346820809249,0.4264,0.5022173410404625,2.345215759849906,1.9911697949900786,0.6295892977492862,1.5883370374542454,Make Cut: DG anchor + putting overlay,Tier 2 - candidate,0.5736,0.49778265895953755,1.7433751743375174,2.008908872177657,0.4219653179190751,0.4219653179190751,2.3698630136986303,0.4138613515466185,2.4162681445439516,Miss Cut: DataGolf core; ARG weakness tag,Tier 1 - core,0.0023073153731092634,433.40412483466986,0.0038703243532212817,258.3762777317868,0.004627788158074231,216.08594988413032,Winner: DG anchor + total SG overlay,Tier 4 - speculative,0.017095898190366565,58.493563126358225,0.02563410980946898,39.01052181771532,0.02917535116859036,34.2755086038718,Top 5: DG anchor + total SG overlay,Tier 3 - semi-core,0.04201263730431668,23.802361959725218,0.05993161741589459,16.685683502591203,0.10640104460467506,9.398403969767623,Top 10: DG anchor + putting overlay,Tier 2 - current-price / early value,0.09913455086428122,10.087300454601706,0.1339952910392186,7.462948826368187,0.09899494880609137,10.101525502667544,0.1338065978111388,7.473473030167384,0.17031528635142046,5.871463574541674,Top 20: DG anchor + OTT overlay,Tier 3 - experimental,-0.4,0.129,0.01,0.444,0.182,-0.058,12.453,-0.20771448722189068,-0.06,-0.0131009352472836,2.80074833293395
"Guerrier, Julien",10201,-0.15475,-0.15334302061639316,0.5235602094240838,0.4357,0.47963010471204187,2.2951572182694515,2.0849400197687245,0.5213905358331347,1.9179481238609193,Make Cut: DG anchor + putting overlay,Tier 2 - candidate,0.5643,0.5203698952879581,1.77210703526493,1.9217099395164436,0.47643979057591623,0.47643979057591623,2.098901098901099,0.46262410118379177,2.1615821515591964,Miss Cut: DataGolf core; ARG weakness tag,Tier 1 - core,0.0018419242599841893,542.9104886259458,0.0022459621299920946,445.24348235716684,0.0020381387428726927,490.6437324235009,Winner: DG anchor + total SG overlay,Tier 4 - speculative,0.01610540403239705,62.09096015153895,0.017716495005616527,56.444573245609675,0.013883661631001635,72.02710830743972,Top 5: DG anchor + total SG overlay,Tier 3 - semi-core,0.04140630196040357,24.1509130894203,0.044225159457835284,22.61156346883068,0.04280193240807945,23.363431128900064,Top 10: DG anchor + putting overlay,Tier 2 - current-price / early value,0.09857745643444214,10.144307189190249,0.10592377502226807,9.44075114193931,0.09920304383695822,10.080335857874642,0.10659598327025574,9.381216527312032,0.11188215540719747,8.937975822511453,Top 20: DG anchor + OTT overlay,Tier 3 - experimental,-0.288,0.021,0.042,-0.058,-0.282,0.005,-1.643,0.018340100886267,0.0225039957504954,-0.007761152462723,2.78769162151647
"Mansell, Richard",24185,-0.1864,-0.19300211761212677,0.44052863436123346,0.424,0.43226431718061675,2.358490566037736,2.3133993722229014,0.4149859629581754,2.409720061063332,Make Cut: DG anchor + putting overlay,Tier 2 - candidate,0.5760000000000001,0.5677356828193832,1.736111111111111,1.7613830348552098,0.5594713656387665,0.5594713656387665,1.7874015748031495,0.560987500471663,1.7825709114003916,Miss Cut: DataGolf core; ARG weakness tag,Tier 1 - core,0.0026383757244225203,379.021073739934,0.00213585452887791,468.19668028859564,0.0011767108739343258,849.8264290330776,Winner: DG anchor + total SG overlay,Tier 4 - speculative,0.017891378826198425,55.892841446948495,0.015301731079765863,65.35208302819692,0.00815464793673237,122.62945105153217,Top 5: DG anchor + total SG overlay,Tier 3 - semi-core,0.04277125289047628,23.380189553031926,0.03715594871556039,26.913590813016008,0.023821038825882945,41.97969733013666,Top 10: DG anchor + putting overlay,Tier 2 - current-price / early value,0.09721043255455064,10.286961735705061,0.08856375415143822,11.291300934353636,0.09745984342702237,10.260636225511659,0.08879098041318627,11.262405205422091,0.07940017703577182,12.594430356867774,Top 20: DG anchor + OTT overlay,Tier 3 - experimental,-0.3,0.042,-0.047,-0.272,-0.578,-0.031,4.458,-0.10626270036524331,-0.0786903578000776,0.0397933515720073,2.86623848475734
"Migliozzi, Guido",17357,-0.1823,-0.17551349497396188,0.47846889952153115,0.42345,0.4509594497607656,2.361553902467824,2.217494279209585,0.48265954277975776,2.071853783809491,Make Cut: DG anchor + putting overlay,Tier 2 - candidate,0.57655,0.5490405502392344,1.7344549475327378,1.8213590955427033,0.5215311004784688,0.5215311004784688,1.9174311926605507,0.5163258977929079,1.9367612670110301,Miss Cut: DataGolf core; ARG weakness tag,Tier 1 - core,0.002213489681946426,451.7753157632309,0.001848411507639863,541.0050715800002,0.0010905789752538335,916.9441394808192,Winner: DG anchor + total SG overlay,Tier 4 - speculative,0.016402090980668464,60.967836428818856,0.014913423135836882,67.05368652734093,0.00892081245288363,112.09741324365054,Top 5: DG anchor + total SG overlay,Tier 3 - semi-core,0.039791880838619634,25.130754790295295,0.03737637100724042,26.754871408095866,0.033404574129550925,29.936020022939402,Top 10: DG anchor + putting overlay,Tier 2 - current-price / early value,0.0960969747334378,10.406154853197902,0.09299374262072416,10.753411700812057,0.09589700514127188,10.427854326908722,0.09280023058938881,10.775835293175925,0.08312659247472229,12.02984472512917,Top 20: DG anchor + OTT overlay,Tier 3 - experimental,-0.208,-0.268,-0.008,-0.001,-0.486,-0.013,-4.742,-0.0319944859400717,0.0903371712459367,0.0273454752887423,2.78748200773745
"Norris, Shaun",7677,-0.22285,-0.19240220291444693,0.45248868778280543,0.41605,0.4342693438914027,2.403557264751833,2.3027183798865365,0.48471356312502756,2.063074104122106,Make Cut: DG anchor + putting overlay,Tier 2 - candidate,0.58395,0.5657306561085973,1.712475383166367,1.7676256168943418,0.5475113122171946,0.5475113122171946,1.8264462809917354,0.5635619050902595,1.7744279571910402,Miss Cut: DataGolf core; ARG weakness tag,Tier 1 - core,0.002543378739836803,393.17777739392653,0.0020383560365850517,490.5914286079994,0.0011413753076434286,876.1360030336359,Winner: DG anchor + total SG overlay,Tier 4 - speculative,0.018889415685695642,52.93970002244529,0.01603118271057267,62.378429467995105,0.008942785769061339,111.82197872385832,Top 5: DG anchor + total SG overlay,Tier 3 - semi-core,0.040447300646385465,24.72352874033793,0.036697970609388036,27.24946320994058,0.039105061565803,25.57213721086404,Top 10: DG anchor + putting overlay,Tier 2 - current-price / early value,0.09518624301316686,10.505719821946041,0.08890300923459618,11.24821317759011,0.09579673087065506,10.438769579206227,0.08947319885353486,11.176531216202209,0.07716499629277133,12.959243802797642,Top 20: DG anchor + OTT overlay,Tier 3 - experimental,-0.325,-0.224,-0.132,0.251,-0.43,0.021,-6.45,0.0820313241464148,0.0562092327231887,0.0971710151737607,2.81922345085739
"Guillamoundeguy, Oihan",28239,-0.17385,-0.19161783772036453,0.48780487804878053,0.4197,0.4537524390243903,2.382654276864427,2.2038449030711385,0.48250587984271925,2.0725136040331082,Make Cut: DG anchor + putting overlay,Tier 2 - candidate,0.5803,0.5462475609756097,1.7232465965879715,1.8306717895709756,0.5121951219512195,0.5121951219512195,1.9523809523809523,0.5152891973769522,1.94065779971798,Miss Cut: DataGolf core; ARG weakness tag,Tier 1 - core,0.0031178700302174557,320.73177852453813,0.002625601681775378,380.86508206523564,0.0015968151202688256,626.246575014676,Winner: DG anchor + total SG overlay,Tier 4 - speculative,0.015759780719651333,63.45265951277296,0.01585830636511667,63.05843618961028,0.010937840172473451,91.4257279528215,Top 5: DG anchor + total SG overlay,Tier 3 - semi-core,0.03747766754955862,26.682556983506224,0.03816216770936326,26.203962196692654,0.03449754791050194,28.98756753941848,Top 10: DG anchor + putting overlay,Tier 2 - current-price / early value,0.09483213796385033,10.544948384282936,0.09560454256852377,10.459754036093612,0.09440595481783777,10.592552153405608,0.09517488817498393,10.506973206645103,0.09587393915255248,10.43036312932571,Top 20: DG anchor + OTT overlay,Tier 3 - experimental,-0.313,0.05,-0.056,-0.086,-0.405,-0.012,1.65,-0.0417116015643969,-0.06,-0.0529833878196241,2.81302080187049
"Lagergren, Joakim",14780,-0.21980000000000002,-0.21188870120041575,0.48780487804878053,0.4073,0.44755243902439024,2.4551927326295115,2.234375042575744,0.5135683882956468,1.9471603447374342,Make Cut: DG anchor + putting overlay,Tier 2 - candidate,0.5927,0.5524475609756098,1.6871941960519656,1.810126554335805,0.5121951219512195,0.5121951219512195,1.9523809523809523,0.5182287049355008,1.9296499604831054,Miss Cut: DataGolf core; ARG weakness tag,Tier 1 - core,0.0024014892869452763,416.4082702496717,0.002584077976805938,386.9852260557767,0.0020947940108631906,477.3739063670205,Winner: DG anchor + total SG overlay,Tier 4 - speculative,0.017692258252009287,56.521897078143276,0.018191797115422646,54.96983028423397,0.01306933625015539,76.51497986273866,Top 5: DG anchor + total SG overlay,Tier 3 - semi-core,0.04054818808842373,24.662014436238003,0.042741774118766916,23.396314744008798,0.05056323310596471,19.777216340266712,Top 10: DG anchor + putting overlay,Tier 2 - current-price / early value,0.09230394421446797,10.83377323158047,0.09880135200973898,10.12131898662104,0.09263511967573891,10.795041918231574,0.0991558393894981,10.08513473494848,0.10138681971533427,9.86321498995352,Top 20: DG anchor + OTT overlay,Tier 3 - experimental,-0.379,-0.093,-0.073,0.192,-0.353,-0.063,4.889,-0.211200769797431,0.272513302807778,0.0770285531946924,2.86507912046561
"Hollick, Michael",15993,-0.2321,-0.24042266008650756,0.3546099290780142,0.3996,0.3771049645390071,2.5025025025025025,2.6517815834709375,0.3238147133537471,3.088185801204046,Make Cut: DG anchor + putting overlay,Tier 2 - candidate,0.6004,0.6228950354609929,1.665556295802798,1.6054069194176814,0.6453900709219857,0.6453900709219857,1.5494505494505497,0.6407631683239754,1.560639015216292,Miss Cut: DataGolf core; ARG weakness tag,Tier 1 - core,0.0023073153731092634,433.40412483466986,0.0014286576865546316,699.9577361401473,0.0003671927760462457,2723.3651238118478,Winner: DG anchor + total SG overlay,Tier 4 - speculative,0.015316233101439092,65.29020506393582,0.010044435995163945,99.55760587069956,0.0026791394683890893,373.2541779921891,Top 5: DG anchor + total SG overlay,Tier 3 - semi-core,0.036423833376511915,27.45455124569219,0.02525009850643776,39.60380589188752,0.009924918464570897,100.75649523668253,Top 10: DG anchor + putting overlay,Tier 2 - current-price / early value,0.08806114320465734,11.355746287280908,0.06495136025811732,15.396136370754832,0.08789508259586042,11.377200754198926,0.06482887874091076,15.425224366389395,0.037520914363305395,26.651802520515794,Top 20: DG anchor + OTT overlay,Tier 3 - experimental,-0.182,-0.386,-0.009,-0.346,-0.922,0.003,-6.834,0.020795422381982398,-0.06,-0.0370110116235289,2.83994557635398
"Norgaard, Niklas",15676,-0.23730000000000007,-0.22560016382851944,0.5181347150259068,0.4062,0.4621673575129534,2.461841457410143,2.163718366829861,0.5432447515924836,1.840790908828057,Make Cut: DG anchor + putting overlay,Tier 2 - candidate,0.5938,0.5378326424870465,1.6840687100033682,1.8593144428270445,0.4818652849740932,0.4818652849740932,2.0752688172043015,0.5411205016801625,1.848017210390349,Miss Cut: DataGolf core; ARG weakness tag,Tier 1 - core,0.002213489681946426,451.7753157632309,0.002390078174306513,418.39635655020044,0.0019047215681163815,525.0111180233658,Winner: DG anchor + total SG overlay,Tier 4 - speculative,0.014677235812303797,68.13272013805957,0.0174604995199085,57.27213009340299,0.013674583187371456,73.12837154140865,Top 5: DG anchor + total SG overlay,Tier 3 - semi-core,0.03587250991983103,27.876499364968616,0.041694261455734516,23.984115921124264,0.053211184293956146,18.79304159959436,Top 10: DG anchor + putting overlay,Tier 2 - current-price / early value,0.08690044966096531,11.507420317172288,0.10021044769789315,9.978999425436397,0.08678629771935321,11.522556282257463,0.1000788118177664,9.992125024634595,0.11846823278583885,8.441081431574586,Top 20: DG anchor + OTT overlay,Tier 3 - experimental,-0.518,0.268,-0.381,0.187,-0.444,-0.026,9.735,-0.09855506462356281,0.0897280737116765,0.0853446947412655,2.81498933098053
"Otaegui, Adrian",14975,-0.2624000000000001,-0.2277698985995817,0.4115226337448559,0.4061,0.408811316872428,2.462447672986949,2.44611623682633,0.3948010182371318,2.5329215321308105,Make Cut: DG anchor + putting overlay,Tier 2 - candidate,0.5939,0.591188683127572,1.6837851490149858,1.691507345353245,0.5884773662551441,0.5884773662551441,1.699300699300699,0.5641167211900484,1.7726827843188582,Miss Cut: DataGolf core; ARG weakness tag,Tier 1 - core,0.0018419242599841893,542.9104886259458,0.0013376287966587446,747.5915609008226,0.0005656747538669395,1767.8003007276234,Winner: DG anchor + total SG overlay,Tier 4 - speculative,0.013308016327623634,75.1426790726343,0.010161627211430867,98.40943573240857,0.00405532393755218,246.58942550557538,Top 5: DG anchor + total SG overlay,Tier 3 - semi-core,0.03387178669253269,29.5230956984167,0.026877146953769946,37.20633003644511,0.016046689703866628,62.31814900484048,Top 10: DG anchor + putting overlay,Tier 2 - current-price / early value,0.08584108005539863,11.64943403967701,0.07119054419020346,14.046809325241963,0.08555705029383254,11.688107485772987,0.07095498991620021,14.093441506806322,0.04882072912006409,20.483102526812225,Top 20: DG anchor + OTT overlay,Tier 3 - experimental,-0.212,-0.548,0.106,-0.194,-0.847,0.055,-16.396,0.2061584063193038,0.202027587344336,0.019564407006356,2.75603207552815
"Cabrera Bello, Rafa",7457,-0.29309999999999997,-0.2624877931129218,0.38167938931297707,0.3948,0.38823969465648855,2.5329280648429586,2.5757283805943443,0.380471912358252,2.6283149097702667,Make Cut: DG anchor + putting overlay,Tier 2 - candidate,0.6052,0.6117603053435114,1.6523463317911435,1.634627142796535,0.6183206106870229,0.6183206106870229,1.6172839506172838,0.6256283356461987,1.5983930762456922,Miss Cut: DataGolf core; ARG weakness tag,Tier 1 - core,0.0023543595214737577,424.74396577037237,0.0015188464274035287,658.3944116782776,0.0004679660245175862,2136.9072702038006,Winner: DG anchor + total SG overlay,Tier 4 - speculative,0.01223943038724015,81.70314862385425,0.009783594161874024,102.21192574574786,0.00430194962784716,232.4527450360765,Top 5: DG anchor + total SG overlay,Tier 3 - semi-core,0.03157922372031332,31.666389549555348,0.02530413055905036,39.519239661934826,0.017426665618864544,57.38332403173501,Top 10: DG anchor + putting overlay,Tier 2 - current-price / early value,0.08080176341423538,12.375967525280808,0.0665726968133078,15.021173061447938,0.08025803573409382,12.45981154227523,0.06612471874365232,15.122937669901175,0.04792095890299165,20.867695949581073,Top 20: DG anchor + OTT overlay,Tier 3 - experimental,-0.371,-0.303,-0.083,-0.05,-0.807,0.016,-7.283,0.0646694395329758,0.320490898714663,0.0406035899902375,2.82809690632325
"Dantorp, Jens",14018,-0.2655,-0.22585485329179142,0.4273504273504274,0.40385,0.4156002136752137,2.476166893648632,2.4061585319142478,0.45163581501195954,2.2141733820944194,Make Cut: DG anchor + putting overlay,Tier 2 - candidate,0.59615,0.5843997863247863,1.6774301769688837,1.7111573676110818,0.5726495726495726,0.5726495726495726,1.746268656716418,0.5839437810526368,1.7124936208711157,Miss Cut: DataGolf core; ARG weakness tag,Tier 1 - core,0.0013422677562219393,745.0078386853937,0.0012128005447776197,824.5378882010323,0.0007708466367604205,1297.2749082782864,Winner: DG anchor + total SG overlay,Tier 4 - speculative,0.012191017765079835,82.02760583816206,0.010659583257239268,93.81229789831302,0.00572897659897793,174.55124536176385,Top 5: DG anchor + total SG overlay,Tier 3 - semi-core,0.03038679252024214,32.909034388339954,0.02724283950206432,36.70689319754005,0.027010309882949085,37.02289993463845,Top 10: DG anchor + putting overlay,Tier 2 - current-price / early value,0.07974465046103929,12.540026123615256,0.07268954823899265,13.757135987585803,0.07947527492914673,12.582529609259149,0.0724440046745441,13.80376477656801,0.05888771520877191,16.981470523261873,Top 20: DG anchor + OTT overlay,Tier 3 - experimental,-0.319,-0.391,-0.105,0.182,-0.634,0.024,-10.68,0.0985233787759881,0.0686423638172915,0.131803453198726,2.74425626274583
"Gumberg, Jordan",23892,-0.3203500000000001,-0.308531240142192,0.303951367781155,0.37975,0.3418506838905775,2.633311389071758,2.9252537646526653,0.25021679207403263,3.9965343321327773,Make Cut: DG anchor + putting overlay,Tier 2 - candidate,0.62025,0.6581493161094225,1.6122531237404274,1.5194120475751465,0.696048632218845,0.696048632218845,1.4366812227074235,0.7430386324917785,1.3458250436407353,Miss Cut: DataGolf core; ARG weakness tag,Tier 1 - core,0.002213489681946426,451.7753157632309,0.001348411507639863,741.6133682738359,0.0002987796678746641,3346.9479603929835,Winner: DG anchor + total SG overlay,Tier 4 - speculative,0.014432010539602289,69.29041502955815,0.009246220216891043,108.15230186419255,0.001992525425743084,501.8756534196115,Top 5: DG anchor + total SG overlay,Tier 3 - semi-core,0.033921724928035135,29.479632952672596,0.022478316167721266,44.487318024114025,0.005989068739874853,166.97086699674378,Top 10: DG anchor + putting overlay,Tier 2 - current-price / early value,0.07914076877624644,12.635712483755189,0.05547546592695477,18.025986502154165,0.07881528236414034,12.687894657026359,0.05524730905352927,18.100429091145365,0.033405518669581004,29.935173582878626,Top 20: DG anchor + OTT overlay,Tier 3 - experimental,-0.517,0.262,-0.375,-0.64,-1.27,0.065,-2.331,0.21489525050976538,0.0095609374479316,-0.0507440603278251,2.9548871848908
"Smylie, Elvis",24200,-0.2065,-0.2594996557275353,0.4273504273504274,0.388,0.4076752136752137,2.5773195876288657,2.452933037024613,0.454848883259296,2.198532384721563,Make Cut: DG anchor + putting overlay,Tier 2 - candidate,0.612,0.5923247863247862,1.6339869281045751,1.6882629649937955,0.5726495726495726,0.5726495726495726,1.746268656716418,0.5820920986578001,1.7179412026135048,Miss Cut: DataGolf core; ARG weakness tag,Tier 1 - core,0.0017042608449159159,586.7646393350882,0.0013271304224579579,753.505445341171,0.0006982919448802164,1432.0657818436357,Winner: DG anchor + total SG overlay,Tier 4 - speculative,0.01204586551390429,83.01603557218209,0.010368987651131995,96.44143031560354,0.005771909546913693,173.2528882984162,Top 5: DG anchor + total SG overlay,Tier 3 - semi-core,0.03157922372031332,31.666389549555348,0.02792811895491376,35.80620669850222,0.027902139049055842,35.83954614525649,Top 10: DG anchor + putting overlay,Tier 2 - current-price / early value,0.07893950465191918,12.667928490423938,0.07228111987045213,13.83487142689928,0.07889137380039073,12.675657069050143,0.07223704875720997,13.84331194593813,0.05903114719613203,16.940209491058717,Top 20: DG anchor + OTT overlay,Tier 3 - experimental,-0.224,-0.38,-0.094,0.211,-0.487,-0.008,-4.054,-0.0280912271640327,0.0461366814515158,-0.262486835418539,2.79700817444949
"Law, David",14784,-0.27915,-0.2582393785405961,0.47393364928909953,0.39285,0.43339182464454973,2.545500827287769,2.3073808575419235,0.4684248009217886,2.1348143779581106,Make Cut: DG anchor + putting overlay,Tier 2 - candidate,0.6071500000000001,0.5666081753554503,1.6470394465947458,1.7648880540289946,0.5260663507109005,0.5260663507109005,1.900900900900901,0.538458105226809,1.8571546983748728,Miss Cut: DataGolf core; ARG weakness tag,Tier 1 - core,0.0012086685007994954,827.3567147141935,0.0012960009170663977,771.6043922743361,0.0009897847753266723,1010.3206524569508,Winner: DG anchor + total SG overlay,Tier 4 - speculative,0.012142619379863058,82.35455371831624,0.01248537083711768,80.09373634518779,0.008132124272985515,122.96909963881723,Top 5: DG anchor + total SG overlay,Tier 3 - semi-core,0.031927501162267655,31.320960413332106,0.03221580695069018,31.04066278800992,0.02880750844544463,34.713172154189934,Top 10: DG anchor + putting overlay,Tier 2 - current-price / early value,0.07888919095456277,12.676007801575283,0.08133900104856194,12.294225243840511,0.07927771025081028,12.613886007003831,0.08173958534994061,12.23397446560116,0.08457254734201591,11.82416790588022,Top 20: DG anchor + OTT overlay,Tier 3 - experimental,-0.522,0.111,-0.11,-0.088,-0.609,-0.012,1.533,-0.038383562769864,0.170914268255338,0.0810163216181172,2.79760321422526
"Del Rey, Alejandro",22259,-0.26545,-0.2910002591900275,0.47846889952153115,0.38685,0.4326594497607656,2.5849812588858727,2.3112866263592284,0.4845576449051561,2.0637379484451905,Make Cut: DG anchor + putting overlay,Tier 2 - candidate,0.61315,0.5673405502392344,1.6309222865530457,1.7626097756952561,0.5215311004784688,0.5215311004784688,1.9174311926605507,0.5149423951645028,1.941964789441237,Miss Cut: DataGolf core; ARG weakness tag,Tier 1 - core,0.0020734306395512312,482.29247746451637,0.001961715319775616,509.75796025000284,0.001366804210735443,731.6336839948167,Winner: DG anchor + total SG overlay,Tier 4 - speculative,0.012967296301817597,77.11707797251708,0.013869901457787099,72.09856559136269,0.009900090584359247,101.00917678267102,Top 5: DG anchor + total SG overlay,Tier 3 - semi-core,0.03143002835144098,31.81670690265708,0.03401491917812549,29.3988645030527,0.03548368883119038,28.181962838119407,Top 10: DG anchor + putting overlay,Tier 2 - current-price / early value,0.07858732841694142,12.724697736186506,0.08571756287924437,11.666220625156619,0.07835599354732237,12.762265587201819,0.08546523897878641,11.700663473815514,0.09157548836897804,10.919952683962517,Top 20: DG anchor + OTT overlay,Tier 3 - experimental,-0.491,0.012,-0.0,0.016,-0.464,-0.084,11.191,-0.2913211395944492,0.0330410243731997,0.0096490177537876,2.86440375599666
"Harrington, Padraig",5716,-0.27655,-0.27807554191502226,0.30864197530864196,0.38435,0.346495987654321,2.601795238714713,2.886036305267818,0.2613109682208421,3.8268581177766277,Make Cut: DG anchor + putting overlay,Tier 2 - candidate,0.61565,0.653504012345679,1.6242995208316413,1.5302124870061817,0.691358024691358,0.691358024691358,1.4464285714285716,0.680000317344051,1.47058754899675,Miss Cut: DataGolf core; ARG weakness tag,Tier 1 - core,0.002260358267644512,442.40774319466004,0.001321845800488906,756.5178931083594,0.0002369586419714814,4220.145725347095,Winner: DG anchor + total SG overlay,Tier 4 - speculative,0.013356743800322446,74.86854692652403,0.008503649677938974,117.59656593030883,0.0017911642010682459,558.2961067464404,Top 5: DG anchor + total SG overlay,Tier 3 - semi-core,0.032525047691033274,30.74553524100402,0.021340152397520185,46.86002149245214,0.005920838495153851,168.8949970208595,Top 10: DG anchor + putting overlay,Tier 2 - current-price / early value,0.07853702127368253,12.732848582520615,0.055037066502272115,18.16957304508075,0.07874966140205021,12.69846729746022,0.05518608016100564,18.120511496422566,0.02664769832580118,37.52669321656824,Top 20: DG anchor + OTT overlay,Tier 3 - experimental,-0.124,-0.625,0.038,-0.559,-1.27,-0.047,-4.955,-0.1432518842050185,0.154862492653546,0.0252826093640115,2.87405458480582
"Lindberg, Mikael",20084,-0.25565,-0.29357660127422297,0.47846889952153115,0.37655,0.42750944976076555,2.655689815429558,2.3391295807837706,0.4894723145831016,2.0430164693824007,Make Cut: DG anchor + putting overlay,Tier 2 - candidate,0.6234500000000001,0.5724905502392345,1.6039778651054615,1.7467537229778138,0.5215311004784688,0.5215311004784688,1.9174311926605507,0.5261748630078574,1.9005088807997026,Miss Cut: DataGolf core; ARG weakness tag,Tier 1 - core,0.002260358267644512,442.40774319466004,0.002396845800488906,417.214991384102,0.0018791534389564432,532.154521961407,Winner: DG anchor + total SG overlay,Tier 4 - speculative,0.014383002335469606,69.52651307953431,0.01669709971270835,59.89064072240574,0.012831416912420622,77.93371588074695,Top 5: DG anchor + total SG overlay,Tier 3 - semi-core,0.033123216298323904,30.19030492067891,0.038760513873067656,25.79945155719,0.044670380916273,22.386198180721344,Top 10: DG anchor + putting overlay,Tier 2 - current-price / early value,0.07768194390198001,12.873004327257977,0.09036305297182101,11.066469835983098,0.07751493044414295,12.900740467290973,0.0901687755737608,11.090313621725624,0.10229628064391187,9.77552647765317,Top 20: DG anchor + OTT overlay,Tier 3 - experimental,-0.483,0.042,-0.065,0.06,-0.446,-0.07,14.773,-0.2522089597393074,0.0574003827788196,-0.077878622196166,2.89176527354283
"Ritchie, JC",18174,-0.2733,-0.27514778358543535,0.4366812227074236,0.387,0.4118406113537118,2.5839793281653747,2.4281238237118483,0.4423586899232264,2.2606089193671206,Make Cut: DG anchor + putting overlay,Tier 2 - candidate,0.613,0.5881593886462881,1.6313213703099512,1.7002193951228206,0.5633187772925764,0.5633187772925764,1.7751937984496124,0.5660229710414421,1.7667127504738387,Miss Cut: DataGolf core; ARG weakness tag,Tier 1 - core,0.0015222841318482633,656.9075897716032,0.0014028087325907816,712.8555566895759,0.000933985367179958,1070.6805857348324,Winner: DG anchor + total SG overlay,Tier 4 - speculative,0.011562967180784096,86.48299215636008,0.010897951844360298,91.7603614221787,0.006679508614643788,149.71161169066463,Top 5: DG anchor + total SG overlay,Tier 3 - semi-core,0.03083364934843236,32.432100031352334,0.02866291895031048,34.88828202506458,0.0256303270889009,39.01627929021029,Top 10: DG anchor + putting overlay,Tier 2 - current-price / early value,0.07727964920678579,12.940017330101853,0.07479909727516554,13.369145302934232,0.07721293736805057,12.95119748175496,0.07473452677871299,13.380696220382504,0.07114956981239036,14.054898752541083,Top 20: DG anchor + OTT overlay,Tier 3 - experimental,-0.489,-0.001,-0.054,0.013,-0.532,0.017,-3.96,0.0654314786833328,-0.0769341294051106,-0.0227211249175655,2.81217135293586
"Kinhult, Marcus",18514,-0.2912,-0.28430092773062055,0.3623188405797102,0.37765,0.3699844202898551,2.647954455183371,2.702816511075182,0.3464196046933387,2.8866726549302277,Make Cut: DG anchor + putting overlay,Tier 2 - candidate,0.62235,0.6300155797101449,1.606812886639351,1.5872623347823813,0.6376811594202898,0.6376811594202898,1.5681818181818183,0.6378231027686271,1.5678328296031543,Miss Cut: DataGolf core; ARG weakness tag,Tier 1 - core,0.002260358267644512,442.40774319466004,0.001380179133822256,724.5436302392203,0.0003431656452514776,2914.044613257201,Winner: DG anchor + total SG overlay,Tier 4 - speculative,0.014187093544632018,70.48660085690143,0.009819863210507408,101.83441241116111,0.003212411203557443,311.2926511066186,Top 5: DG anchor + total SG overlay,Tier 3 - semi-core,0.03172845899831543,31.517446216127084,0.023886711161014366,41.8642814935572,0.012943038570819356,77.26161013338425,Top 10: DG anchor + putting overlay,Tier 2 - current-price / early value,0.07486717240412942,13.356989023200285,0.060160410905139405,16.62222689231286,0.07535458287053758,13.270593000535126,0.06055207540904636,16.514710573414995,0.04325999572699867,23.116044816802823,Top 20: DG anchor + OTT overlay,Tier 3 - experimental,-0.423,-0.141,-0.039,-0.194,-0.797,0.043,-9.852,0.15323841420273632,0.186612985820211,-0.0887770922095237,2.85495095439841
"Schott, Freddy",27588,-0.29590000000000005,-0.324956225423541,0.42194092827004215,0.37385,0.3978954641350211,2.6748696001069945,2.5132229194265503,0.4098369146616096,2.4399949448811142,Make Cut: DG anchor + putting overlay,Tier 2 - candidate,0.62615,0.6021045358649789,1.5970614070110996,1.6608411669967034,0.5780590717299579,0.5780590717299579,1.7299270072992698,0.6067879761036163,1.6480221088448825,Miss Cut: DataGolf core; ARG weakness tag,Tier 1 - core,0.0021200242499844328,471.6927176693111,0.0018516787916588663,540.0504690687354,0.0010930725980300652,914.8523179541775,Winner: DG anchor + total SG overlay,Tier 4 - speculative,0.013747034357106168,72.74296215627601,0.012507515194426083,79.95193165510968,0.006711792369974317,148.99149807934637,Top 5: DG anchor + total SG overlay,Tier 3 - semi-core,0.03187773401893924,31.36985832825755,0.02999405730528492,33.33993763570629,0.02359964697382841,42.3735152101632,Top 10: DG anchor + putting overlay,Tier 2 - current-price / early value,0.07471646701227445,13.383930477276442,0.07227496503849377,13.836049584630006,0.07448453754065623,13.425605273499423,0.0720506143013283,13.879132186407526,0.07053832812205206,14.176689845408667,Top 20: DG anchor + OTT overlay,Tier 3 - experimental,-0.523,0.111,-0.21,-0.15,-0.771,-0.047,9.786,-0.1693726568474407,-0.012340844601274,-0.0575095875436661,2.97332762669193
"Langasque, Romain",16652,-0.2864,-0.26817778109063084,0.5555555555555556,0.38705,0.4713027777777778,2.58364552383413,2.1217782859567746,0.5863804825741132,1.7053773611464105,Make Cut: DG anchor + putting overlay,Tier 2 - candidate,0.61295,0.5286972222222222,1.6314544416347174,1.891441751475062,0.4444444444444444,0.4444444444444444,2.25,0.4108815087737714,2.4337916860371376,Miss Cut: DataGolf core; ARG weakness tag,Tier 1 - core,0.0015676018962878754,637.9170645098271,0.0025754676148105875,388.2790038785034,0.0028118004949684835,355.64400880838764,Winner: DG anchor + total SG overlay,Tier 4 - speculative,0.0109854602584359,91.02941310375093,0.0173615495736624,57.59854532322434,0.01764707025085326,56.66662997228385,Top 5: DG anchor + total SG overlay,Tier 3 - semi-core,0.028652594615826043,34.90085325283797,0.04163090508439582,24.020616365960826,0.06397728489025604,15.630547650081715,Top 10: DG anchor + putting overlay,Tier 2 - current-price / early value,0.07260752886833693,13.772676409540844,0.10085287957828347,9.915433294334303,0.07261836065989594,13.770622070132436,0.10086792508922074,9.913954303268058,0.12687171383734294,7.881977548455437,Top 20: DG anchor + OTT overlay,Tier 3 - experimental,-0.594,-0.0,0.16,0.243,-0.191,-0.022,-0.597,-0.06686159783640791,0.140223976855003,0.089485899251299,2.75239534181665
"Aphibarnrat, Kiradech",12321,-0.34075,-0.3232636158815202,0.4115226337448559,0.37255,0.39203631687242796,2.6842034626224667,2.5507840905601835,0.39929643417489774,2.5044050344861963,Make Cut: DG anchor + putting overlay,Tier 2 - candidate,0.6274500000000001,0.6079636831275721,1.5937524902382658,1.6448350908982912,0.5884773662551441,0.5884773662551441,1.699300699300699,0.5807236384222435,1.721989486628924,Miss Cut: DataGolf core; ARG weakness tag,Tier 1 - core,0.0015222841318482633,656.9075897716032,0.0013444753992574317,743.7845278182931,0.0008004206984561862,1249.3430041586294,Winner: DG anchor + total SG overlay,Tier 4 - speculative,0.010745487988444588,93.06231611587798,0.010002211586814844,99.97788902188633,0.005454282940715154,183.34215713951983,Top 5: DG anchor + total SG overlay,Tier 3 - semi-core,0.026973615040324986,37.073265800858394,0.025380766755371743,39.399912919823585,0.019927682205530005,50.18145059150413,Top 10: DG anchor + putting overlay,Tier 2 - current-price / early value,0.07024964287028614,14.23494781100126,0.06718620236902402,14.884008393679455,0.07049091843221983,14.186224583831246,0.06741695640660268,14.833063568886685,0.06144830203792125,16.273842674820788,Top 20: DG anchor + OTT overlay,Tier 3 - experimental,-0.542,-0.113,0.008,-0.152,-0.799,0.015,-5.704,0.0578183456433119,0.282898002806066,-0.0122017529307732,2.82245735175172
"Syme, Connor",22089,-0.34854999999999997,-0.33122647096285535,0.3048780487804878,0.3725,0.3386890243902439,2.684563758389262,2.952560986587452,0.26647070369620196,3.7527577558397582,Make Cut: DG anchor + putting overlay,Tier 2 - candidate,0.6275,0.6613109756097562,1.5936254980079683,1.5121478954405052,0.6951219512195121,0.6951219512195121,1.4385964912280702,0.7270871615835323,1.3753509246705546,Miss Cut: DataGolf core; ARG weakness tag,Tier 1 - core,0.0016130390881719245,619.9477789055387,0.0009898528774192623,1010.2511421770002,0.00021756835536169213,4596.256649261195,Winner: DG anchor + total SG overlay,Tier 4 - speculative,0.011514758402336017,86.84507004481557,0.007298946661485459,137.00607037954202,0.0014081505128554135,710.151358729561,Top 5: DG anchor + total SG overlay,Tier 3 - semi-core,0.028009955718089383,35.701591607807515,0.01842211740930924,54.282576632296916,0.0056217458375388725,177.88068491509517,Top 10: DG anchor + putting overlay,Tier 2 - current-price / early value,0.06989866365223706,14.306425155354107,0.04826359799975968,20.719549338302116,0.06972269808572777,14.342531592372497,0.048142097374138895,20.77184116488416,0.023635991098103395,42.30835913964455,Top 20: DG anchor + OTT overlay,Tier 3 - experimental,-0.31,-0.423,-0.263,-0.46,-1.455,-0.02,-4.184,-0.0561581391935428,0.156458958859848,0.0755819750675328,2.91214044550714
"Celli, Filippo",23549,-0.28975000000000006,-0.3099686687909664,0.3846153846153846,0.37455,0.37958269230769226,2.669870511280203,2.6344720669966515,0.38679222191378876,2.5853673971315994,Make Cut: DG anchor + putting overlay,Tier 2 - candidate,0.6254500000000001,0.6204173076923077,1.5988488288432328,1.6118183480721722,0.6153846153846154,0.6153846153846154,1.625,0.6375597460225221,1.5684804541669959,Miss Cut: DataGolf core; ARG weakness tag,Tier 1 - core,0.0013870771984967963,720.9404069821927,0.0010852052659150481,921.4846549392637,0.0005306743035228651,1884.3949921100957,Winner: DG anchor + total SG overlay,Tier 4 - speculative,0.011514758402336017,86.84507004481557,0.009065781978945758,110.30488073972941,0.0038114803649504482,262.3652503095082,Top 5: DG anchor + total SG overlay,Tier 3 - semi-core,0.027417490040587078,36.47306877907732,0.02243338847868699,44.576413453993254,0.016435289030427343,60.84468597714697,Top 10: DG anchor + putting overlay,Tier 2 - current-price / early value,0.06934722866916544,14.420186922979953,0.05992399656808997,16.687805508161123,0.06990997699649018,14.304109984905372,0.06041027596933589,16.553475115849455,0.04610706685676792,21.688649228251936,Top 20: DG anchor + OTT overlay,Tier 3 - experimental,-0.349,-0.314,-0.175,-0.018,-0.856,-0.02,-2.313,-0.0655275309247567,-0.06,-0.0533295784924533,2.83619600243056
"Meronk, Adrian",14196,-0.2973,-0.28663830726227363,0.48780487804878053,0.38125,0.4345274390243903,2.6229508196721314,2.3013506402385544,0.5314140200633528,1.88177195603681,Make Cut: DG anchor + putting overlay,Tier 2 - candidate,0.61875,0.5654725609756097,1.6161616161616161,1.768432403288853,0.5121951219512195,0.5121951219512195,1.9523809523809523,0.5332479781168696,1.875300124965189,Miss Cut: DataGolf core; ARG weakness tag,Tier 1 - core,0.0009455972265899849,1057.5327125336466,0.0014894652799616426,671.3818800970994,0.0014851122447124532,673.3497778099726,Winner: DG anchor + total SG overlay,Tier 4 - speculative,0.009884925661048656,101.16413964957563,0.012865174470735978,77.72922180532177,0.010411224539339412,96.05018086214953,Top 5: DG anchor + total SG overlay,Tier 3 - semi-core,0.025841159031124772,38.6979546387813,0.03289418882292169,30.400506465846306,0.0515372521950203,19.403440373885967,Top 10: DG anchor + putting overlay,Tier 2 - current-price / early value,0.06914673846476951,14.461998095680293,0.08417405657744712,11.880145031146467,0.06954028515922325,14.380153859167317,0.0846531308253481,11.812912177615114,0.09230055883404448,10.834170590429364,Top 20: DG anchor + OTT overlay,Tier 3 - experimental,-0.465,-0.243,-0.16,0.352,-0.516,-0.055,3.165,-0.18058940060639259,0.066841920477885,0.126892683872357,2.79899637278191
"Von Dellingshausen, Nicolai",22231,-0.31325000000000003,-0.31960541400732595,0.38910505836575876,0.37065,0.37987752918287937,2.697963037906381,2.6324273566562644,0.36294530712649037,2.7552360655030848,Make Cut: DG anchor + putting overlay,Tier 2 - candidate,0.6293500000000001,0.6201224708171207,1.588940970842933,1.6125846861867845,0.6108949416342413,0.6108949416342413,1.6369426751592355,0.6021182192120152,1.6608034238005416,Miss Cut: DataGolf core; ARG weakness tag,Tier 1 - core,0.0015222841318482633,656.9075897716032,0.0011778087325907817,849.0342891246336,0.0005634281881840372,1774.8490774362213,Winner: DG anchor + total SG overlay,Tier 4 - speculative,0.011418385737466634,87.57805376277884,0.009046811916352367,110.53617663836603,0.0038318789809881,260.9685757200341,Top 5: DG anchor + total SG overlay,Tier 3 - semi-core,0.027417490040587078,36.47306877907732,0.022980646775945288,43.51487622388147,0.013775273398241177,72.59384050611146,Top 10: DG anchor + putting overlay,Tier 2 - current-price / early value,0.06849526246533073,14.599549866768605,0.05957284997225912,16.786170217904015,0.06841224214185675,14.617266861776612,0.05950064414229434,16.806540742794724,0.048290211354572565,20.7081305289278,Top 20: DG anchor + OTT overlay,Tier 3 - experimental,-0.459,-0.134,0.015,-0.288,-0.865,-0.016,0.53,-0.053614357265733596,0.017998999208004,-0.0094696412057639,2.8702443622029
"Katsuragawa, Yuto",20448,-0.35045000000000004,-0.34416621051698887,0.41841004184100417,0.3701,0.3942550209205021,2.7019724398811134,2.5364293336460535,0.40579697597690656,2.464286476242516,Make Cut: DG anchor + putting overlay,Tier 2 - candidate,0.6299,0.605744979079498,1.5875535799333227,1.6508597421964928,0.5815899581589958,0.5815899581589958,1.7194244604316546,0.5741390823203398,1.7417382491339475,Miss Cut: DataGolf core; ARG weakness tag,Tier 1 - core,0.0017042608449159159,586.7646393350882,0.001535463755791258,651.2690359693174,0.0009287878316481288,1076.6721590500445,Winner: DG anchor + total SG overlay,Tier 4 - speculative,0.010458045114581982,95.62016505414272,0.01033976029177874,96.71404092366738,0.0059237010128874645,168.8133816721039,Top 5: DG anchor + total SG overlay,Tier 3 - semi-core,0.025644493221434795,38.994726523359645,0.025344600206196,39.45613629192422,0.020928131540504047,47.7825742859372,Top 10: DG anchor + putting overlay,Tier 2 - current-price / early value,0.0660413344501216,15.142032006564923,0.06506378017692374,15.369534282833929,0.06657364211364686,15.020959771029428,0.06558820853825942,15.246642990967992,0.06084852312863412,16.43425260931961,Top 20: DG anchor + OTT overlay,Tier 3 - experimental,-0.541,-0.152,0.006,-0.155,-0.842,0.002,-3.564,0.014324184306542798,0.0360055282054969,0.0152554732104102,2.85958403026684
"Soderberg, Sebastian",18517,-0.33705,-0.34024586248784583,0.33783783783783783,0.36605,0.3519439189189189,2.7318672312525614,2.841361780228346,0.32462237633390906,3.0805023710731274,Make Cut: DG anchor + putting overlay,Tier 2 - candidate,0.63395,0.6480560810810811,1.5774114677813706,1.5430763311900557,0.6621621621621622,0.6621621621621622,1.510204081632653,0.6739672025446948,1.4837517259360764,Miss Cut: DataGolf core; ARG weakness tag,Tier 1 - core,0.0017042608449159159,586.7646393350882,0.001160463755791258,861.7244571487316,0.000393371427566631,2542.126677033795,Winner: DG anchor + total SG overlay,Tier 4 - speculative,0.00950420070654551,105.21663324210982,0.007169808686606055,139.47373545239827,0.002507063914892884,398.8729581482272,Top 5: DG anchor + total SG overlay,Tier 3 - semi-core,0.025546192280682466,39.14477699896515,0.019616561748806834,50.97733297022983,0.011254105843630647,88.85645949082291,Top 10: DG anchor + putting overlay,Tier 2 - current-price / early value,0.06594122985532173,15.165018944809622,0.053111175825096765,18.82842894107924,0.06622582541991272,15.099849547504785,0.05334039819633852,18.747516588067835,0.03500874324746752,28.564293009071054,Top 20: DG anchor + OTT overlay,Tier 3 - experimental,-0.327,-0.514,-0.115,-0.172,-1.128,-0.034,-3.973,-0.10238579657123101,0.0219678568190967,0.0297216216416125,2.87143391199612
"Scrivener, Jason",12734,-0.33535,-0.3270458609184475,0.3921568627450981,0.36655,0.37935343137254907,2.7281407720638384,2.6360642010851794,0.40249297744995577,2.484515397847744,Make Cut: DG anchor + putting overlay,Tier 2 - candidate,0.6334500000000001,0.6206465686274509,1.5786565632646616,1.6112229577156651,0.6078431372549019,0.6078431372549019,1.6451612903225807,0.614570769225255,1.6271519084134571,Miss Cut: DataGolf core; ARG weakness tag,Tier 1 - core,0.0010764006824955004,929.022079103132,0.0008882003412477501,1125.8721186654725,0.0004741102394435371,2109.2140958054383,Winner: DG anchor + total SG overlay,Tier 4 - speculative,0.009884925661048656,101.16413964957563,0.007882571957508428,126.86214669407042,0.003385401575276271,295.3859321455516,Top 5: DG anchor + total SG overlay,Tier 3 - semi-core,0.025841159031124772,38.6979546387813,0.021243973066455937,47.07217415837304,0.01676227889076464,59.657759336706945,Top 10: DG anchor + putting overlay,Tier 2 - current-price / early value,0.06499045785417493,15.386874212269623,0.056976426641410165,17.551118224623888,0.06519700341586569,15.338128251407486,0.05715750288602115,17.49551589043557,0.043569748017231805,22.951704921600665,Top 20: DG anchor + OTT overlay,Tier 3 - experimental,-0.415,-0.42,-0.079,0.058,-0.857,0.015,-9.462,0.0664217151447095,0.0485450976345433,-0.0038264365732282,2.77134642841155
"Gouveia, Ricardo",18722,-0.34335000000000004,-0.3509028022521066,0.3861003861003861,0.35995,0.37302519305019305,2.7781636338380333,2.6807840827668796,0.3800302477585065,2.631369492029115,Make Cut: DG anchor + putting overlay,Tier 2 - candidate,0.64005,0.6269748069498069,1.5623779392234982,1.594960417731834,0.6138996138996139,0.6138996138996139,1.628930817610063,0.6507237798021093,1.5367503555872948,Miss Cut: DataGolf core; ARG weakness tag,Tier 1 - core,0.0014320186453618837,698.3149299339543,0.0010826759893475919,923.6373668936618,0.0004869029718300699,2053.7972817077034,Winner: DG anchor + total SG overlay,Tier 4 - speculative,0.009029883469281092,110.74340033311795,0.008051548877497646,124.19970557401517,0.003934458035895133,254.16461196859322,Top 5: DG anchor + total SG overlay,Tier 3 - semi-core,0.023438025203552117,42.665710584202564,0.02095145518234366,47.72938162513534,0.016240447191970795,61.574659132194064,Top 10: DG anchor + putting overlay,Tier 2 - current-price / early value,0.06329009081747052,15.800261732662284,0.05649521170077656,17.700615147641873,0.06313174986974322,15.839890420640218,0.05635387037471409,17.745010118217163,0.04836197455374831,20.67740221997397,Top 20: DG anchor + OTT overlay,Tier 3 - experimental,-0.536,-0.049,-0.267,-0.096,-0.947,0.002,-1.889,0.0102903459478426,0.02132882159509,-0.0482413896332267,2.87629603163679
"Lemke, Niklas",10418,-0.3423,-0.36585217010449184,0.33670033670033667,0.3601,0.3484001683501683,2.7770063871146906,2.8702626773558992,0.3071016898533805,3.256250398613664,Make Cut: DG anchor + putting overlay,Tier 2 - candidate,0.6399,0.6515998316498317,1.562744178777934,1.5346842516334438,0.6632996632996633,0.6632996632996633,1.5076142131979695,0.6643639043868051,1.5051991738217332,Miss Cut: DataGolf core; ARG weakness tag,Tier 1 - core,0.0017042608449159159,586.7646393350882,0.001143797089124608,874.2809450278794,0.0003694822247045926,2706.490145228278,Winner: DG anchor + total SG overlay,Tier 4 - speculative,0.010458045114581982,95.62016505414272,0.007672319514962941,130.33868024523093,0.002502546643246821,399.59295172320674,Top 5: DG anchor + total SG overlay,Tier 3 - semi-core,0.023633695762807116,42.31246818255665,0.01902223313272631,52.570063305531455,0.010197529443905283,98.06296765317663,Top 10: DG anchor + putting overlay,Tier 2 - current-price / early value,0.062340462681520444,16.040946072356142,0.05185059790706427,19.28618068768224,0.062276598681552386,16.05739589461909,0.05179748013346035,19.305958464068524,0.036899487602200166,27.10064732553018,Top 20: DG anchor + OTT overlay,Tier 3 - experimental,-0.367,-0.407,-0.045,-0.342,-1.16,-0.061,1.396,-0.1988873566021139,-0.06,-0.0033171722214024,2.87869966444594
"Schmidt, Ben",27258,-0.3691,-0.39217248568827845,0.33222591362126247,0.34225,0.33723795681063123,2.9218407596785974,2.965265266867717,0.3298051494118664,3.0320933490070607,Make Cut: DG anchor + putting overlay,Tier 2 - candidate,0.6577500000000001,0.6627620431893688,1.5203344735841884,1.5088371615063558,0.6677740863787376,0.6677740863787376,1.4975124378109452,0.7190419509127506,1.3907394397929103,Miss Cut: DataGolf core; ARG weakness tag,Tier 1 - core,0.0012530594817467796,798.0467125199741,0.0009681964075400399,1032.8482859596284,0.00043551752299336987,2296.118863661023,Winner: DG anchor + total SG overlay,Tier 4 - speculative,0.00884066688606871,113.11363869798316,0.006884857252558155,145.2462939051405,0.0025517341304562347,391.8903572533264,Top 5: DG anchor + total SG overlay,Tier 3 - semi-core,0.022656274132502343,44.13788402063053,0.01826692404316317,54.74375421045634,0.012563445797428626,79.59599747743339,Top 10: DG anchor + putting overlay,Tier 2 - current-price / early value,0.05794777626390849,17.256917598455424,0.0482539556570218,20.72368962055202,0.0587070267326781,17.033736090119003,0.048886194559265926,20.455672793014717,0.03643801627918042,27.443865010054616,Top 20: DG anchor + OTT overlay,Tier 3 - experimental,-0.512,-0.17,-0.387,-0.063,-1.132,-0.005,-1.456,-0.0126425567453306,-0.0178473250807368,-0.104579318798543,2.89948414906039
"Robinson Thompson, Brandon",24497,-0.37765000000000004,-0.3827913148861742,0.3597122302158274,0.3498,0.3547561151079137,2.858776443682104,2.818837949264972,0.35627494533348975,2.806821004670856,Make Cut: DG anchor + putting overlay,Tier 2 - candidate,0.6502,0.6452438848920863,1.5379883112888342,1.5498015919472756,0.6402877697841727,0.6402877697841727,1.5617977528089888,0.6410668283029696,1.5598997730816886,Miss Cut: DataGolf core; ARG weakness tag,Tier 1 - core,0.0012086685007994954,827.3567147141935,0.0009126675837330477,1095.6891839082746,0.000411158619860848,2432.1513685848026,Winner: DG anchor + total SG overlay,Tier 4 - speculative,0.009599277814843443,104.1745034666766,0.007577982161389971,131.9612501986383,0.0031125784280196037,321.2770451012397,Top 5: DG anchor + total SG overlay,Tier 3 - semi-core,0.021291906055231322,46.96620384318785,0.018397224950137563,54.35602394982525,0.01392423073279725,71.81725290177731,Top 10: DG anchor + putting overlay,Tier 2 - current-price / early value,0.05774833360885761,17.316516988580553,0.0512200225921596,19.523614973045188,0.058413116347663066,17.11944273009168,0.05180965323208634,19.30142237239851,0.04122741334476684,24.255705582046517,Top 20: DG anchor + OTT overlay,Tier 3 - experimental,-0.543,-0.27,-0.043,-0.072,-0.928,0.014,-3.574,0.050821948873350904,0.0511583669275236,-0.0639071405994271,2.85951390597029
"Sterne, Richard",7049,-0.38375000000000004,-0.37529199497558263,0.3125,0.35245,0.33247499999999997,2.8372818839551712,3.0077449432288144,0.28067463115895636,3.5628442651579126,Make Cut: DG anchor + putting overlay,Tier 2 - candidate,0.6475500000000001,0.667525,1.54428229480349,1.4980712332871426,0.6875,0.6875,1.4545454545454546,0.703176286131153,1.4221184925077022,Miss Cut: DataGolf core; ARG weakness tag,Tier 1 - core,0.0008592880512386343,1163.7541084838015,0.000571310692285967,1750.3610793607454,0.00017545017399581958,5699.623871697197,Winner: DG anchor + total SG overlay,Tier 4 - speculative,0.008227810796724104,121.53901258864013,0.005933111747568402,168.54562033318103,0.0017907235406995573,558.4334919779653,Top 5: DG anchor + total SG overlay,Tier 3 - semi-core,0.02046592868342221,48.86169669935472,0.015300664257536005,65.3566396313462,0.006927261347622598,144.3571925207059,Top 10: DG anchor + putting overlay,Tier 2 - current-price / early value,0.05710028386127256,17.51304778851083,0.04416917759404693,22.64022231047333,0.05723350261641168,17.47228378983135,0.044272227219314876,22.587524116331892,0.02896253618867644,34.527362986635566,Top 20: DG anchor + OTT overlay,Tier 3 - experimental,-0.49,-0.247,-0.145,-0.38,-1.262,0.049,-9.559,0.1750211679996198,0.165622816821596,-0.086626263083122,2.82067079684904
"Mazzoli, Stefano",20844,-0.42335,-0.43191960356643516,0.37593984962406013,0.3192,0.3475699248120301,3.1328320802005014,2.877118900724255,0.3827344190452664,2.6127778173034626,Make Cut: DG anchor + putting overlay,Tier 2 - candidate,0.6808000000000001,0.6524300751879699,1.4688601645123383,1.5327313041353783,0.6240601503759399,0.6240601503759399,1.6024096385542168,0.6212761349273048,1.60959023497178,Miss Cut: DataGolf core; ARG weakness tag,Tier 1 - core,0.000689086242685963,1451.197162349575,0.0006362097880096315,1571.8085745402916,0.0003885023867082641,2573.9867609897706,Winner: DG anchor + total SG overlay,Tier 4 - speculative,0.007384844364617815,135.41246783631473,0.006797491626753307,147.11309037354872,0.0034723998846836776,287.9852647187541,Top 5: DG anchor + total SG overlay,Tier 3 - semi-core,0.019641834383371807,50.91174176921939,0.018681725873744604,53.528245021805255,0.017348959910967913,57.640343002222615,Top 10: DG anchor + putting overlay,Tier 2 - current-price / early value,0.052222045439206506,19.14900099353892,0.050076408768739304,19.96948312763714,0.051871804933968486,19.278295815481552,0.04974055852464868,20.104317877823085,0.04384969462004308,22.805175923458176,Top 20: DG anchor + OTT overlay,Tier 3 - experimental,-0.632,-0.305,-0.021,0.026,-0.933,-0.046,1.027,-0.1491595449460276,-0.06,0.046731754640838,2.85732454635921
"Veerman, Johannes",20522,-0.4157000000000001,-0.4162706475487186,0.3731343283582089,0.3366,0.35486716417910447,2.9708853238265003,2.8179558464172008,0.38741514882117206,2.5812103709491043,Make Cut: DG anchor + putting overlay,Tier 2 - candidate,0.6634,0.6451328358208955,1.507386192342478,1.5500683649554992,0.6268656716417911,0.6268656716417911,1.5952380952380951,0.6478093836890821,1.5436639622373125,Miss Cut: DataGolf core; ARG weakness tag,Tier 1 - core,0.0008592880512386343,1163.7541084838015,0.0007629773589526172,1310.6548815193644,0.000428953133378582,2331.2570119809056,Winner: DG anchor + total SG overlay,Tier 4 - speculative,0.007899191577339025,126.59523322219091,0.006870849095547813,145.54241929836328,0.00307595094494486,325.1027138919233,Top 5: DG anchor + total SG overlay,Tier 3 - semi-core,0.019738686687494403,50.661931861634834,0.018035221770875652,55.4470586890625,0.017018419057964126,58.75986462632256,Top 10: DG anchor + putting overlay,Tier 2 - current-price / early value,0.05112871065030057,19.55848264665992,0.049435385406180386,20.228425282489667,0.051111011442152535,19.56525554443,0.04941827237584862,20.23543017438047,0.041655461512743255,24.006455904805655,Top 20: DG anchor + OTT overlay,Tier 3 - experimental,-0.515,-0.501,-0.169,0.097,-1.089,-0.056,-1.096,-0.1793109088044062,0.152411185291097,0.0486994203358363,2.86720862600061
"Jamieson, Scott",11397,-0.46075,-0.4444974034102683,0.341296928327645,0.3267,0.3339984641638225,3.0609121518212428,2.9940257435121356,0.3405484355448726,2.936439858841267,Make Cut: DG anchor + putting overlay,Tier 2 - candidate,0.6733,0.6660015358361775,1.4852220406950838,1.5014980389564434,0.658703071672355,0.658703071672355,1.5181347150259066,0.6678097052719209,1.4974325651538964,Miss Cut: DataGolf core; ARG weakness tag,Tier 1 - core,0.0009023487966415833,1108.2189101618585,0.0007761743983207916,1288.3702453513567,0.0004220370412974199,2369.4602656814554,Winner: DG anchor + total SG overlay,Tier 4 - speculative,0.0067340629581347155,148.49876014182564,0.005689855553141408,175.7513860695274,0.002484052644173491,402.5679577868713,Top 5: DG anchor + total SG overlay,Tier 3 - semi-core,0.019496606635874655,51.29097686978789,0.015984633284267278,62.560083939131744,0.011462034121522725,87.24454921332502,Top 10: DG anchor + putting overlay,Tier 2 - current-price / early value,0.04983746625901739,20.065225523359427,0.0428824916395172,23.31954048767253,0.050137420427501835,19.945182489912682,0.04314058626365843,23.180028057300618,0.033940253342072305,29.463539647784568,Top 20: DG anchor + OTT overlay,Tier 3 - experimental,-0.734,-0.171,-0.097,-0.046,-1.048,-0.004,-4.289,-0.0057704002814982,0.136761852817346,0.0499577198850711,2.87447246055196
"Schneider, Marcel",12522,-0.44425000000000003,-0.4666168435355681,0.3401360544217687,0.3211,0.33061802721088435,3.114294612270321,3.0246384579693566,0.3400908289745798,2.9403909626588174,Make Cut: DG anchor + putting overlay,Tier 2 - candidate,0.6789000000000001,0.6693819727891157,1.4729709824716453,1.4939153437809167,0.6598639455782314,0.6598639455782314,1.5154639175257731,0.6617089300468738,1.5112384835567543,Miss Cut: DataGolf core; ARG weakness tag,Tier 1 - core,0.000689086242685963,1451.197162349575,0.0005528764546762815,1808.7223493456902,0.00026873806132488736,3721.0955347001,Winner: DG anchor + total SG overlay,Tier 4 - speculative,0.006687751293009032,149.5270915719218,0.005572953027456866,179.4380815831737,0.002356252025911352,424.4028181209604,Top 5: DG anchor + total SG overlay,Tier 3 - semi-core,0.0184335001373953,54.249057018278386,0.015523269428967,64.41941915495988,0.011662911060441703,85.74188680832893,Top 10: DG anchor + putting overlay,Tier 2 - current-price / early value,0.04978782230800796,20.08523276663093,0.043545975501693326,22.964234661848696,0.04935368468287138,20.261911677428586,0.0431662652530384,23.166238592522472,0.033637622105208785,29.728617465060054,Top 20: DG anchor + OTT overlay,Tier 3 - experimental,-0.627,-0.362,-0.05,-0.039,-1.078,-0.01,-3.987,-0.0279336508966637,0.0202532771150863,-0.10293071150828,2.87675913267043
"Premlall, Yurav",25890,-0.43315,-0.436801489440883,0.3164556962025316,0.3284,0.3224278481012658,3.045066991473812,3.1014690756051793,0.32029291827272355,3.1221420860404985,Make Cut: DG anchor + putting overlay,Tier 2 - candidate,0.6716,0.6775721518987342,1.4889815366289458,1.4758575853475364,0.6835443037974684,0.6835443037974684,1.4629629629629628,0.6924452229839608,1.4441575547170222,Miss Cut: DataGolf core; ARG weakness tag,Tier 1 - core,0.000689086242685963,1451.197162349575,0.0004612097880096315,2168.210705838526,0.00014850492413443278,6733.783447441506,Winner: DG anchor + total SG overlay,Tier 4 - speculative,0.006410384912202826,155.99687283932005,0.004804071424355363,208.15677196851533,0.0016508433729800047,605.7509854462203,Top 5: DG anchor + total SG overlay,Tier 3 - semi-core,0.01737385458761272,57.55775121503457,0.01324972431160336,75.47326846070725,0.008742530257548191,114.38336162881593,Top 10: DG anchor + putting overlay,Tier 2 - current-price / early value,0.049688538732505276,20.125365436553267,0.04026699661585489,24.834233591840718,0.049921830278321776,20.0313168492591,0.0404560532902013,24.71817981914232,0.026894611668467634,37.18216913956939,Top 20: DG anchor + OTT overlay,Tier 3 - experimental,-0.544,-0.497,-0.098,0.001,-1.138,-0.009,-6.927,-0.0178668646466148,-0.06,0.0056759851188923,2.83938792705574
"Hoshino, Rikuya",19190,-0.41035000000000005,-0.40388497003185436,0.35714285714285715,0.3363,0.34672142857142857,2.9735355337496285,2.884159782451948,0.36680190130346196,2.726267220661655,Make Cut: DG anchor + putting overlay,Tier 2 - candidate,0.6637,0.6532785714285714,1.5067048365225253,1.5307405504105667,0.6428571428571428,0.6428571428571428,1.5555555555555558,0.6545157000397437,1.5278472310737201,Miss Cut: DataGolf core; ARG weakness tag,Tier 1 - core,0.0007737609696956706,1292.3887856392032,0.0006535471515144853,1530.1114811420548,0.0003467404661807115,2884.0014291231523,Winner: DG anchor + total SG overlay,Tier 4 - speculative,0.007198455705154043,138.91868491793414,0.006162564492788621,162.2701070585454,0.0027479397600872423,363.90899630501787,Top 5: DG anchor + total SG overlay,Tier 3 - semi-core,0.01862653995763257,53.68683621727778,0.016523098321769635,60.521336890096,0.014484312797364915,69.04021019084364,Top 10: DG anchor + putting overlay,Tier 2 - current-price / early value,0.049142582637296504,20.348950875875524,0.04549537714023405,21.980255200822267,0.05029931928319917,19.88098475785968,0.04656626448748003,21.474773873452175,0.03688450524273163,27.111655515483903,Top 20: DG anchor + OTT overlay,Tier 3 - experimental,-0.528,-0.457,-0.112,0.055,-1.042,-0.005,-4.254,-0.0102237495707798,0.120127313114872,0.0074051963474004,2.81926935542512
"Forrest, Grant",16475,-0.40830000000000005,-0.45656038738214916,0.37037037037037035,0.3203,0.34533518518518513,3.1220730565095227,2.895737367345735,0.3714709154290758,2.6920007959302215,Make Cut: DG anchor + putting overlay,Tier 2 - candidate,0.6797,0.6546648148148149,1.4712373105781964,1.5274992291786296,0.6296296296296297,0.6296296296296297,1.588235294117647,0.6438643545773353,1.5531221644603233,Miss Cut: DataGolf core; ARG weakness tag,Tier 1 - core,0.0007313121434161242,1367.405162081371,0.0006489894050413621,1540.857203880342,0.0003646850130897717,2742.092392356792,Winner: DG anchor + total SG overlay,Tier 4 - speculative,0.007151913988886006,139.82271061340904,0.006562147470633453,152.389138536606,0.0031456459246089153,317.89973314441795,Top 5: DG anchor + total SG overlay,Tier 3 - semi-core,0.017951403270827913,55.70595150213459,0.016772153354990656,59.6226363326474,0.014558598974121288,68.68792812945497,Top 10: DG anchor + putting overlay,Tier 2 - current-price / early value,0.04884486272315736,20.472982095738384,0.046908640407162736,21.318034189865468,0.048781550890095365,20.499553248173594,0.0468478382706626,21.34570210523945,0.0401716729273731,24.893162946136528,Top 20: DG anchor + OTT overlay,Tier 3 - experimental,-0.531,-0.403,-0.127,-0.028,-1.088,-0.074,2.979,-0.2458131043520988,0.145223966513808,-0.154701376363148,2.88587887899097
"Frittelli, Dylan",11955,-0.42065,-0.4643543943550894,0.3460207612456747,0.31845,0.33223538062283736,3.1402103940964046,3.009914230463092,0.3326460074054631,3.0061987149633738,Make Cut: DG anchor + putting overlay,Tier 2 - candidate,0.68155,0.6677646193771627,1.4672437825544715,1.497533668274788,0.6539792387543253,0.6539792387543253,1.529100529100529,0.6346046993894783,1.5757841077477845,Miss Cut: DataGolf core; ARG weakness tag,Tier 1 - core,0.0009023487966415833,1108.2189101618585,0.0006511743983207917,1535.6869105707137,0.00025520710949026947,3918.3861374290123,Winner: DG anchor + total SG overlay,Tier 4 - speculative,0.007384844364617815,135.41246783631473,0.005925319007705708,168.76728471488684,0.002316082551866672,431.76353934104776,Top 5: DG anchor + total SG overlay,Tier 3 - semi-core,0.01910963298826425,52.3296287591775,0.015702032703848325,63.68602198586146,0.010107535358987445,98.93608723424524,Top 10: DG anchor + putting overlay,Tier 2 - current-price / early value,0.04879524786700986,20.493798960207624,0.042878673323929334,23.321617076289748,0.0488714262808949,20.461854218298633,0.04294561486979902,23.285264468369224,0.031972278636394874,31.277095116444848,Top 20: DG anchor + OTT overlay,Tier 3 - experimental,-0.507,-0.532,0.084,-0.172,-1.127,-0.098,4.752,-0.32665417688857146,-0.0483489871124958,-0.0431076365530372,2.8940989732493
"Willett, Danny",12920,-0.44895000000000007,-0.4444066350109316,0.35211267605633806,0.32715,0.339631338028169,3.056701818737582,2.944369049704889,0.36274509389838705,2.756756788225845,Make Cut: DG anchor + putting overlay,Tier 2 - candidate,0.67285,0.660368661971831,1.4862153526045925,1.514305656198229,0.647887323943662,0.647887323943662,1.5434782608695652,0.6488167435331775,1.5412672529910822,Miss Cut: DataGolf core; ARG weakness tag,Tier 1 - core,0.000689086242685963,1451.197162349575,0.0005695431213429815,1755.7933061187748,0.0002863494283962978,3492.236759823506,Winner: DG anchor + total SG overlay,Tier 4 - speculative,0.006410384912202826,155.99687283932005,0.005495351186260113,181.97199161725544,0.0023645770197976835,422.90861817034886,Top 5: DG anchor + total SG overlay,Tier 3 - semi-core,0.016557525494591014,60.39549812722187,0.015093890073672858,66.25197315728602,0.013813460403401963,72.39315644280714,Top 10: DG anchor + putting overlay,Tier 2 - current-price / early value,0.048398382032092464,20.66184773154008,0.04421189595000118,22.618346906698836,0.048974409830621,20.41882696409248,0.044738097034078016,22.352314163883133,0.0338563822480798,29.536528524299612,Top 20: DG anchor + OTT overlay,Tier 3 - experimental,-0.536,-0.625,-0.044,0.065,-1.139,-0.028,-8.816,-0.0752535009590585,0.280431710827419,-0.0097643522819832,2.84662513260794
"Senior, Jack",15115,-0.49765000000000004,-0.4697730596772694,0.31746031746031744,0.3258,0.3216301587301587,3.0693677102516883,3.109161168057564,0.3146141375537217,3.1784967063956104,Make Cut: DG anchor + putting overlay,Tier 2 - candidate,0.6742,0.6783698412698413,1.483239394838327,1.4741221368687305,0.6825396825396826,0.6825396825396826,1.4651162790697674,0.6837218753144374,1.4625830123397898,Miss Cut: DataGolf core; ARG weakness tag,Tier 1 - core,0.0007313121434161242,1367.405162081371,0.000540656071708062,1849.6046790721512,0.0002141621114282222,4669.360015789517,Winner: DG anchor + total SG overlay,Tier 4 - speculative,0.005446812618363897,183.59361154237357,0.004324497579023198,231.2407353054586,0.00154327784893762,647.971459376801,Top 5: DG anchor + total SG overlay,Tier 3 - semi-core,0.01579128998857434,63.3260487726805,0.01261065641804857,79.29801327144115,0.008498501574858272,117.66780192856254,Top 10: DG anchor + putting overlay,Tier 2 - current-price / early value,0.04755535769639775,21.028124872578733,0.039031195979216025,25.6205318569407,0.047771270734143285,20.933083517187576,0.03920840722309975,25.50473408189984,0.026054606416541153,38.380929038526375,Top 20: DG anchor + OTT overlay,Tier 3 - experimental,-0.62,-0.581,-0.046,-0.068,-1.316,0.02,-12.717,0.0881202741217718,0.090384275758715,0.0727284956130885,2.82073299705618
"Wu, Ashun",11763,-0.46114999999999995,-0.44080600859251856,0.3831417624521073,0.31865,0.35089588122605364,3.138239447669857,2.849848212825791,0.4079943272395656,2.45101447063214,Make Cut: DG anchor + putting overlay,Tier 2 - candidate,0.68135,0.6491041187739464,1.4676744698025979,1.540584893974852,0.6168582375478927,0.6168582375478927,1.6211180124223603,0.5963537110575691,1.6768571762999642,Miss Cut: DataGolf core; ARG weakness tag,Tier 1 - core,0.0006470943940029798,1545.3695925472584,0.0006152138636681399,1625.4510163955315,0.00038987935987229704,2564.8959727633305,Winner: DG anchor + total SG overlay,Tier 4 - speculative,0.005082925539633021,196.73709406181825,0.00545655536240906,183.26580298060085,0.003279844318783483,304.8925201336711,Top 5: DG anchor + total SG overlay,Tier 3 - semi-core,0.014312767150583246,69.86769151479209,0.015634885860043923,63.95953312045418,0.019236168574604508,51.98540427225175,Top 10: DG anchor + putting overlay,Tier 2 - current-price / early value,0.043791970065773594,22.835236654072524,0.0458858681590199,21.793202136536834,0.044304445865713415,22.571098237657587,0.04642284781431761,21.54111708096423,0.041230354801581943,24.253975131003035,Top 20: DG anchor + OTT overlay,Tier 3 - experimental,-0.633,-0.564,0.086,0.194,-0.917,0.016,-11.982,0.0723292087227476,0.0646924436939284,0.0493822417525507,2.75361370062935
"Paratore, Renato",16549,-0.52585,-0.5236865308338774,0.35211267605633806,0.30215,0.327131338028169,3.3096144299189145,3.0568761954377197,0.3728285408240682,2.682198089743038,Make Cut: DG anchor + putting overlay,Tier 2 - candidate,0.6978500000000001,0.6728686619718309,1.4329727018700291,1.486174132511263,0.647887323943662,0.647887323943662,1.5434782608695652,0.6500778796166434,1.538277230090814,Miss Cut: DataGolf core; ARG weakness tag,Tier 1 - core,0.0005226544628749544,1913.309980171835,0.0005363272314374772,1864.5333322340837,0.000350298234000334,2854.7103665930745,Winner: DG anchor + total SG overlay,Tier 4 - speculative,0.005996007804275346,166.77763482678722,0.005938665277799023,168.38800525403886,0.0030419933941645987,328.7318118173044,Top 5: DG anchor + total SG overlay,Tier 3 - semi-core,0.015122553024013729,66.12640064227638,0.015554200393680764,64.29131518752143,0.01763663079447557,56.700172025670355,Top 10: DG anchor + putting overlay,Tier 2 - current-price / early value,0.04285256303052747,23.33582706097687,0.04342138536974259,23.03012654904447,0.043170984545135675,23.163706145142243,0.04374403359234646,22.860260425891816,0.03844233326460722,26.012989199088807,Top 20: DG anchor + OTT overlay,Tier 3 - experimental,-0.752,-0.493,-0.052,0.162,-1.135,-0.054,-2.767,-0.16800352294046758,0.125876204195238,0.063350056252037,2.90186016493634
"Siem, Marcel",6950,-0.5431,-0.546005152351243,0.2695417789757412,0.29995,0.2847458894878706,3.333888981496916,3.5119031983167477,0.2531937498386032,3.949544570659599,Make Cut: DG anchor + putting overlay,Tier 2 - candidate,0.7000500000000001,0.7152541105121294,1.428469395043211,1.398104513211381,0.7304582210242587,0.7304582210242587,1.3690036900369005,0.7558051134537883,1.323092398026151,Miss Cut: DataGolf core; ARG weakness tag,Tier 1 - core,0.0007737609696956706,1292.3887856392032,0.0005785471515144853,1728.467588825321,0.00022081628257804422,4528.651548359278,Winner: DG anchor + total SG overlay,Tier 4 - speculative,0.005173721751054269,193.28445713112154,0.0037747279390191847,264.91975478896035,0.001030020880507818,970.8541049255068,Top 5: DG anchor + total SG overlay,Tier 3 - semi-core,0.014455486282185367,69.1778872380363,0.010813427664902184,92.477614960681,0.005606300745068005,178.3707377596044,Top 10: DG anchor + putting overlay,Tier 2 - current-price / early value,0.04082748071441168,24.49330653034906,0.03223757605854154,31.019701921262907,0.04079210980650239,24.514544718169905,0.03220964701873716,31.046599157645996,0.021031870835172547,47.54688766572562,Top 20: DG anchor + OTT overlay,Tier 3 - experimental,-0.716,-0.414,-0.23,-0.228,-1.589,0.002,-7.766,0.0137677685990518,0.271760820026885,-0.0893498510624624,2.98640834291338
"Kruyswijk, Jacques",16896,-0.46865,-0.4733937811441058,0.31347962382445144,0.31115,0.3123148119122257,3.213883978788366,3.201897450451515,0.3304149692588496,3.02649726264851,Make Cut: DG anchor + putting overlay,Tier 2 - candidate,0.68885,0.6876851880877743,1.4516948537417436,1.4541537571583738,0.6865203761755485,0.6865203761755485,1.4566210045662102,0.6817152884928538,1.466888035048788,Miss Cut: DataGolf core; ARG weakness tag,Tier 1 - core,0.0006470943940029798,1545.3695925472584,0.0005068805303347899,1972.851471212574,0.00023785147351759059,4204.304414057136,Winner: DG anchor + total SG overlay,Tier 4 - speculative,0.004675854754474573,213.8646413349446,0.004003278206963086,249.79527984356767,0.0017776117653113337,562.5525322875316,Top 5: DG anchor + total SG overlay,Tier 3 - semi-core,0.013363399181842808,74.83126010025396,0.011572185702032504,86.41409892206993,0.010549351187327643,94.79255948946368,Top 10: DG anchor + putting overlay,Tier 2 - current-price / early value,0.040432679172528324,24.732469390241206,0.03482915013219971,28.711581999685237,0.041212973686233556,24.264203976478207,0.03550130432334806,28.16797915062327,0.025085932412339484,39.86297912164155,Top 20: DG anchor + OTT overlay,Tier 3 - experimental,-0.621,-0.56,-0.006,0.135,-1.052,-0.007,-9.601,-0.006236297933384101,0.0566588586468675,-0.0347654714155538,2.76579726766048
"Cantero Gutierrez, Ivan",19635,-0.5153000000000001,-0.5472200712184261,0.29069767441860467,0.28755,0.28912383720930235,3.4776560598156845,3.45872554007396,0.2712431263495669,3.686729368807088,Make Cut: DG anchor + putting overlay,Tier 2 - candidate,0.71245,0.7108761627906977,1.4036072706856622,1.406714773040475,0.7093023255813953,0.7093023255813953,1.4098360655737707,0.7180583303858226,1.3926445215985257,Miss Cut: DataGolf core; ARG weakness tag,Tier 1 - core,0.001032629449841165,968.4015889279704,0.0006413147249205825,1559.2968025548385,0.00015313915419578467,6530.008639864397,Winner: DG anchor + total SG overlay,Tier 4 - speculative,0.005675168100477856,176.20623429917413,0.004407425320080178,226.88983417234815,0.0015160514362067734,659.6082270810306,Top 5: DG anchor + total SG overlay,Tier 3 - semi-core,0.014027571134486168,71.28817885952786,0.011637757128089635,85.92720994205456,0.007067102204577055,141.50071288799862,Top 10: DG anchor + putting overlay,Tier 2 - current-price / early value,0.037426086296288456,26.719331326374085,0.03249610737558348,30.77291653557766,0.03774093856448611,26.496426375071422,0.03276948549569463,30.516194712040367,0.02615264330046111,38.237052695257326,Top 20: DG anchor + OTT overlay,Tier 3 - experimental,-0.803,-0.153,-0.1,-0.254,-1.311,-0.087,8.089,-0.29508887738228995,-0.0704559878889949,0.0055580795712642,2.92996044680183
"Larrazabal, Pablo",9133,-0.577,-0.5466887578335865,0.2747252747252747,0.2858,0.28026263736263735,3.4989503149055285,3.5680817443606667,0.2666539552196269,3.7501787632452697,Make Cut: DG anchor + putting overlay,Tier 2 - candidate,0.7142,0.7197373626373627,1.4001680201624196,1.3893957044770604,0.7252747252747254,0.7252747252747254,1.3787878787878787,0.7191469283731284,1.3905364266273432,Miss Cut: DataGolf core; ARG weakness tag,Tier 1 - core,0.0005638637935386305,1773.477941763767,0.00037359856343596525,2676.669821219481,0.00010732171995949782,9317.77836189534,Winner: DG anchor + total SG overlay,Tier 4 - speculative,0.004271395152577215,234.11554405043373,0.0032872650366060573,304.2042515173805,0.0010270992680806647,973.6157264221355,Top 5: DG anchor + total SG overlay,Tier 3 - semi-core,0.012984703891077273,77.013693064435,0.009728000093686786,102.79605164158802,0.0055189705500428695,181.1932118377099,Top 10: DG anchor + putting overlay,Tier 2 - current-price / early value,0.036589412177902826,27.33031061384262,0.029374395149890462,34.04325416394928,0.03658691787055869,27.332173853449813,0.029372392691660316,34.04557505742218,0.018494057615799225,54.07142233328577,Top 20: DG anchor + OTT overlay,Tier 3 - experimental,-0.722,-0.67,0.006,-0.13,-1.516,-0.037,-9.242,-0.1039450428309284,0.310291798586427,0.125955782600925,2.84616960383753
"Hoffman, Charley",5768,-0.45980000000000004,-0.576100418399494,0.22779043280182235,0.2841,0.25594521640091117,3.5198873636043646,3.9070861103088776,0.18666146901381533,5.357292028629579,Make Cut: DG anchor + putting overlay,Tier 2 - candidate,0.7159,0.7440547835990888,1.396843134515994,1.3439870585373717,0.7722095671981777,0.7722095671981777,1.294985250737463,0.7989926887825972,1.2515759080645306,Miss Cut: DataGolf core; ARG weakness tag,Tier 1 - core,0.00024382692851814098,4101.269724708028,0.00016358013092573713,6113.211881790122,4.671147410451331e-05,21408.016320841798,Winner: DG anchor + total SG overlay,Tier 4 - speculative,0.004811264304963766,207.84557584340214,0.003068899348249033,325.84972217174607,0.000548179473072124,1824.2200759466052,Top 5: DG anchor + total SG overlay,Tier 3 - semi-core,0.012182069657951069,82.08785765293287,0.008240149186839884,121.35702610786132,0.002410754908671663,414.80782488627375,Top 10: DG anchor + putting overlay,Tier 2 - current-price / early value,0.03418098156446977,29.25603520524623,0.024182817390811483,41.3516747796293,0.03489031307873789,28.661250409054045,0.024684664725029774,40.51098166166378,0.012957154321119107,77.17743998542036,Top 20: DG anchor + OTT overlay,Tier 3 - experimental,-0.54,-0.304,-0.268,-0.6,-1.712,-0.022,-2.274,-0.0758339153787528,-0.06,-0.528585134308093,2.96558054448277
"Donald, Luke",4163,-0.5755,-0.5619697912248064,0.2518891687657431,0.2765,0.2641945843828716,3.6166365280289328,3.785088942439475,0.2529479270106985,3.9533828634923136,Make Cut: DG anchor + putting overlay,Tier 2 - candidate,0.7235,0.7358054156171284,1.38217000691085,1.3590549604222315,0.7481108312342569,0.7481108312342569,1.3367003367003367,0.7272004822317474,1.3751366018502111,Miss Cut: DataGolf core; ARG weakness tag,Tier 1 - core,0.0003214700992200712,3110.709215028495,0.00020240171627670223,4940.669567410711,4.7745808224734214e-05,20944.246985894784,Winner: DG anchor + total SG overlay,Tier 4 - speculative,0.0032073237955932287,311.78641875010294,0.0023904409983257144,418.3328518463366,0.0006757141686434715,1479.9156898064575,Top 5: DG anchor + total SG overlay,Tier 3 - semi-core,0.009003362481778422,111.0696144939031,0.007068882269027711,141.4650806084998,0.004802840488544357,208.21012115334267,Top 10: DG anchor + putting overlay,Tier 2 - current-price / early value,0.031238640871964228,32.0116359766942,0.024554362326961517,40.725960897871346,0.03117047506447214,32.08164129457854,0.024500782277101767,40.815023320075454,0.013142540653429634,76.08878879435258,Top 20: DG anchor + OTT overlay,Tier 3 - experimental,-0.529,-1.175,0.118,-0.026,-1.613,-0.019,-18.378,-0.029363959035099106,0.271048788006989,0.0145708263917703,2.77717898359331
"Ding, Wenyi",26193,-0.59335,-0.6253607874385488,0.3164556962025316,0.26615,0.29130284810126583,3.7572797294758593,3.4328534942863627,0.3337719143614796,2.9960579574618915,Make Cut: DG anchor + putting overlay,Tier 2 - candidate,0.73385,0.7086971518987342,1.3626762962458268,1.4110399587761997,0.6835443037974684,0.6835443037974684,1.4629629629629628,0.6788659199446746,1.473044927754654,Miss Cut: DataGolf core; ARG weakness tag,Tier 1 - core,0.0001683995120062803,5938.259488321474,0.00024253308933644017,4123.148732966523,0.00020096653022437297,4975.952955367895,Winner: DG anchor + total SG overlay,Tier 4 - speculative,0.0031197193810753423,320.541650658114,0.003405878209056171,293.61002907884887,0.001896729188860538,527.2233937627917,Top 5: DG anchor + total SG overlay,Tier 3 - semi-core,0.010165627238519465,98.37071304472121,0.010446576846772982,95.72513701547189,0.011599115127816279,86.21347309519,Top 10: DG anchor + putting overlay,Tier 2 - current-price / early value,0.030259616179933273,33.04734581078897,0.031145001854535385,32.1078805732798,0.029916522178823166,33.426345282469505,0.0307918690442144,32.47610590198629,0.02912112213299204,34.33933608166408,Top 20: DG anchor + OTT overlay,Tier 3 - experimental,-0.954,-0.327,-0.007,0.138,-1.151,-0.02,-1.213,-0.0635566699013599,-0.06,-0.113275602242064,2.87366302060472
"Lee, Junghwan",13498,-0.6486999999999999,-0.6610368817089007,0.25,0.25685,0.253425,3.8933229511387966,3.9459406135937654,0.2388991641631993,4.185866465890477,Make Cut: DG anchor + putting overlay,Tier 2 - candidate,0.74315,0.746575,1.34562336002153,1.3394501557110807,0.75,0.75,1.3333333333333333,0.7506339861993507,1.3322071986951354,Miss Cut: DataGolf core; ARG weakness tag,Tier 1 - core,0.0005226544628749544,1913.309980171835,0.0003613272314374772,2767.5744117643026,0.00011568849321068172,8643.90201866393,Winner: DG anchor + total SG overlay,Tier 4 - speculative,0.0034711868154316786,288.0859063978784,0.002595801741049139,385.2374332701666,0.0007512108951615792,1331.184100817532,Top 5: DG anchor + total SG overlay,Tier 3 - semi-core,0.008633175778424061,115.83222972236811,0.0070464589209580306,141.91525292593926,0.004481137120653661,223.15764348985834,Top 10: DG anchor + putting overlay,Tier 2 - current-price / early value,0.026596727565264308,37.59861048868334,0.022213647827291204,45.01736985185395,0.027163341062442194,36.81432257177911,0.022686884718920598,44.07833038292876,0.015937994284480297,62.743152127602094,Top 20: DG anchor + OTT overlay,Tier 3 - experimental,-0.962,-0.392,-0.043,-0.173,-1.57,0.008,-10.029,0.0431011386819984,-0.06,-0.0682349778855029,2.90587056819742
"Naidoo, Dylan",19429,-0.7903000000000001,-0.804611486449484,0.16233766233766234,0.219,0.19066883116883115,4.566210045662101,5.244695705479685,0.14094577615024304,7.094927051478553,Make Cut: DG anchor + putting overlay,Tier 2 - candidate,0.781,0.8093311688311688,1.2804097311139564,1.235588147981739,0.8376623376623377,0.8376623376623377,1.193798449612403,0.8424889397091846,1.1869592025091582,Miss Cut: DataGolf core; ARG weakness tag,Tier 1 - core,0.00013174672079806386,7590.321747231646,8.254002706569859e-05,12115.334045190459,1.6694461228596375e-05,59900.10616737209,Winner: DG anchor + total SG overlay,Tier 4 - speculative,0.0018305063270977024,546.2969371897864,0.001221165861961501,818.8895801539581,0.00020755958671640393,4817.893578514086,Top 5: DG anchor + total SG overlay,Tier 3 - semi-core,0.0058881289637522476,169.8332366964231,0.0037254136882253234,268.426565125005,0.0010365491184594548,964.7396174396685,Top 10: DG anchor + putting overlay,Tier 2 - current-price / early value,0.019317189144736,51.76736597169487,0.013003405779679199,76.90292965883823,0.01918945548481544,52.11195287908493,0.012917421602621887,77.4148302008682,0.005548982050243725,180.2132338770275,Top 20: DG anchor + OTT overlay,Tier 3 - experimental,-1.034,-0.686,-0.09,-0.411,-2.221,-0.04,-6.454,-0.12054871818470521,0.0750245332359325,-0.0300392064640498,2.98068413356853
"Johnston, Ryggs",32449,-0.8310000000000001,-0.8718289484817723,0.15873015873015872,0.20795,0.18334007936507934,4.80884828083674,5.45434475354803,0.14892974428344982,6.714575418170025,Make Cut: DG anchor + putting overlay,Tier 2 - candidate,0.79205,0.8166599206349207,1.2625465564042673,1.2244999108350263,0.8412698412698413,0.8412698412698413,1.1886792452830188,0.8681902671839424,1.1518212513987227,Miss Cut: DataGolf core; ARG weakness tag,Tier 1 - core,0.0001683995120062803,5938.259488321474,0.00010919975600314014,9157.529619125193,2.473897749604186e-05,40422.04251004296,Winner: DG anchor + total SG overlay,Tier 4 - speculative,0.0017465260298528006,572.5651853492737,0.0011256439673073503,888.3803663000986,0.00016762226384728273,5965.794620880911,Top 5: DG anchor + total SG overlay,Tier 3 - semi-core,0.004898137252572214,204.15924430759034,0.003496248760966207,286.0208378661376,0.0016669495309714721,599.8981861299758,Top 10: DG anchor + putting overlay,Tier 2 - current-price / early value,0.016714728134198685,59.82747622164305,0.012144722148832391,82.34029463540598,0.016845574352852066,59.36277262227592,0.012239793451040372,81.70072509802041,0.0064762934744562965,154.40930895799977,Top 20: DG anchor + OTT overlay,Tier 3 - experimental,-1.152,-0.566,-0.352,-0.207,-2.276,-0.083,2.933,-0.2737676846528021,0.0048945675918342,-0.0684845419804181,3.06022097601118
"Ko, Jeong Weon",26213,-0.8950000000000001,-0.9231091441920041,0.19083969465648853,0.1941,0.19246984732824426,5.151983513652756,5.1956190223114165,0.20807498376401173,4.8059597646497965,Make Cut: DG anchor + putting overlay,Tier 2 - candidate,0.8059000000000001,0.8075301526717558,1.2408487405385282,1.2383438521663217,0.8091603053435115,0.8091603053435115,1.2358490566037736,0.8325409911881273,1.201142058570462,Miss Cut: DataGolf core; ARG weakness tag,Tier 1 - core,9.600795166069066e-05,10415.803927722358,6.467064249701199e-05,15462.966832998505,1.709437049878691e-05,58498.79058553015,Winner: DG anchor + total SG overlay,Tier 4 - speculative,0.0015379079374156154,650.2339806376542,0.0012536960321998577,797.6415130271268,0.00034286285307794497,2916.618090944557,Top 5: DG anchor + total SG overlay,Tier 3 - semi-core,0.004273873503933369,233.97978416527096,0.0037178560641359846,268.9722202121873,0.003627205413079117,275.6943393374308,Top 10: DG anchor + putting overlay,Tier 2 - current-price / early value,0.013980518875267287,71.52810342176099,0.012130058296182494,82.43983463086195,0.014024834989019493,71.30208667573865,0.012168508731968931,82.17933865411251,0.008305279693505635,120.40533695475135,Top 20: DG anchor + OTT overlay,Tier 3 - experimental,-1.255,-0.793,-0.268,0.203,-2.114,-0.102,-0.936,-0.3302827538379793,0.0630196581974376,0.0088407414096103,3.0479037458199
"Micheluzzi, David",19224,-0.8477500000000001,-0.8441581341178026,0.25252525252525254,0.20035,0.22643762626262626,4.991265285749938,4.416227181432219,0.2621411915518251,3.814738134362607,Make Cut: DG anchor + putting overlay,Tier 2 - candidate,0.79965,0.7735623737373738,1.2505471143625337,1.2927205794260908,0.7474747474747474,0.7474747474747474,1.337837837837838,0.7061358788886687,1.4161580368552025,Miss Cut: DataGolf core; ARG weakness tag,Tier 1 - core,9.600795166069066e-05,10415.803927722358,0.00014800397583034533,6756.575250020881,0.0001134080667713628,8817.714898676984,Winner: DG anchor + total SG overlay,Tier 4 - speculative,0.0014964262688435123,668.258784826621,0.0015428163090249062,648.1653027326513,0.0006701435650613206,1492.2175667067643,Top 5: DG anchor + total SG overlay,Tier 3 - semi-core,0.004229471843555399,236.4361407261137,0.004491111583153349,222.6620250877554,0.004859527962435693,205.78130380770148,Top 10: DG anchor + putting overlay,Tier 2 - current-price / early value,0.013884847804579005,72.02095507811153,0.0157713715981122,63.406026151821685,0.014261907904923404,70.11684598347367,0.01619966256975626,61.729680830941284,0.014534943700863211,68.79971608975764,Top 20: DG anchor + OTT overlay,Tier 3 - experimental,-1.274,-0.723,0.263,0.074,-1.66,-0.049,-7.028,-0.1455932233561656,-0.0001169008797525,0.0907851663090082,2.89646847789301
"Capan III, Frankie",21412,-0.9251,-0.9781243674429709,0.19880715705765406,0.17475,0.186778578528827,5.722460658082976,5.353933025278175,0.22596693286522965,4.425426266224608,Make Cut: DG anchor + putting overlay,Tier 2 - candidate,0.82525,0.813221421471173,1.211754013935171,1.2296773960908847,0.8011928429423459,0.8011928429423459,1.248138957816377,0.7871493391495591,1.2704069612513504,Miss Cut: DataGolf core; ARG weakness tag,Tier 1 - core,0.0,999999999.9999999,7.5e-05,13333.333333333334,7.77144375989454e-05,12867.6219103665,Winner: DG anchor + total SG overlay,Tier 4 - speculative,0.0006882709456042103,1452.9161900363715,0.0008506632505798551,1175.5533101005003,0.0003647147321019073,2741.868951212488,Top 5: DG anchor + total SG overlay,Tier 3 - semi-core,0.002435262646329329,410.6333259401403,0.0026165776314859644,382.17860917510643,0.00357853621745319,279.443867334027,Top 10: DG anchor + putting overlay,Tier 2 - current-price / early value,0.009412527902017732,106.24138492972047,0.010010469583339517,99.89541366414078,0.00906199399880428,110.350988991159,0.009637667609993406,103.75954436974862,0.00749875285589344,133.355508471529,Top 20: DG anchor + OTT overlay,Tier 3 - experimental,-1.154,-1.326,0.086,0.325,-2.068,-0.128,-5.417,-0.4064700203788145,-0.06,-0.0468868270254472,2.95928134592105
"Gavins, Daniel",18241,-1.2612500000000002,-1.2947240962817879,0.06934812760055478,0.12775,0.09854906380027739,7.8277886497064575,10.147229830885367,0.06768039994159651,14.77532639970997,Make Cut: DG anchor + putting overlay,Tier 2 - candidate,0.87225,0.9014509361997226,1.1464603038119805,1.1093227150173408,0.9306518723994452,0.9306518723994452,1.07451564828614,0.9314469812702387,1.0735984120494693,Miss Cut: DataGolf core; ARG weakness tag,Tier 1 - core,0.0,999999999.9999999,1.666666666666665e-05,60000.00000000006,1.2530099121827422e-05,79807.82835612218,Winner: DG anchor + total SG overlay,Tier 4 - speculative,0.00030710540355490543,3256.211022093645,0.0002165487335234527,4617.8981688281165,2.5862643206345506e-05,38665.80813188676,Top 5: DG anchor + total SG overlay,Tier 3 - semi-core,0.0014588119405920023,685.489316459933,0.0009073226369626511,1102.143779138582,0.0003124034263212506,3200.9892201748144,Top 10: DG anchor + putting overlay,Tier 2 - current-price / early value,0.005235902233057599,190.98905126347861,0.0032573609890636495,306.99698417136653,0.0053815027235664375,185.82170285278207,0.003347942007704072,298.69095632447136,0.0007574048763282523,1320.2978106607927,Top 20: DG anchor + OTT overlay,Tier 3 - experimental,-1.349,-2.016,-0.056,-0.097,-3.518,-0.152,-11.653,-0.475465382103077,0.122023606885139,0.0398563079213159,3.23071404898571
